employee_id,moneda,sueldo_base,banda_min,banda_med,banda_max,compa_ratio,posicion_en_banda,fecha_ultimo_ajuste,meses_desde_ultimo_ajuste,tiene_incentivo_variable
BUK10000,MXN,16500.0,15000.0,19000.0,24000.0,0.8684,0.1667,2026-06-01,3,False
BUK10001,PEN,7700.0,5800.0,7200.0,9000.0,1.0694,0.5938,2026-05-02,4,False
BUK10002,CLP,780000.0,610000.0,760000.0,950000.0,1.0263,0.5,2026-07-02,2,False
BUK10003,CLP,1910000.0,1740000.0,2180000.0,2720000.0,0.8761,0.1735,2025-04-01,17,False
BUK10004,COP,8850000.0,7050000.0,8800000.0,11000000.0,1.0057,0.4557,2026-03-02,6,False
BUK10005,CLP,2580000.0,1820000.0,2280000.0,2850000.0,1.1316,0.7379,2026-06-01,3,False
BUK10006,CLP,2310000.0,1820000.0,2280000.0,2850000.0,1.0132,0.4757,2025-08-31,12,False
BUK10007,CLP,2190000.0,1820000.0,2280000.0,2850000.0,0.9605,0.3592,2025-06-01,15,False
BUK10008,CLP,1370000.0,980000.0,1220000.0,1520000.0,1.123,0.7222,2026-08-01,1,False
BUK10009,CLP,1110000.0,860000.0,1080000.0,1350000.0,1.0278,0.5102,2026-01-30,7,False
BUK10010,CLP,1780000.0,1370000.0,1710000.0,2140000.0,1.0409,0.5325,2025-05-01,16,False
BUK10011,CLP,1200000.0,920000.0,1150000.0,1440000.0,1.0435,0.5385,2025-08-01,13,False
BUK10012,COP,9250000.0,8450000.0,10550000.0,13200000.0,0.8768,0.1684,2025-04-01,17,False
BUK10013,CLP,3670000.0,2880000.0,3600000.0,4500000.0,1.0194,0.4877,2026-02-15,3,True
BUK10014,CLP,1780000.0,1300000.0,1620000.0,2020000.0,1.0988,0.6667,2026-03-02,6,False
BUK10015,MXN,19000.0,18500.0,23000.0,29000.0,0.8261,0.0476,2024-11-30,21,False
BUK10016,CLP,1090000.0,860000.0,1080000.0,1350000.0,1.0093,0.4694,2024-09-20,1,False
BUK10017,PEN,3800.0,2900.0,3600.0,4500.0,1.0556,0.5625,2025-08-31,12,False
BUK10018,COP,8800000.0,6300000.0,7900000.0,9900000.0,1.1139,0.6944,2026-04-01,5,False
BUK10019,CLP,2080000.0,1660000.0,2080000.0,2600000.0,1.0,0.4468,2024-07-31,25,False
BUK10020,COP,7500000.0,5950000.0,7450000.0,9300000.0,1.0067,0.4627,2026-04-28,1,False
BUK10021,CLP,4590000.0,3310000.0,4140000.0,5180000.0,1.1087,0.6845,2026-04-01,5,False
BUK10022,MXN,23500.0,18500.0,23000.0,29000.0,1.0217,0.4762,2024-12-31,20,False
BUK10023,CLP,1120000.0,860000.0,1080000.0,1350000.0,1.037,0.5306,2026-07-02,2,False
BUK10024,CLP,990000.0,860000.0,1080000.0,1350000.0,0.9167,0.2653,2026-05-02,4,False
BUK10025,MXN,45500.0,35000.0,43500.0,54500.0,1.046,0.5385,2025-08-01,13,False
BUK10026,COP,2450000.0,2100000.0,2650000.0,3300000.0,0.9245,0.2917,2025-10-31,10,False
BUK10027,COP,9300000.0,8450000.0,10550000.0,13200000.0,0.8815,0.1789,2026-01-22,1,False
BUK10028,CLP,2230000.0,1730000.0,2160000.0,2700000.0,1.0324,0.5155,2026-06-01,3,False
BUK10029,CLP,2110000.0,1870000.0,2340000.0,2920000.0,0.9017,0.2286,2025-12-31,8,False
BUK10030,PEN,4800.0,3600.0,4500.0,5600.0,1.0667,0.6,2026-01-30,7,False
BUK10031,MXN,20000.0,15000.0,19000.0,24000.0,1.0526,0.5556,2026-05-02,4,False
BUK10032,CLP,1800000.0,1370000.0,1710000.0,2140000.0,1.0526,0.5584,2026-07-02,2,False
BUK10033,CLP,2310000.0,1740000.0,2180000.0,2720000.0,1.0596,0.5816,2026-04-01,5,False
BUK10034,BRL,9000.0,7800.0,9800.0,12200.0,0.9184,0.2727,2025-12-01,9,False
BUK10035,CLP,1670000.0,1520000.0,1900000.0,2380000.0,0.8789,0.1744,2026-08-01,1,True
BUK10036,CLP,1680000.0,1370000.0,1710000.0,2140000.0,0.9825,0.4026,2026-07-02,2,False
BUK10037,BRL,5500.0,5000.0,6200.0,7800.0,0.8871,0.1786,2026-08-01,1,False
BUK10038,CLP,940000.0,720000.0,900000.0,1120000.0,1.0444,0.55,2026-05-02,4,True
BUK10039,MXN,21500.0,16500.0,20500.0,25500.0,1.0488,0.5556,2026-01-30,7,False
BUK10040,CLP,910000.0,650000.0,810000.0,1010000.0,1.1235,0.7222,2026-01-30,7,False
BUK10041,CLP,1110000.0,860000.0,1080000.0,1350000.0,1.0278,0.5102,2026-03-02,6,False
BUK10042,MXN,21000.0,17500.0,22000.0,27500.0,0.9545,0.35,2026-06-01,3,False
BUK10043,CLP,1110000.0,820000.0,1030000.0,1290000.0,1.0777,0.617,2025-03-02,18,False
BUK10044,COP,6450000.0,6800000.0,8500000.0,10600000.0,0.7588,-0.0921,2025-07-05,3,True
BUK10045,CLP,2440000.0,1730000.0,2160000.0,2700000.0,1.1296,0.732,2025-12-31,8,False
BUK10046,CLP,1630000.0,1300000.0,1620000.0,2020000.0,1.0062,0.4583,2026-05-02,4,False
BUK10047,CLP,1070000.0,860000.0,1080000.0,1350000.0,0.9907,0.4286,2025-03-02,18,False
BUK10048,MXN,21000.0,20500.0,25500.0,32000.0,0.8235,0.0435,2025-06-01,15,True
BUK10049,CLP,1200000.0,980000.0,1220000.0,1520000.0,0.9836,0.4074,2025-12-01,9,False
BUK10050,BRL,3600.0,3400.0,4200.0,5200.0,0.8571,0.1111,2025-01-21,9,False
BUK10051,COP,6000000.0,4250000.0,5300000.0,6600000.0,1.1321,0.7447,2026-06-28,2,False
BUK10052,CLP,810000.0,580000.0,720000.0,900000.0,1.125,0.7188,2026-08-01,1,False
BUK10053,BRL,10700.0,9400.0,11700.0,14600.0,0.9145,0.25,2026-06-14,2,False
BUK10054,COP,6900000.0,5700000.0,7100000.0,8900000.0,0.9718,0.375,2026-08-01,1,False
BUK10055,PEN,7700.0,5800.0,7200.0,9000.0,1.0694,0.5938,2024-11-25,8,False
BUK10056,CLP,1200000.0,860000.0,1080000.0,1350000.0,1.1111,0.6939,2026-07-02,2,False
BUK10057,CLP,2570000.0,1730000.0,2160000.0,2700000.0,1.1898,0.866,2026-06-01,3,False
BUK10058,CLP,680000.0,540000.0,680000.0,850000.0,1.0,0.4516,2026-06-01,3,False
BUK10059,MXN,62000.0,47500.0,59500.0,74500.0,1.042,0.537,2026-01-02,6,False
BUK10060,PEN,8200.0,6800.0,8500.0,10600.0,0.9647,0.3684,2026-05-03,2,True
BUK10061,COP,7850000.0,6100000.0,7650000.0,9550000.0,1.0261,0.5072,2025-01-30,19,False
BUK10062,COP,2600000.0,1750000.0,2200000.0,2750000.0,1.1818,0.85,2026-04-01,5,False
BUK10063,CLP,1180000.0,980000.0,1220000.0,1520000.0,0.9672,0.3704,2023-09-16,23,False
BUK10064,CLP,2650000.0,1940000.0,2430000.0,3040000.0,1.0905,0.6455,2026-07-02,2,False
BUK10065,CLP,1140000.0,920000.0,1150000.0,1440000.0,0.9913,0.4231,2025-12-31,8,False
BUK10066,PEN,3300.0,2700.0,3400.0,4200.0,0.9706,0.4,2026-03-02,6,False
BUK10067,CLP,1670000.0,1300000.0,1620000.0,2020000.0,1.0309,0.5139,2026-04-01,5,False
BUK10068,PEN,7900.0,8200.0,10200.0,12800.0,0.7745,-0.0652,2026-03-02,6,False
BUK10069,CLP,1090000.0,980000.0,1220000.0,1520000.0,0.8934,0.2037,2026-04-01,5,False
BUK10070,CLP,1560000.0,1300000.0,1620000.0,2020000.0,0.963,0.3611,2025-08-01,13,False
BUK10071,CLP,1240000.0,980000.0,1220000.0,1520000.0,1.0164,0.4815,2026-03-05,4,False
BUK10072,COP,7500000.0,6000000.0,7500000.0,9400000.0,1.0,0.4412,2026-08-01,1,False
BUK10073,CLP,1120000.0,920000.0,1150000.0,1440000.0,0.9739,0.3846,2026-06-01,3,False
BUK10074,CLP,2920000.0,2480000.0,3100000.0,3880000.0,0.9419,0.3143,2025-08-31,12,False
BUK10075,MXN,31000.0,23500.0,29500.0,37000.0,1.0508,0.5556,2025-06-01,15,False
BUK10076,BRL,4400.0,3400.0,4200.0,5200.0,1.0476,0.5556,2026-04-22,4,False
BUK10077,CLP,1150000.0,1080000.0,1350000.0,1690000.0,0.8519,0.1148,2026-04-01,5,True
BUK10078,CLP,710000.0,610000.0,760000.0,950000.0,0.9342,0.2941,2025-03-19,16,False
BUK10079,CLP,1590000.0,1240000.0,1550000.0,1940000.0,1.0258,0.5,2026-03-02,6,False
BUK10080,CLP,1730000.0,1300000.0,1620000.0,2020000.0,1.0679,0.5972,2025-12-31,8,False
BUK10081,CLP,890000.0,650000.0,810000.0,1010000.0,1.0988,0.6667,2026-02-20,6,False
BUK10082,CLP,2500000.0,2160000.0,2700000.0,3380000.0,0.9259,0.2787,2026-06-01,3,True
BUK10083,CLP,2760000.0,2080000.0,2600000.0,3250000.0,1.0615,0.5812,2026-08-01,1,True
BUK10084,PEN,6100.0,5800.0,7200.0,9000.0,0.8472,0.0938,2024-07-31,25,False
BUK10085,CLP,1070000.0,810000.0,1010000.0,1260000.0,1.0594,0.5778,2026-07-02,2,False
BUK10086,CLP,1720000.0,1240000.0,1550000.0,1940000.0,1.1097,0.6857,2026-04-01,5,False
BUK10087,PEN,4900.0,4800.0,6000.0,7500.0,0.8167,0.037,2025-08-01,13,True
BUK10088,CLP,1430000.0,1140000.0,1420000.0,1780000.0,1.007,0.4531,2025-12-01,9,False
BUK10089,CLP,2870000.0,2590000.0,3240000.0,4050000.0,0.8858,0.1918,2025-12-01,9,False
BUK10090,CLP,1280000.0,1080000.0,1350000.0,1690000.0,0.9481,0.3279,2025-12-01,9,True
BUK10091,MXN,21500.0,15500.0,19500.0,24500.0,1.1026,0.6667,2026-08-01,1,False
BUK10092,CLP,1080000.0,980000.0,1220000.0,1520000.0,0.8852,0.1852,2026-03-07,2,False
BUK10093,COP,6450000.0,5450000.0,6800000.0,8500000.0,0.9485,0.3279,2026-07-02,2,False
BUK10094,PEN,2200.0,1800.0,2300.0,2900.0,0.9565,0.3636,2025-03-28,3,False
BUK10095,CLP,1500000.0,1370000.0,1710000.0,2140000.0,0.8772,0.1688,2026-05-09,2,False
BUK10096,CLP,1290000.0,860000.0,1080000.0,1350000.0,1.1944,0.8776,2026-04-01,5,False
BUK10097,CLP,2010000.0,1840000.0,2300000.0,2880000.0,0.8739,0.1635,2025-10-31,10,False
BUK10098,CLP,980000.0,820000.0,1030000.0,1290000.0,0.9515,0.3404,2026-07-02,2,False
BUK10099,COP,2550000.0,2100000.0,2650000.0,3300000.0,0.9623,0.375,2024-12-31,20,False
BUK10100,PEN,3300.0,2600.0,3200.0,4000.0,1.0312,0.5,2026-06-01,3,False
BUK10101,CLP,1420000.0,1300000.0,1620000.0,2020000.0,0.8765,0.1667,2024-05-01,13,False
BUK10102,CLP,910000.0,610000.0,760000.0,950000.0,1.1974,0.8824,2026-06-01,3,False
BUK10103,COP,5100000.0,4200000.0,5250000.0,6550000.0,0.9714,0.383,2025-01-30,19,False
BUK10104,PEN,5200.0,4100.0,5100.0,6400.0,1.0196,0.4783,2026-06-01,3,False
BUK10105,CLP,1560000.0,1080000.0,1350000.0,1690000.0,1.1556,0.7869,2025-08-01,13,True
BUK10106,MXN,30000.0,26000.0,32500.0,40500.0,0.9231,0.2759,2026-06-01,3,False
BUK10107,COP,11450000.0,8450000.0,10550000.0,13200000.0,1.0853,0.6316,2026-08-01,1,False
BUK10108,COP,3100000.0,2650000.0,3300000.0,4100000.0,0.9394,0.3103,2026-05-02,4,False
BUK10109,PEN,4200.0,3600.0,4500.0,5600.0,0.9333,0.3,2025-12-01,9,False
BUK10110,BRL,11200.0,9400.0,11700.0,14600.0,0.9573,0.3462,2026-05-02,4,False
BUK10111,CLP,1120000.0,980000.0,1220000.0,1520000.0,0.918,0.2593,2026-08-01,1,False
BUK10112,COP,3450000.0,3150000.0,3950000.0,4950000.0,0.8734,0.1667,2025-12-01,9,False
BUK10113,CLP,1270000.0,1300000.0,1620000.0,2020000.0,0.784,-0.0417,2026-08-01,1,False
BUK10114,BRL,19200.0,12800.0,16000.0,20000.0,1.2,0.8889,2025-01-30,19,False
BUK10115,BRL,14600.0,14100.0,17600.0,22000.0,0.8295,0.0633,2025-07-01,14,False
BUK10116,CLP,1790000.0,1300000.0,1620000.0,2020000.0,1.1049,0.6806,2026-01-30,7,False
BUK10117,MXN,51500.0,37000.0,46000.0,57500.0,1.1196,0.7073,2025-01-30,19,False
BUK10118,CLP,3370000.0,2500000.0,3120000.0,3900000.0,1.0801,0.6214,2026-01-30,7,False
BUK10119,COP,4550000.0,3700000.0,4650000.0,5800000.0,0.9785,0.4048,2026-07-02,2,False
BUK10120,CLP,2140000.0,1820000.0,2280000.0,2850000.0,0.9386,0.3107,2026-07-21,1,False
BUK10121,CLP,1020000.0,920000.0,1150000.0,1440000.0,0.887,0.1923,2026-04-01,5,False
BUK10122,MXN,41500.0,33500.0,42000.0,52500.0,0.9881,0.4211,2024-12-31,20,False
BUK10123,PEN,7900.0,5800.0,7200.0,9000.0,1.0972,0.6562,2025-06-01,15,False
BUK10124,CLP,940000.0,860000.0,1080000.0,1350000.0,0.8704,0.1633,2026-06-01,3,False
BUK10125,CLP,2010000.0,1520000.0,1900000.0,2380000.0,1.0579,0.5698,2026-05-02,4,True
BUK10126,CLP,2390000.0,2590000.0,3240000.0,4050000.0,0.7377,-0.137,2024-02-06,22,False
BUK10127,COP,6250000.0,4200000.0,5250000.0,6550000.0,1.1905,0.8723,2026-06-01,3,False
BUK10128,COP,8550000.0,6300000.0,7900000.0,9900000.0,1.0823,0.625,2025-07-01,14,False
BUK10129,BRL,8600.0,6600.0,8300.0,10400.0,1.0361,0.5263,2026-03-02,6,False
BUK10130,CLP,1720000.0,1300000.0,1620000.0,2020000.0,1.0617,0.5833,2026-07-02,2,False
BUK10131,CLP,1520000.0,1080000.0,1350000.0,1690000.0,1.1259,0.7213,2024-10-31,22,True
BUK10132,CLP,1130000.0,860000.0,1080000.0,1350000.0,1.0463,0.551,2025-12-01,9,False
BUK10133,MXN,52500.0,41000.0,51500.0,64500.0,1.0194,0.4894,2026-04-01,5,True
BUK10134,MXN,47500.0,37000.0,46000.0,57500.0,1.0326,0.5122,2025-05-05,8,False
BUK10135,COP,4300000.0,3500000.0,4400000.0,5500000.0,0.9773,0.4,2026-03-02,6,True
BUK10136,COP,5200000.0,4200000.0,5250000.0,6550000.0,0.9905,0.4255,2026-04-01,5,False
BUK10137,CLP,1350000.0,1080000.0,1350000.0,1690000.0,1.0,0.4426,2024-12-06,2,True
BUK10138,CLP,2220000.0,1740000.0,2180000.0,2720000.0,1.0183,0.4898,2025-10-31,10,False
BUK10139,MXN,12500.0,10500.0,13000.0,16000.0,0.9615,0.3636,2026-05-02,4,False
BUK10140,MXN,50500.0,39500.0,49500.0,62000.0,1.0202,0.4889,2026-07-02,2,True
BUK10141,PEN,4000.0,3000.0,3800.0,4800.0,1.0526,0.5556,2026-05-02,4,False
BUK10142,CLP,1320000.0,980000.0,1220000.0,1520000.0,1.082,0.6296,2026-08-01,1,False
BUK10143,CLP,2480000.0,1730000.0,2160000.0,2700000.0,1.1481,0.7732,2026-04-01,5,False
BUK10144,CLP,2460000.0,2080000.0,2600000.0,3250000.0,0.9462,0.3248,2025-06-01,15,True
BUK10145,CLP,710000.0,650000.0,810000.0,1010000.0,0.8765,0.1667,2025-08-31,12,False
BUK10146,CLP,750000.0,610000.0,760000.0,950000.0,0.9868,0.4118,2026-03-14,1,False
BUK10147,PEN,8700.0,6600.0,8200.0,10200.0,1.061,0.5833,2025-08-27,2,True
BUK10148,CLP,2150000.0,1620000.0,2020000.0,2520000.0,1.0644,0.5889,2025-10-31,10,False
BUK10149,CLP,920000.0,920000.0,1150000.0,1440000.0,0.8,0.0,2025-06-01,15,False
BUK10150,COP,7250000.0,5450000.0,6800000.0,8500000.0,1.0662,0.5902,2026-06-01,3,False
BUK10151,COP,3100000.0,2650000.0,3300000.0,4100000.0,0.9394,0.3103,2025-12-31,8,False
BUK10152,CLP,4350000.0,3040000.0,3800000.0,4750000.0,1.1447,0.7661,2026-07-02,2,True
BUK10153,BRL,6400.0,5500.0,6900.0,8600.0,0.9275,0.2903,2025-01-03,14,True
BUK10154,CLP,2830000.0,2430000.0,3040000.0,3800000.0,0.9309,0.292,2025-08-31,12,False
BUK10155,CLP,4400000.0,3650000.0,4560000.0,5700000.0,0.9649,0.3659,2025-05-01,16,False
BUK10156,CLP,4980000.0,3650000.0,4560000.0,5700000.0,1.0921,0.6488,2026-08-01,1,False
BUK10157,CLP,990000.0,720000.0,900000.0,1120000.0,1.1,0.675,2024-01-22,9,True
BUK10158,CLP,1940000.0,1820000.0,2280000.0,2850000.0,0.8509,0.1165,2025-08-31,12,False
BUK10159,PEN,8500.0,6600.0,8200.0,10200.0,1.0366,0.5278,2023-10-26,15,False
BUK10160,PEN,9800.0,7800.0,9700.0,12100.0,1.0103,0.4651,2026-07-02,2,False
BUK10161,CLP,2990000.0,2590000.0,3240000.0,4050000.0,0.9228,0.274,2025-10-18,4,False
BUK10162,CLP,1380000.0,1300000.0,1620000.0,2020000.0,0.8519,0.1111,2025-04-06,3,False
BUK10163,COP,4750000.0,4250000.0,5300000.0,6600000.0,0.8962,0.2128,2026-08-01,1,False
BUK10164,COP,6950000.0,6300000.0,7900000.0,9900000.0,0.8797,0.1806,2026-07-02,2,False
BUK10165,COP,2600000.0,2350000.0,2950000.0,3700000.0,0.8814,0.1852,2026-04-01,5,True
BUK10166,CLP,1690000.0,1370000.0,1710000.0,2140000.0,0.9883,0.4156,2025-02-10,4,False
BUK10167,CLP,1950000.0,1520000.0,1900000.0,2380000.0,1.0263,0.5,2026-03-02,6,True
BUK10168,CLP,1800000.0,1240000.0,1550000.0,1940000.0,1.1613,0.8,2026-04-01,5,False
BUK10169,PEN,4200.0,3400.0,4200.0,5200.0,1.0,0.4444,2025-03-30,8,False
BUK10170,PEN,5100.0,4100.0,5100.0,6400.0,1.0,0.4348,2026-01-30,7,False
BUK10171,COP,4900000.0,3950000.0,4950000.0,6200000.0,0.9899,0.4222,2026-08-01,1,False
BUK10172,COP,6200000.0,4250000.0,5300000.0,6600000.0,1.1698,0.8298,2026-03-02,6,False
BUK10173,CLP,2140000.0,1740000.0,2180000.0,2720000.0,0.9817,0.4082,2026-04-01,5,False
BUK10174,CLP,2080000.0,1940000.0,2430000.0,3040000.0,0.856,0.1273,2025-12-04,2,False
BUK10175,CLP,1380000.0,1520000.0,1900000.0,2380000.0,0.7263,-0.1628,2026-04-01,5,True
BUK10176,COP,4200000.0,3000000.0,3750000.0,4700000.0,1.12,0.7059,2025-12-31,8,False
BUK10177,CLP,1220000.0,980000.0,1220000.0,1520000.0,1.0,0.4444,2025-12-31,8,False
BUK10178,CLP,1910000.0,1620000.0,2020000.0,2520000.0,0.9455,0.3222,2025-07-01,14,False
BUK10179,COP,3350000.0,3000000.0,3750000.0,4700000.0,0.8933,0.2059,2025-10-06,10,False
BUK10180,COP,4350000.0,3950000.0,4950000.0,6200000.0,0.8788,0.1778,2026-03-02,6,False
BUK10181,MXN,47000.0,35500.0,44500.0,55500.0,1.0562,0.575,2026-06-01,3,False
BUK10182,CLP,1240000.0,920000.0,1150000.0,1440000.0,1.0783,0.6154,2026-08-01,1,False
BUK10183,CLP,2960000.0,2500000.0,3120000.0,3900000.0,0.9487,0.3286,2026-07-02,2,False
BUK10184,PEN,2200.0,2200.0,2800.0,3500.0,0.7857,0.0,2024-06-13,12,True
BUK10185,CLP,2270000.0,1940000.0,2430000.0,3040000.0,0.9342,0.3,2026-03-02,6,False
BUK10186,CLP,1750000.0,1370000.0,1710000.0,2140000.0,1.0234,0.4935,2026-07-02,2,False
BUK10187,CLP,1400000.0,1140000.0,1420000.0,1780000.0,0.9859,0.4062,2024-01-31,31,False
BUK10188,CLP,1460000.0,1140000.0,1420000.0,1780000.0,1.0282,0.5,2025-08-31,12,False
BUK10189,PEN,5400.0,4300.0,5400.0,6800.0,1.0,0.44,2026-02-21,6,False
BUK10190,CLP,1850000.0,1520000.0,1900000.0,2380000.0,0.9737,0.3837,2025-11-04,2,True
BUK10191,MXN,18500.0,15500.0,19500.0,24500.0,0.9487,0.3333,2026-07-02,2,False
BUK10192,CLP,1190000.0,820000.0,1030000.0,1290000.0,1.1553,0.7872,2023-12-31,32,False
BUK10193,CLP,2240000.0,1740000.0,2180000.0,2720000.0,1.0275,0.5102,2025-04-01,17,False
BUK10194,CLP,3700000.0,3310000.0,4140000.0,5180000.0,0.8937,0.2086,2025-12-01,9,False
BUK10195,CLP,2680000.0,2160000.0,2700000.0,3380000.0,0.9926,0.4262,2026-08-01,1,False
BUK10196,CLP,1330000.0,1240000.0,1550000.0,1940000.0,0.8581,0.1286,2024-01-13,13,False
BUK10197,MXN,28000.0,23500.0,29500.0,37000.0,0.9492,0.3333,2024-04-01,29,False
BUK10198,CLP,1330000.0,1080000.0,1350000.0,1690000.0,0.9852,0.4098,2025-08-31,12,True
BUK10199,CLP,1190000.0,820000.0,1030000.0,1290000.0,1.1553,0.7872,2025-05-01,16,False
BUK10200,CLP,2310000.0,1940000.0,2430000.0,3040000.0,0.9506,0.3364,2026-06-01,3,False
BUK10201,CLP,2500000.0,2160000.0,2700000.0,3380000.0,0.9259,0.2787,2026-04-08,2,False
BUK10202,CLP,1470000.0,1300000.0,1620000.0,2020000.0,0.9074,0.2361,2026-07-02,2,False
BUK10203,CLP,840000.0,720000.0,900000.0,1120000.0,0.9333,0.3,2026-07-02,2,True
BUK10204,PEN,6400.0,4800.0,6000.0,7500.0,1.0667,0.5926,2025-08-01,13,True
BUK10205,COP,3000000.0,2350000.0,2950000.0,3700000.0,1.0169,0.4815,2026-08-01,1,True
BUK10206,CLP,2100000.0,1820000.0,2280000.0,2850000.0,0.9211,0.2718,2026-06-01,3,False
BUK10207,CLP,820000.0,610000.0,760000.0,950000.0,1.0789,0.6176,2026-06-01,3,False
BUK10208,BRL,17600.0,13400.0,16700.0,20900.0,1.0539,0.56,2025-05-09,2,False
BUK10209,MXN,53000.0,39500.0,49500.0,62000.0,1.0707,0.6,2026-07-02,2,True
BUK10210,CLP,1140000.0,860000.0,1080000.0,1350000.0,1.0556,0.5714,2026-03-02,6,False
BUK10211,BRL,11700.0,8900.0,11100.0,13900.0,1.0541,0.56,2025-12-31,8,False
BUK10212,CLP,1300000.0,1140000.0,1420000.0,1780000.0,0.9155,0.25,2025-10-01,11,False
BUK10213,PEN,4800.0,3600.0,4500.0,5600.0,1.0667,0.6,2026-05-02,4,False
BUK10214,CLP,1140000.0,980000.0,1220000.0,1520000.0,0.9344,0.2963,2026-03-02,6,False
BUK10215,CLP,2390000.0,1740000.0,2180000.0,2720000.0,1.0963,0.6633,2025-08-01,13,False
BUK10216,MXN,32500.0,24500.0,30500.0,38000.0,1.0656,0.5926,2025-03-02,18,False
BUK10217,CLP,880000.0,720000.0,900000.0,1120000.0,0.9778,0.4,2025-12-31,8,True
BUK10218,CLP,1390000.0,1080000.0,1350000.0,1690000.0,1.0296,0.5082,2026-07-02,2,True
BUK10219,MXN,28000.0,25000.0,31000.0,39000.0,0.9032,0.2143,2025-12-23,3,False
BUK10220,COP,4700000.0,3700000.0,4650000.0,5800000.0,1.0108,0.4762,2025-06-01,15,False
BUK10221,MXN,45000.0,35000.0,43500.0,54500.0,1.0345,0.5128,2024-07-01,26,False
BUK10222,CLP,3170000.0,2590000.0,3240000.0,4050000.0,0.9784,0.3973,2026-07-02,2,False
BUK10223,CLP,2520000.0,1820000.0,2280000.0,2850000.0,1.1053,0.6796,2026-04-01,5,False
BUK10224,MXN,16500.0,12500.0,15500.0,19500.0,1.0645,0.5714,2026-04-01,5,False
BUK10225,CLP,2530000.0,1840000.0,2300000.0,2880000.0,1.1,0.6635,2025-10-01,11,False
BUK10226,CLP,890000.0,650000.0,810000.0,1010000.0,1.0988,0.6667,2026-03-02,6,False
BUK10227,CLP,2830000.0,2160000.0,2700000.0,3380000.0,1.0481,0.5492,2025-12-31,8,False
BUK10228,CLP,1700000.0,1300000.0,1620000.0,2020000.0,1.0494,0.5556,2025-01-30,19,False
BUK10229,CLP,2070000.0,1840000.0,2300000.0,2880000.0,0.9,0.2212,2023-08-03,15,False
BUK10230,PEN,7400.0,5800.0,7200.0,9000.0,1.0278,0.5,2025-10-01,11,False
BUK10231,CLP,1610000.0,1300000.0,1620000.0,2020000.0,0.9938,0.4306,2025-03-25,9,False
BUK10232,CLP,1620000.0,1240000.0,1550000.0,1940000.0,1.0452,0.5429,2026-04-01,1,False
BUK10233,CLP,2680000.0,2080000.0,2600000.0,3250000.0,1.0308,0.5128,2025-12-01,9,True
BUK10234,PEN,3500.0,3000.0,3800.0,4800.0,0.9211,0.2778,2026-04-01,5,False
BUK10235,MXN,16500.0,16500.0,20500.0,25500.0,0.8049,0.0,2025-06-01,15,False
BUK10236,CLP,1800000.0,1370000.0,1710000.0,2140000.0,1.0526,0.5584,2026-06-01,3,False
BUK10237,BRL,10800.0,7000.0,8800.0,11000.0,1.2273,0.95,2026-08-01,1,False
BUK10238,CLP,1560000.0,1240000.0,1550000.0,1940000.0,1.0065,0.4571,2026-08-01,1,False
BUK10239,COP,3650000.0,3000000.0,3750000.0,4700000.0,0.9733,0.3824,2026-03-30,5,False
BUK10240,CLP,1200000.0,980000.0,1220000.0,1520000.0,0.9836,0.4074,2025-07-27,1,False
BUK10241,CLP,2270000.0,2390000.0,2990000.0,3740000.0,0.7592,-0.0889,2026-01-30,3,False
BUK10242,CLP,2130000.0,1520000.0,1900000.0,2380000.0,1.1211,0.7093,2026-07-02,2,True
BUK10243,BRL,7400.0,7000.0,8800.0,11000.0,0.8409,0.1,2026-07-02,2,False
BUK10244,COP,8150000.0,5950000.0,7450000.0,9300000.0,1.094,0.6567,2025-10-31,10,False
BUK10245,CLP,1090000.0,810000.0,1010000.0,1260000.0,1.0792,0.6222,2025-12-31,8,False
BUK10246,MXN,87500.0,65500.0,82000.0,102500.0,1.0671,0.5946,2026-08-01,1,False
BUK10247,COP,9400000.0,8100000.0,10100000.0,12600000.0,0.9307,0.2889,2026-06-01,3,False
BUK10248,CLP,2670000.0,1870000.0,2340000.0,2920000.0,1.141,0.7619,2025-05-01,16,False
BUK10249,CLP,1350000.0,1300000.0,1620000.0,2020000.0,0.8333,0.0694,2025-01-02,7,False
BUK10250,CLP,3330000.0,2390000.0,2990000.0,3740000.0,1.1137,0.6963,2026-03-02,6,False
BUK10251,CLP,2660000.0,2480000.0,3100000.0,3880000.0,0.8581,0.1286,2025-08-01,13,False
BUK10252,COP,9100000.0,8450000.0,10550000.0,13200000.0,0.8626,0.1368,2026-01-30,7,False
BUK10253,COP,5450000.0,4050000.0,5050000.0,6300000.0,1.0792,0.6222,2026-04-29,4,False
BUK10254,COP,3200000.0,2350000.0,2950000.0,3700000.0,1.0847,0.6296,2024-06-24,12,True
BUK10255,COP,4250000.0,4050000.0,5050000.0,6300000.0,0.8416,0.0889,2023-07-01,18,False
BUK10256,CLP,720000.0,650000.0,810000.0,1010000.0,0.8889,0.1944,2026-06-01,3,False
BUK10257,MXN,12000.0,10500.0,13000.0,16000.0,0.9231,0.2727,2026-08-01,1,False
BUK10258,PEN,4900.0,3900.0,4900.0,6100.0,1.0,0.4545,2026-06-01,3,False
BUK10259,MXN,30000.0,26000.0,32500.0,40500.0,0.9231,0.2759,2025-08-01,13,False
BUK10260,CLP,1440000.0,1240000.0,1550000.0,1940000.0,0.929,0.2857,2026-07-02,2,False
BUK10261,MXN,29000.0,25000.0,31000.0,39000.0,0.9355,0.2857,2026-04-01,5,False
BUK10262,COP,13400000.0,11400000.0,14250000.0,17800000.0,0.9404,0.3125,2026-06-01,3,False
BUK10263,CLP,1470000.0,1300000.0,1620000.0,2020000.0,0.9074,0.2361,2026-08-01,1,False
BUK10264,PEN,4500.0,4100.0,5100.0,6400.0,0.8824,0.1739,2026-03-02,6,False
BUK10265,PEN,5300.0,3900.0,4900.0,6100.0,1.0816,0.6364,2024-10-31,22,False
BUK10266,CLP,1810000.0,1300000.0,1620000.0,2020000.0,1.1173,0.7083,2026-08-01,1,False
BUK10267,CLP,820000.0,650000.0,810000.0,1010000.0,1.0123,0.4722,2025-03-02,18,False
BUK10268,CLP,2410000.0,1820000.0,2280000.0,2850000.0,1.057,0.5728,2026-06-01,3,False
BUK10269,CLP,2400000.0,1820000.0,2280000.0,2850000.0,1.0526,0.5631,2026-08-01,1,False
BUK10270,COP,6100000.0,4500000.0,5600000.0,7000000.0,1.0893,0.64,2024-09-28,4,False
BUK10271,CLP,610000.0,580000.0,720000.0,900000.0,0.8472,0.0938,2024-12-09,9,False
BUK10272,PEN,5400.0,4100.0,5100.0,6400.0,1.0588,0.5652,2026-06-01,3,False
BUK10273,CLP,3120000.0,2590000.0,3240000.0,4050000.0,0.963,0.363,2026-08-01,1,False
BUK10274,CLP,2050000.0,1770000.0,2210000.0,2760000.0,0.9276,0.2828,2026-06-01,3,False
BUK10275,CLP,1350000.0,1220000.0,1520000.0,1900000.0,0.8882,0.1912,2025-07-09,8,False
BUK10276,MXN,34500.0,25000.0,31000.0,39000.0,1.1129,0.6786,2026-07-02,2,False
BUK10277,COP,10900000.0,8450000.0,10550000.0,13200000.0,1.0332,0.5158,2026-05-02,4,False
BUK10278,MXN,24500.0,16500.0,20500.0,25500.0,1.1951,0.8889,2026-03-02,6,False
BUK10279,CLP,2090000.0,1840000.0,2300000.0,2880000.0,0.9087,0.2404,2026-06-01,3,False
BUK10280,CLP,2870000.0,1940000.0,2430000.0,3040000.0,1.1811,0.8455,2025-12-01,9,False
BUK10281,CLP,1950000.0,1520000.0,1900000.0,2380000.0,1.0263,0.5,2025-10-31,10,True
BUK10282,CLP,4770000.0,3500000.0,4370000.0,5460000.0,1.0915,0.648,2026-05-02,4,False
BUK10283,COP,4600000.0,3700000.0,4650000.0,5800000.0,0.9892,0.4286,2026-08-01,1,False
BUK10284,PEN,8700.0,6100.0,7600.0,9500.0,1.1447,0.7647,2025-04-01,17,False
BUK10285,COP,4600000.0,4500000.0,5600000.0,7000000.0,0.8214,0.04,2026-07-20,1,False
BUK10286,PEN,12600.0,11800.0,14700.0,18400.0,0.8571,0.1212,2024-12-31,20,False
BUK10287,CLP,3310000.0,2590000.0,3240000.0,4050000.0,1.0216,0.4932,2026-08-01,1,False
BUK10288,PEN,6400.0,6100.0,7600.0,9500.0,0.8421,0.0882,2024-06-01,27,False
BUK10289,MXN,62500.0,47500.0,59500.0,74500.0,1.0504,0.5556,2026-06-01,3,False
BUK10290,CLP,750000.0,610000.0,760000.0,950000.0,0.9868,0.4118,2026-08-01,1,False
BUK10291,CLP,3740000.0,3650000.0,4560000.0,5700000.0,0.8202,0.0439,2025-08-31,12,False
BUK10292,COP,18200000.0,14350000.0,17950000.0,22450000.0,1.0139,0.4753,2026-05-11,2,True
BUK10293,CLP,2400000.0,1820000.0,2280000.0,2850000.0,1.0526,0.5631,2026-07-02,2,False
BUK10294,MXN,44000.0,37000.0,46000.0,57500.0,0.9565,0.3415,2024-04-01,29,False
BUK10295,CLP,1390000.0,1300000.0,1620000.0,2020000.0,0.858,0.125,2025-10-01,11,False
BUK10296,CLP,1000000.0,810000.0,1010000.0,1260000.0,0.9901,0.4222,2025-08-01,13,False
BUK10297,MXN,49000.0,35500.0,44500.0,55500.0,1.1011,0.675,2026-06-01,3,False
BUK10298,BRL,6600.0,5000.0,6200.0,7800.0,1.0645,0.5714,2025-10-31,10,False
BUK10299,MXN,21500.0,17500.0,22000.0,27500.0,0.9773,0.4,2026-03-02,6,False
BUK10300,CLP,1910000.0,1940000.0,2430000.0,3040000.0,0.786,-0.0273,2026-03-02,6,False
BUK10301,CLP,1090000.0,980000.0,1220000.0,1520000.0,0.8934,0.2037,2024-01-31,31,False
BUK10302,PEN,6300.0,5500.0,6900.0,8600.0,0.913,0.2581,2026-08-01,1,False
BUK10303,CLP,3300000.0,2590000.0,3240000.0,4050000.0,1.0185,0.4863,2026-05-02,4,False
BUK10304,CLP,1980000.0,1520000.0,1900000.0,2380000.0,1.0421,0.5349,2025-08-01,9,True
BUK10305,CLP,2810000.0,2590000.0,3240000.0,4050000.0,0.8673,0.1507,2026-07-02,2,False
BUK10306,CLP,3900000.0,2880000.0,3600000.0,4500000.0,1.0833,0.6296,2026-07-02,2,True
BUK10307,CLP,1250000.0,980000.0,1220000.0,1520000.0,1.0246,0.5,2026-05-02,4,False
BUK10308,COP,5350000.0,4200000.0,5250000.0,6550000.0,1.019,0.4894,2026-03-02,6,False
BUK10309,CLP,1640000.0,1370000.0,1710000.0,2140000.0,0.9591,0.3506,2026-06-01,3,False
BUK10310,CLP,1580000.0,1300000.0,1620000.0,2020000.0,0.9753,0.3889,2026-07-02,2,False
BUK10311,CLP,1630000.0,1300000.0,1620000.0,2020000.0,1.0062,0.4583,2026-01-30,7,False
BUK10312,CLP,2480000.0,2080000.0,2600000.0,3250000.0,0.9538,0.3419,2026-05-02,4,True
BUK10313,MXN,45500.0,35000.0,43500.0,54500.0,1.046,0.5385,2024-09-30,23,False
BUK10314,CLP,1190000.0,1080000.0,1350000.0,1690000.0,0.8815,0.1803,2025-12-15,3,True
BUK10315,MXN,28500.0,24500.0,30500.0,38000.0,0.9344,0.2963,2024-11-30,21,False
BUK10316,PEN,4300.0,3400.0,4200.0,5200.0,1.0238,0.5,2026-08-01,1,True
BUK10317,CLP,2440000.0,2080000.0,2600000.0,3250000.0,0.9385,0.3077,2026-06-02,2,True
BUK10318,COP,4200000.0,3150000.0,3950000.0,4950000.0,1.0633,0.5833,2023-10-01,35,False
BUK10319,CLP,2440000.0,1940000.0,2430000.0,3040000.0,1.0041,0.4545,2026-05-02,4,False
BUK10320,CLP,2340000.0,1820000.0,2280000.0,2850000.0,1.0263,0.5049,2026-06-01,3,False
BUK10321,BRL,8100.0,6600.0,8300.0,10400.0,0.9759,0.3947,2026-03-07,1,False
BUK10322,CLP,1970000.0,1560000.0,1950000.0,2440000.0,1.0103,0.4659,2026-04-01,5,False
BUK10323,CLP,1040000.0,920000.0,1150000.0,1440000.0,0.9043,0.2308,2026-01-30,7,False
BUK10324,CLP,1680000.0,1370000.0,1710000.0,2140000.0,0.9825,0.4026,2026-07-02,2,False
BUK10325,CLP,2400000.0,1840000.0,2300000.0,2880000.0,1.0435,0.5385,2026-05-02,4,False
BUK10326,CLP,2260000.0,1770000.0,2210000.0,2760000.0,1.0226,0.4949,2026-07-02,2,False
BUK10327,BRL,12600.0,9600.0,12000.0,15000.0,1.05,0.5556,2026-05-02,4,False
BUK10328,MXN,43500.0,35000.0,43500.0,54500.0,1.0,0.4359,2026-01-19,6,False
BUK10329,MXN,28500.0,23000.0,29000.0,36000.0,0.9828,0.4231,2026-01-30,7,False
BUK10330,CLP,820000.0,860000.0,1080000.0,1350000.0,0.7593,-0.0816,2026-04-01,5,False
BUK10331,MXN,46500.0,35500.0,44500.0,55500.0,1.0449,0.55,2026-01-30,7,False
BUK10332,CLP,1760000.0,1520000.0,1900000.0,2380000.0,0.9263,0.2791,2024-06-08,7,True
BUK10333,MXN,22500.0,16500.0,20500.0,25500.0,1.0976,0.6667,2024-12-09,10,False
BUK10334,CLP,740000.0,540000.0,680000.0,850000.0,1.0882,0.6452,2025-10-10,3,False
BUK10335,CLP,1270000.0,920000.0,1150000.0,1440000.0,1.1043,0.6731,2026-03-02,6,False
BUK10336,COP,3050000.0,3150000.0,3950000.0,4950000.0,0.7722,-0.0556,2026-03-02,6,False
BUK10337,PEN,5400.0,4300.0,5400.0,6800.0,1.0,0.44,2026-07-02,2,False
BUK10338,CLP,1180000.0,920000.0,1150000.0,1440000.0,1.0261,0.5,2026-05-02,4,False
BUK10339,MXN,24000.0,20500.0,25500.0,32000.0,0.9412,0.3043,2026-07-02,2,True
BUK10340,CLP,730000.0,650000.0,810000.0,1010000.0,0.9012,0.2222,2024-04-16,11,False
BUK10341,CLP,1260000.0,980000.0,1220000.0,1520000.0,1.0328,0.5185,2026-07-02,2,False
BUK10342,PEN,2400.0,1900.0,2400.0,3000.0,1.0,0.4545,2025-05-05,12,False
BUK10343,CLP,1110000.0,980000.0,1220000.0,1520000.0,0.9098,0.2407,2024-10-31,22,False
BUK10344,BRL,4800.0,4700.0,5900.0,7400.0,0.8136,0.037,2025-01-05,17,False
BUK10345,PEN,6500.0,5500.0,6900.0,8600.0,0.942,0.3226,2026-06-01,3,False
BUK10346,CLP,1370000.0,1240000.0,1550000.0,1940000.0,0.8839,0.1857,2025-08-31,12,False
BUK10347,PEN,2000.0,1800.0,2300.0,2900.0,0.8696,0.1818,2025-12-01,9,False
BUK10348,COP,6700000.0,6100000.0,7650000.0,9550000.0,0.8758,0.1739,2026-07-02,2,False
BUK10349,CLP,1600000.0,1370000.0,1710000.0,2140000.0,0.9357,0.2987,2026-04-01,5,False
BUK10350,CLP,1790000.0,1220000.0,1520000.0,1900000.0,1.1776,0.8382,2026-07-02,2,False
BUK10351,CLP,2310000.0,1560000.0,1950000.0,2440000.0,1.1846,0.8523,2025-10-01,5,False
BUK10352,MXN,50500.0,35000.0,43500.0,54500.0,1.1609,0.7949,2026-03-02,6,False
BUK10353,PEN,5700.0,4300.0,5400.0,6800.0,1.0556,0.56,2025-01-30,19,False
BUK10354,CLP,760000.0,610000.0,760000.0,950000.0,1.0,0.4412,2026-03-02,6,False
BUK10355,COP,7500000.0,5700000.0,7100000.0,8900000.0,1.0563,0.5625,2026-03-02,6,False
BUK10356,PEN,4700.0,3800.0,4800.0,6000.0,0.9792,0.4091,2025-07-01,14,False
BUK10357,PEN,8700.0,7100.0,8900.0,11100.0,0.9775,0.4,2025-05-01,16,False
BUK10358,CLP,1200000.0,860000.0,1080000.0,1350000.0,1.1111,0.6939,2025-06-01,15,False
BUK10359,CLP,2610000.0,2280000.0,2850000.0,3560000.0,0.9158,0.2578,2025-08-01,13,False
BUK10360,CLP,700000.0,650000.0,810000.0,1010000.0,0.8642,0.1389,2026-05-28,3,False
BUK10361,MXN,115000.0,83500.0,104500.0,130500.0,1.1005,0.6702,2024-09-30,23,True
BUK10362,CLP,1080000.0,980000.0,1220000.0,1520000.0,0.8852,0.1852,2026-05-02,4,False
BUK10363,CLP,2240000.0,2160000.0,2700000.0,3380000.0,0.8296,0.0656,2025-12-13,4,True
BUK10364,MXN,21000.0,16500.0,20500.0,25500.0,1.0244,0.5,2026-08-01,1,False
BUK10365,CLP,1520000.0,1300000.0,1620000.0,2020000.0,0.9383,0.3056,2026-06-01,3,False
BUK10366,PEN,3400.0,2700.0,3400.0,4200.0,1.0,0.4667,2026-07-02,2,False
BUK10367,CLP,830000.0,650000.0,810000.0,1010000.0,1.0247,0.5,2025-10-31,10,False
BUK10368,PEN,6500.0,4800.0,6000.0,7500.0,1.0833,0.6296,2024-07-01,26,True
BUK10369,CLP,2110000.0,1520000.0,1900000.0,2380000.0,1.1105,0.686,2026-06-01,3,True
BUK10370,PEN,2000.0,1800.0,2300.0,2900.0,0.8696,0.1818,2026-01-30,7,False
BUK10371,CLP,3570000.0,2590000.0,3240000.0,4050000.0,1.1019,0.6712,2025-05-01,16,False
BUK10372,BRL,9300.0,6600.0,8300.0,10400.0,1.1205,0.7105,2025-06-21,1,False
BUK10373,CLP,1430000.0,1080000.0,1350000.0,1690000.0,1.0593,0.5738,2026-04-24,2,True
BUK10374,CLP,2390000.0,1820000.0,2280000.0,2850000.0,1.0482,0.5534,2026-06-01,3,False
BUK10375,MXN,38000.0,31000.0,38500.0,48000.0,0.987,0.4118,2026-05-02,4,False
BUK10376,PEN,6900.0,6600.0,8200.0,10200.0,0.8415,0.0833,2026-05-15,1,True
BUK10377,CLP,1200000.0,810000.0,1010000.0,1260000.0,1.1881,0.8667,2026-04-01,5,False
BUK10378,CLP,1550000.0,1220000.0,1520000.0,1900000.0,1.0197,0.4853,2025-08-31,12,False
BUK10379,CLP,1410000.0,980000.0,1220000.0,1520000.0,1.1557,0.7963,2026-06-01,3,False
BUK10380,BRL,14600.0,11800.0,14800.0,18500.0,0.9865,0.4179,2025-06-01,15,False
BUK10381,MXN,58000.0,49000.0,61500.0,77000.0,0.9431,0.3214,2025-12-30,8,False
BUK10382,CLP,3120000.0,2580000.0,3230000.0,4040000.0,0.9659,0.3699,2024-10-25,11,False
BUK10383,BRL,7100.0,6600.0,8300.0,10400.0,0.8554,0.1316,2026-06-01,3,False
BUK10384,CLP,1030000.0,820000.0,1030000.0,1290000.0,1.0,0.4468,2025-08-21,7,False
BUK10385,COP,5500000.0,4950000.0,6200000.0,7750000.0,0.8871,0.1964,2024-05-19,4,True
BUK10386,CLP,1300000.0,1080000.0,1350000.0,1690000.0,0.963,0.3607,2026-03-02,6,True
BUK10387,CLP,1560000.0,1370000.0,1710000.0,2140000.0,0.9123,0.2468,2025-01-04,3,False
BUK10388,CLP,2750000.0,1940000.0,2430000.0,3040000.0,1.1317,0.7364,2026-08-01,1,False
BUK10389,MXN,13000.0,10500.0,13000.0,16000.0,1.0,0.4545,2026-07-02,2,False
BUK10390,BRL,5400.0,5000.0,6200.0,7800.0,0.871,0.1429,2026-03-02,6,False
BUK10391,CLP,860000.0,580000.0,720000.0,900000.0,1.1944,0.875,2025-04-01,17,False
BUK10392,CLP,690000.0,580000.0,720000.0,900000.0,0.9583,0.3438,2025-10-01,11,False
BUK10393,CLP,1410000.0,1300000.0,1620000.0,2020000.0,0.8704,0.1528,2025-12-31,8,False
BUK10394,PEN,10000.0,8600.0,10700.0,13400.0,0.9346,0.2917,2026-03-18,5,False
BUK10395,CLP,1040000.0,810000.0,1010000.0,1260000.0,1.0297,0.5111,2024-07-01,26,False
BUK10396,COP,2900000.0,2350000.0,2950000.0,3700000.0,0.9831,0.4074,2026-07-02,2,True
BUK10397,PEN,13400.0,9500.0,11900.0,14900.0,1.1261,0.7222,2024-10-27,15,True
BUK10398,PEN,11600.0,9500.0,11900.0,14900.0,0.9748,0.3889,2026-07-02,2,True
BUK10399,MXN,14000.0,11500.0,14500.0,18000.0,0.9655,0.3846,2026-05-02,4,False
BUK10400,CLP,1810000.0,1520000.0,1900000.0,2380000.0,0.9526,0.3372,2024-05-23,9,True
BUK10401,CLP,3370000.0,2590000.0,3240000.0,4050000.0,1.0401,0.5342,2026-01-30,7,False
BUK10402,PEN,1700.0,1700.0,2100.0,2600.0,0.8095,0.0,2026-07-02,2,False
BUK10403,CLP,2560000.0,1870000.0,2340000.0,2920000.0,1.094,0.6571,2025-08-31,12,False
BUK10404,CLP,2360000.0,1820000.0,2280000.0,2850000.0,1.0351,0.5243,2026-06-01,3,False
BUK10405,BRL,14300.0,10700.0,13400.0,16800.0,1.0672,0.5902,2025-10-31,10,True
BUK10406,COP,4550000.0,3150000.0,3950000.0,4950000.0,1.1519,0.7778,2026-07-02,2,False
BUK10407,COP,4700000.0,3500000.0,4400000.0,5500000.0,1.0682,0.6,2024-10-31,8,True
BUK10408,COP,8350000.0,6100000.0,7650000.0,9550000.0,1.0915,0.6522,2026-08-01,1,False
BUK10409,CLP,2870000.0,2590000.0,3240000.0,4050000.0,0.8858,0.1918,2026-04-01,5,False
BUK10410,MXN,32000.0,24500.0,30500.0,38000.0,1.0492,0.5556,2026-06-01,3,False
BUK10411,COP,10500000.0,8450000.0,10550000.0,13200000.0,0.9953,0.4316,2026-08-01,1,False
BUK10412,CLP,1560000.0,1080000.0,1350000.0,1690000.0,1.1556,0.7869,2026-06-01,3,True
BUK10413,CLP,1830000.0,1300000.0,1620000.0,2020000.0,1.1296,0.7361,2026-08-01,1,False
BUK10414,MXN,23000.0,17500.0,22000.0,27500.0,1.0455,0.55,2024-05-29,12,False
BUK10415,CLP,1190000.0,980000.0,1220000.0,1520000.0,0.9754,0.3889,2026-04-01,5,False
BUK10416,MXN,29000.0,26000.0,32500.0,40500.0,0.8923,0.2069,2026-04-01,5,False
BUK10417,CLP,1100000.0,980000.0,1220000.0,1520000.0,0.9016,0.2222,2026-06-01,3,False
BUK10418,COP,5950000.0,4200000.0,5250000.0,6550000.0,1.1333,0.7447,2025-12-01,9,False
BUK10419,CLP,3480000.0,2590000.0,3240000.0,4050000.0,1.0741,0.6096,2026-01-28,3,False
BUK10420,PEN,3400.0,3000.0,3800.0,4800.0,0.8947,0.2222,2026-03-02,6,False
BUK10421,PEN,5200.0,4100.0,5100.0,6400.0,1.0196,0.4783,2025-08-10,3,False
BUK10422,PEN,11900.0,8200.0,10200.0,12800.0,1.1667,0.8043,2026-07-02,2,False
BUK10423,MXN,55500.0,46500.0,58000.0,72500.0,0.9569,0.3462,2026-05-02,4,False
BUK10424,CLP,2330000.0,1820000.0,2280000.0,2850000.0,1.0219,0.4951,2026-04-01,5,False
BUK10425,CLP,1060000.0,980000.0,1220000.0,1520000.0,0.8689,0.1481,2024-10-31,22,False
BUK10426,COP,5050000.0,4050000.0,5050000.0,6300000.0,1.0,0.4444,2023-11-01,34,False
BUK10427,MXN,34500.0,35000.0,43500.0,54500.0,0.7931,-0.0256,2023-04-10,20,False
BUK10428,COP,2100000.0,1900000.0,2350000.0,2950000.0,0.8936,0.1905,2026-01-30,7,False
BUK10429,CLP,1450000.0,1080000.0,1350000.0,1690000.0,1.0741,0.6066,2026-05-02,4,True
BUK10430,CLP,1160000.0,980000.0,1220000.0,1520000.0,0.9508,0.3333,2024-11-25,3,False
BUK10431,CLP,1540000.0,1240000.0,1550000.0,1940000.0,0.9935,0.4286,2024-10-31,22,False
BUK10432,CLP,2000000.0,1520000.0,1900000.0,2380000.0,1.0526,0.5581,2024-06-19,5,True
BUK10433,PEN,3000.0,2200.0,2800.0,3500.0,1.0714,0.6154,2024-05-30,6,True
BUK10434,MXN,20500.0,17500.0,22000.0,27500.0,0.9318,0.3,2026-08-01,1,False
BUK10435,CLP,1190000.0,920000.0,1150000.0,1440000.0,1.0348,0.5192,2025-12-31,8,False
BUK10436,BRL,8300.0,7000.0,8800.0,11000.0,0.9432,0.325,2025-12-01,9,False
BUK10437,PEN,12800.0,10300.0,12900.0,16100.0,0.9922,0.431,2026-03-10,2,False
BUK10438,PEN,7700.0,5800.0,7200.0,9000.0,1.0694,0.5938,2024-07-01,26,False
BUK10439,CLP,4430000.0,3460000.0,4320000.0,5400000.0,1.0255,0.5,2026-06-01,3,False
BUK10440,CLP,1300000.0,980000.0,1220000.0,1520000.0,1.0656,0.5926,2026-01-30,7,False
BUK10441,CLP,2080000.0,1820000.0,2280000.0,2850000.0,0.9123,0.2524,2025-03-22,2,False
BUK10442,CLP,2200000.0,1870000.0,2340000.0,2920000.0,0.9402,0.3143,2026-04-01,5,False
BUK10443,MXN,22500.0,16500.0,20500.0,25500.0,1.0976,0.6667,2025-08-01,13,False
BUK10444,MXN,15000.0,11500.0,14500.0,18000.0,1.0345,0.5385,2026-03-02,6,False
BUK10445,PEN,4600.0,3400.0,4200.0,5200.0,1.0952,0.6667,2025-05-01,16,True
BUK10446,MXN,39000.0,33000.0,41000.0,51000.0,0.9512,0.3333,2026-06-01,3,False
BUK10447,BRL,14400.0,11100.0,13900.0,17400.0,1.036,0.5238,2026-07-02,2,False
BUK10448,CLP,1780000.0,1300000.0,1620000.0,2020000.0,1.0988,0.6667,2025-07-01,14,False
BUK10449,CLP,2800000.0,2300000.0,2880000.0,3600000.0,0.9722,0.3846,2026-04-27,3,False
BUK10450,CLP,2250000.0,1820000.0,2280000.0,2850000.0,0.9868,0.4175,2025-01-11,1,False
BUK10451,CLP,2250000.0,1740000.0,2180000.0,2720000.0,1.0321,0.5204,2026-05-02,4,False
BUK10452,CLP,1110000.0,980000.0,1220000.0,1520000.0,0.9098,0.2407,2025-12-01,9,False
BUK10453,CLP,2290000.0,1770000.0,2210000.0,2760000.0,1.0362,0.5253,2025-12-31,8,False
BUK10454,CLP,690000.0,580000.0,720000.0,900000.0,0.9583,0.3438,2025-07-03,6,False
BUK10455,CLP,2750000.0,2390000.0,2990000.0,3740000.0,0.9197,0.2667,2025-12-31,8,False
BUK10456,BRL,7000.0,5000.0,6200.0,7800.0,1.129,0.7143,2025-12-31,8,False
BUK10457,BRL,4700.0,4500.0,5600.0,7000.0,0.8393,0.08,2025-12-01,9,False
BUK10458,CLP,2540000.0,1940000.0,2430000.0,3040000.0,1.0453,0.5455,2026-07-02,2,False
BUK10459,COP,4700000.0,4250000.0,5300000.0,6600000.0,0.8868,0.1915,2026-06-19,2,False
BUK10460,MXN,28500.0,25000.0,31000.0,39000.0,0.9194,0.25,2025-11-04,5,False
BUK10461,MXN,25000.0,17500.0,22000.0,27500.0,1.1364,0.75,2025-10-31,10,False
BUK10462,MXN,35500.0,33500.0,42000.0,52500.0,0.8452,0.1053,2026-01-02,7,False
BUK10463,CLP,1680000.0,1520000.0,1900000.0,2380000.0,0.8842,0.186,2026-07-02,2,True
BUK10464,CLP,3170000.0,2590000.0,3240000.0,4050000.0,0.9784,0.3973,2026-06-01,3,False
BUK10465,CLP,830000.0,610000.0,760000.0,950000.0,1.0921,0.6471,2025-10-01,11,False
BUK10466,CLP,2610000.0,2160000.0,2700000.0,3380000.0,0.9667,0.3689,2024-06-10,7,True
BUK10467,CLP,1310000.0,980000.0,1220000.0,1520000.0,1.0738,0.6111,2024-08-30,7,False
BUK10468,COP,4500000.0,4050000.0,5050000.0,6300000.0,0.8911,0.2,2026-08-01,1,False
BUK10469,BRL,12200.0,9000.0,11200.0,14000.0,1.0893,0.64,2026-01-08,3,False
BUK10470,COP,4500000.0,3700000.0,4650000.0,5800000.0,0.9677,0.381,2025-12-01,9,False
BUK10471,BRL,13800.0,14100.0,17600.0,22000.0,0.7841,-0.038,2026-04-01,5,False
BUK10472,CLP,1170000.0,980000.0,1220000.0,1520000.0,0.959,0.3519,2025-10-31,10,False
BUK10473,CLP,670000.0,610000.0,760000.0,950000.0,0.8816,0.1765,2026-06-22,2,False
BUK10474,MXN,42500.0,35000.0,43500.0,54500.0,0.977,0.3846,2025-08-31,12,False
BUK10475,CLP,880000.0,720000.0,900000.0,1120000.0,0.9778,0.4,2026-02-21,4,True
BUK10476,CLP,3390000.0,2740000.0,3420000.0,4280000.0,0.9912,0.4221,2025-12-01,9,False
BUK10477,CLP,2210000.0,2080000.0,2600000.0,3250000.0,0.85,0.1111,2026-06-18,1,True
BUK10478,PEN,6500.0,5500.0,6900.0,8600.0,0.942,0.3226,2026-07-02,2,False
BUK10479,COP,10600000.0,8100000.0,10100000.0,12600000.0,1.0495,0.5556,2026-06-01,3,False
BUK10480,MXN,51000.0,41000.0,51500.0,64500.0,0.9903,0.4255,2025-01-18,5,False
BUK10481,CLP,1770000.0,1370000.0,1710000.0,2140000.0,1.0351,0.5195,2026-05-02,4,False
BUK10482,CLP,1080000.0,920000.0,1150000.0,1440000.0,0.9391,0.3077,2026-05-01,2,False
BUK10483,CLP,1770000.0,1220000.0,1520000.0,1900000.0,1.1645,0.8088,2026-07-02,2,False
BUK10484,CLP,860000.0,610000.0,760000.0,950000.0,1.1316,0.7353,2026-07-02,2,False
BUK10485,MXN,24000.0,23000.0,29000.0,36000.0,0.8276,0.0769,2023-07-26,18,False
BUK10486,PEN,4700.0,3000.0,3800.0,4800.0,1.2368,0.9444,2026-01-30,7,False
BUK10487,MXN,24500.0,26000.0,32500.0,40500.0,0.7538,-0.1034,2026-04-18,3,False
BUK10488,PEN,5000.0,3800.0,4800.0,6000.0,1.0417,0.5455,2025-12-31,8,False
BUK10489,COP,3600000.0,3150000.0,3950000.0,4950000.0,0.9114,0.25,2026-05-02,4,False
BUK10490,COP,6800000.0,5650000.0,7050000.0,8800000.0,0.9645,0.3651,2025-08-31,12,False
BUK10491,CLP,4850000.0,3500000.0,4370000.0,5460000.0,1.1098,0.6888,2026-08-01,1,False
BUK10492,CLP,1870000.0,1740000.0,2180000.0,2720000.0,0.8578,0.1327,2026-06-01,3,False
BUK10493,CLP,1670000.0,1370000.0,1710000.0,2140000.0,0.9766,0.3896,2026-08-01,1,False
BUK10494,PEN,6700.0,5400.0,6800.0,8500.0,0.9853,0.4194,2026-05-02,4,False
BUK10495,CLP,1160000.0,860000.0,1080000.0,1350000.0,1.0741,0.6122,2026-07-02,2,False
BUK10496,CLP,1250000.0,1080000.0,1350000.0,1690000.0,0.9259,0.2787,2026-01-30,7,False
BUK10497,MXN,12500.0,10500.0,13000.0,16000.0,0.9615,0.3636,2026-05-02,4,False
BUK10498,CLP,3490000.0,3040000.0,3800000.0,4750000.0,0.9184,0.2632,2026-07-02,2,True
BUK10499,CLP,1070000.0,860000.0,1080000.0,1350000.0,0.9907,0.4286,2026-06-01,3,False
BUK10500,CLP,1310000.0,860000.0,1080000.0,1350000.0,1.213,0.9184,2026-08-01,1,False
BUK10501,CLP,820000.0,650000.0,810000.0,1010000.0,1.0123,0.4722,2026-05-02,4,False
BUK10502,PEN,3200.0,2600.0,3200.0,4000.0,1.0,0.4286,2025-10-24,7,False
BUK10503,CLP,1850000.0,1520000.0,1900000.0,2380000.0,0.9737,0.3837,2025-06-01,15,True
BUK10504,CLP,1160000.0,980000.0,1220000.0,1520000.0,0.9508,0.3333,2026-06-01,3,False
BUK10505,CLP,1800000.0,1370000.0,1710000.0,2140000.0,1.0526,0.5584,2026-04-01,5,False
BUK10506,COP,10150000.0,8100000.0,10100000.0,12600000.0,1.005,0.4556,2024-02-25,12,False
BUK10507,PEN,4700.0,4300.0,5400.0,6800.0,0.8704,0.16,2024-09-12,17,False
BUK10508,CLP,1300000.0,1080000.0,1350000.0,1690000.0,0.963,0.3607,2025-12-01,9,True
BUK10509,BRL,5000.0,4200.0,5200.0,6500.0,0.9615,0.3478,2026-04-15,4,False
BUK10510,CLP,3250000.0,2880000.0,3600000.0,4500000.0,0.9028,0.2284,2024-07-31,10,True
BUK10511,COP,6150000.0,4500000.0,5600000.0,7000000.0,1.0982,0.66,2026-01-30,7,False
BUK10512,MXN,22000.0,18500.0,23000.0,29000.0,0.9565,0.3333,2026-01-30,7,False
BUK10513,CLP,2210000.0,1740000.0,2180000.0,2720000.0,1.0138,0.4796,2026-06-01,3,False
BUK10514,MXN,15500.0,12500.0,15500.0,19500.0,1.0,0.4286,2025-10-31,10,False
BUK10515,MXN,20500.0,18500.0,23000.0,29000.0,0.8913,0.1905,2026-04-01,5,False
BUK10516,COP,5450000.0,4500000.0,5600000.0,7000000.0,0.9732,0.38,2026-06-28,2,False
BUK10517,PEN,7300.0,5500.0,6900.0,8600.0,1.058,0.5806,2024-11-19,10,False
BUK10518,CLP,950000.0,810000.0,1010000.0,1260000.0,0.9406,0.3111,2026-08-01,1,False
BUK10519,MXN,25500.0,21500.0,27000.0,34000.0,0.9444,0.32,2026-04-01,5,False
BUK10520,CLP,3210000.0,2160000.0,2700000.0,3380000.0,1.1889,0.8607,2026-08-01,1,True
BUK10521,CLP,1700000.0,1520000.0,1900000.0,2380000.0,0.8947,0.2093,2024-05-21,24,True
BUK10522,CLP,1490000.0,1300000.0,1620000.0,2020000.0,0.9198,0.2639,2026-01-30,7,False
BUK10523,BRL,13500.0,11100.0,13900.0,17400.0,0.9712,0.381,2026-08-01,1,False
BUK10524,BRL,6800.0,5800.0,7300.0,9100.0,0.9315,0.303,2026-03-01,3,False
BUK10525,CLP,790000.0,610000.0,760000.0,950000.0,1.0395,0.5294,2025-12-05,7,False
BUK10526,COP,8950000.0,8000000.0,10000000.0,12500000.0,0.895,0.2111,2026-04-01,5,False
BUK10527,MXN,45000.0,35000.0,43500.0,54500.0,1.0345,0.5128,2024-08-22,2,False
BUK10528,BRL,5400.0,5500.0,6900.0,8600.0,0.7826,-0.0323,2025-01-19,7,True
BUK10529,CLP,1940000.0,1520000.0,1900000.0,2380000.0,1.0211,0.4884,2024-07-31,25,True
BUK10530,BRL,6900.0,5500.0,6900.0,8600.0,1.0,0.4516,2026-05-02,4,True
BUK10531,CLP,880000.0,720000.0,900000.0,1120000.0,0.9778,0.4,2026-07-02,2,True
BUK10532,COP,5100000.0,3500000.0,4400000.0,5500000.0,1.1591,0.8,2026-04-01,5,True
BUK10533,CLP,1440000.0,1080000.0,1350000.0,1690000.0,1.0667,0.5902,2025-10-31,10,True
BUK10534,COP,4750000.0,4050000.0,5050000.0,6300000.0,0.9406,0.3111,2025-10-01,11,False
BUK10535,CLP,1460000.0,1080000.0,1350000.0,1690000.0,1.0815,0.623,2025-12-31,8,True
BUK10536,CLP,990000.0,810000.0,1010000.0,1260000.0,0.9802,0.4,2026-04-01,5,False
BUK10537,COP,2900000.0,2350000.0,2950000.0,3700000.0,0.9831,0.4074,2026-06-01,3,True
BUK10538,MXN,23500.0,17500.0,22000.0,27500.0,1.0682,0.6,2026-05-02,4,False
BUK10539,CLP,2490000.0,1940000.0,2430000.0,3040000.0,1.0247,0.5,2026-07-02,2,False
BUK10540,CLP,3840000.0,2880000.0,3600000.0,4500000.0,1.0667,0.5926,2026-05-02,4,True
BUK10541,PEN,6300.0,5800.0,7200.0,9000.0,0.875,0.1562,2024-04-02,6,False
BUK10542,CLP,1400000.0,1080000.0,1350000.0,1690000.0,1.037,0.5246,2026-07-02,2,True
BUK10543,COP,11450000.0,9400000.0,11750000.0,14700000.0,0.9745,0.3868,2024-08-27,16,True
BUK10544,COP,2500000.0,2100000.0,2650000.0,3300000.0,0.9434,0.3333,2026-04-01,5,False
BUK10545,CLP,2060000.0,1620000.0,2020000.0,2520000.0,1.0198,0.4889,2025-12-31,8,False
BUK10546,CLP,1390000.0,1300000.0,1620000.0,2020000.0,0.858,0.125,2026-07-02,2,False
BUK10547,COP,9900000.0,8100000.0,10150000.0,12700000.0,0.9754,0.3913,2026-03-02,6,False
BUK10548,CLP,1180000.0,980000.0,1220000.0,1520000.0,0.9672,0.3704,2026-03-02,6,False
BUK10549,CLP,1190000.0,920000.0,1150000.0,1440000.0,1.0348,0.5192,2026-08-01,1,False
BUK10550,PEN,7900.0,5800.0,7200.0,9000.0,1.0972,0.6562,2024-05-27,12,False
BUK10551,CLP,1390000.0,1140000.0,1420000.0,1780000.0,0.9789,0.3906,2026-07-02,2,False
BUK10552,MXN,34000.0,25000.0,31000.0,39000.0,1.0968,0.6429,2026-05-21,2,False
BUK10553,CLP,2970000.0,2590000.0,3240000.0,4050000.0,0.9167,0.2603,2025-12-31,8,False
BUK10554,CLP,1310000.0,1240000.0,1550000.0,1940000.0,0.8452,0.1,2026-05-02,4,False
BUK10555,COP,9750000.0,8450000.0,10550000.0,13200000.0,0.9242,0.2737,2026-08-01,1,False
BUK10556,PEN,10700.0,8200.0,10200.0,12800.0,1.049,0.5435,2026-06-01,3,False
BUK10557,MXN,46500.0,35000.0,43500.0,54500.0,1.069,0.5897,2025-06-01,15,False
BUK10558,COP,4650000.0,3500000.0,4400000.0,5500000.0,1.0568,0.575,2026-03-02,6,True
BUK10559,CLP,2210000.0,1740000.0,2180000.0,2720000.0,1.0138,0.4796,2025-07-01,14,False
BUK10560,CLP,2410000.0,1940000.0,2430000.0,3040000.0,0.9918,0.4273,2026-01-30,7,False
BUK10561,CLP,1980000.0,1370000.0,1710000.0,2140000.0,1.1579,0.7922,2026-06-01,3,False
BUK10562,CLP,2920000.0,2160000.0,2700000.0,3380000.0,1.0815,0.623,2025-05-01,16,True
BUK10563,CLP,1800000.0,1520000.0,1900000.0,2380000.0,0.9474,0.3256,2026-08-01,1,True
BUK10564,BRL,13000.0,9600.0,12000.0,15000.0,1.0833,0.6296,2025-04-01,17,False
BUK10565,CLP,3710000.0,2480000.0,3100000.0,3880000.0,1.1968,0.8786,2026-08-01,1,False
BUK10566,CLP,2250000.0,1820000.0,2280000.0,2850000.0,0.9868,0.4175,2025-08-18,1,False
BUK10567,COP,5250000.0,4050000.0,5050000.0,6300000.0,1.0396,0.5333,2026-05-02,4,False
BUK10568,MXN,24500.0,17500.0,22000.0,27500.0,1.1136,0.7,2026-01-22,1,False
BUK10569,CLP,1040000.0,810000.0,1010000.0,1260000.0,1.0297,0.5111,2026-08-01,1,False
BUK10570,CLP,3310000.0,2480000.0,3100000.0,3880000.0,1.0677,0.5929,2026-06-22,2,False
BUK10571,MXN,12000.0,10500.0,13000.0,16000.0,0.9231,0.2727,2026-06-01,3,False
BUK10572,CLP,700000.0,720000.0,900000.0,1120000.0,0.7778,-0.05,2026-05-18,1,True
BUK10573,COP,6750000.0,6300000.0,7900000.0,9900000.0,0.8544,0.125,2024-08-04,17,False
BUK10574,MXN,49500.0,39500.0,49500.0,62000.0,1.0,0.4444,2026-03-02,6,True
BUK10575,COP,6650000.0,5650000.0,7050000.0,8800000.0,0.9433,0.3175,2025-09-27,10,False
BUK10576,MXN,42500.0,35000.0,43500.0,54500.0,0.977,0.3846,2025-09-25,2,False
BUK10577,CLP,1230000.0,920000.0,1150000.0,1440000.0,1.0696,0.5962,2026-03-02,6,False
BUK10578,CLP,1740000.0,1300000.0,1620000.0,2020000.0,1.0741,0.6111,2025-12-16,2,False
BUK10579,MXN,40500.0,35000.0,43500.0,54500.0,0.931,0.2821,2025-12-31,8,False
BUK10580,CLP,1120000.0,980000.0,1220000.0,1520000.0,0.918,0.2593,2026-06-01,3,False
BUK10581,MXN,20500.0,16500.0,20500.0,25500.0,1.0,0.4444,2026-05-02,4,False
BUK10582,MXN,13500.0,11500.0,14500.0,18000.0,0.931,0.3077,2026-08-01,1,False
BUK10583,MXN,29000.0,23500.0,29500.0,37000.0,0.9831,0.4074,2025-06-01,15,False
BUK10584,CLP,1100000.0,980000.0,1220000.0,1520000.0,0.9016,0.2222,2025-07-01,14,False
BUK10585,CLP,1990000.0,1820000.0,2280000.0,2850000.0,0.8728,0.165,2026-03-02,6,False
BUK10586,BRL,7000.0,5500.0,6900.0,8600.0,1.0145,0.4839,2025-12-01,9,True
BUK10587,CLP,1040000.0,920000.0,1150000.0,1440000.0,0.9043,0.2308,2026-05-09,1,False
BUK10588,PEN,5500.0,5100.0,6400.0,8000.0,0.8594,0.1379,2026-04-01,5,False
BUK10589,CLP,1160000.0,980000.0,1220000.0,1520000.0,0.9508,0.3333,2026-08-01,1,False
BUK10590,CLP,1730000.0,1220000.0,1520000.0,1900000.0,1.1382,0.75,2024-12-31,20,False
BUK10591,MXN,31500.0,26000.0,32500.0,40500.0,0.9692,0.3793,2026-06-01,3,False
BUK10592,COP,2400000.0,2000000.0,2500000.0,3100000.0,0.96,0.3636,2026-03-02,6,False
BUK10593,CLP,1650000.0,1620000.0,2020000.0,2520000.0,0.8168,0.0333,2023-11-17,13,False
BUK10594,CLP,1070000.0,860000.0,1080000.0,1350000.0,0.9907,0.4286,2026-04-01,5,False
BUK10595,CLP,2430000.0,1870000.0,2340000.0,2920000.0,1.0385,0.5333,2026-06-01,3,False
BUK10596,CLP,1530000.0,1240000.0,1550000.0,1940000.0,0.9871,0.4143,2025-03-02,18,False
BUK10597,CLP,1980000.0,1820000.0,2280000.0,2850000.0,0.8684,0.1553,2024-03-04,19,False
BUK10598,MXN,19500.0,15000.0,19000.0,24000.0,1.0263,0.5,2026-05-02,4,False
BUK10599,MXN,11000.0,11000.0,13500.0,17000.0,0.8148,0.0,2026-03-02,6,False
BUK10600,MXN,40000.0,35500.0,44500.0,55500.0,0.8989,0.225,2026-06-01,3,False
BUK10601,MXN,16500.0,15000.0,19000.0,24000.0,0.8684,0.1667,2024-01-08,8,False
BUK10602,MXN,16000.0,16500.0,20500.0,25500.0,0.7805,-0.0556,2025-05-01,16,False
BUK10603,COP,3100000.0,2350000.0,2950000.0,3700000.0,1.0508,0.5556,2025-12-31,8,True
BUK10604,PEN,16900.0,13800.0,17300.0,21600.0,0.9769,0.3974,2026-06-01,3,True
BUK10605,CLP,890000.0,610000.0,760000.0,950000.0,1.1711,0.8235,2026-01-30,7,False
BUK10606,CLP,3540000.0,2590000.0,3240000.0,4050000.0,1.0926,0.6507,2026-01-30,7,False
BUK10607,CLP,2020000.0,1560000.0,1950000.0,2440000.0,1.0359,0.5227,2026-05-02,4,False
BUK10608,CLP,1860000.0,1740000.0,2180000.0,2720000.0,0.8532,0.1224,2025-11-17,3,False
BUK10609,BRL,8500.0,7000.0,8800.0,11000.0,0.9659,0.375,2025-12-31,8,False
BUK10610,BRL,3700.0,3700.0,4600.0,5800.0,0.8043,0.0,2025-12-01,9,True
BUK10611,MXN,33500.0,29000.0,36000.0,45000.0,0.9306,0.2812,2025-12-31,8,True
BUK10612,BRL,19500.0,14100.0,17600.0,22000.0,1.108,0.6835,2026-07-02,2,False
BUK10613,COP,7750000.0,5950000.0,7450000.0,9300000.0,1.0403,0.5373,2026-01-30,7,False
BUK10614,CLP,1950000.0,1520000.0,1900000.0,2380000.0,1.0263,0.5,2026-07-02,2,True
BUK10615,CLP,1630000.0,1220000.0,1520000.0,1900000.0,1.0724,0.6029,2025-02-07,12,False
BUK10616,COP,7250000.0,5700000.0,7100000.0,8900000.0,1.0211,0.4844,2025-03-02,18,False
BUK10617,CLP,1490000.0,1220000.0,1520000.0,1900000.0,0.9803,0.3971,2026-07-02,2,False
BUK10618,BRL,9900.0,9400.0,11700.0,14600.0,0.8462,0.0962,2026-05-02,4,False
BUK10619,CLP,2530000.0,1870000.0,2340000.0,2920000.0,1.0812,0.6286,2025-04-28,8,False
BUK10620,COP,9350000.0,7050000.0,8800000.0,11000000.0,1.0625,0.5823,2026-05-02,4,True
BUK10621,MXN,94000.0,83500.0,104500.0,130500.0,0.8995,0.2234,2026-06-19,2,True
BUK10622,BRL,6300.0,5000.0,6200.0,7800.0,1.0161,0.4643,2026-04-01,5,False
BUK10623,CLP,2490000.0,2080000.0,2600000.0,3250000.0,0.9577,0.3504,2025-04-01,17,True
BUK10624,CLP,1590000.0,1240000.0,1550000.0,1940000.0,1.0258,0.5,2025-12-01,9,False
BUK10625,MXN,31000.0,26000.0,32500.0,40500.0,0.9538,0.3448,2026-05-02,4,False
BUK10626,CLP,900000.0,720000.0,900000.0,1120000.0,1.0,0.45,2026-03-02,6,False
BUK10627,CLP,3560000.0,2500000.0,3120000.0,3900000.0,1.141,0.7571,2025-06-14,4,False
BUK10628,COP,6800000.0,5300000.0,6600000.0,8250000.0,1.0303,0.5085,2025-12-20,5,False
BUK10629,BRL,5000.0,5000.0,6200.0,7800.0,0.8065,0.0,2025-05-01,16,False
BUK10630,CLP,3280000.0,2740000.0,3420000.0,4280000.0,0.9591,0.3506,2026-05-02,4,False
BUK10631,MXN,29000.0,26000.0,32500.0,40500.0,0.8923,0.2069,2026-06-01,3,False
BUK10632,CLP,3280000.0,2590000.0,3240000.0,4050000.0,1.0123,0.4726,2023-10-24,13,False
BUK10633,CLP,2040000.0,1370000.0,1710000.0,2140000.0,1.193,0.8701,2026-07-02,2,False
BUK10634,CLP,1330000.0,920000.0,1150000.0,1440000.0,1.1565,0.7885,2025-05-01,16,False
BUK10635,BRL,6900.0,6600.0,8300.0,10400.0,0.8313,0.0789,2025-01-06,4,False
BUK10636,MXN,26000.0,26000.0,32500.0,40500.0,0.8,0.0,2025-10-24,7,False
BUK10637,COP,8500000.0,5950000.0,7450000.0,9300000.0,1.1409,0.7612,2025-12-31,8,False
BUK10638,CLP,1400000.0,1140000.0,1420000.0,1780000.0,0.9859,0.4062,2026-03-02,6,False
BUK10639,BRL,7700.0,6600.0,8300.0,10400.0,0.9277,0.2895,2026-05-02,4,False
BUK10640,CLP,1610000.0,1300000.0,1620000.0,2020000.0,0.9938,0.4306,2025-07-01,14,False
BUK10641,CLP,1790000.0,1520000.0,1900000.0,2380000.0,0.9421,0.314,2025-06-01,15,True
BUK10642,CLP,1420000.0,1080000.0,1350000.0,1690000.0,1.0519,0.5574,2025-12-01,9,True
BUK10643,CLP,1140000.0,860000.0,1080000.0,1350000.0,1.0556,0.5714,2026-07-02,2,False
BUK10644,MXN,27500.0,23500.0,29500.0,37000.0,0.9322,0.2963,2026-01-30,7,False
BUK10645,CLP,1000000.0,860000.0,1080000.0,1350000.0,0.9259,0.2857,2026-01-30,7,False
BUK10646,CLP,3360000.0,2450000.0,3060000.0,3820000.0,1.098,0.6642,2025-02-04,11,False
BUK10647,BRL,13000.0,12600.0,15700.0,19600.0,0.828,0.0571,2025-08-01,13,False
BUK10648,MXN,31500.0,29000.0,36000.0,45000.0,0.875,0.1562,2026-05-02,4,True
BUK10649,BRL,8600.0,7000.0,8800.0,11000.0,0.9773,0.4,2026-07-02,2,False
BUK10650,MXN,61000.0,45500.0,57000.0,71000.0,1.0702,0.6078,2026-07-02,2,False
BUK10651,COP,8400000.0,7050000.0,8800000.0,11000000.0,0.9545,0.3418,2026-06-01,3,False
BUK10652,MXN,34000.0,25000.0,31000.0,39000.0,1.0968,0.6429,2025-08-31,12,False
BUK10653,BRL,6500.0,5500.0,6900.0,8600.0,0.942,0.3226,2026-06-01,3,False
BUK10654,CLP,1870000.0,1820000.0,2280000.0,2850000.0,0.8202,0.0485,2025-07-28,8,False
BUK10655,CLP,2850000.0,2160000.0,2700000.0,3380000.0,1.0556,0.5656,2026-08-01,1,True
BUK10656,MXN,34500.0,24500.0,30500.0,38000.0,1.1311,0.7407,2026-06-01,3,False
BUK10657,CLP,880000.0,650000.0,810000.0,1010000.0,1.0864,0.6389,2026-08-01,1,False
BUK10658,CLP,2580000.0,1820000.0,2280000.0,2850000.0,1.1316,0.7379,2026-06-01,3,False
BUK10659,COP,2400000.0,2350000.0,2950000.0,3700000.0,0.8136,0.037,2024-07-31,25,True
BUK10660,CLP,980000.0,920000.0,1150000.0,1440000.0,0.8522,0.1154,2025-08-08,2,False
BUK10661,CLP,4490000.0,3460000.0,4320000.0,5400000.0,1.0394,0.5309,2025-08-01,13,False
BUK10662,CLP,890000.0,650000.0,810000.0,1010000.0,1.0988,0.6667,2025-07-01,14,False
BUK10663,CLP,940000.0,860000.0,1080000.0,1350000.0,0.8704,0.1633,2025-05-01,16,False
BUK10664,BRL,5300.0,5000.0,6200.0,7800.0,0.8548,0.1071,2026-02-01,3,False
BUK10665,CLP,2370000.0,1870000.0,2340000.0,2920000.0,1.0128,0.4762,2026-08-01,1,False
BUK10666,CLP,1890000.0,1620000.0,2020000.0,2520000.0,0.9356,0.3,2025-08-01,13,False
BUK10667,MXN,48500.0,35500.0,44500.0,55500.0,1.0899,0.65,2025-08-01,13,False
BUK10668,BRL,8400.0,7000.0,8800.0,11000.0,0.9545,0.35,2026-08-01,1,False
BUK10669,PEN,4500.0,4100.0,5100.0,6400.0,0.8824,0.1739,2025-01-30,19,False
BUK10670,CLP,1010000.0,920000.0,1150000.0,1440000.0,0.8783,0.1731,2026-03-02,6,False
BUK10671,MXN,21500.0,18500.0,23000.0,29000.0,0.9348,0.2857,2026-08-01,1,False
BUK10672,CLP,1640000.0,1140000.0,1420000.0,1780000.0,1.1549,0.7812,2026-05-08,1,False
BUK10673,MXN,14000.0,11500.0,14500.0,18000.0,0.9655,0.3846,2026-07-02,2,False
BUK10674,CLP,4130000.0,3310000.0,4140000.0,5180000.0,0.9976,0.4385,2026-08-01,1,False
BUK10675,BRL,5200.0,4200.0,5200.0,6500.0,1.0,0.4348,2025-08-01,13,False
BUK10676,CLP,2760000.0,2740000.0,3420000.0,4280000.0,0.807,0.013,2026-02-19,4,False
BUK10677,CLP,1460000.0,1300000.0,1620000.0,2020000.0,0.9012,0.2222,2026-08-01,1,False
BUK10678,CLP,3650000.0,2880000.0,3600000.0,4500000.0,1.0139,0.4753,2023-12-24,12,True
BUK10679,PEN,2500.0,2000.0,2500.0,3100.0,1.0,0.4545,2026-07-02,2,False
BUK10680,CLP,2300000.0,1870000.0,2340000.0,2920000.0,0.9829,0.4095,2025-12-31,8,False
BUK10681,CLP,2270000.0,1820000.0,2280000.0,2850000.0,0.9956,0.4369,2026-01-18,7,False
BUK10682,CLP,2220000.0,1940000.0,2430000.0,3040000.0,0.9136,0.2545,2026-06-01,3,False
BUK10683,BRL,4200.0,3400.0,4200.0,5200.0,1.0,0.4444,2026-04-01,5,False
BUK10684,BRL,14700.0,12500.0,15600.0,19500.0,0.9423,0.3143,2026-06-01,3,False
BUK10685,CLP,1370000.0,1080000.0,1350000.0,1690000.0,1.0148,0.4754,2025-08-31,12,True
BUK10686,COP,4850000.0,4200000.0,5250000.0,6550000.0,0.9238,0.2766,2026-06-01,3,False
BUK10687,COP,2500000.0,1750000.0,2200000.0,2750000.0,1.1364,0.75,2025-05-01,16,False
BUK10688,CLP,1120000.0,1080000.0,1350000.0,1690000.0,0.8296,0.0656,2026-05-02,4,True
BUK10689,CLP,1970000.0,1870000.0,2340000.0,2920000.0,0.8419,0.0952,2026-08-01,1,False
BUK10690,CLP,1130000.0,980000.0,1220000.0,1520000.0,0.9262,0.2778,2025-08-20,12,False
BUK10691,PEN,8000.0,5500.0,6900.0,8600.0,1.1594,0.8065,2026-04-01,5,False
BUK10692,MXN,93000.0,69000.0,86500.0,108000.0,1.0751,0.6154,2024-07-10,3,False
BUK10693,CLP,730000.0,540000.0,680000.0,850000.0,1.0735,0.6129,2026-04-01,5,False
BUK10694,PEN,6800.0,6600.0,8200.0,10200.0,0.8293,0.0556,2024-12-26,3,True
BUK10695,PEN,5200.0,3800.0,4800.0,6000.0,1.0833,0.6364,2026-07-19,1,False
BUK10696,PEN,6200.0,5800.0,7300.0,9100.0,0.8493,0.1212,2026-05-24,2,False
BUK10697,PEN,2300.0,1900.0,2400.0,3000.0,0.9583,0.3636,2026-04-01,5,False
BUK10698,BRL,12400.0,10000.0,12500.0,15600.0,0.992,0.4286,2026-06-01,3,False
BUK10699,CLP,2500000.0,2160000.0,2700000.0,3380000.0,0.9259,0.2787,2024-05-01,28,True
BUK10700,CLP,1570000.0,1300000.0,1620000.0,2020000.0,0.9691,0.375,2026-06-01,3,False
BUK10701,BRL,13900.0,13400.0,16700.0,20900.0,0.8323,0.0667,2026-05-02,4,False
BUK10702,COP,8350000.0,8450000.0,10550000.0,13200000.0,0.7915,-0.0211,2025-05-01,16,False
BUK10703,CLP,1180000.0,920000.0,1150000.0,1440000.0,1.0261,0.5,2026-05-02,4,False
BUK10704,CLP,1390000.0,1140000.0,1420000.0,1780000.0,0.9789,0.3906,2026-01-30,7,False
BUK10705,CLP,3480000.0,2590000.0,3240000.0,4050000.0,1.0741,0.6096,2026-03-02,6,False
BUK10706,CLP,1570000.0,1300000.0,1620000.0,2020000.0,0.9691,0.375,2026-06-01,3,False
BUK10707,CLP,1350000.0,980000.0,1220000.0,1520000.0,1.1066,0.6852,2025-10-31,10,False
BUK10708,CLP,3410000.0,2500000.0,3120000.0,3900000.0,1.0929,0.65,2026-08-01,1,False
BUK10709,CLP,1990000.0,1520000.0,1900000.0,2380000.0,1.0474,0.5465,2026-03-02,6,True
BUK10710,MXN,44000.0,33500.0,42000.0,52500.0,1.0476,0.5526,2026-03-24,4,False
BUK10711,MXN,19000.0,13500.0,17000.0,21000.0,1.1176,0.7333,2026-04-01,5,True
BUK10712,CLP,770000.0,650000.0,810000.0,1010000.0,0.9506,0.3333,2026-02-13,4,False
BUK10713,CLP,3020000.0,2590000.0,3240000.0,4050000.0,0.9321,0.2945,2026-07-02,2,False
BUK10714,CLP,1980000.0,1560000.0,1950000.0,2440000.0,1.0154,0.4773,2025-12-31,8,False
BUK10715,COP,4300000.0,3150000.0,3950000.0,4950000.0,1.0886,0.6389,2026-05-27,3,False
BUK10716,CLP,1820000.0,1520000.0,1900000.0,2380000.0,0.9579,0.3488,2026-07-02,2,True
BUK10717,CLP,840000.0,650000.0,810000.0,1010000.0,1.037,0.5278,2026-08-01,1,False
BUK10718,CLP,1750000.0,1370000.0,1710000.0,2140000.0,1.0234,0.4935,2025-10-31,10,False
BUK10719,MXN,29000.0,24500.0,30500.0,38000.0,0.9508,0.3333,2026-06-01,3,False
BUK10720,COP,3350000.0,2700000.0,3350000.0,4200000.0,1.0,0.4333,2026-05-02,4,False
BUK10721,CLP,700000.0,580000.0,720000.0,900000.0,0.9722,0.375,2026-07-02,2,False
BUK10722,CLP,1450000.0,1080000.0,1350000.0,1690000.0,1.0741,0.6066,2025-10-31,10,True
BUK10723,CLP,1430000.0,1300000.0,1620000.0,2020000.0,0.8827,0.1806,2026-08-01,1,False
BUK10724,BRL,6700.0,5000.0,6200.0,7800.0,1.0806,0.6071,2025-10-01,11,False
BUK10725,CLP,1260000.0,810000.0,1010000.0,1260000.0,1.2475,1.0,2026-05-02,4,False
BUK10726,CLP,1490000.0,1300000.0,1620000.0,2020000.0,0.9198,0.2639,2025-12-01,9,False
BUK10727,MXN,26500.0,20500.0,25500.0,32000.0,1.0392,0.5217,2026-01-30,7,True
BUK10728,CLP,860000.0,650000.0,810000.0,1010000.0,1.0617,0.5833,2026-05-29,1,False
BUK10729,CLP,1270000.0,920000.0,1150000.0,1440000.0,1.1043,0.6731,2025-06-01,15,False
BUK10730,CLP,1120000.0,920000.0,1150000.0,1440000.0,0.9739,0.3846,2026-06-01,3,False
BUK10731,CLP,2230000.0,1820000.0,2280000.0,2850000.0,0.9781,0.3981,2025-10-31,10,False
BUK10732,PEN,2500.0,2000.0,2500.0,3100.0,1.0,0.4545,2025-12-01,9,False
BUK10733,CLP,2460000.0,1840000.0,2300000.0,2880000.0,1.0696,0.5962,2025-04-01,17,False
BUK10734,CLP,1790000.0,1520000.0,1900000.0,2380000.0,0.9421,0.314,2026-05-02,4,True
BUK10735,CLP,2580000.0,2160000.0,2700000.0,3380000.0,0.9556,0.3443,2026-01-30,7,True
BUK10736,COP,8300000.0,6300000.0,7900000.0,9900000.0,1.0506,0.5556,2024-12-31,20,False
BUK10737,COP,4750000.0,3150000.0,3950000.0,4950000.0,1.2025,0.8889,2025-03-14,17,False
BUK10738,BRL,22100.0,17800.0,22200.0,27800.0,0.9955,0.43,2026-03-02,6,False
BUK10739,PEN,6900.0,4800.0,6000.0,7500.0,1.15,0.7778,2024-10-31,22,True
BUK10740,COP,7200000.0,6300000.0,7900000.0,9900000.0,0.9114,0.25,2026-05-02,4,False
BUK10741,CLP,1870000.0,1520000.0,1900000.0,2380000.0,0.9842,0.407,2026-08-01,1,True
BUK10742,CLP,1830000.0,1370000.0,1710000.0,2140000.0,1.0702,0.5974,2025-05-01,16,False
BUK10743,PEN,2400.0,1900.0,2400.0,3000.0,1.0,0.4545,2025-02-01,15,False
BUK10744,BRL,3700.0,2800.0,3500.0,4400.0,1.0571,0.5625,2026-03-02,6,False
BUK10745,MXN,19500.0,15000.0,19000.0,24000.0,1.0263,0.5,2026-05-02,4,False
BUK10746,CLP,2480000.0,1770000.0,2210000.0,2760000.0,1.1222,0.7172,2024-12-23,5,False
BUK10747,CLP,710000.0,540000.0,680000.0,850000.0,1.0441,0.5484,2026-07-02,2,False
BUK10748,CLP,940000.0,810000.0,1010000.0,1260000.0,0.9307,0.2889,2024-07-31,25,False
BUK10749,CLP,1910000.0,1370000.0,1710000.0,2140000.0,1.117,0.7013,2026-01-30,7,False
BUK10750,CLP,2030000.0,1820000.0,2280000.0,2850000.0,0.8904,0.2039,2025-02-11,3,False
BUK10751,COP,12100000.0,10800000.0,13500000.0,16900000.0,0.8963,0.2131,2026-06-16,2,False
BUK10752,CLP,3050000.0,2500000.0,3120000.0,3900000.0,0.9776,0.3929,2026-02-24,6,False
BUK10753,CLP,1660000.0,1240000.0,1550000.0,1940000.0,1.071,0.6,2025-07-01,14,False
BUK10754,PEN,2100.0,1900.0,2400.0,3000.0,0.875,0.1818,2026-03-02,6,False
BUK10755,MXN,14000.0,11000.0,13500.0,17000.0,1.037,0.5,2026-08-01,1,False
BUK10756,PEN,5800.0,4300.0,5400.0,6800.0,1.0741,0.6,2026-08-01,1,False
BUK10757,CLP,680000.0,580000.0,720000.0,900000.0,0.9444,0.3125,2025-10-01,11,False
BUK10758,CLP,1680000.0,1300000.0,1620000.0,2020000.0,1.037,0.5278,2026-07-02,2,False
BUK10759,COP,5800000.0,5300000.0,6600000.0,8250000.0,0.8788,0.1695,2024-11-02,14,False
BUK10760,MXN,21500.0,15000.0,19000.0,24000.0,1.1316,0.7222,2026-07-02,2,False
BUK10761,CLP,2060000.0,1520000.0,1900000.0,2380000.0,1.0842,0.6279,2026-06-01,3,True
BUK10762,CLP,1660000.0,1370000.0,1710000.0,2140000.0,0.9708,0.3766,2025-12-31,8,False
BUK10763,COP,10700000.0,8100000.0,10100000.0,12600000.0,1.0594,0.5778,2026-06-01,3,False
BUK10764,CLP,1630000.0,1220000.0,1520000.0,1900000.0,1.0724,0.6029,2024-12-26,3,False
BUK10765,MXN,52500.0,37000.0,46000.0,57500.0,1.1413,0.7561,2026-08-01,1,False
BUK10766,COP,7150000.0,6800000.0,8500000.0,10600000.0,0.8412,0.0921,2026-03-02,6,True
BUK10767,PEN,3300.0,2900.0,3600.0,4500.0,0.9167,0.25,2025-12-01,9,False
BUK10768,COP,4200000.0,3150000.0,3950000.0,4950000.0,1.0633,0.5833,2026-08-01,1,False
BUK10769,MXN,12000.0,10500.0,13000.0,16000.0,0.9231,0.2727,2026-03-02,6,False
BUK10770,CLP,1150000.0,1080000.0,1350000.0,1690000.0,0.8519,0.1148,2026-07-02,2,True
BUK10771,MXN,19500.0,16500.0,20500.0,25500.0,0.9512,0.3333,2025-10-01,11,False
BUK10772,CLP,2380000.0,1940000.0,2430000.0,3040000.0,0.9794,0.4,2025-10-11,2,False
BUK10773,CLP,760000.0,610000.0,760000.0,950000.0,1.0,0.4412,2026-05-02,4,False
BUK10774,CLP,750000.0,650000.0,810000.0,1010000.0,0.9259,0.2778,2026-03-02,6,False
BUK10775,CLP,1230000.0,1140000.0,1420000.0,1780000.0,0.8662,0.1406,2025-12-31,8,False
BUK10776,MXN,16000.0,16500.0,20500.0,25500.0,0.7805,-0.0556,2024-06-06,16,False
BUK10777,COP,9950000.0,8000000.0,10000000.0,12500000.0,0.995,0.4333,2025-08-15,2,False
BUK10778,MXN,70000.0,55000.0,68500.0,85500.0,1.0219,0.4918,2025-07-01,14,True
BUK10779,CLP,1120000.0,810000.0,1010000.0,1260000.0,1.1089,0.6889,2025-05-01,16,False
BUK10780,PEN,5800.0,5500.0,6900.0,8600.0,0.8406,0.0968,2026-05-02,4,False
BUK10781,COP,8050000.0,6000000.0,7500000.0,9400000.0,1.0733,0.6029,2025-10-01,11,False
BUK10782,CLP,1350000.0,1140000.0,1420000.0,1780000.0,0.9507,0.3281,2026-07-02,2,False
BUK10783,CLP,1800000.0,1240000.0,1550000.0,1940000.0,1.1613,0.8,2023-01-31,19,False
BUK10784,PEN,5600.0,4300.0,5400.0,6800.0,1.037,0.52,2026-04-01,5,False
BUK10785,CLP,1300000.0,1080000.0,1350000.0,1690000.0,0.963,0.3607,2026-02-16,6,True
BUK10786,CLP,4720000.0,3650000.0,4560000.0,5700000.0,1.0351,0.522,2025-10-31,10,False
BUK10787,CLP,1040000.0,980000.0,1220000.0,1520000.0,0.8525,0.1111,2023-09-12,13,False
BUK10788,CLP,1390000.0,1300000.0,1620000.0,2020000.0,0.858,0.125,2025-10-01,11,False
BUK10789,CLP,2110000.0,1560000.0,1950000.0,2440000.0,1.0821,0.625,2026-04-01,5,False
BUK10790,CLP,680000.0,650000.0,810000.0,1010000.0,0.8395,0.0833,2025-05-01,16,False
BUK10791,BRL,4600.0,5000.0,6200.0,7800.0,0.7419,-0.1429,2026-08-01,1,False
BUK10792,CLP,2570000.0,1870000.0,2340000.0,2920000.0,1.0983,0.6667,2026-03-02,6,False
BUK10793,CLP,1600000.0,1370000.0,1710000.0,2140000.0,0.9357,0.2987,2026-03-02,6,False
BUK10794,CLP,2510000.0,1740000.0,2180000.0,2720000.0,1.1514,0.7857,2024-09-30,23,False
BUK10795,CLP,1250000.0,1220000.0,1520000.0,1900000.0,0.8224,0.0441,2026-02-16,2,False
BUK10796,CLP,3530000.0,2500000.0,3120000.0,3900000.0,1.1314,0.7357,2026-03-02,6,False
BUK10797,CLP,1810000.0,1300000.0,1620000.0,2020000.0,1.1173,0.7083,2026-06-01,3,False
BUK10798,BRL,11500.0,10700.0,13400.0,16800.0,0.8582,0.1311,2025-01-30,19,True
BUK10799,COP,6350000.0,4950000.0,6200000.0,7750000.0,1.0242,0.5,2025-12-01,9,True
BUK10800,MXN,42500.0,33500.0,42000.0,52500.0,1.0119,0.4737,2025-12-01,9,False
BUK10801,CLP,1260000.0,980000.0,1220000.0,1520000.0,1.0328,0.5185,2026-06-01,3,False
BUK10802,CLP,2140000.0,1820000.0,2280000.0,2850000.0,0.9386,0.3107,2026-07-30,1,False
BUK10803,CLP,850000.0,650000.0,810000.0,1010000.0,1.0494,0.5556,2026-07-02,2,False
BUK10804,BRL,15900.0,12300.0,15400.0,19200.0,1.0325,0.5217,2026-07-02,2,False
BUK10805,CLP,1180000.0,1140000.0,1420000.0,1780000.0,0.831,0.0625,2025-04-01,17,False
BUK10806,MXN,17500.0,16500.0,20500.0,25500.0,0.8537,0.1111,2026-06-01,3,False
BUK10807,CLP,910000.0,720000.0,900000.0,1120000.0,1.0111,0.475,2025-07-28,10,True
BUK10808,BRL,4100.0,3400.0,4200.0,5200.0,0.9762,0.3889,2026-04-01,5,False
BUK10809,MXN,46500.0,47000.0,59000.0,74000.0,0.7881,-0.0185,2026-07-02,2,False
BUK10810,PEN,7300.0,5800.0,7200.0,9000.0,1.0139,0.4688,2026-03-02,6,False
BUK10811,PEN,5100.0,3600.0,4500.0,5600.0,1.1333,0.75,2025-11-06,2,False
BUK10812,CLP,2320000.0,1870000.0,2340000.0,2920000.0,0.9915,0.4286,2026-07-02,2,False
BUK10813,MXN,33000.0,24500.0,30500.0,38000.0,1.082,0.6296,2026-05-02,4,False
BUK10814,MXN,31000.0,26000.0,32500.0,40500.0,0.9538,0.3448,2023-09-01,36,False
BUK10815,BRL,9700.0,7800.0,9800.0,12200.0,0.9898,0.4318,2025-07-05,1,True
BUK10816,PEN,6000.0,5800.0,7200.0,9000.0,0.8333,0.0625,2025-08-01,13,False
BUK10817,CLP,1180000.0,1080000.0,1350000.0,1690000.0,0.8741,0.1639,2024-09-06,1,True
BUK10818,BRL,6600.0,4200.0,5200.0,6500.0,1.2692,1.0435,2026-07-12,1,False
BUK10819,CLP,1430000.0,1140000.0,1420000.0,1780000.0,1.007,0.4531,2026-05-02,4,False
BUK10820,CLP,1310000.0,980000.0,1220000.0,1520000.0,1.0738,0.6111,2026-04-01,5,False
BUK10821,MXN,18000.0,12500.0,15500.0,19500.0,1.1613,0.7857,2024-06-01,27,False
BUK10822,CLP,780000.0,610000.0,760000.0,950000.0,1.0263,0.5,2025-06-15,10,False
BUK10823,CLP,3520000.0,2590000.0,3240000.0,4050000.0,1.0864,0.637,2026-03-02,6,False
BUK10824,MXN,24500.0,17500.0,22000.0,27500.0,1.1136,0.7,2026-03-02,6,False
BUK10825,MXN,19000.0,15500.0,19500.0,24500.0,0.9744,0.3889,2024-08-31,24,False
BUK10826,CLP,930000.0,920000.0,1150000.0,1440000.0,0.8087,0.0192,2025-04-01,17,False
BUK10827,CLP,1190000.0,920000.0,1150000.0,1440000.0,1.0348,0.5192,2026-07-02,2,False
BUK10828,BRL,4900.0,4500.0,5600.0,7000.0,0.875,0.16,2025-12-01,9,False
BUK10829,MXN,16000.0,13500.0,17000.0,21000.0,0.9412,0.3333,2026-06-01,3,True
BUK10830,PEN,3400.0,3000.0,3800.0,4800.0,0.8947,0.2222,2025-06-01,15,False
BUK10831,CLP,2550000.0,1820000.0,2280000.0,2850000.0,1.1184,0.7087,2026-06-01,3,False
BUK10832,MXN,78500.0,69000.0,86500.0,108000.0,0.9075,0.2436,2024-09-30,23,False
BUK10833,CLP,3310000.0,2500000.0,3120000.0,3900000.0,1.0609,0.5786,2025-12-01,9,False
BUK10834,BRL,11100.0,9400.0,11800.0,14800.0,0.9407,0.3148,2025-04-27,16,False
BUK10835,CLP,1700000.0,1620000.0,2020000.0,2520000.0,0.8416,0.0889,2025-10-19,3,False
BUK10836,COP,4700000.0,3700000.0,4650000.0,5800000.0,1.0108,0.4762,2025-01-30,19,False
BUK10837,MXN,64500.0,49000.0,61500.0,77000.0,1.0488,0.5536,2024-11-30,21,False
BUK10838,CLP,760000.0,650000.0,810000.0,1010000.0,0.9383,0.3056,2025-12-31,8,False
BUK10839,CLP,4080000.0,3040000.0,3800000.0,4750000.0,1.0737,0.6082,2026-06-01,3,True
BUK10840,BRL,3600.0,2800.0,3500.0,4400.0,1.0286,0.5,2025-05-01,16,False
BUK10841,PEN,4900.0,4300.0,5400.0,6800.0,0.9074,0.24,2026-05-03,1,False
BUK10842,CLP,760000.0,720000.0,900000.0,1120000.0,0.8444,0.1,2025-07-01,14,True
BUK10843,PEN,5600.0,4100.0,5100.0,6400.0,1.098,0.6522,2026-08-01,1,False
BUK10844,CLP,2340000.0,1770000.0,2210000.0,2760000.0,1.0588,0.5758,2026-04-16,3,False
BUK10845,CLP,3980000.0,2740000.0,3420000.0,4280000.0,1.1637,0.8052,2026-03-02,6,False
BUK10846,MXN,20500.0,17500.0,22000.0,27500.0,0.9318,0.3,2025-03-02,18,False
BUK10847,MXN,32500.0,25000.0,31000.0,39000.0,1.0484,0.5357,2026-04-07,3,False
BUK10848,CLP,1530000.0,1300000.0,1620000.0,2020000.0,0.9444,0.3194,2026-08-01,1,False
BUK10849,MXN,42000.0,31000.0,38500.0,48000.0,1.0909,0.6471,2025-01-30,19,False
BUK10850,COP,3400000.0,2650000.0,3300000.0,4100000.0,1.0303,0.5172,2025-07-28,2,False
BUK10851,CLP,3030000.0,2450000.0,3060000.0,3820000.0,0.9902,0.4234,2025-10-01,11,False
BUK10852,BRL,13700.0,12800.0,16000.0,20000.0,0.8562,0.125,2026-07-02,2,False
BUK10853,COP,4050000.0,3500000.0,4400000.0,5500000.0,0.9205,0.275,2021-10-25,36,True
BUK10854,PEN,2700.0,2200.0,2800.0,3500.0,0.9643,0.3846,2026-02-07,3,True
BUK10855,MXN,14000.0,11500.0,14500.0,18000.0,0.9655,0.3846,2025-04-01,17,False
BUK10856,COP,7050000.0,5950000.0,7450000.0,9300000.0,0.9463,0.3284,2026-03-02,6,False
BUK10857,COP,4200000.0,3500000.0,4400000.0,5500000.0,0.9545,0.35,2026-03-08,2,False
BUK10858,CLP,740000.0,580000.0,720000.0,900000.0,1.0278,0.5,2025-06-01,15,False
BUK10859,MXN,48000.0,41000.0,51500.0,64500.0,0.932,0.2979,2025-11-24,1,False
BUK10860,CLP,1570000.0,1220000.0,1520000.0,1900000.0,1.0329,0.5147,2026-03-02,6,False
BUK10861,CLP,1780000.0,1370000.0,1710000.0,2140000.0,1.0409,0.5325,2024-09-29,7,False
BUK10862,CLP,3190000.0,2590000.0,3240000.0,4050000.0,0.9846,0.411,2026-08-01,1,False
BUK10863,COP,5450000.0,4500000.0,5600000.0,7000000.0,0.9732,0.38,2026-08-01,1,False
BUK10864,CLP,980000.0,720000.0,900000.0,1120000.0,1.0889,0.65,2026-01-30,6,True
BUK10865,CLP,2230000.0,1620000.0,2020000.0,2520000.0,1.104,0.6778,2026-05-02,4,False
BUK10866,CLP,2610000.0,2390000.0,2990000.0,3740000.0,0.8729,0.163,2025-12-08,6,False
BUK10867,COP,5250000.0,5100000.0,6350000.0,7950000.0,0.8268,0.0526,2024-10-31,22,False
BUK10868,CLP,1120000.0,980000.0,1220000.0,1520000.0,0.918,0.2593,2025-08-01,13,False
BUK10869,CLP,1030000.0,810000.0,1010000.0,1260000.0,1.0198,0.4889,2026-05-02,4,False
BUK10870,CLP,780000.0,580000.0,720000.0,900000.0,1.0833,0.625,2026-05-02,4,False
BUK10871,CLP,1490000.0,1220000.0,1520000.0,1900000.0,0.9803,0.3971,2026-08-01,1,False
BUK10872,CLP,1470000.0,1240000.0,1550000.0,1940000.0,0.9484,0.3286,2025-01-01,2,False
BUK10873,CLP,900000.0,650000.0,810000.0,1010000.0,1.1111,0.6944,2025-10-01,11,False
BUK10874,MXN,39500.0,29000.0,36000.0,45000.0,1.0972,0.6562,2026-06-27,1,True
BUK10875,COP,6400000.0,5300000.0,6600000.0,8250000.0,0.9697,0.3729,2026-04-01,5,False
BUK10876,CLP,760000.0,650000.0,810000.0,1010000.0,0.9383,0.3056,2026-06-01,3,False
BUK10877,COP,2900000.0,2650000.0,3300000.0,4100000.0,0.8788,0.1724,2025-03-22,16,False
BUK10878,CLP,2110000.0,1820000.0,2280000.0,2850000.0,0.9254,0.2816,2026-03-02,6,False
BUK10879,CLP,2190000.0,1620000.0,2020000.0,2520000.0,1.0842,0.6333,2025-08-01,13,False
BUK10880,CLP,1620000.0,1370000.0,1710000.0,2140000.0,0.9474,0.3247,2026-06-01,3,False
BUK10881,MXN,48000.0,47500.0,59500.0,74500.0,0.8067,0.0185,2024-10-02,17,False
BUK10882,CLP,2100000.0,1820000.0,2280000.0,2850000.0,0.9211,0.2718,2024-07-31,25,False
BUK10883,BRL,16000.0,12300.0,15400.0,19200.0,1.039,0.5362,2025-10-17,3,False
BUK10884,CLP,3140000.0,2430000.0,3040000.0,3800000.0,1.0329,0.5182,2026-01-30,7,False
BUK10885,CLP,840000.0,580000.0,720000.0,900000.0,1.1667,0.8125,2025-05-03,11,False
BUK10886,CLP,660000.0,610000.0,760000.0,950000.0,0.8684,0.1471,2024-12-31,20,False
BUK10887,CLP,1600000.0,1370000.0,1710000.0,2140000.0,0.9357,0.2987,2025-12-01,9,False
BUK10888,MXN,50000.0,35000.0,43500.0,54500.0,1.1494,0.7692,2026-08-01,1,False
BUK10889,CLP,2480000.0,2450000.0,3060000.0,3820000.0,0.8105,0.0219,2025-08-02,7,False
BUK10890,MXN,60500.0,49000.0,61500.0,77000.0,0.9837,0.4107,2025-10-31,10,False
BUK10891,BRL,5800.0,5000.0,6200.0,7800.0,0.9355,0.2857,2026-07-02,2,False
BUK10892,PEN,7000.0,5400.0,6800.0,8500.0,1.0294,0.5161,2026-06-01,3,False
BUK10893,CLP,1530000.0,1300000.0,1620000.0,2020000.0,0.9444,0.3194,2025-06-12,5,False
BUK10894,CLP,1080000.0,980000.0,1220000.0,1520000.0,0.8852,0.1852,2025-11-26,1,False
BUK10895,CLP,1980000.0,1820000.0,2280000.0,2850000.0,0.8684,0.1553,2025-12-01,9,False
BUK10896,COP,5500000.0,4500000.0,5600000.0,7000000.0,0.9821,0.4,2024-10-31,22,False
BUK10897,COP,8800000.0,7050000.0,8800000.0,11000000.0,1.0,0.443,2026-04-01,5,False
BUK10898,CLP,2920000.0,2450000.0,3060000.0,3820000.0,0.9542,0.3431,2026-08-01,1,False
BUK10899,MXN,33000.0,24500.0,30500.0,38000.0,1.082,0.6296,2025-12-31,8,False
BUK10900,CLP,1820000.0,1770000.0,2210000.0,2760000.0,0.8235,0.0505,2025-08-01,13,False
BUK10901,CLP,1100000.0,980000.0,1220000.0,1520000.0,0.9016,0.2222,2025-07-25,7,False
BUK10902,CLP,1760000.0,1370000.0,1710000.0,2140000.0,1.0292,0.5065,2024-02-02,10,False
BUK10903,MXN,22000.0,16500.0,20500.0,25500.0,1.0732,0.6111,2025-03-08,3,False
BUK10904,MXN,54500.0,49000.0,61500.0,77000.0,0.8862,0.1964,2025-12-31,8,False
BUK10905,CLP,3630000.0,2880000.0,3600000.0,4500000.0,1.0083,0.463,2026-07-02,2,True
BUK10906,CLP,2860000.0,2390000.0,2990000.0,3740000.0,0.9565,0.3481,2026-05-02,4,False
BUK10907,MXN,23000.0,20500.0,25500.0,32000.0,0.902,0.2174,2026-08-01,1,True
BUK10908,CLP,840000.0,820000.0,1030000.0,1290000.0,0.8155,0.0426,2026-05-02,4,False
BUK10909,CLP,930000.0,720000.0,900000.0,1120000.0,1.0333,0.525,2026-07-02,2,False
BUK10910,CLP,2400000.0,1870000.0,2340000.0,2920000.0,1.0256,0.5048,2025-06-01,15,False
BUK10911,CLP,2050000.0,1730000.0,2160000.0,2700000.0,0.9491,0.3299,2026-01-30,7,False
BUK10912,CLP,670000.0,580000.0,720000.0,900000.0,0.9306,0.2812,2026-02-11,2,False
BUK10913,CLP,1820000.0,1620000.0,2020000.0,2520000.0,0.901,0.2222,2026-05-02,4,False
BUK10914,CLP,1700000.0,1300000.0,1620000.0,2020000.0,1.0494,0.5556,2025-05-01,16,False
BUK10915,CLP,1590000.0,1300000.0,1620000.0,2020000.0,0.9815,0.4028,2026-07-02,2,False
BUK10916,CLP,1220000.0,1220000.0,1520000.0,1900000.0,0.8026,0.0,2026-06-01,3,False
BUK10917,MXN,68500.0,49000.0,61500.0,77000.0,1.1138,0.6964,2026-08-01,1,False
BUK10918,CLP,4650000.0,3460000.0,4320000.0,5400000.0,1.0764,0.6134,2026-08-01,1,False
BUK10919,MXN,51500.0,43000.0,54000.0,67500.0,0.9537,0.3469,2025-08-31,12,False
BUK10920,CLP,2400000.0,1820000.0,2280000.0,2850000.0,1.0526,0.5631,2026-08-01,1,False
BUK10921,MXN,40000.0,33500.0,42000.0,52500.0,0.9524,0.3421,2026-07-02,2,False
BUK10922,PEN,5400.0,4100.0,5100.0,6400.0,1.0588,0.5652,2025-12-31,8,False
BUK10923,CLP,1940000.0,1520000.0,1900000.0,2380000.0,1.0211,0.4884,2025-01-30,19,True
BUK10924,CLP,2330000.0,1740000.0,2180000.0,2720000.0,1.0688,0.602,2026-02-16,6,False
BUK10925,PEN,3000.0,2200.0,2800.0,3500.0,1.0714,0.6154,2026-06-30,1,True
BUK10926,MXN,13000.0,11500.0,14500.0,18000.0,0.8966,0.2308,2026-07-02,2,False
BUK10927,CLP,930000.0,860000.0,1080000.0,1350000.0,0.8611,0.1429,2026-01-30,7,False
BUK10928,CLP,3540000.0,2500000.0,3120000.0,3900000.0,1.1346,0.7429,2026-05-02,4,False
BUK10929,CLP,1020000.0,980000.0,1220000.0,1520000.0,0.8361,0.0741,2023-12-31,16,False
BUK10930,MXN,31000.0,20500.0,25500.0,32000.0,1.2157,0.913,2025-08-31,12,True
BUK10931,CLP,1170000.0,860000.0,1080000.0,1350000.0,1.0833,0.6327,2025-06-01,15,False
BUK10932,CLP,1060000.0,720000.0,900000.0,1120000.0,1.1778,0.85,2025-12-01,9,False
BUK10933,CLP,760000.0,720000.0,900000.0,1120000.0,0.8444,0.1,2024-10-27,17,True
BUK10934,CLP,1250000.0,1140000.0,1420000.0,1780000.0,0.8803,0.1719,2025-07-01,14,False
BUK10935,MXN,32000.0,25000.0,31000.0,39000.0,1.0323,0.5,2026-08-01,1,False
BUK10936,CLP,2680000.0,2160000.0,2700000.0,3380000.0,0.9926,0.4262,2026-08-01,1,False
BUK10937,CLP,1440000.0,1080000.0,1350000.0,1690000.0,1.0667,0.5902,2026-03-02,6,True
BUK10938,CLP,890000.0,580000.0,720000.0,900000.0,1.2361,0.9688,2025-08-31,12,False
BUK10939,CLP,1370000.0,980000.0,1220000.0,1520000.0,1.123,0.7222,2023-10-01,35,False
BUK10940,BRL,3900.0,3400.0,4200.0,5200.0,0.9286,0.2778,2026-08-01,1,False
BUK10941,PEN,5300.0,4300.0,5400.0,6800.0,0.9815,0.4,2026-06-01,3,False
BUK10942,CLP,1580000.0,1140000.0,1420000.0,1780000.0,1.1127,0.6875,2026-05-02,4,False
BUK10943,CLP,1350000.0,980000.0,1220000.0,1520000.0,1.1066,0.6852,2026-01-30,7,False
BUK10944,CLP,2370000.0,1740000.0,2180000.0,2720000.0,1.0872,0.6429,2025-10-01,11,False
BUK10945,MXN,39500.0,35500.0,44500.0,55500.0,0.8876,0.2,2026-06-01,3,False
BUK10946,CLP,2130000.0,1840000.0,2300000.0,2880000.0,0.9261,0.2788,2026-06-01,3,False
BUK10947,CLP,2320000.0,1840000.0,2300000.0,2880000.0,1.0087,0.4615,2025-09-08,5,False
BUK10948,CLP,1700000.0,1300000.0,1620000.0,2020000.0,1.0494,0.5556,2026-06-07,2,False
BUK10949,CLP,2140000.0,1660000.0,2080000.0,2600000.0,1.0288,0.5106,2026-06-01,3,False
BUK10950,BRL,11800.0,10700.0,13400.0,16800.0,0.8806,0.1803,2025-01-31,16,True
BUK10951,MXN,12500.0,10500.0,13000.0,16000.0,0.9615,0.3636,2026-07-02,2,False
BUK10952,CLP,1830000.0,1300000.0,1620000.0,2020000.0,1.1296,0.7361,2025-09-02,1,False
BUK10953,COP,3500000.0,2650000.0,3300000.0,4100000.0,1.0606,0.5862,2024-12-11,2,False
BUK10954,CLP,1960000.0,1520000.0,1900000.0,2380000.0,1.0316,0.5116,2025-08-31,12,True
BUK10955,CLP,1830000.0,1300000.0,1620000.0,2020000.0,1.1296,0.7361,2025-10-01,11,False
BUK10956,MXN,44000.0,35000.0,43500.0,54500.0,1.0115,0.4615,2026-08-01,1,False
BUK10957,COP,3900000.0,3000000.0,3750000.0,4700000.0,1.04,0.5294,2026-07-02,2,False
BUK10958,CLP,1730000.0,1730000.0,2160000.0,2700000.0,0.8009,0.0,2026-04-01,5,False
BUK10959,CLP,1290000.0,920000.0,1150000.0,1440000.0,1.1217,0.7115,2025-07-01,14,False
BUK10960,CLP,2730000.0,2280000.0,2850000.0,3560000.0,0.9579,0.3516,2025-12-31,8,False
BUK10961,MXN,64000.0,47500.0,59500.0,74500.0,1.0756,0.6111,2026-01-30,7,False
BUK10962,CLP,3370000.0,2450000.0,3060000.0,3820000.0,1.1013,0.6715,2026-04-01,5,False
BUK10963,MXN,65000.0,47500.0,59500.0,74500.0,1.0924,0.6481,2026-07-02,2,False
BUK10964,COP,5550000.0,4250000.0,5300000.0,6600000.0,1.0472,0.5532,2026-08-01,1,False
BUK10965,MXN,22500.0,18500.0,23000.0,29000.0,0.9783,0.381,2024-02-02,11,False
BUK10966,MXN,27000.0,23000.0,29000.0,36000.0,0.931,0.3077,2025-08-31,12,False
BUK10967,CLP,730000.0,610000.0,760000.0,950000.0,0.9605,0.3529,2025-12-31,8,False
BUK10968,CLP,1360000.0,980000.0,1220000.0,1520000.0,1.1148,0.7037,2025-05-01,16,False
BUK10969,CLP,3200000.0,2590000.0,3240000.0,4050000.0,0.9877,0.4178,2026-04-01,5,False
BUK10970,BRL,13100.0,10700.0,13400.0,16800.0,0.9776,0.3934,2025-01-12,6,True
BUK10971,CLP,910000.0,720000.0,900000.0,1120000.0,1.0111,0.475,2024-10-17,3,False
BUK10972,CLP,2260000.0,1820000.0,2280000.0,2850000.0,0.9912,0.4272,2025-10-31,10,False
BUK10973,CLP,1390000.0,1300000.0,1620000.0,2020000.0,0.858,0.125,2025-10-31,10,False
BUK10974,CLP,1930000.0,1370000.0,1710000.0,2140000.0,1.1287,0.7273,2026-07-02,2,False
BUK10975,CLP,2450000.0,1870000.0,2340000.0,2920000.0,1.047,0.5524,2025-07-01,14,False
BUK10976,COP,4050000.0,3150000.0,3950000.0,4950000.0,1.0253,0.5,2026-04-01,5,False
BUK10977,CLP,2210000.0,1740000.0,2180000.0,2720000.0,1.0138,0.4796,2025-06-01,15,False
BUK10978,COP,4850000.0,4250000.0,5300000.0,6600000.0,0.9151,0.2553,2026-04-01,5,False
BUK10979,COP,5450000.0,4050000.0,5050000.0,6300000.0,1.0792,0.6222,2025-07-01,14,False
BUK10980,CLP,2530000.0,2160000.0,2700000.0,3380000.0,0.937,0.3033,2026-05-02,4,False
BUK10981,CLP,2290000.0,1840000.0,2300000.0,2880000.0,0.9957,0.4327,2024-09-07,3,False
BUK10982,MXN,27000.0,23500.0,29500.0,37000.0,0.9153,0.2593,2026-05-02,4,False
BUK10983,CLP,1990000.0,1520000.0,1900000.0,2380000.0,1.0474,0.5465,2026-04-01,5,True
BUK10984,CLP,640000.0,650000.0,810000.0,1010000.0,0.7901,-0.0278,2025-09-25,3,False
BUK10985,CLP,1520000.0,1300000.0,1620000.0,2020000.0,0.9383,0.3056,2026-06-20,1,False
BUK10986,MXN,43000.0,35000.0,43500.0,54500.0,0.9885,0.4103,2025-10-30,9,False
BUK10987,COP,9350000.0,7800000.0,9750000.0,12200000.0,0.959,0.3523,2025-02-02,1,False
BUK10988,MXN,15000.0,11500.0,14500.0,18000.0,1.0345,0.5385,2024-09-05,4,False
BUK10989,CLP,1060000.0,860000.0,1080000.0,1350000.0,0.9815,0.4082,2025-12-31,8,False
BUK10990,CLP,1510000.0,1240000.0,1550000.0,1940000.0,0.9742,0.3857,2026-06-01,3,False
BUK10991,CLP,3140000.0,2500000.0,3120000.0,3900000.0,1.0064,0.4571,2024-09-30,23,False
BUK10992,CLP,5110000.0,3960000.0,4950000.0,6190000.0,1.0323,0.5157,2025-12-01,9,False
BUK10993,CLP,3360000.0,2590000.0,3240000.0,4050000.0,1.037,0.5274,2025-08-01,13,False
BUK10994,PEN,5300.0,5500.0,6900.0,8600.0,0.7681,-0.0645,2025-03-02,18,False
BUK10995,CLP,2810000.0,1870000.0,2340000.0,2920000.0,1.2009,0.8952,2026-04-01,5,False
BUK10996,CLP,1310000.0,860000.0,1080000.0,1350000.0,1.213,0.9184,2026-07-02,2,False
BUK10997,CLP,1870000.0,1520000.0,1900000.0,2380000.0,0.9842,0.407,2026-08-01,1,True
BUK10998,CLP,1400000.0,1080000.0,1350000.0,1690000.0,1.037,0.5246,2026-07-02,2,True
BUK10999,PEN,5200.0,4300.0,5400.0,6800.0,0.963,0.36,2024-04-13,14,False
BUK11000,CLP,1360000.0,1080000.0,1350000.0,1690000.0,1.0074,0.459,2025-12-01,9,True
BUK11001,CLP,2090000.0,1660000.0,2080000.0,2600000.0,1.0048,0.4574,2023-12-01,33,False
BUK11002,CLP,960000.0,810000.0,1010000.0,1260000.0,0.9505,0.3333,2025-07-02,2,False
BUK11003,CLP,1650000.0,1240000.0,1550000.0,1940000.0,1.0645,0.5857,2025-10-21,9,False
BUK11004,MXN,51000.0,35000.0,43500.0,54500.0,1.1724,0.8205,2026-08-01,1,False
BUK11005,MXN,31500.0,24500.0,30500.0,38000.0,1.0328,0.5185,2026-08-01,1,False
BUK11006,CLP,1920000.0,1820000.0,2280000.0,2850000.0,0.8421,0.0971,2026-01-26,4,False
BUK11007,CLP,1620000.0,1220000.0,1520000.0,1900000.0,1.0658,0.5882,2026-04-01,5,False
BUK11008,MXN,20500.0,18500.0,23000.0,29000.0,0.8913,0.1905,2026-01-30,7,False
BUK11009,BRL,14900.0,10700.0,13400.0,16800.0,1.1119,0.6885,2026-07-02,2,True
BUK11010,CLP,1160000.0,1140000.0,1420000.0,1780000.0,0.8169,0.0312,2026-07-02,2,False
BUK11011,CLP,1420000.0,1140000.0,1420000.0,1780000.0,1.0,0.4375,2025-02-09,2,False
BUK11012,COP,10300000.0,8450000.0,10550000.0,13200000.0,0.9763,0.3895,2026-07-02,2,False
BUK11013,CLP,2000000.0,1620000.0,2020000.0,2520000.0,0.9901,0.4222,2026-05-02,4,False
BUK11014,CLP,1810000.0,1820000.0,2280000.0,2850000.0,0.7939,-0.0097,2026-07-02,2,False
BUK11015,CLP,1930000.0,1370000.0,1710000.0,2140000.0,1.1287,0.7273,2026-02-19,6,False
BUK11016,CLP,1750000.0,1300000.0,1620000.0,2020000.0,1.0802,0.625,2026-03-02,6,False
BUK11017,CLP,1580000.0,1300000.0,1620000.0,2020000.0,0.9753,0.3889,2025-01-15,8,False
BUK11018,PEN,3300.0,2600.0,3200.0,4000.0,1.0312,0.5,2026-01-21,5,False
BUK11019,MXN,21000.0,18500.0,23000.0,29000.0,0.913,0.2381,2026-04-22,4,False
BUK11020,CLP,2540000.0,1840000.0,2300000.0,2880000.0,1.1043,0.6731,2026-06-01,3,False
BUK11021,CLP,3470000.0,2590000.0,3240000.0,4050000.0,1.071,0.6027,2026-05-02,4,False
BUK11022,PEN,7200.0,6100.0,7600.0,9500.0,0.9474,0.3235,2026-08-01,1,False
BUK11023,BRL,9900.0,8600.0,10700.0,13400.0,0.9252,0.2708,2025-06-01,15,False
BUK11024,COP,5300000.0,4200000.0,5250000.0,6550000.0,1.0095,0.4681,2024-11-30,21,False
BUK11025,BRL,4800.0,5000.0,6200.0,7800.0,0.7742,-0.0714,2025-07-01,13,False
BUK11026,CLP,1500000.0,1300000.0,1620000.0,2020000.0,0.9259,0.2778,2026-06-01,3,False
BUK11027,MXN,45000.0,29500.0,37000.0,46000.0,1.2162,0.9394,2024-11-30,21,False
BUK11028,CLP,2180000.0,1820000.0,2280000.0,2850000.0,0.9561,0.3495,2025-10-31,10,False
BUK11029,MXN,33000.0,29000.0,36000.0,45000.0,0.9167,0.25,2025-10-01,11,False
BUK11030,CLP,1230000.0,1080000.0,1350000.0,1690000.0,0.9111,0.2459,2025-12-01,9,True
BUK11031,CLP,1630000.0,1300000.0,1620000.0,2020000.0,1.0062,0.4583,2026-04-07,4,False
BUK11032,BRL,11500.0,10000.0,12500.0,15600.0,0.92,0.2679,2026-07-02,2,False
BUK11033,COP,3800000.0,2700000.0,3350000.0,4200000.0,1.1343,0.7333,2026-03-02,6,False
BUK11034,CLP,2300000.0,1840000.0,2300000.0,2880000.0,1.0,0.4423,2026-07-02,2,False
BUK11035,MXN,53500.0,41000.0,51500.0,64500.0,1.0388,0.5319,2026-03-02,6,True
BUK11036,CLP,1300000.0,1080000.0,1350000.0,1690000.0,0.963,0.3607,2024-08-07,3,True
BUK11037,CLP,2200000.0,1940000.0,2430000.0,3040000.0,0.9053,0.2364,2026-06-01,3,False
BUK11038,CLP,1160000.0,810000.0,1010000.0,1260000.0,1.1485,0.7778,2025-11-30,3,False
BUK11039,CLP,1900000.0,1620000.0,2020000.0,2520000.0,0.9406,0.3111,2024-11-24,18,False
BUK11040,MXN,52000.0,39500.0,49500.0,62000.0,1.0505,0.5556,2026-03-02,6,True
BUK11041,CLP,1830000.0,1370000.0,1710000.0,2140000.0,1.0702,0.5974,2026-05-02,4,False
BUK11042,CLP,790000.0,650000.0,810000.0,1010000.0,0.9753,0.3889,2025-10-01,11,False
BUK11043,CLP,1340000.0,980000.0,1220000.0,1520000.0,1.0984,0.6667,2026-03-02,6,False
BUK11044,CLP,3190000.0,2160000.0,2700000.0,3380000.0,1.1815,0.8443,2026-01-30,7,True
BUK11045,CLP,1330000.0,1300000.0,1620000.0,2020000.0,0.821,0.0417,2025-03-02,18,False
BUK11046,COP,12300000.0,9400000.0,11750000.0,14700000.0,1.0468,0.5472,2025-04-01,17,True
BUK11047,COP,3450000.0,2800000.0,3500000.0,4400000.0,0.9857,0.4062,2026-06-01,3,False
BUK11048,CLP,1680000.0,1300000.0,1620000.0,2020000.0,1.037,0.5278,2023-12-31,12,False
BUK11049,MXN,70500.0,69000.0,86500.0,108000.0,0.815,0.0385,2026-03-02,6,False
BUK11050,MXN,27500.0,26000.0,32500.0,40500.0,0.8462,0.1034,2025-05-28,2,False
BUK11051,COP,6850000.0,6300000.0,7900000.0,9900000.0,0.8671,0.1528,2025-11-17,5,False
BUK11052,CLP,2530000.0,1840000.0,2300000.0,2880000.0,1.1,0.6635,2026-05-02,4,False
BUK11053,CLP,1310000.0,1140000.0,1420000.0,1780000.0,0.9225,0.2656,2026-08-01,1,False
BUK11054,BRL,18200.0,15600.0,19500.0,24400.0,0.9333,0.2955,2025-10-01,11,True
BUK11055,CLP,2680000.0,1940000.0,2430000.0,3040000.0,1.1029,0.6727,2023-11-01,34,False
BUK11056,CLP,1120000.0,980000.0,1220000.0,1520000.0,0.918,0.2593,2026-03-22,2,False
BUK11057,CLP,2010000.0,1820000.0,2280000.0,2850000.0,0.8816,0.1845,2026-06-01,3,False
BUK11058,CLP,2760000.0,2500000.0,3120000.0,3900000.0,0.8846,0.1857,2025-12-31,8,False
BUK11059,CLP,3080000.0,2590000.0,3240000.0,4050000.0,0.9506,0.3356,2026-06-05,2,False
BUK11060,CLP,3180000.0,2740000.0,3420000.0,4280000.0,0.9298,0.2857,2025-08-31,12,False
BUK11061,CLP,3470000.0,2880000.0,3600000.0,4500000.0,0.9639,0.3642,2025-12-31,8,True
BUK11062,CLP,1670000.0,1240000.0,1550000.0,1940000.0,1.0774,0.6143,2026-01-30,7,False
BUK11063,COP,5050000.0,3700000.0,4650000.0,5800000.0,1.086,0.6429,2025-08-01,13,False
BUK11064,CLP,1050000.0,920000.0,1150000.0,1440000.0,0.913,0.25,2026-06-01,3,False
BUK11065,CLP,2110000.0,1730000.0,2160000.0,2700000.0,0.9769,0.3918,2026-04-01,5,False
BUK11066,PEN,3100.0,2600.0,3200.0,4000.0,0.9688,0.3571,2026-05-02,4,False
BUK11067,CLP,2570000.0,2080000.0,2600000.0,3250000.0,0.9885,0.4188,2024-07-01,26,True
BUK11068,CLP,2570000.0,1870000.0,2340000.0,2920000.0,1.0983,0.6667,2025-12-31,8,False
BUK11069,CLP,1240000.0,980000.0,1220000.0,1520000.0,1.0164,0.4815,2025-08-12,2,False
BUK11070,CLP,2430000.0,1870000.0,2340000.0,2920000.0,1.0385,0.5333,2025-06-01,15,False
BUK11071,CLP,1250000.0,980000.0,1220000.0,1520000.0,1.0246,0.5,2026-07-02,2,False
BUK11072,CLP,1260000.0,980000.0,1220000.0,1520000.0,1.0328,0.5185,2026-02-10,2,False
BUK11073,PEN,6900.0,5500.0,6900.0,8600.0,1.0,0.4516,2026-07-02,2,False
BUK11074,MXN,32500.0,29000.0,36000.0,45000.0,0.9028,0.2188,2024-07-01,26,False
BUK11075,CLP,980000.0,720000.0,900000.0,1120000.0,1.0889,0.65,2025-10-31,10,False
BUK11076,CLP,2280000.0,1730000.0,2160000.0,2700000.0,1.0556,0.567,2023-09-01,36,False
BUK11077,COP,5700000.0,4500000.0,5600000.0,7000000.0,1.0179,0.48,2026-07-02,2,False
BUK11078,MXN,30000.0,26000.0,32500.0,40500.0,0.9231,0.2759,2026-06-01,3,False
BUK11079,MXN,37000.0,29000.0,36000.0,45000.0,1.0278,0.5,2025-10-31,10,True
BUK11080,CLP,2330000.0,1840000.0,2300000.0,2880000.0,1.013,0.4712,2026-08-01,1,False
BUK11081,CLP,940000.0,860000.0,1080000.0,1350000.0,0.8704,0.1633,2026-06-01,3,False
BUK11082,CLP,1650000.0,1300000.0,1620000.0,2020000.0,1.0185,0.4861,2026-07-02,2,False
BUK11083,BRL,12100.0,9400.0,11700.0,14600.0,1.0342,0.5192,2026-05-02,4,False
BUK11084,CLP,1890000.0,1740000.0,2180000.0,2720000.0,0.867,0.1531,2025-10-01,11,False
BUK11085,COP,8250000.0,6000000.0,7500000.0,9400000.0,1.1,0.6618,2025-03-02,18,False
BUK11086,COP,9900000.0,7450000.0,9300000.0,11600000.0,1.0645,0.5904,2025-01-30,19,False
BUK11087,BRL,6600.0,6600.0,8300.0,10400.0,0.7952,0.0,2026-06-01,3,False
BUK11088,PEN,5000.0,4300.0,5400.0,6800.0,0.9259,0.28,2026-01-30,7,False
BUK11089,CLP,2320000.0,2160000.0,2700000.0,3380000.0,0.8593,0.1311,2026-07-02,2,True
BUK11090,PEN,3500.0,3000.0,3800.0,4800.0,0.9211,0.2778,2025-12-30,2,False
BUK11091,CLP,590000.0,610000.0,760000.0,950000.0,0.7763,-0.0588,2026-03-05,4,False
BUK11092,PEN,4400.0,3600.0,4500.0,5600.0,0.9778,0.4,2026-08-01,1,False
BUK11093,CLP,1460000.0,1080000.0,1350000.0,1690000.0,1.0815,0.623,2025-10-31,10,True
BUK11094,CLP,3220000.0,2480000.0,3100000.0,3880000.0,1.0387,0.5286,2024-02-14,22,False
BUK11095,COP,9750000.0,7050000.0,8800000.0,11000000.0,1.108,0.6835,2024-04-01,29,False
BUK11096,CLP,970000.0,860000.0,1080000.0,1350000.0,0.8981,0.2245,2024-08-16,17,False
BUK11097,COP,8250000.0,6100000.0,7650000.0,9550000.0,1.0784,0.6232,2026-03-02,6,False
BUK11098,PEN,7600.0,6800.0,8500.0,10600.0,0.8941,0.2105,2025-05-14,7,True
BUK11099,COP,2350000.0,2000000.0,2500000.0,3100000.0,0.94,0.3182,2026-06-02,2,False
BUK11100,CLP,1820000.0,1520000.0,1900000.0,2380000.0,0.9579,0.3488,2025-12-01,9,True
BUK11101,COP,3350000.0,2650000.0,3300000.0,4100000.0,1.0152,0.4828,2025-10-01,11,False
BUK11102,COP,8450000.0,6000000.0,7500000.0,9400000.0,1.1267,0.7206,2026-05-02,4,False
BUK11103,BRL,4800.0,4500.0,5600.0,7000.0,0.8571,0.12,2026-06-01,3,False
BUK11104,CLP,2640000.0,2160000.0,2700000.0,3380000.0,0.9778,0.3934,2026-05-17,3,False
BUK11105,CLP,1350000.0,980000.0,1220000.0,1520000.0,1.1066,0.6852,2026-06-01,3,False
BUK11106,CLP,1630000.0,1240000.0,1550000.0,1940000.0,1.0516,0.5571,2026-03-02,6,False
BUK11107,CLP,2200000.0,1840000.0,2300000.0,2880000.0,0.9565,0.3462,2026-08-01,1,False
BUK11108,CLP,3080000.0,2590000.0,3240000.0,4050000.0,0.9506,0.3356,2026-07-02,2,False
BUK11109,COP,4900000.0,3500000.0,4400000.0,5500000.0,1.1136,0.7,2026-01-30,7,False
BUK11110,COP,4150000.0,3150000.0,3950000.0,4950000.0,1.0506,0.5556,2026-04-01,5,False
BUK11111,COP,2550000.0,2100000.0,2650000.0,3300000.0,0.9623,0.375,2026-05-02,4,False
BUK11112,CLP,760000.0,540000.0,680000.0,850000.0,1.1176,0.7097,2024-08-09,5,False
BUK11113,COP,3350000.0,2800000.0,3500000.0,4400000.0,0.9571,0.3438,2025-03-02,18,False
BUK11114,CLP,3030000.0,2590000.0,3240000.0,4050000.0,0.9352,0.3014,2026-08-01,1,False
BUK11115,CLP,1050000.0,810000.0,1010000.0,1260000.0,1.0396,0.5333,2026-08-01,1,False
BUK11116,MXN,58500.0,47000.0,59000.0,74000.0,0.9915,0.4259,2024-07-31,16,False
BUK11117,COP,3700000.0,3150000.0,3950000.0,4950000.0,0.9367,0.3056,2026-07-02,2,False
BUK11118,CLP,1420000.0,1300000.0,1620000.0,2020000.0,0.8765,0.1667,2024-10-31,22,False
BUK11119,CLP,1170000.0,980000.0,1220000.0,1520000.0,0.959,0.3519,2026-08-01,1,False
BUK11120,CLP,1900000.0,1820000.0,2280000.0,2850000.0,0.8333,0.0777,2026-05-02,4,False
BUK11121,CLP,1620000.0,1370000.0,1710000.0,2140000.0,0.9474,0.3247,2025-05-01,16,False
BUK11122,CLP,1810000.0,1300000.0,1620000.0,2020000.0,1.1173,0.7083,2025-10-31,10,False
BUK11123,CLP,2110000.0,1870000.0,2340000.0,2920000.0,0.9017,0.2286,2026-07-02,2,False
BUK11124,PEN,3800.0,3000.0,3800.0,4800.0,1.0,0.4444,2026-06-01,3,False
BUK11125,CLP,1200000.0,920000.0,1150000.0,1440000.0,1.0435,0.5385,2024-04-01,29,False
BUK11126,CLP,1410000.0,1080000.0,1350000.0,1690000.0,1.0444,0.541,2025-12-31,8,True
BUK11127,MXN,27500.0,18500.0,23000.0,29000.0,1.1957,0.8571,2025-10-31,10,False
BUK11128,CLP,1290000.0,1080000.0,1350000.0,1690000.0,0.9556,0.3443,2025-06-17,13,True
BUK11129,CLP,2320000.0,1730000.0,2160000.0,2700000.0,1.0741,0.6082,2025-12-21,3,False
BUK11130,PEN,5200.0,4300.0,5400.0,6800.0,0.963,0.36,2025-12-22,2,False
BUK11131,CLP,730000.0,610000.0,760000.0,950000.0,0.9605,0.3529,2025-12-01,9,False
BUK11132,MXN,32000.0,26000.0,32500.0,40500.0,0.9846,0.4138,2026-07-03,1,False
BUK11133,CLP,2770000.0,2160000.0,2700000.0,3380000.0,1.0259,0.5,2025-03-02,18,True
BUK11134,CLP,1030000.0,980000.0,1220000.0,1520000.0,0.8443,0.0926,2025-10-01,11,False
BUK11135,PEN,6900.0,5500.0,6900.0,8600.0,1.0,0.4516,2025-06-01,15,False
BUK11136,CLP,1590000.0,1520000.0,1900000.0,2380000.0,0.8368,0.0814,2026-06-01,3,False
BUK11137,CLP,1050000.0,820000.0,1030000.0,1290000.0,1.0194,0.4894,2025-12-01,9,False
BUK11138,CLP,1450000.0,1080000.0,1350000.0,1690000.0,1.0741,0.6066,2026-05-02,4,True
BUK11139,MXN,42500.0,33000.0,41500.0,52000.0,1.0241,0.5,2025-01-30,19,False
BUK11140,BRL,11600.0,9400.0,11700.0,14600.0,0.9915,0.4231,2025-09-08,4,False
BUK11141,MXN,17000.0,13500.0,17000.0,21000.0,1.0,0.4667,2026-03-21,1,True
BUK11142,COP,7650000.0,5950000.0,7450000.0,9300000.0,1.0268,0.5075,2026-04-01,5,False
BUK11143,MXN,19500.0,17500.0,22000.0,27500.0,0.8864,0.2,2026-02-14,5,False
BUK11144,CLP,1400000.0,1140000.0,1420000.0,1780000.0,0.9859,0.4062,2026-06-01,3,False
BUK11145,MXN,61000.0,49000.0,61500.0,77000.0,0.9919,0.4286,2025-06-08,7,False
BUK11146,CLP,4180000.0,3740000.0,4680000.0,5850000.0,0.8932,0.2085,2026-07-02,2,False
BUK11147,CLP,750000.0,650000.0,810000.0,1010000.0,0.9259,0.2778,2026-06-23,1,False
BUK11148,CLP,2670000.0,2480000.0,3100000.0,3880000.0,0.8613,0.1357,2024-08-31,24,False
BUK11149,COP,5600000.0,4950000.0,6200000.0,7750000.0,0.9032,0.2321,2026-01-30,7,False
BUK11150,CLP,1340000.0,1220000.0,1520000.0,1900000.0,0.8816,0.1765,2025-07-01,14,False
BUK11151,CLP,1910000.0,1520000.0,1900000.0,2380000.0,1.0053,0.4535,2025-02-11,8,True
BUK11152,MXN,49000.0,45500.0,57000.0,71000.0,0.8596,0.1373,2023-11-13,19,False
BUK11153,CLP,1260000.0,920000.0,1150000.0,1440000.0,1.0957,0.6538,2026-06-01,3,False
BUK11154,CLP,3720000.0,2500000.0,3120000.0,3900000.0,1.1923,0.8714,2026-05-02,4,False
BUK11155,CLP,1860000.0,1370000.0,1710000.0,2140000.0,1.0877,0.6364,2025-07-01,14,False
BUK11156,BRL,7800.0,7000.0,8800.0,11000.0,0.8864,0.2,2026-06-01,3,False
BUK11157,CLP,2870000.0,2590000.0,3240000.0,4050000.0,0.8858,0.1918,2026-05-02,4,False
BUK11158,CLP,1590000.0,1370000.0,1710000.0,2140000.0,0.9298,0.2857,2025-01-30,19,False
BUK11159,CLP,1710000.0,1370000.0,1710000.0,2140000.0,1.0,0.4416,2026-03-02,6,False
BUK11160,CLP,3200000.0,2480000.0,3100000.0,3880000.0,1.0323,0.5143,2025-04-01,17,False
BUK11161,COP,12250000.0,8450000.0,10550000.0,13200000.0,1.1611,0.8,2025-03-02,18,False
BUK11162,CLP,1840000.0,1620000.0,2020000.0,2520000.0,0.9109,0.2444,2025-10-03,5,False
BUK11163,CLP,1230000.0,980000.0,1220000.0,1520000.0,1.0082,0.463,2025-11-14,8,False
BUK11164,CLP,1050000.0,860000.0,1080000.0,1350000.0,0.9722,0.3878,2025-07-01,14,False
BUK11165,CLP,2260000.0,1940000.0,2430000.0,3040000.0,0.93,0.2909,2026-08-01,1,False
BUK11166,MXN,59500.0,41000.0,51500.0,64500.0,1.1553,0.7872,2026-01-30,7,True
BUK11167,CLP,1130000.0,860000.0,1080000.0,1350000.0,1.0463,0.551,2026-07-09,1,False
BUK11168,COP,14750000.0,11300000.0,14100000.0,17600000.0,1.0461,0.5476,2025-08-01,13,False
BUK11169,PEN,10100.0,7800.0,9700.0,12100.0,1.0412,0.5349,2026-05-19,2,False
BUK11170,PEN,6600.0,6100.0,7600.0,9500.0,0.8684,0.1471,2025-01-14,16,False
BUK11171,COP,7650000.0,6300000.0,7900000.0,9900000.0,0.9684,0.375,2024-07-04,3,False
BUK11172,CLP,2360000.0,1940000.0,2430000.0,3040000.0,0.9712,0.3818,2026-08-01,1,False
BUK11173,MXN,26500.0,20500.0,25500.0,32000.0,1.0392,0.5217,2026-04-01,5,True
BUK11174,CLP,1340000.0,1080000.0,1350000.0,1690000.0,0.9926,0.4262,2025-08-31,12,True
BUK11175,COP,6000000.0,4950000.0,6200000.0,7750000.0,0.9677,0.375,2026-04-10,3,True
BUK11176,CLP,2710000.0,2160000.0,2700000.0,3380000.0,1.0037,0.4508,2026-05-02,4,False
BUK11177,CLP,2210000.0,2080000.0,2600000.0,3250000.0,0.85,0.1111,2025-10-13,4,True
BUK11178,CLP,1950000.0,1620000.0,2020000.0,2520000.0,0.9653,0.3667,2025-07-01,14,False
BUK11179,CLP,1800000.0,1300000.0,1620000.0,2020000.0,1.1111,0.6944,2025-08-31,12,False
BUK11180,CLP,1000000.0,860000.0,1080000.0,1350000.0,0.9259,0.2857,2026-02-24,4,False
BUK11181,MXN,49000.0,35000.0,43500.0,54500.0,1.1264,0.7179,2025-10-01,11,False
BUK11182,CLP,1720000.0,1370000.0,1710000.0,2140000.0,1.0058,0.4545,2026-08-01,1,False
BUK11183,CLP,3410000.0,2500000.0,3120000.0,3900000.0,1.0929,0.65,2026-05-02,4,False
BUK11184,PEN,2700.0,2200.0,2800.0,3500.0,0.9643,0.3846,2026-07-02,2,True
BUK11185,MXN,70500.0,52000.0,65000.0,81000.0,1.0846,0.6379,2026-08-01,1,False
BUK11186,CLP,3350000.0,2500000.0,3120000.0,3900000.0,1.0737,0.6071,2025-10-31,10,False
BUK11187,MXN,41500.0,35000.0,43500.0,54500.0,0.954,0.3333,2026-01-30,7,False
BUK11188,MXN,21500.0,18500.0,23000.0,29000.0,0.9348,0.2857,2025-10-26,10,False
BUK11189,PEN,9700.0,8200.0,10200.0,12800.0,0.951,0.3261,2026-07-02,2,False
BUK11190,COP,6250000.0,5950000.0,7450000.0,9300000.0,0.8389,0.0896,2026-04-09,2,False
BUK11191,CLP,1200000.0,860000.0,1080000.0,1350000.0,1.1111,0.6939,2025-04-05,12,False
BUK11192,CLP,2350000.0,1820000.0,2280000.0,2850000.0,1.0307,0.5146,2026-03-02,6,False
BUK11193,BRL,4200.0,3700.0,4600.0,5800.0,0.913,0.2381,2025-12-31,8,True
BUK11194,CLP,1980000.0,1520000.0,1900000.0,2380000.0,1.0421,0.5349,2026-08-01,1,True
BUK11195,COP,4950000.0,4500000.0,5600000.0,7000000.0,0.8839,0.18,2026-01-30,7,False
BUK11196,BRL,8700.0,7000.0,8800.0,11000.0,0.9886,0.425,2026-04-01,5,False
BUK11197,COP,4550000.0,3700000.0,4650000.0,5800000.0,0.9785,0.4048,2025-12-31,8,False
BUK11198,COP,6350000.0,4500000.0,5600000.0,7000000.0,1.1339,0.74,2026-04-01,5,False
BUK11199,COP,18800000.0,17200000.0,21500000.0,26900000.0,0.8744,0.1649,2025-01-08,18,False
BUK11200,CLP,2420000.0,1820000.0,2280000.0,2850000.0,1.0614,0.5825,2025-12-01,9,False
BUK11201,CLP,830000.0,720000.0,900000.0,1120000.0,0.9222,0.275,2024-10-27,6,True
BUK11202,CLP,1350000.0,1140000.0,1420000.0,1780000.0,0.9507,0.3281,2026-07-02,2,False
BUK11203,MXN,20500.0,20500.0,25500.0,32000.0,0.8039,0.0,2025-03-02,18,True
BUK11204,CLP,1220000.0,1080000.0,1350000.0,1690000.0,0.9037,0.2295,2025-12-24,6,True
BUK11205,CLP,2950000.0,2590000.0,3240000.0,4050000.0,0.9105,0.2466,2026-01-30,7,False
BUK11206,CLP,1180000.0,980000.0,1220000.0,1520000.0,0.9672,0.3704,2026-08-01,1,False
BUK11207,CLP,2740000.0,2580000.0,3230000.0,4040000.0,0.8483,0.1096,2026-03-02,6,False
BUK11208,MXN,16500.0,13500.0,17000.0,21000.0,0.9706,0.4,2026-04-01,5,True
BUK11209,MXN,89000.0,71000.0,89000.0,111000.0,1.0,0.45,2026-07-22,1,False
BUK11210,COP,5350000.0,4250000.0,5300000.0,6600000.0,1.0094,0.4681,2026-04-01,5,False
BUK11211,PEN,5800.0,4100.0,5100.0,6400.0,1.1373,0.7391,2026-08-01,1,False
BUK11212,CLP,1670000.0,1300000.0,1620000.0,2020000.0,1.0309,0.5139,2026-05-26,3,False
BUK11213,MXN,47500.0,35000.0,43500.0,54500.0,1.092,0.641,2026-07-02,2,False
BUK11214,CLP,2100000.0,2160000.0,2700000.0,3380000.0,0.7778,-0.0492,2024-10-26,22,False
BUK11215,MXN,29500.0,26000.0,32500.0,40500.0,0.9077,0.2414,2024-09-29,10,False
BUK11216,COP,10450000.0,8000000.0,10000000.0,12500000.0,1.045,0.5444,2025-10-27,7,False
BUK11217,COP,3650000.0,3000000.0,3750000.0,4700000.0,0.9733,0.3824,2026-08-01,1,False
BUK11218,PEN,3000.0,2900.0,3600.0,4500.0,0.8333,0.0625,2025-12-31,8,False
BUK11219,PEN,2600.0,1900.0,2400.0,3000.0,1.0833,0.6364,2026-01-30,7,False
BUK11220,COP,4100000.0,4050000.0,5050000.0,6300000.0,0.8119,0.0222,2025-07-01,14,False
BUK11221,MXN,14500.0,11500.0,14500.0,18000.0,1.0,0.4615,2026-04-03,3,False
BUK11222,CLP,2300000.0,1840000.0,2300000.0,2880000.0,1.0,0.4423,2026-01-30,7,False
BUK11223,PEN,7500.0,6100.0,7600.0,9500.0,0.9868,0.4118,2025-08-31,12,False
BUK11224,CLP,1200000.0,860000.0,1080000.0,1350000.0,1.1111,0.6939,2026-08-01,1,False
BUK11225,CLP,1470000.0,1300000.0,1620000.0,2020000.0,0.9074,0.2361,2026-05-02,4,False
BUK11226,CLP,1720000.0,1220000.0,1520000.0,1900000.0,1.1316,0.7353,2025-12-31,8,False
BUK11227,COP,21150000.0,16500000.0,20600000.0,25750000.0,1.0267,0.5027,2026-07-02,2,False
BUK11228,COP,6550000.0,5650000.0,7050000.0,8800000.0,0.9291,0.2857,2024-08-19,14,False
BUK11229,CLP,3060000.0,2160000.0,2700000.0,3380000.0,1.1333,0.7377,2026-08-01,1,False
BUK11230,CLP,3340000.0,2880000.0,3600000.0,4500000.0,0.9278,0.284,2026-05-02,4,True
BUK11231,CLP,1830000.0,1300000.0,1620000.0,2020000.0,1.1296,0.7361,2024-08-16,24,False
BUK11232,COP,3650000.0,3150000.0,3950000.0,4950000.0,0.9241,0.2778,2026-03-04,4,False
BUK11233,PEN,4700.0,4300.0,5400.0,6800.0,0.8704,0.16,2024-02-19,21,False
BUK11234,CLP,1170000.0,980000.0,1220000.0,1520000.0,0.959,0.3519,2026-08-01,1,False
BUK11235,CLP,1470000.0,1140000.0,1420000.0,1780000.0,1.0352,0.5156,2026-05-02,4,False
BUK11236,CLP,2160000.0,1730000.0,2160000.0,2700000.0,1.0,0.4433,2026-06-01,3,False
BUK11237,CLP,2110000.0,1820000.0,2280000.0,2850000.0,0.9254,0.2816,2026-05-02,4,False
BUK11238,PEN,2200.0,1700.0,2100.0,2600.0,1.0476,0.5556,2025-10-31,10,False
BUK11239,CLP,740000.0,720000.0,900000.0,1120000.0,0.8222,0.05,2026-02-23,3,True
BUK11240,MXN,42000.0,35500.0,44500.0,55500.0,0.9438,0.325,2025-07-01,14,False
BUK11241,BRL,7900.0,6600.0,8300.0,10400.0,0.9518,0.3421,2026-04-01,5,False
BUK11242,CLP,1590000.0,1300000.0,1620000.0,2020000.0,0.9815,0.4028,2026-05-02,4,False
BUK11243,CLP,1270000.0,920000.0,1150000.0,1440000.0,1.1043,0.6731,2026-06-01,3,False
BUK11244,COP,5800000.0,6100000.0,7650000.0,9550000.0,0.7582,-0.087,2026-01-30,7,False
BUK11245,COP,21600000.0,17200000.0,21500000.0,26900000.0,1.0047,0.4536,2026-06-01,3,False
BUK11246,COP,4350000.0,3500000.0,4400000.0,5500000.0,0.9886,0.425,2025-12-31,8,True
BUK11247,CLP,2500000.0,1730000.0,2160000.0,2700000.0,1.1574,0.7938,2024-12-31,20,False
BUK11248,BRL,6800.0,6600.0,8300.0,10400.0,0.8193,0.0526,2025-01-30,19,False
BUK11249,COP,4850000.0,4500000.0,5600000.0,7000000.0,0.8661,0.14,2026-06-01,3,False
BUK11250,COP,2700000.0,2350000.0,2950000.0,3700000.0,0.9153,0.2593,2026-04-01,5,False
BUK11251,COP,4100000.0,3000000.0,3750000.0,4700000.0,1.0933,0.6471,2026-04-01,5,False
BUK11252,BRL,10600.0,9400.0,11800.0,14800.0,0.8983,0.2222,2025-01-27,13,False
BUK11253,CLP,1170000.0,820000.0,1030000.0,1290000.0,1.1359,0.7447,2026-04-01,5,False
BUK11254,MXN,74500.0,69000.0,86500.0,108000.0,0.8613,0.141,2026-04-01,5,False
BUK11255,MXN,18500.0,16500.0,20500.0,25500.0,0.9024,0.2222,2026-07-02,2,False
BUK11256,CLP,1770000.0,1370000.0,1710000.0,2140000.0,1.0351,0.5195,2026-02-06,2,False
BUK11257,CLP,1100000.0,920000.0,1150000.0,1440000.0,0.9565,0.3462,2025-08-31,12,False
BUK11258,BRL,12500.0,10000.0,12500.0,15600.0,1.0,0.4464,2026-04-01,5,False
BUK11259,CLP,1820000.0,1370000.0,1710000.0,2140000.0,1.0643,0.5844,2026-01-30,7,False
BUK11260,BRL,9000.0,7000.0,8800.0,11000.0,1.0227,0.5,2026-06-01,3,False
BUK11261,MXN,45500.0,33000.0,41500.0,52000.0,1.0964,0.6579,2026-02-26,2,False
BUK11262,MXN,42500.0,35500.0,44500.0,55500.0,0.9551,0.35,2025-12-01,9,False
BUK11263,COP,5950000.0,4250000.0,5300000.0,6600000.0,1.1226,0.7234,2026-08-01,1,False
BUK11264,COP,6950000.0,7050000.0,8800000.0,11000000.0,0.7898,-0.0253,2025-10-31,10,False
BUK11265,COP,6750000.0,5300000.0,6600000.0,8250000.0,1.0227,0.4915,2025-12-01,9,False
BUK11266,PEN,7500.0,5100.0,6400.0,8000.0,1.1719,0.8276,2026-01-30,7,False
BUK11267,MXN,48000.0,39500.0,49500.0,62000.0,0.9697,0.3778,2026-05-02,4,True
BUK11268,CLP,700000.0,610000.0,760000.0,950000.0,0.9211,0.2647,2026-07-02,2,False
BUK11269,PEN,8400.0,6800.0,8500.0,10600.0,0.9882,0.4211,2025-12-31,8,True
BUK11270,MXN,28000.0,24500.0,30500.0,38000.0,0.918,0.2593,2026-03-02,6,False
BUK11271,CLP,3450000.0,2160000.0,2700000.0,3380000.0,1.2778,1.0574,2026-01-30,7,False
BUK11272,BRL,8100.0,7000.0,8800.0,11000.0,0.9205,0.275,2026-01-30,7,False
BUK11273,MXN,46500.0,35000.0,43500.0,54500.0,1.069,0.5897,2024-08-31,24,False
BUK11274,COP,6550000.0,6300000.0,7900000.0,9900000.0,0.8291,0.0694,2026-05-02,4,False
BUK11275,CLP,790000.0,580000.0,720000.0,900000.0,1.0972,0.6562,2026-07-02,2,False
BUK11276,MXN,78000.0,71000.0,89000.0,111000.0,0.8764,0.175,2026-01-30,7,False
BUK11277,CLP,3720000.0,3300000.0,4120000.0,5150000.0,0.9029,0.227,2026-04-01,5,False
BUK11278,CLP,1080000.0,860000.0,1080000.0,1350000.0,1.0,0.449,2026-05-02,4,False
BUK11279,CLP,1110000.0,980000.0,1220000.0,1520000.0,0.9098,0.2407,2026-04-01,5,False
BUK11280,CLP,2800000.0,1820000.0,2280000.0,2850000.0,1.2281,0.9515,2026-03-10,4,False
BUK11281,BRL,5100.0,4200.0,5200.0,6500.0,0.9808,0.3913,2026-06-01,3,False
BUK11282,CLP,710000.0,650000.0,810000.0,1010000.0,0.8765,0.1667,2026-05-02,4,False
BUK11283,CLP,1750000.0,1300000.0,1620000.0,2020000.0,1.0802,0.625,2025-12-01,9,False
BUK11284,BRL,5400.0,4500.0,5600.0,7000.0,0.9643,0.36,2025-07-01,14,False
BUK11285,CLP,1540000.0,1300000.0,1620000.0,2020000.0,0.9506,0.3333,2026-05-02,4,False
BUK11286,CLP,980000.0,920000.0,1150000.0,1440000.0,0.8522,0.1154,2025-12-31,8,False
BUK11287,CLP,720000.0,580000.0,720000.0,900000.0,1.0,0.4375,2026-01-30,7,False
BUK11288,PEN,15200.0,11400.0,14300.0,17900.0,1.0629,0.5846,2026-06-01,3,False
BUK11289,MXN,36500.0,37000.0,46000.0,57500.0,0.7935,-0.0244,2025-12-31,8,False
BUK11290,CLP,2390000.0,1840000.0,2300000.0,2880000.0,1.0391,0.5288,2025-08-01,13,False
BUK11291,MXN,40500.0,35000.0,43500.0,54500.0,0.931,0.2821,2026-04-01,5,False
BUK11292,COP,5250000.0,4200000.0,5250000.0,6550000.0,1.0,0.4468,2026-05-02,4,False
BUK11293,PEN,4500.0,4100.0,5100.0,6400.0,0.8824,0.1739,2025-02-26,16,False
BUK11294,CLP,2920000.0,2590000.0,3240000.0,4050000.0,0.9012,0.226,2026-01-30,7,False
BUK11295,CLP,1660000.0,1520000.0,1900000.0,2380000.0,0.8737,0.1628,2025-12-08,5,True
BUK11296,CLP,650000.0,540000.0,680000.0,850000.0,0.9559,0.3548,2026-03-02,6,False
BUK11297,CLP,1400000.0,1300000.0,1620000.0,2020000.0,0.8642,0.1389,2025-08-01,13,False
BUK11298,COP,4050000.0,3150000.0,3950000.0,4950000.0,1.0253,0.5,2026-07-02,2,False
BUK11299,CLP,1400000.0,1140000.0,1420000.0,1780000.0,0.9859,0.4062,2026-05-02,4,False
BUK11300,COP,4050000.0,4050000.0,5050000.0,6300000.0,0.802,0.0,2024-01-31,31,False
BUK11301,PEN,10400.0,8100.0,10100.0,12600.0,1.0297,0.5111,2025-04-01,17,False
BUK11302,CLP,1340000.0,980000.0,1220000.0,1520000.0,1.0984,0.6667,2026-04-01,5,False
BUK11303,COP,6000000.0,4950000.0,6200000.0,7750000.0,0.9677,0.375,2026-06-07,2,False
BUK11304,CLP,1380000.0,1140000.0,1420000.0,1780000.0,0.9718,0.375,2026-05-06,3,False
BUK11305,COP,7950000.0,8100000.0,10150000.0,12700000.0,0.7833,-0.0326,2026-05-02,4,False
BUK11306,CLP,3320000.0,2590000.0,3240000.0,4050000.0,1.0247,0.5,2026-07-02,2,False
BUK11307,MXN,42500.0,39500.0,49500.0,62000.0,0.8586,0.1333,2025-09-12,10,True
BUK11308,COP,10850000.0,8450000.0,10550000.0,13200000.0,1.0284,0.5053,2025-10-01,11,False
BUK11309,CLP,5360000.0,3650000.0,4560000.0,5700000.0,1.1754,0.8341,2025-03-02,18,False
BUK11310,CLP,1550000.0,1080000.0,1350000.0,1690000.0,1.1481,0.7705,2026-06-16,2,True
BUK11311,CLP,1910000.0,1730000.0,2160000.0,2700000.0,0.8843,0.1856,2025-01-30,19,False
BUK11312,CLP,2250000.0,1620000.0,2020000.0,2520000.0,1.1139,0.7,2024-11-30,21,False
BUK11313,MXN,16500.0,13500.0,17000.0,21000.0,0.9706,0.4,2025-05-01,16,True
BUK11314,CLP,3720000.0,3040000.0,3800000.0,4750000.0,0.9789,0.3977,2026-06-26,2,True
BUK11315,CLP,1670000.0,1820000.0,2280000.0,2850000.0,0.7325,-0.1456,2025-12-01,9,False
BUK11316,CLP,2420000.0,1820000.0,2280000.0,2850000.0,1.0614,0.5825,2026-04-13,2,False
BUK11317,CLP,1470000.0,1220000.0,1520000.0,1900000.0,0.9671,0.3676,2026-01-30,7,False
BUK11318,CLP,3250000.0,2480000.0,3100000.0,3880000.0,1.0484,0.55,2026-07-02,2,False
BUK11319,CLP,3930000.0,2880000.0,3600000.0,4500000.0,1.0917,0.6481,2026-05-02,4,False
BUK11320,CLP,1540000.0,1240000.0,1550000.0,1940000.0,0.9935,0.4286,2026-01-30,7,False
BUK11321,CLP,2630000.0,1940000.0,2430000.0,3040000.0,1.0823,0.6273,2025-08-01,13,False
BUK11322,CLP,1620000.0,1370000.0,1710000.0,2140000.0,0.9474,0.3247,2024-09-30,23,False
BUK11323,PEN,5900.0,4100.0,5100.0,6400.0,1.1569,0.7826,2026-07-25,1,False
BUK11324,CLP,1990000.0,1520000.0,1900000.0,2380000.0,1.0474,0.5465,2026-07-02,2,True
BUK11325,BRL,20900.0,18000.0,22500.0,28100.0,0.9289,0.2871,2026-06-01,3,False
BUK11326,CLP,1840000.0,1300000.0,1620000.0,2020000.0,1.1358,0.75,2025-07-01,14,False
BUK11327,CLP,2150000.0,1820000.0,2280000.0,2850000.0,0.943,0.3204,2026-01-22,3,False
BUK11328,CLP,1890000.0,1370000.0,1710000.0,2140000.0,1.1053,0.6753,2026-08-01,1,False
BUK11329,CLP,1710000.0,1300000.0,1620000.0,2020000.0,1.0556,0.5694,2026-07-02,2,False
BUK11330,CLP,1290000.0,980000.0,1220000.0,1520000.0,1.0574,0.5741,2026-08-01,1,False
BUK11331,CLP,1150000.0,810000.0,1010000.0,1260000.0,1.1386,0.7556,2026-04-01,5,False
BUK11332,MXN,26000.0,25000.0,31000.0,39000.0,0.8387,0.0714,2026-04-01,5,False
BUK11333,PEN,5200.0,4100.0,5100.0,6400.0,1.0196,0.4783,2025-06-07,13,False
BUK11334,BRL,9900.0,9400.0,11700.0,14600.0,0.8462,0.0962,2025-01-30,19,False
BUK11335,MXN,56500.0,41000.0,51500.0,64500.0,1.0971,0.6596,2026-06-01,3,False
BUK11336,PEN,5200.0,4100.0,5100.0,6400.0,1.0196,0.4783,2026-01-28,5,False
BUK11337,CLP,970000.0,980000.0,1220000.0,1520000.0,0.7951,-0.0185,2025-10-01,11,False
BUK11338,CLP,1880000.0,1370000.0,1710000.0,2140000.0,1.0994,0.6623,2026-06-01,3,False
BUK11339,CLP,1060000.0,920000.0,1150000.0,1440000.0,0.9217,0.2692,2026-07-02,2,False
BUK11340,MXN,31000.0,23000.0,29000.0,36000.0,1.069,0.6154,2025-09-14,2,False
BUK11341,BRL,6600.0,5800.0,7300.0,9100.0,0.9041,0.2424,2025-01-03,7,False
BUK11342,CLP,4010000.0,3300000.0,4120000.0,5150000.0,0.9733,0.3838,2025-12-31,8,False
BUK11343,CLP,1460000.0,1300000.0,1620000.0,2020000.0,0.9012,0.2222,2025-03-02,18,False
BUK11344,CLP,1280000.0,920000.0,1150000.0,1440000.0,1.113,0.6923,2026-05-02,4,False
BUK11345,CLP,2830000.0,2390000.0,2990000.0,3740000.0,0.9465,0.3259,2026-04-06,3,False
BUK11346,CLP,660000.0,650000.0,810000.0,1010000.0,0.8148,0.0278,2025-05-24,9,False
BUK11347,CLP,1590000.0,1300000.0,1620000.0,2020000.0,0.9815,0.4028,2026-01-30,7,False
BUK11348,CLP,1820000.0,1220000.0,1520000.0,1900000.0,1.1974,0.8824,2025-01-22,16,False
BUK11349,COP,6800000.0,4950000.0,6200000.0,7750000.0,1.0968,0.6607,2026-01-30,7,True
BUK11350,CLP,1510000.0,1300000.0,1620000.0,2020000.0,0.9321,0.2917,2026-08-01,1,False
BUK11351,CLP,690000.0,580000.0,720000.0,900000.0,0.9583,0.3438,2026-04-01,5,False
BUK11352,MXN,33500.0,26000.0,32500.0,40500.0,1.0308,0.5172,2026-06-01,3,False
BUK11353,BRL,5100.0,4700.0,5900.0,7400.0,0.8644,0.1481,2025-01-25,14,False
BUK11354,MXN,23500.0,18500.0,23000.0,29000.0,1.0217,0.4762,2026-04-01,5,False
BUK11355,MXN,14000.0,10500.0,13000.0,16000.0,1.0769,0.6364,2026-03-02,6,False
BUK11356,CLP,1520000.0,1300000.0,1620000.0,2020000.0,0.9383,0.3056,2025-04-04,5,False
BUK11357,CLP,2050000.0,1940000.0,2430000.0,3040000.0,0.8436,0.1,2026-08-01,1,False
BUK11358,MXN,37500.0,25000.0,31000.0,39000.0,1.2097,0.8929,2026-07-02,2,False
BUK11359,CLP,1380000.0,1140000.0,1420000.0,1780000.0,0.9718,0.375,2025-03-02,18,False
BUK11360,CLP,1460000.0,1300000.0,1620000.0,2020000.0,0.9012,0.2222,2025-03-02,18,False
BUK11361,CLP,1390000.0,1240000.0,1550000.0,1940000.0,0.8968,0.2143,2025-07-01,14,False
BUK11362,CLP,890000.0,810000.0,1010000.0,1260000.0,0.8812,0.1778,2026-08-01,1,False
BUK11363,PEN,3900.0,3000.0,3800.0,4800.0,1.0263,0.5,2026-08-01,1,False
BUK11364,CLP,1110000.0,810000.0,1010000.0,1260000.0,1.099,0.6667,2024-03-29,15,False
BUK11365,BRL,7300.0,5500.0,6900.0,8600.0,1.058,0.5806,2026-04-08,3,True
BUK11366,COP,12900000.0,11300000.0,14100000.0,17600000.0,0.9149,0.254,2026-08-01,1,False
BUK11367,CLP,1210000.0,920000.0,1150000.0,1440000.0,1.0522,0.5577,2026-07-02,2,False
BUK11368,MXN,38000.0,29000.0,36000.0,45000.0,1.0556,0.5625,2026-04-01,5,True
BUK11369,PEN,3100.0,2600.0,3200.0,4000.0,0.9688,0.3571,2025-10-31,10,False
BUK11370,CLP,1030000.0,810000.0,1010000.0,1260000.0,1.0198,0.4889,2025-05-27,12,False
BUK11371,MXN,22500.0,20500.0,25500.0,32000.0,0.8824,0.1739,2025-09-23,10,True
BUK11372,CLP,1330000.0,1080000.0,1350000.0,1690000.0,0.9852,0.4098,2026-08-01,1,True
BUK11373,CLP,2350000.0,1770000.0,2210000.0,2760000.0,1.0633,0.5859,2026-05-02,4,False
BUK11374,CLP,1280000.0,860000.0,1080000.0,1350000.0,1.1852,0.8571,2026-06-01,3,False
BUK11375,MXN,29000.0,23500.0,29500.0,37000.0,0.9831,0.4074,2025-10-01,11,False
BUK11376,CLP,1100000.0,980000.0,1220000.0,1520000.0,0.9016,0.2222,2026-01-30,7,False
BUK11377,CLP,780000.0,650000.0,810000.0,1010000.0,0.963,0.3611,2026-05-02,4,False
BUK11378,CLP,1420000.0,1300000.0,1620000.0,2020000.0,0.8765,0.1667,2026-07-02,2,False
BUK11379,MXN,44000.0,37000.0,46000.0,57500.0,0.9565,0.3415,2026-04-27,3,False
BUK11380,CLP,1940000.0,1820000.0,2280000.0,2850000.0,0.8509,0.1165,2025-12-31,8,False
BUK11381,PEN,5300.0,4100.0,5100.0,6400.0,1.0392,0.5217,2026-08-01,1,False
BUK11382,COP,15100000.0,11300000.0,14100000.0,17600000.0,1.0709,0.6032,2025-12-31,8,False
BUK11383,CLP,1100000.0,920000.0,1150000.0,1440000.0,0.9565,0.3462,2026-08-01,1,False
BUK11384,COP,5300000.0,4250000.0,5300000.0,6600000.0,1.0,0.4468,2025-12-31,8,False
BUK11385,CLP,1440000.0,1080000.0,1350000.0,1690000.0,1.0667,0.5902,2025-07-01,14,True
BUK11386,CLP,1390000.0,980000.0,1220000.0,1520000.0,1.1393,0.7593,2026-06-01,3,False
BUK11387,COP,6900000.0,5950000.0,7450000.0,9300000.0,0.9262,0.2836,2026-04-01,5,False
BUK11388,BRL,10200.0,7000.0,8800.0,11000.0,1.1591,0.8,2025-06-01,15,False
BUK11389,COP,5050000.0,3950000.0,4950000.0,6200000.0,1.0202,0.4889,2026-06-01,3,False
BUK11390,CLP,2620000.0,1940000.0,2430000.0,3040000.0,1.0782,0.6182,2026-04-01,5,False
BUK11391,MXN,30000.0,23500.0,29500.0,37000.0,1.0169,0.4815,2025-01-30,19,False
BUK11392,CLP,1280000.0,920000.0,1150000.0,1440000.0,1.113,0.6923,2025-08-31,12,False
BUK11393,CLP,2410000.0,1820000.0,2280000.0,2850000.0,1.057,0.5728,2025-09-23,5,False
BUK11394,CLP,1650000.0,1370000.0,1710000.0,2140000.0,0.9649,0.3636,2026-01-30,7,False
BUK11395,CLP,1120000.0,920000.0,1150000.0,1440000.0,0.9739,0.3846,2026-03-02,6,False
BUK11396,PEN,8900.0,7800.0,9800.0,12200.0,0.9082,0.25,2026-03-31,4,False
BUK11397,COP,6100000.0,4250000.0,5300000.0,6600000.0,1.1509,0.7872,2025-12-31,8,False
BUK11398,MXN,67000.0,67000.0,83500.0,104500.0,0.8024,0.0,2026-02-10,2,False
BUK11399,PEN,9000.0,8200.0,10200.0,12800.0,0.8824,0.1739,2026-05-13,2,False
BUK11400,CLP,1670000.0,1300000.0,1620000.0,2020000.0,1.0309,0.5139,2025-12-31,8,False
BUK11401,CLP,1740000.0,1370000.0,1710000.0,2140000.0,1.0175,0.4805,2026-06-01,3,False
BUK11402,COP,12000000.0,11300000.0,14100000.0,17600000.0,0.8511,0.1111,2025-06-01,15,False
BUK11403,CLP,3500000.0,2590000.0,3240000.0,4050000.0,1.0802,0.6233,2025-12-01,9,False
BUK11404,CLP,2970000.0,2160000.0,2700000.0,3380000.0,1.1,0.6639,2026-05-07,3,False
BUK11405,CLP,2080000.0,1820000.0,2280000.0,2850000.0,0.9123,0.2524,2025-12-01,9,False
BUK11406,CLP,680000.0,610000.0,760000.0,950000.0,0.8947,0.2059,2026-04-01,5,False
BUK11407,CLP,2300000.0,1870000.0,2340000.0,2920000.0,0.9829,0.4095,2025-03-02,18,False
BUK11408,CLP,2380000.0,1820000.0,2280000.0,2850000.0,1.0439,0.5437,2026-08-01,1,False
BUK11409,CLP,3180000.0,2080000.0,2600000.0,3250000.0,1.2231,0.9402,2026-01-30,7,False
BUK11410,COP,5200000.0,4250000.0,5300000.0,6600000.0,0.9811,0.4043,2026-06-01,3,False
BUK11411,CLP,1900000.0,1770000.0,2210000.0,2760000.0,0.8597,0.1313,2026-05-02,4,False
BUK11412,CLP,1670000.0,1300000.0,1620000.0,2020000.0,1.0309,0.5139,2025-10-01,11,False
BUK11413,CLP,1400000.0,1140000.0,1420000.0,1780000.0,0.9859,0.4062,2026-05-02,4,False
BUK11414,COP,5800000.0,3950000.0,4950000.0,6200000.0,1.1717,0.8222,2026-02-01,2,False
BUK11415,CLP,1040000.0,810000.0,1010000.0,1260000.0,1.0297,0.5111,2026-07-02,2,False
BUK11416,CLP,2050000.0,1620000.0,2020000.0,2520000.0,1.0149,0.4778,2026-06-01,3,False
BUK11417,CLP,2480000.0,2590000.0,3240000.0,4050000.0,0.7654,-0.0753,2026-06-01,3,False
BUK11418,CLP,2640000.0,2160000.0,2700000.0,3380000.0,0.9778,0.3934,2026-05-02,4,True
BUK11419,CLP,1140000.0,860000.0,1080000.0,1350000.0,1.0556,0.5714,2026-07-02,2,False
BUK11420,MXN,16500.0,15000.0,19000.0,24000.0,0.8684,0.1667,2026-05-02,4,False
BUK11421,CLP,2140000.0,1840000.0,2300000.0,2880000.0,0.9304,0.2885,2026-08-01,1,False
BUK11422,CLP,1000000.0,810000.0,1010000.0,1260000.0,0.9901,0.4222,2026-05-29,2,False
BUK11423,CLP,1410000.0,1080000.0,1350000.0,1690000.0,1.0444,0.541,2025-09-18,8,True
BUK11424,CLP,4040000.0,3310000.0,4140000.0,5180000.0,0.9758,0.3904,2026-06-01,3,False
BUK11425,CLP,2340000.0,1820000.0,2280000.0,2850000.0,1.0263,0.5049,2026-04-29,2,False
BUK11426,CLP,1990000.0,1840000.0,2300000.0,2880000.0,0.8652,0.1442,2026-06-01,3,False
BUK11427,COP,5850000.0,4500000.0,5600000.0,7000000.0,1.0446,0.54,2025-10-18,6,False
BUK11428,MXN,52000.0,41000.0,51500.0,64500.0,1.0097,0.4681,2025-10-31,10,True
BUK11429,CLP,1340000.0,1220000.0,1520000.0,1900000.0,0.8816,0.1765,2026-02-28,6,False
BUK11430,CLP,2640000.0,1740000.0,2180000.0,2720000.0,1.211,0.9184,2026-08-01,1,False
BUK11431,PEN,11400.0,10900.0,13600.0,17000.0,0.8382,0.082,2026-08-01,1,False
BUK11432,MXN,10500.0,10500.0,13000.0,16000.0,0.8077,0.0,2025-11-11,5,False
BUK11433,BRL,10100.0,7000.0,8800.0,11000.0,1.1477,0.775,2026-07-02,2,False
BUK11434,CLP,2580000.0,2160000.0,2700000.0,3380000.0,0.9556,0.3443,2026-05-02,4,True
BUK11435,CLP,2090000.0,1770000.0,2210000.0,2760000.0,0.9457,0.3232,2026-07-02,2,False
BUK11436,PEN,11600.0,8200.0,10200.0,12800.0,1.1373,0.7391,2025-07-01,14,False
BUK11437,MXN,14000.0,11500.0,14500.0,18000.0,0.9655,0.3846,2025-01-16,16,False
BUK11438,CLP,1770000.0,1370000.0,1710000.0,2140000.0,1.0351,0.5195,2026-04-01,5,False
BUK11439,MXN,14000.0,12500.0,15500.0,19500.0,0.9032,0.2143,2026-06-19,1,False
BUK11440,MXN,26000.0,24500.0,30500.0,38000.0,0.8525,0.1111,2025-06-01,15,False
BUK11441,COP,5050000.0,4500000.0,5600000.0,7000000.0,0.9018,0.22,2026-01-06,2,False
BUK11442,CLP,2950000.0,2590000.0,3240000.0,4050000.0,0.9105,0.2466,2025-07-09,11,False
BUK11443,BRL,6200.0,4700.0,5900.0,7400.0,1.0508,0.5556,2025-11-12,5,False
BUK11444,MXN,48500.0,49000.0,61500.0,77000.0,0.7886,-0.0179,2025-01-16,6,False
BUK11445,CLP,1500000.0,1240000.0,1550000.0,1940000.0,0.9677,0.3714,2026-07-02,2,False
BUK11446,MXN,28500.0,25000.0,31000.0,39000.0,0.9194,0.25,2026-07-02,2,False
BUK11447,BRL,11700.0,9400.0,11700.0,14600.0,1.0,0.4423,2025-12-31,8,False
BUK11448,CLP,2210000.0,1940000.0,2430000.0,3040000.0,0.9095,0.2455,2024-11-14,10,False
BUK11449,CLP,2510000.0,1940000.0,2430000.0,3040000.0,1.0329,0.5182,2026-08-01,1,False
BUK11450,CLP,2450000.0,2160000.0,2700000.0,3380000.0,0.9074,0.2377,2025-12-31,8,True
BUK11451,CLP,1200000.0,920000.0,1150000.0,1440000.0,1.0435,0.5385,2025-12-31,8,False
BUK11452,PEN,3600.0,3400.0,4200.0,5200.0,0.8571,0.1111,2026-03-02,6,True
BUK11453,CLP,1120000.0,920000.0,1150000.0,1440000.0,0.9739,0.3846,2025-12-01,9,False
BUK11454,MXN,14500.0,12500.0,15500.0,19500.0,0.9355,0.2857,2025-01-25,11,False
BUK11455,CLP,590000.0,540000.0,680000.0,850000.0,0.8676,0.1613,2026-06-01,3,False
BUK11456,PEN,6100.0,4800.0,6000.0,7500.0,1.0167,0.4815,2026-06-01,3,True
BUK11457,COP,7400000.0,5700000.0,7100000.0,8900000.0,1.0423,0.5312,2026-06-01,3,False
BUK11458,CLP,1200000.0,860000.0,1080000.0,1350000.0,1.1111,0.6939,2025-06-01,15,False
BUK11459,CLP,590000.0,540000.0,680000.0,850000.0,0.8676,0.1613,2026-03-02,6,False
BUK11460,MXN,19000.0,17500.0,22000.0,27500.0,0.8636,0.15,2023-08-14,36,False
BUK11461,PEN,5400.0,4800.0,6000.0,7500.0,0.9,0.2222,2025-08-31,12,True
BUK11462,COP,5100000.0,4500000.0,5600000.0,7000000.0,0.9107,0.24,2026-03-02,6,False
BUK11463,CLP,3210000.0,2740000.0,3420000.0,4280000.0,0.9386,0.3052,2026-04-01,5,False
BUK11464,MXN,20000.0,15000.0,19000.0,24000.0,1.0526,0.5556,2026-08-01,1,False
BUK11465,CLP,3010000.0,2450000.0,3060000.0,3820000.0,0.9837,0.4088,2026-04-27,2,False
BUK11466,CLP,1340000.0,1300000.0,1620000.0,2020000.0,0.8272,0.0556,2026-01-02,7,False
BUK11467,CLP,2150000.0,1740000.0,2180000.0,2720000.0,0.9862,0.4184,2026-06-01,3,False
BUK11468,BRL,19800.0,15600.0,19500.0,24400.0,1.0154,0.4773,2026-08-01,1,True
BUK11469,CLP,1050000.0,980000.0,1220000.0,1520000.0,0.8607,0.1296,2026-03-02,6,False
BUK11470,CLP,940000.0,980000.0,1220000.0,1520000.0,0.7705,-0.0741,2026-08-01,1,False
BUK11471,CLP,1670000.0,1300000.0,1620000.0,2020000.0,1.0309,0.5139,2025-05-01,16,False
BUK11472,CLP,850000.0,810000.0,1010000.0,1260000.0,0.8416,0.0889,2026-05-16,1,False
BUK11473,CLP,2140000.0,1770000.0,2210000.0,2760000.0,0.9683,0.3737,2026-06-29,2,False
BUK11474,PEN,9800.0,7800.0,9800.0,12200.0,1.0,0.4545,2026-06-01,3,False
BUK11475,CLP,1150000.0,920000.0,1150000.0,1440000.0,1.0,0.4423,2026-05-28,1,False
BUK11476,CLP,1430000.0,1240000.0,1550000.0,1940000.0,0.9226,0.2714,2024-01-31,31,False
BUK11477,CLP,1170000.0,1080000.0,1350000.0,1690000.0,0.8667,0.1475,2024-07-31,25,True
BUK11478,MXN,13500.0,12500.0,15500.0,19500.0,0.871,0.1429,2026-05-02,4,False
BUK11479,BRL,3000.0,3000.0,3700.0,4600.0,0.8108,0.0,2026-03-02,6,False
BUK11480,CLP,640000.0,540000.0,680000.0,850000.0,0.9412,0.3226,2025-09-30,6,False
BUK11481,BRL,5800.0,4700.0,5900.0,7400.0,0.9831,0.4074,2026-07-02,2,False
BUK11482,COP,6750000.0,4950000.0,6200000.0,7750000.0,1.0887,0.6429,2025-08-31,12,True
BUK11483,CLP,1830000.0,1520000.0,1900000.0,2380000.0,0.9632,0.3605,2026-03-02,6,True
BUK11484,CLP,1000000.0,920000.0,1150000.0,1440000.0,0.8696,0.1538,2026-04-01,5,False
BUK11485,MXN,31500.0,26000.0,32500.0,40500.0,0.9692,0.3793,2026-07-02,2,False
BUK11486,CLP,2920000.0,2880000.0,3600000.0,4500000.0,0.8111,0.0247,2026-06-30,2,True
BUK11487,MXN,44500.0,35500.0,44500.0,55500.0,1.0,0.45,2024-12-31,20,False
BUK11488,CLP,2070000.0,1870000.0,2340000.0,2920000.0,0.8846,0.1905,2024-12-25,6,False
BUK11489,COP,3950000.0,3700000.0,4650000.0,5800000.0,0.8495,0.119,2025-03-25,7,False
BUK11490,CLP,1970000.0,1370000.0,1710000.0,2140000.0,1.152,0.7792,2026-04-01,5,False
BUK11491,MXN,46000.0,35000.0,43500.0,54500.0,1.0575,0.5641,2026-08-01,1,False
BUK11492,CLP,1680000.0,1140000.0,1420000.0,1780000.0,1.1831,0.8438,2026-02-19,1,False
BUK11493,MXN,15500.0,15000.0,19000.0,24000.0,0.8158,0.0556,2025-06-19,11,False
BUK11494,CLP,1260000.0,1140000.0,1420000.0,1780000.0,0.8873,0.1875,2025-05-01,16,False
BUK11495,CLP,2560000.0,2160000.0,2700000.0,3380000.0,0.9481,0.3279,2026-06-01,3,True
BUK11496,CLP,1770000.0,1370000.0,1710000.0,2140000.0,1.0351,0.5195,2026-03-02,6,False
BUK11497,BRL,4100.0,3400.0,4200.0,5200.0,0.9762,0.3889,2026-05-02,4,False
BUK11498,CLP,3450000.0,2590000.0,3240000.0,4050000.0,1.0648,0.589,2025-10-31,10,False
BUK11499,MXN,26000.0,23500.0,29500.0,37000.0,0.8814,0.1852,2025-04-26,6,False
BUK11500,BRL,9100.0,7000.0,8800.0,11000.0,1.0341,0.525,2025-12-31,3,False
BUK11501,PEN,7200.0,6100.0,7600.0,9500.0,0.9474,0.3235,2024-08-31,24,False
BUK11502,CLP,1480000.0,1370000.0,1710000.0,2140000.0,0.8655,0.1429,2026-03-02,6,False
BUK11503,CLP,3030000.0,1940000.0,2430000.0,3040000.0,1.2469,0.9909,2026-05-02,4,False
BUK11504,CLP,3340000.0,2580000.0,3230000.0,4040000.0,1.0341,0.5205,2025-12-31,8,False
BUK11505,CLP,1000000.0,810000.0,1010000.0,1260000.0,0.9901,0.4222,2023-07-10,23,False
BUK11506,BRL,4900.0,4200.0,5300.0,6600.0,0.9245,0.2917,2025-09-02,1,False
BUK11507,CLP,1490000.0,1240000.0,1550000.0,1940000.0,0.9613,0.3571,2026-04-01,5,False
BUK11508,MXN,44000.0,35000.0,43500.0,54500.0,1.0115,0.4615,2025-08-31,12,False
BUK11509,CLP,2450000.0,2480000.0,3100000.0,3880000.0,0.7903,-0.0214,2024-10-31,22,False
BUK11510,CLP,1290000.0,980000.0,1220000.0,1520000.0,1.0574,0.5741,2025-12-31,8,False
BUK11511,MXN,23000.0,18500.0,23000.0,29000.0,1.0,0.4286,2025-10-01,11,False
BUK11512,PEN,2000.0,1700.0,2100.0,2600.0,0.9524,0.3333,2026-06-01,3,False
BUK11513,CLP,2280000.0,1820000.0,2280000.0,2850000.0,1.0,0.4466,2025-12-31,8,False
BUK11514,CLP,2290000.0,1730000.0,2160000.0,2700000.0,1.0602,0.5773,2024-08-31,24,False
BUK11515,CLP,1710000.0,1300000.0,1620000.0,2020000.0,1.0556,0.5694,2026-05-02,4,False
BUK11516,CLP,1620000.0,1300000.0,1620000.0,2020000.0,1.0,0.4444,2026-04-01,5,False
BUK11517,CLP,1800000.0,1300000.0,1620000.0,2020000.0,1.1111,0.6944,2025-07-01,14,False
BUK11518,CLP,4050000.0,3040000.0,3800000.0,4750000.0,1.0658,0.5906,2025-08-31,12,True
BUK11519,CLP,1650000.0,1300000.0,1620000.0,2020000.0,1.0185,0.4861,2025-05-01,16,False
BUK11520,PEN,3300.0,2700.0,3400.0,4200.0,0.9706,0.4,2026-05-02,4,False
BUK11521,CLP,1410000.0,1300000.0,1620000.0,2020000.0,0.8704,0.1528,2026-01-17,2,False
BUK11522,COP,2450000.0,1900000.0,2350000.0,2950000.0,1.0426,0.5238,2026-08-01,1,False
BUK11523,CLP,2020000.0,1940000.0,2430000.0,3040000.0,0.8313,0.0727,2025-07-01,14,False
BUK11524,CLP,2110000.0,1620000.0,2020000.0,2520000.0,1.0446,0.5444,2026-07-02,2,False
BUK11525,CLP,1540000.0,1300000.0,1620000.0,2020000.0,0.9506,0.3333,2026-06-03,2,False
BUK11526,CLP,2220000.0,1820000.0,2280000.0,2850000.0,0.9737,0.3883,2025-10-14,2,False
BUK11527,CLP,1220000.0,810000.0,1010000.0,1260000.0,1.2079,0.9111,2026-04-01,5,False
BUK11528,PEN,2600.0,2000.0,2500.0,3100.0,1.04,0.5455,2025-08-31,12,False
BUK11529,CLP,2030000.0,1620000.0,2020000.0,2520000.0,1.005,0.4556,2025-08-11,4,False
BUK11530,CLP,1730000.0,1220000.0,1520000.0,1900000.0,1.1382,0.75,2026-05-02,4,False
BUK11531,CLP,1750000.0,1520000.0,1900000.0,2380000.0,0.9211,0.2674,2026-04-01,5,True
BUK11532,MXN,18000.0,12500.0,15500.0,19500.0,1.1613,0.7857,2025-11-12,6,False
BUK11533,CLP,870000.0,810000.0,1010000.0,1260000.0,0.8614,0.1333,2026-07-02,2,False
BUK11534,MXN,48000.0,41000.0,51500.0,64500.0,0.932,0.2979,2025-10-01,11,True
BUK11535,BRL,4000.0,3400.0,4200.0,5200.0,0.9524,0.3333,2026-06-01,3,False
BUK11536,COP,2400000.0,2350000.0,2950000.0,3700000.0,0.8136,0.037,2026-06-25,2,True
BUK11537,MXN,31000.0,25000.0,31000.0,39000.0,1.0,0.4286,2025-12-01,9,False
BUK11538,MXN,14500.0,11000.0,13500.0,17000.0,1.0741,0.5833,2024-11-20,2,False
BUK11539,CLP,4230000.0,3500000.0,4370000.0,5460000.0,0.968,0.3724,2026-08-01,1,False
BUK11540,PEN,4800.0,4300.0,5400.0,6800.0,0.8889,0.2,2026-06-01,3,False
BUK11541,MXN,15000.0,12500.0,15500.0,19500.0,0.9677,0.3571,2025-12-01,9,False
BUK11542,CLP,1490000.0,1220000.0,1520000.0,1900000.0,0.9803,0.3971,2025-08-01,13,False
BUK11543,CLP,1780000.0,1660000.0,2080000.0,2600000.0,0.8558,0.1277,2025-11-14,3,False
BUK11544,COP,5650000.0,4950000.0,6200000.0,7750000.0,0.9113,0.25,2026-08-01,1,True
BUK11545,CLP,1450000.0,1140000.0,1420000.0,1780000.0,1.0211,0.4844,2026-03-02,6,False
BUK11546,PEN,7900.0,6600.0,8200.0,10200.0,0.9634,0.3611,2026-01-30,7,True
BUK11547,CLP,1470000.0,1240000.0,1550000.0,1940000.0,0.9484,0.3286,2025-12-01,9,False
BUK11548,CLP,970000.0,860000.0,1080000.0,1350000.0,0.8981,0.2245,2026-05-02,4,False
BUK11549,CLP,1590000.0,1300000.0,1620000.0,2020000.0,0.9815,0.4028,2026-01-30,7,False
BUK11550,CLP,1440000.0,1080000.0,1350000.0,1690000.0,1.0667,0.5902,2026-08-01,1,True
BUK11551,CLP,2370000.0,1820000.0,2280000.0,2850000.0,1.0395,0.534,2024-07-04,6,False
BUK11552,PEN,12400.0,9500.0,11900.0,14900.0,1.042,0.537,2026-04-01,5,True
BUK11553,MXN,18000.0,13500.0,17000.0,21000.0,1.0588,0.6,2025-12-31,8,True
BUK11554,COP,5300000.0,4950000.0,6200000.0,7750000.0,0.8548,0.125,2026-08-01,1,True
BUK11555,MXN,63500.0,49000.0,61500.0,77000.0,1.0325,0.5179,2025-03-02,18,False
BUK11556,PEN,19300.0,15800.0,19800.0,24800.0,0.9747,0.3889,2026-01-30,7,False
BUK11557,MXN,50500.0,47500.0,59500.0,74500.0,0.8487,0.1111,2024-07-01,26,False
BUK11558,CLP,2070000.0,1730000.0,2160000.0,2700000.0,0.9583,0.3505,2026-04-17,2,False
BUK11559,COP,4900000.0,4250000.0,5300000.0,6600000.0,0.9245,0.2766,2025-10-01,11,False
BUK11560,PEN,4600.0,3400.0,4200.0,5200.0,1.0952,0.6667,2026-08-01,1,True
BUK11561,COP,4400000.0,4500000.0,5600000.0,7000000.0,0.7857,-0.04,2026-08-01,1,False
BUK11562,CLP,890000.0,650000.0,810000.0,1010000.0,1.0988,0.6667,2023-05-05,23,False
BUK11563,CLP,1950000.0,1560000.0,1950000.0,2440000.0,1.0,0.4432,2023-11-25,13,False
BUK11564,CLP,970000.0,720000.0,900000.0,1120000.0,1.0778,0.625,2026-07-02,2,True
BUK11565,MXN,23500.0,20500.0,25500.0,32000.0,0.9216,0.2609,2026-07-02,2,True
BUK11566,CLP,1720000.0,1370000.0,1710000.0,2140000.0,1.0058,0.4545,2026-05-02,4,False
BUK11567,CLP,1680000.0,1300000.0,1620000.0,2020000.0,1.037,0.5278,2026-04-01,5,False
BUK11568,COP,7150000.0,5950000.0,7450000.0,9300000.0,0.9597,0.3582,2026-06-01,3,False
BUK11569,MXN,26500.0,21500.0,27000.0,34000.0,0.9815,0.4,2025-08-31,12,False
BUK11570,PEN,5700.0,4300.0,5400.0,6800.0,1.0556,0.56,2026-03-28,4,False
BUK11571,CLP,2090000.0,1820000.0,2280000.0,2850000.0,0.9167,0.2621,2025-04-01,17,False
BUK11572,CLP,1520000.0,1220000.0,1520000.0,1900000.0,1.0,0.4412,2025-08-07,5,False
BUK11573,CLP,3670000.0,2500000.0,3120000.0,3900000.0,1.1763,0.8357,2025-03-02,18,False
BUK11574,COP,3650000.0,2700000.0,3350000.0,4200000.0,1.0896,0.6333,2025-10-31,10,False
BUK11575,CLP,1940000.0,1840000.0,2300000.0,2880000.0,0.8435,0.0962,2025-10-31,10,False
BUK11576,CLP,2050000.0,1620000.0,2020000.0,2520000.0,1.0149,0.4778,2026-05-02,4,False
BUK11577,PEN,8300.0,5800.0,7200.0,9000.0,1.1528,0.7812,2025-10-31,10,False
BUK11578,MXN,47000.0,49000.0,61500.0,77000.0,0.7642,-0.0714,2024-06-01,27,False
BUK11579,CLP,1630000.0,1300000.0,1620000.0,2020000.0,1.0062,0.4583,2026-04-01,5,False
BUK11580,CLP,3150000.0,2500000.0,3120000.0,3900000.0,1.0096,0.4643,2025-06-01,15,False
BUK11581,MXN,22000.0,18500.0,23000.0,29000.0,0.9565,0.3333,2025-11-19,5,False
BUK11582,MXN,75000.0,69000.0,86500.0,108000.0,0.8671,0.1538,2025-07-01,14,False
BUK11583,CLP,790000.0,610000.0,760000.0,950000.0,1.0395,0.5294,2025-06-01,15,False
BUK11584,CLP,2570000.0,2160000.0,2700000.0,3380000.0,0.9519,0.3361,2026-07-21,1,False
BUK11585,PEN,2700.0,2600.0,3200.0,4000.0,0.8438,0.0714,2025-10-31,10,False
BUK11586,CLP,2110000.0,1520000.0,1900000.0,2380000.0,1.1105,0.686,2025-08-04,1,True
BUK11587,CLP,4840000.0,3650000.0,4560000.0,5700000.0,1.0614,0.5805,2025-12-31,8,False
BUK11588,COP,5350000.0,4500000.0,5600000.0,7000000.0,0.9554,0.34,2026-08-01,1,False
BUK11589,CLP,1170000.0,980000.0,1220000.0,1520000.0,0.959,0.3519,2026-04-15,1,False
BUK11590,MXN,20500.0,16500.0,20500.0,25500.0,1.0,0.4444,2024-10-31,22,False
BUK11591,BRL,4900.0,4200.0,5200.0,6500.0,0.9423,0.3043,2026-03-02,6,False
BUK11592,MXN,17500.0,16500.0,20500.0,25500.0,0.8537,0.1111,2026-07-02,2,False
BUK11593,CLP,1340000.0,1140000.0,1420000.0,1780000.0,0.9437,0.3125,2026-05-02,4,False
BUK11594,BRL,14800.0,12800.0,16000.0,20000.0,0.925,0.2778,2026-06-01,3,False
BUK11595,CLP,1510000.0,1240000.0,1550000.0,1940000.0,0.9742,0.3857,2026-01-01,3,False
BUK11596,CLP,2790000.0,1870000.0,2340000.0,2920000.0,1.1923,0.8762,2024-06-01,27,False
BUK11597,CLP,1190000.0,920000.0,1150000.0,1440000.0,1.0348,0.5192,2026-05-02,4,False
BUK11598,MXN,46000.0,33000.0,41500.0,52000.0,1.1084,0.6842,2026-06-01,3,False
BUK11599,CLP,3060000.0,2430000.0,3040000.0,3800000.0,1.0066,0.4599,2025-01-03,7,False
BUK11600,MXN,52000.0,35500.0,44500.0,55500.0,1.1685,0.825,2026-08-01,1,False
BUK11601,BRL,8900.0,6600.0,8300.0,10400.0,1.0723,0.6053,2025-12-01,9,False
BUK11602,MXN,43500.0,35000.0,43500.0,54500.0,1.0,0.4359,2026-05-02,4,False
BUK11603,CLP,1870000.0,1300000.0,1620000.0,2020000.0,1.1543,0.7917,2026-05-02,4,False
BUK11604,COP,6800000.0,5650000.0,7050000.0,8800000.0,0.9645,0.3651,2026-06-01,3,False
BUK11605,PEN,5600.0,5800.0,7200.0,9000.0,0.7778,-0.0625,2026-06-01,3,False
BUK11606,CLP,1910000.0,1840000.0,2300000.0,2880000.0,0.8304,0.0673,2025-10-10,4,False
BUK11607,MXN,40500.0,33500.0,42000.0,52500.0,0.9643,0.3684,2026-05-02,4,False
BUK11608,CLP,1280000.0,980000.0,1220000.0,1520000.0,1.0492,0.5556,2026-07-02,2,False
BUK11609,CLP,850000.0,610000.0,760000.0,950000.0,1.1184,0.7059,2025-03-02,18,False
BUK11610,BRL,4500.0,3700.0,4600.0,5800.0,0.9783,0.381,2025-01-14,9,True
BUK11611,CLP,1600000.0,1300000.0,1620000.0,2020000.0,0.9877,0.4167,2025-10-31,10,False
BUK11612,CLP,2520000.0,1620000.0,2020000.0,2520000.0,1.2475,1.0,2025-06-01,15,False
BUK11613,CLP,1330000.0,980000.0,1220000.0,1520000.0,1.0902,0.6481,2025-10-31,10,False
BUK11614,CLP,2280000.0,2160000.0,2700000.0,3380000.0,0.8444,0.0984,2025-12-01,9,True
BUK11615,CLP,1130000.0,860000.0,1080000.0,1350000.0,1.0463,0.551,2025-03-12,7,False
BUK11616,MXN,17000.0,13500.0,17000.0,21000.0,1.0,0.4667,2025-12-28,6,False
BUK11617,CLP,3130000.0,2590000.0,3240000.0,4050000.0,0.966,0.3699,2026-04-01,5,False
BUK11618,CLP,1670000.0,1370000.0,1710000.0,2140000.0,0.9766,0.3896,2026-04-01,5,False
BUK11619,CLP,1950000.0,1820000.0,2280000.0,2850000.0,0.8553,0.1262,2024-08-06,3,False
BUK11620,CLP,1920000.0,1520000.0,1900000.0,2380000.0,1.0105,0.4651,2026-06-01,3,True
BUK11621,CLP,2060000.0,1520000.0,1900000.0,2380000.0,1.0842,0.6279,2025-08-31,12,True
BUK11622,BRL,16500.0,14800.0,18500.0,23100.0,0.8919,0.2048,2026-07-02,2,False
BUK11623,PEN,11400.0,9500.0,11900.0,14900.0,0.958,0.3519,2026-04-01,5,True
BUK11624,MXN,40000.0,35000.0,43500.0,54500.0,0.9195,0.2564,2025-08-31,12,False
BUK11625,CLP,2960000.0,2580000.0,3230000.0,4040000.0,0.9164,0.2603,2025-10-31,10,False
BUK11626,MXN,11500.0,11500.0,14500.0,18000.0,0.7931,0.0,2026-07-02,2,False
BUK11627,PEN,4700.0,4100.0,5100.0,6400.0,0.9216,0.2609,2025-11-22,6,False
BUK11628,CLP,1510000.0,1300000.0,1620000.0,2020000.0,0.9321,0.2917,2026-07-02,2,False
BUK11629,COP,6750000.0,5950000.0,7450000.0,9300000.0,0.906,0.2388,2026-08-01,1,False
BUK11630,CLP,1880000.0,1370000.0,1710000.0,2140000.0,1.0994,0.6623,2026-04-01,5,False
BUK11631,PEN,3100.0,2600.0,3200.0,4000.0,0.9688,0.3571,2026-04-01,5,False
BUK11632,CLP,1170000.0,860000.0,1080000.0,1350000.0,1.0833,0.6327,2026-03-02,6,False
BUK11633,COP,2250000.0,1750000.0,2200000.0,2750000.0,1.0227,0.5,2025-10-31,10,False
BUK11634,PEN,3400.0,2900.0,3600.0,4500.0,0.9444,0.3125,2025-10-01,11,False
BUK11635,CLP,1080000.0,980000.0,1220000.0,1520000.0,0.8852,0.1852,2026-03-02,6,False
BUK11636,CLP,3160000.0,2280000.0,2850000.0,3560000.0,1.1088,0.6875,2024-10-25,3,False
BUK11637,CLP,1530000.0,1300000.0,1620000.0,2020000.0,0.9444,0.3194,2026-06-01,3,False
BUK11638,CLP,1030000.0,810000.0,1010000.0,1260000.0,1.0198,0.4889,2025-08-31,12,False
BUK11639,CLP,690000.0,540000.0,680000.0,850000.0,1.0147,0.4839,2025-10-31,10,False
BUK11640,COP,4300000.0,3500000.0,4400000.0,5500000.0,0.9773,0.4,2025-10-01,11,True
BUK11641,CLP,2930000.0,2590000.0,3240000.0,4050000.0,0.9043,0.2329,2026-04-01,5,False
BUK11642,BRL,6900.0,6600.0,8300.0,10400.0,0.8313,0.0789,2025-10-30,2,False
BUK11643,COP,7600000.0,6300000.0,7900000.0,9900000.0,0.962,0.3611,2025-12-01,9,False
BUK11644,MXN,16000.0,11500.0,14500.0,18000.0,1.1034,0.6923,2026-08-01,1,False
BUK11645,CLP,1180000.0,810000.0,1010000.0,1260000.0,1.1683,0.8222,2024-02-28,17,False
BUK11646,BRL,9000.0,6600.0,8300.0,10400.0,1.0843,0.6316,2026-07-02,2,False
BUK11647,COP,4550000.0,3500000.0,4400000.0,5500000.0,1.0341,0.525,2025-03-21,9,True
BUK11648,BRL,8100.0,5800.0,7300.0,9100.0,1.1096,0.697,2026-04-01,5,False
BUK11649,CLP,3280000.0,2590000.0,3240000.0,4050000.0,1.0123,0.4726,2025-07-01,14,False
BUK11650,BRL,7600.0,6600.0,8300.0,10400.0,0.9157,0.2632,2026-07-02,2,False
BUK11651,CLP,1500000.0,1240000.0,1550000.0,1940000.0,0.9677,0.3714,2026-07-02,2,False
BUK11652,CLP,2330000.0,1740000.0,2180000.0,2720000.0,1.0688,0.602,2025-01-30,19,False
BUK11653,COP,6350000.0,5650000.0,7050000.0,8800000.0,0.9007,0.2222,2025-10-31,10,False
BUK11654,CLP,800000.0,610000.0,760000.0,950000.0,1.0526,0.5588,2026-08-01,1,False
BUK11655,CLP,3200000.0,2590000.0,3240000.0,4050000.0,0.9877,0.4178,2024-11-30,21,False
BUK11656,BRL,13900.0,12800.0,16000.0,20000.0,0.8688,0.1528,2026-03-02,6,False
BUK11657,CLP,2120000.0,1740000.0,2180000.0,2720000.0,0.9725,0.3878,2025-12-24,7,False
BUK11658,PEN,3400.0,2600.0,3200.0,4000.0,1.0625,0.5714,2026-08-01,1,False
BUK11659,COP,4550000.0,2800000.0,3500000.0,4400000.0,1.3,1.0938,2025-08-01,13,False
BUK11660,CLP,3240000.0,2590000.0,3240000.0,4050000.0,1.0,0.4452,2025-12-31,8,False
BUK11661,MXN,31500.0,23000.0,29000.0,36000.0,1.0862,0.6538,2025-12-31,8,False
BUK11662,CLP,2360000.0,1740000.0,2180000.0,2720000.0,1.0826,0.6327,2026-04-01,5,False
BUK11663,MXN,28500.0,23000.0,29000.0,36000.0,0.9828,0.4231,2025-12-31,8,False
BUK11664,CLP,1440000.0,1300000.0,1620000.0,2020000.0,0.8889,0.1944,2026-08-01,1,False
BUK11665,COP,7800000.0,7050000.0,8800000.0,11000000.0,0.8864,0.1899,2026-07-02,2,True
BUK11666,CLP,3050000.0,2160000.0,2700000.0,3380000.0,1.1296,0.7295,2026-03-02,6,True
BUK11667,CLP,3940000.0,2590000.0,3240000.0,4050000.0,1.216,0.9247,2025-05-01,16,False
BUK11668,CLP,1230000.0,980000.0,1220000.0,1520000.0,1.0082,0.463,2025-04-01,17,False
BUK11669,BRL,3100.0,3000.0,3700.0,4600.0,0.8378,0.0625,2025-07-01,14,False
BUK11670,MXN,31500.0,24500.0,30500.0,38000.0,1.0328,0.5185,2025-10-19,5,False
BUK11671,COP,6650000.0,4950000.0,6200000.0,7750000.0,1.0726,0.6071,2024-08-14,3,True
BUK11672,CLP,2520000.0,1820000.0,2280000.0,2850000.0,1.1053,0.6796,2026-06-01,3,False
BUK11673,CLP,1160000.0,860000.0,1080000.0,1350000.0,1.0741,0.6122,2025-05-01,16,False
BUK11674,CLP,1820000.0,1520000.0,1900000.0,2380000.0,0.9579,0.3488,2025-12-01,9,True
BUK11675,CLP,1050000.0,860000.0,1080000.0,1350000.0,0.9722,0.3878,2026-05-21,2,False
BUK11676,MXN,51500.0,35500.0,44500.0,55500.0,1.1573,0.8,2024-10-22,17,False
BUK11677,CLP,810000.0,720000.0,900000.0,1120000.0,0.9,0.225,2026-04-01,2,True
BUK11678,CLP,2570000.0,2160000.0,2700000.0,3380000.0,0.9519,0.3361,2026-08-01,1,True
BUK11679,MXN,22000.0,20500.0,25500.0,32000.0,0.8627,0.1304,2026-06-01,3,True
BUK11680,COP,6200000.0,4500000.0,5600000.0,7000000.0,1.1071,0.68,2025-12-31,8,False
BUK11681,CLP,2980000.0,2480000.0,3100000.0,3880000.0,0.9613,0.3571,2025-10-01,11,False
BUK11682,CLP,2800000.0,2590000.0,3240000.0,4050000.0,0.8642,0.1438,2026-02-08,4,False
BUK11683,BRL,8200.0,6400.0,8000.0,10000.0,1.025,0.5,2026-06-01,3,False
BUK11684,MXN,13000.0,11500.0,14500.0,18000.0,0.8966,0.2308,2026-04-01,5,False
BUK11685,MXN,62500.0,47000.0,59000.0,74000.0,1.0593,0.5741,2024-11-30,21,False
BUK11686,CLP,7090000.0,5280000.0,6600000.0,8250000.0,1.0742,0.6094,2026-06-01,3,False
BUK11687,PEN,3300.0,2600.0,3200.0,4000.0,1.0312,0.5,2026-04-01,5,False
BUK11688,CLP,1070000.0,810000.0,1010000.0,1260000.0,1.0594,0.5778,2026-08-01,1,False
BUK11689,BRL,9400.0,9400.0,11800.0,14800.0,0.7966,0.0,2025-01-30,19,False
BUK11690,COP,5850000.0,5700000.0,7100000.0,8900000.0,0.8239,0.0469,2025-01-30,19,False
BUK11691,CLP,2010000.0,1870000.0,2340000.0,2920000.0,0.859,0.1333,2026-01-30,7,False
BUK11692,CLP,1500000.0,1370000.0,1710000.0,2140000.0,0.8772,0.1688,2026-06-26,1,False
BUK11693,CLP,2920000.0,2160000.0,2700000.0,3380000.0,1.0815,0.623,2026-05-02,4,True
BUK11694,BRL,8800.0,6600.0,8300.0,10400.0,1.0602,0.5789,2026-08-01,1,False
BUK11695,CLP,2010000.0,1820000.0,2280000.0,2850000.0,0.8816,0.1845,2024-04-27,24,False
BUK11696,COP,4250000.0,2800000.0,3500000.0,4400000.0,1.2143,0.9062,2025-10-31,10,False
BUK11697,COP,4700000.0,3700000.0,4650000.0,5800000.0,1.0108,0.4762,2025-08-01,13,False
BUK11698,CLP,2140000.0,1820000.0,2280000.0,2850000.0,0.9386,0.3107,2026-05-02,4,False
BUK11699,CLP,1780000.0,1300000.0,1620000.0,2020000.0,1.0988,0.6667,2026-05-02,4,False
BUK11700,MXN,17500.0,12500.0,15500.0,19500.0,1.129,0.7143,2026-08-01,1,False
BUK11701,PEN,7400.0,6100.0,7600.0,9500.0,0.9737,0.3824,2025-10-13,2,False
BUK11702,PEN,5500.0,3800.0,4800.0,6000.0,1.1458,0.7727,2025-08-01,13,False
BUK11703,CLP,1850000.0,1620000.0,2020000.0,2520000.0,0.9158,0.2556,2026-06-01,3,False
BUK11704,CLP,940000.0,720000.0,900000.0,1120000.0,1.0444,0.55,2026-05-02,4,True
BUK11705,COP,2500000.0,2100000.0,2650000.0,3300000.0,0.9434,0.3333,2026-04-01,5,False
BUK11706,CLP,1270000.0,980000.0,1220000.0,1520000.0,1.041,0.537,2026-03-02,6,False
BUK11707,CLP,1930000.0,1740000.0,2180000.0,2720000.0,0.8853,0.1939,2026-04-01,5,False
BUK11708,COP,5500000.0,4250000.0,5300000.0,6600000.0,1.0377,0.5319,2026-08-01,1,False
BUK11709,CLP,2030000.0,1520000.0,1900000.0,2380000.0,1.0684,0.593,2026-07-02,2,True
BUK11710,CLP,750000.0,720000.0,900000.0,1120000.0,0.8333,0.075,2026-07-02,2,False
BUK11711,COP,9100000.0,7500000.0,9400000.0,11750000.0,0.9681,0.3765,2025-04-01,17,False
BUK11712,COP,3450000.0,2650000.0,3300000.0,4100000.0,1.0455,0.5517,2026-03-02,6,False
BUK11713,CLP,1050000.0,920000.0,1150000.0,1440000.0,0.913,0.25,2026-03-02,6,False
BUK11714,BRL,8000.0,5800.0,7300.0,9100.0,1.0959,0.6667,2026-08-01,1,False
BUK11715,CLP,2710000.0,1820000.0,2280000.0,2850000.0,1.1886,0.8641,2025-12-01,9,False
BUK11716,PEN,5500.0,4300.0,5400.0,6800.0,1.0185,0.48,2026-03-02,6,False
BUK11717,COP,6950000.0,5750000.0,7200000.0,9000000.0,0.9653,0.3692,2024-08-18,8,False
BUK11718,CLP,1500000.0,1080000.0,1350000.0,1690000.0,1.1111,0.6885,2025-10-31,10,True
BUK11719,CLP,900000.0,720000.0,900000.0,1120000.0,1.0,0.45,2025-03-03,1,True
BUK11720,CLP,1540000.0,1140000.0,1420000.0,1780000.0,1.0845,0.625,2024-10-08,5,False
BUK11721,CLP,1870000.0,1370000.0,1710000.0,2140000.0,1.0936,0.6494,2025-10-31,10,False
BUK11722,CLP,1480000.0,1300000.0,1620000.0,2020000.0,0.9136,0.25,2025-07-01,14,False
BUK11723,CLP,1370000.0,980000.0,1220000.0,1520000.0,1.123,0.7222,2025-12-31,8,False
BUK11724,CLP,1980000.0,1730000.0,2160000.0,2700000.0,0.9167,0.2577,2026-04-01,5,False
BUK11725,CLP,1790000.0,1370000.0,1710000.0,2140000.0,1.0468,0.5455,2025-08-31,12,False
BUK11726,CLP,650000.0,650000.0,810000.0,1010000.0,0.8025,0.0,2025-11-20,6,False
BUK11727,CLP,2710000.0,2160000.0,2700000.0,3380000.0,1.0037,0.4508,2025-12-01,9,False
BUK11728,CLP,1470000.0,1300000.0,1620000.0,2020000.0,0.9074,0.2361,2025-09-28,6,False
BUK11729,CLP,830000.0,610000.0,760000.0,950000.0,1.0921,0.6471,2025-10-01,11,False
BUK11730,CLP,2040000.0,1870000.0,2340000.0,2920000.0,0.8718,0.1619,2026-05-02,4,False
BUK11731,CLP,1910000.0,1870000.0,2340000.0,2920000.0,0.8162,0.0381,2026-02-22,2,False
BUK11732,COP,3300000.0,2800000.0,3500000.0,4400000.0,0.9429,0.3125,2026-06-02,2,False
BUK11733,CLP,3270000.0,2450000.0,3060000.0,3820000.0,1.0686,0.5985,2024-08-31,24,False
BUK11734,COP,6200000.0,4500000.0,5600000.0,7000000.0,1.1071,0.68,2025-06-01,15,False
BUK11735,COP,3050000.0,2100000.0,2650000.0,3300000.0,1.1509,0.7917,2026-07-02,2,False
BUK11736,CLP,1330000.0,980000.0,1220000.0,1520000.0,1.0902,0.6481,2025-10-31,10,False
BUK11737,COP,5700000.0,3950000.0,4950000.0,6200000.0,1.1515,0.7778,2025-06-01,15,False
BUK11738,CLP,2450000.0,2160000.0,2700000.0,3380000.0,0.9074,0.2377,2026-06-01,3,True
BUK11739,CLP,2110000.0,1940000.0,2430000.0,3040000.0,0.8683,0.1545,2026-05-02,4,False
BUK11740,CLP,810000.0,810000.0,1010000.0,1260000.0,0.802,0.0,2026-07-01,2,False
BUK11741,MXN,13000.0,11000.0,13500.0,17000.0,0.963,0.3333,2026-01-07,6,False
BUK11742,PEN,5500.0,4100.0,5100.0,6400.0,1.0784,0.6087,2025-12-31,8,False
BUK11743,MXN,26500.0,25000.0,31000.0,39000.0,0.8548,0.1071,2026-05-08,2,False
BUK11744,COP,8300000.0,6000000.0,7500000.0,9400000.0,1.1067,0.6765,2023-09-01,36,False
BUK11745,CLP,700000.0,650000.0,810000.0,1010000.0,0.8642,0.1389,2026-06-01,3,False
BUK11746,CLP,2480000.0,1870000.0,2340000.0,2920000.0,1.0598,0.581,2026-08-01,1,False
BUK11747,MXN,47500.0,35500.0,44500.0,55500.0,1.0674,0.6,2026-03-15,5,False
BUK11748,CLP,1170000.0,860000.0,1080000.0,1350000.0,1.0833,0.6327,2023-11-14,16,False
BUK11749,CLP,1210000.0,1140000.0,1420000.0,1780000.0,0.8521,0.1094,2026-06-01,3,False
BUK11750,CLP,2260000.0,1820000.0,2280000.0,2850000.0,0.9912,0.4272,2025-12-01,9,False
BUK11751,MXN,41500.0,35000.0,43500.0,54500.0,0.954,0.3333,2025-08-01,13,False
BUK11752,CLP,1810000.0,1300000.0,1620000.0,2020000.0,1.1173,0.7083,2025-12-31,8,False
BUK11753,CLP,3240000.0,2590000.0,3240000.0,4050000.0,1.0,0.4452,2025-07-01,14,False
BUK11754,PEN,12900.0,9000.0,11300.0,14100.0,1.1416,0.7647,2026-01-30,7,True
BUK11755,CLP,1510000.0,1220000.0,1520000.0,1900000.0,0.9934,0.4265,2025-08-10,10,False
BUK11756,MXN,106500.0,83500.0,104500.0,130500.0,1.0191,0.4894,2026-01-30,7,True
BUK11757,BRL,7600.0,6600.0,8300.0,10400.0,0.9157,0.2632,2025-10-31,10,False
BUK11758,BRL,8800.0,6600.0,8300.0,10400.0,1.0602,0.5789,2025-03-21,9,False
BUK11759,MXN,18500.0,13500.0,17000.0,21000.0,1.0882,0.6667,2026-08-01,1,False
BUK11760,CLP,1470000.0,980000.0,1220000.0,1520000.0,1.2049,0.9074,2026-08-01,1,False
BUK11761,CLP,1360000.0,1080000.0,1350000.0,1690000.0,1.0074,0.459,2026-04-01,5,True
BUK11762,MXN,22000.0,16500.0,20500.0,25500.0,1.0732,0.6111,2026-07-02,2,False
BUK11763,CLP,2650000.0,1940000.0,2430000.0,3040000.0,1.0905,0.6455,2026-06-01,3,False
BUK11764,MXN,39000.0,35000.0,43500.0,54500.0,0.8966,0.2051,2026-01-30,7,False
BUK11765,CLP,1880000.0,1370000.0,1710000.0,2140000.0,1.0994,0.6623,2026-01-27,1,False
BUK11766,CLP,1960000.0,1520000.0,1900000.0,2380000.0,1.0316,0.5116,2026-01-30,7,True
BUK11767,PEN,7800.0,5500.0,6900.0,8600.0,1.1304,0.7419,2026-08-01,1,False
BUK11768,CLP,3670000.0,3040000.0,3800000.0,4750000.0,0.9658,0.3684,2026-06-01,3,False
BUK11769,CLP,1310000.0,860000.0,1080000.0,1350000.0,1.213,0.9184,2025-07-26,7,False
BUK11770,COP,7650000.0,5950000.0,7450000.0,9300000.0,1.0268,0.5075,2026-03-16,5,False
BUK11771,BRL,8800.0,7800.0,9800.0,12200.0,0.898,0.2273,2025-10-01,11,True
BUK11772,CLP,950000.0,920000.0,1150000.0,1440000.0,0.8261,0.0577,2026-03-02,6,False
BUK11773,CLP,790000.0,720000.0,900000.0,1120000.0,0.8778,0.175,2025-10-31,10,True
BUK11774,CLP,1800000.0,1520000.0,1900000.0,2380000.0,0.9474,0.3256,2026-07-02,2,True
BUK11775,MXN,42500.0,31000.0,38500.0,48000.0,1.1039,0.6765,2026-07-02,2,False
BUK11776,PEN,11000.0,7700.0,9600.0,12000.0,1.1458,0.7674,2026-04-01,5,False
BUK11777,CLP,1120000.0,1080000.0,1350000.0,1690000.0,0.8296,0.0656,2026-06-29,2,True
BUK11778,PEN,5500.0,4800.0,6000.0,7500.0,0.9167,0.2593,2025-07-01,14,True
BUK11779,MXN,14000.0,10500.0,13000.0,16000.0,1.0769,0.6364,2025-06-01,15,False
BUK11780,PEN,5600.0,4900.0,6100.0,7600.0,0.918,0.2593,2026-06-01,3,False
BUK11781,CLP,1560000.0,1080000.0,1350000.0,1690000.0,1.1556,0.7869,2026-07-02,2,True
BUK11782,CLP,890000.0,720000.0,900000.0,1120000.0,0.9889,0.425,2025-01-18,3,True
BUK11783,PEN,4500.0,3600.0,4500.0,5600.0,1.0,0.45,2025-12-01,9,False
BUK11784,MXN,25500.0,21500.0,27000.0,34000.0,0.9444,0.32,2026-03-02,6,False
BUK11785,CLP,1430000.0,1370000.0,1710000.0,2140000.0,0.8363,0.0779,2026-03-16,3,False
BUK11786,CLP,1240000.0,1140000.0,1420000.0,1780000.0,0.8732,0.1562,2026-01-30,7,False
BUK11787,BRL,11200.0,8300.0,10400.0,13000.0,1.0769,0.617,2026-05-02,4,False
BUK11788,CLP,1330000.0,1240000.0,1550000.0,1940000.0,0.8581,0.1286,2025-12-01,9,False
BUK11789,CLP,1740000.0,1520000.0,1900000.0,2380000.0,0.9158,0.2558,2025-12-01,9,True
BUK11790,COP,2850000.0,2800000.0,3500000.0,4400000.0,0.8143,0.0312,2025-07-01,14,False
BUK11791,MXN,38500.0,35000.0,43500.0,54500.0,0.8851,0.1795,2025-08-01,13,False
BUK11792,COP,10100000.0,8450000.0,10550000.0,13200000.0,0.9573,0.3474,2026-03-02,6,False
BUK11793,CLP,1560000.0,1300000.0,1620000.0,2020000.0,0.963,0.3611,2026-04-19,3,False
BUK11794,COP,8050000.0,5950000.0,7450000.0,9300000.0,1.0805,0.6269,2026-07-02,2,False
BUK11795,COP,13250000.0,10800000.0,13500000.0,16900000.0,0.9815,0.4016,2026-06-01,3,False
BUK11796,BRL,12400.0,9600.0,12000.0,15000.0,1.0333,0.5185,2025-10-11,2,False
BUK11797,MXN,50000.0,49000.0,61500.0,77000.0,0.813,0.0357,2023-12-29,18,False
BUK11798,CLP,3080000.0,2590000.0,3240000.0,4050000.0,0.9506,0.3356,2026-07-02,2,False
BUK11799,MXN,55000.0,37000.0,46000.0,57500.0,1.1957,0.878,2026-01-30,7,False
BUK11800,CLP,2100000.0,1820000.0,2280000.0,2850000.0,0.9211,0.2718,2026-04-01,5,False
BUK11801,CLP,2030000.0,1740000.0,2180000.0,2720000.0,0.9312,0.2959,2026-06-01,3,False
BUK11802,CLP,1020000.0,980000.0,1220000.0,1520000.0,0.8361,0.0741,2025-01-30,19,False
BUK11803,CLP,1170000.0,920000.0,1150000.0,1440000.0,1.0174,0.4808,2025-12-31,8,False
BUK11804,COP,10850000.0,9400000.0,11750000.0,14700000.0,0.9234,0.2736,2026-08-01,1,True
BUK11805,MXN,45500.0,35000.0,43500.0,54500.0,1.046,0.5385,2025-12-31,8,False
BUK11806,CLP,820000.0,720000.0,900000.0,1120000.0,0.9111,0.25,2025-12-31,8,True
BUK11807,BRL,5000.0,4200.0,5200.0,6500.0,0.9615,0.3478,2026-04-01,5,False
BUK11808,MXN,48000.0,37000.0,46000.0,57500.0,1.0435,0.5366,2025-12-16,3,False
BUK11809,CLP,2290000.0,1840000.0,2300000.0,2880000.0,0.9957,0.4327,2026-01-30,7,False
BUK11810,CLP,1240000.0,1220000.0,1520000.0,1900000.0,0.8158,0.0294,2026-04-24,4,False
BUK11811,BRL,9500.0,9000.0,11200.0,14000.0,0.8482,0.1,2026-05-01,3,False
BUK11812,COP,6750000.0,6000000.0,7500000.0,9400000.0,0.9,0.2206,2026-07-02,2,False
BUK11813,CLP,4160000.0,3460000.0,4320000.0,5400000.0,0.963,0.3608,2025-10-01,11,False
BUK11814,BRL,8900.0,9400.0,11700.0,14600.0,0.7607,-0.0962,2025-08-01,13,False
BUK11815,CLP,2120000.0,1770000.0,2210000.0,2760000.0,0.9593,0.3535,2025-11-26,7,False
BUK11816,CLP,4500000.0,3500000.0,4370000.0,5460000.0,1.0297,0.5102,2026-05-02,4,False
BUK11817,MXN,58000.0,52000.0,65000.0,81000.0,0.8923,0.2069,2026-04-01,5,False
BUK11818,MXN,30000.0,25000.0,31000.0,39000.0,0.9677,0.3571,2026-06-01,3,False
BUK11819,COP,4650000.0,4200000.0,5250000.0,6550000.0,0.8857,0.1915,2026-04-01,5,False
BUK11820,CLP,2010000.0,1820000.0,2280000.0,2850000.0,0.8816,0.1845,2026-06-01,3,False
BUK11821,COP,4400000.0,4050000.0,5050000.0,6300000.0,0.8713,0.1556,2025-10-28,9,False
BUK11822,CLP,1740000.0,1370000.0,1710000.0,2140000.0,1.0175,0.4805,2026-08-01,1,False
BUK11823,CLP,1250000.0,920000.0,1150000.0,1440000.0,1.087,0.6346,2026-04-01,5,False
BUK11824,PEN,2000.0,1800.0,2300.0,2900.0,0.8696,0.1818,2026-04-01,5,False
BUK11825,CLP,1720000.0,1300000.0,1620000.0,2020000.0,1.0617,0.5833,2025-08-01,13,False
BUK11826,MXN,64500.0,52000.0,65000.0,81000.0,0.9923,0.431,2026-04-01,5,False
BUK11827,CLP,2160000.0,1660000.0,2080000.0,2600000.0,1.0385,0.5319,2025-04-23,15,False
BUK11828,CLP,690000.0,610000.0,760000.0,950000.0,0.9079,0.2353,2026-08-01,1,False
BUK11829,CLP,2450000.0,1940000.0,2430000.0,3040000.0,1.0082,0.4636,2025-08-27,2,False
BUK11830,CLP,650000.0,610000.0,760000.0,950000.0,0.8553,0.1176,2026-04-01,5,False
BUK11831,MXN,55000.0,46500.0,58000.0,72500.0,0.9483,0.3269,2026-06-01,3,False
BUK11832,CLP,1670000.0,1240000.0,1550000.0,1940000.0,1.0774,0.6143,2026-04-12,2,False
BUK11833,CLP,4050000.0,3740000.0,4680000.0,5850000.0,0.8654,0.1469,2025-04-01,17,False
BUK11834,CLP,780000.0,650000.0,810000.0,1010000.0,0.963,0.3611,2026-08-01,1,False
BUK11835,MXN,27000.0,23500.0,29500.0,37000.0,0.9153,0.2593,2026-01-30,7,False
BUK11836,CLP,2170000.0,1820000.0,2280000.0,2850000.0,0.9518,0.3398,2026-03-02,6,False
BUK11837,CLP,2360000.0,2080000.0,2600000.0,3250000.0,0.9077,0.2393,2026-05-02,4,True
BUK11838,PEN,3900.0,3000.0,3800.0,4800.0,1.0263,0.5,2026-06-27,2,False
BUK11839,CLP,660000.0,540000.0,680000.0,850000.0,0.9706,0.3871,2026-06-01,3,False
BUK11840,CLP,1380000.0,1370000.0,1710000.0,2140000.0,0.807,0.013,2026-07-02,2,False
BUK11841,CLP,1100000.0,860000.0,1080000.0,1350000.0,1.0185,0.4898,2026-07-02,2,False
BUK11842,CLP,830000.0,810000.0,1010000.0,1260000.0,0.8218,0.0444,2026-03-02,6,False
BUK11843,CLP,1540000.0,1140000.0,1420000.0,1780000.0,1.0845,0.625,2026-04-01,5,False
BUK11844,CLP,3300000.0,2740000.0,3420000.0,4280000.0,0.9649,0.3636,2025-06-22,7,False
BUK11845,CLP,2220000.0,1840000.0,2300000.0,2880000.0,0.9652,0.3654,2025-08-01,13,False
BUK11846,MXN,22000.0,16500.0,20500.0,25500.0,1.0732,0.6111,2026-07-02,2,False
BUK11847,MXN,26000.0,21500.0,27000.0,34000.0,0.963,0.36,2026-05-14,1,False
BUK11848,CLP,1700000.0,1520000.0,1900000.0,2380000.0,0.8947,0.2093,2026-08-01,1,True
BUK11849,CLP,1530000.0,1240000.0,1550000.0,1940000.0,0.9871,0.4143,2025-12-01,9,False
BUK11850,PEN,3300.0,2600.0,3200.0,4000.0,1.0312,0.5,2026-04-01,5,False
BUK11851,COP,3750000.0,3000000.0,3750000.0,4700000.0,1.0,0.4412,2025-05-23,3,False
BUK11852,CLP,2600000.0,2160000.0,2700000.0,3380000.0,0.963,0.3607,2026-05-02,4,True
BUK11853,COP,4250000.0,3150000.0,3950000.0,4950000.0,1.0759,0.6111,2025-05-01,16,False
BUK11854,COP,6950000.0,5950000.0,7450000.0,9300000.0,0.9329,0.2985,2026-07-18,1,False
BUK11855,CLP,2430000.0,1940000.0,2430000.0,3040000.0,1.0,0.4455,2025-06-01,15,False
BUK11856,CLP,940000.0,820000.0,1030000.0,1290000.0,0.9126,0.2553,2024-06-23,13,False
BUK11857,CLP,1880000.0,1820000.0,2280000.0,2850000.0,0.8246,0.0583,2025-12-01,9,False
BUK11858,PEN,4600.0,3400.0,4200.0,5200.0,1.0952,0.6667,2025-03-02,18,True
BUK11859,CLP,3800000.0,2430000.0,3040000.0,3800000.0,1.25,1.0,2026-06-01,3,False
BUK11860,CLP,1030000.0,1080000.0,1350000.0,1690000.0,0.763,-0.082,2025-10-01,11,True
BUK11861,CLP,3040000.0,2590000.0,3240000.0,4050000.0,0.9383,0.3082,2025-05-05,3,False
BUK11862,CLP,1900000.0,1300000.0,1620000.0,2020000.0,1.1728,0.8333,2026-08-01,1,False
BUK11863,COP,2050000.0,1750000.0,2200000.0,2750000.0,0.9318,0.3,2025-09-21,5,False
BUK11864,PEN,4100.0,3600.0,4500.0,5600.0,0.9111,0.25,2026-05-02,4,False
BUK11865,BRL,21500.0,14800.0,18500.0,23100.0,1.1622,0.8072,2026-03-02,6,True
BUK11866,CLP,1200000.0,980000.0,1220000.0,1520000.0,0.9836,0.4074,2026-03-16,4,False
BUK11867,CLP,1050000.0,810000.0,1010000.0,1260000.0,1.0396,0.5333,2024-12-09,5,False
BUK11868,CLP,1540000.0,1300000.0,1620000.0,2020000.0,0.9506,0.3333,2025-07-01,14,False
BUK11869,COP,4100000.0,3150000.0,3950000.0,4950000.0,1.038,0.5278,2025-03-20,14,False
BUK11870,COP,6550000.0,4950000.0,6200000.0,7750000.0,1.0565,0.5714,2026-08-01,1,True
BUK11871,CLP,750000.0,650000.0,810000.0,1010000.0,0.9259,0.2778,2025-03-15,13,False
BUK11872,CLP,1040000.0,860000.0,1080000.0,1350000.0,0.963,0.3673,2026-08-01,1,False
BUK11873,CLP,850000.0,820000.0,1030000.0,1290000.0,0.8252,0.0638,2026-05-02,4,False
BUK11874,CLP,2300000.0,1820000.0,2280000.0,2850000.0,1.0088,0.466,2024-10-10,17,False
BUK11875,BRL,22200.0,19200.0,24000.0,30000.0,0.925,0.2778,2026-04-01,5,False
BUK11876,CLP,1130000.0,920000.0,1150000.0,1440000.0,0.9826,0.4038,2026-04-01,5,False
BUK11877,CLP,1660000.0,1300000.0,1620000.0,2020000.0,1.0247,0.5,2025-03-02,18,False
BUK11878,CLP,2440000.0,1820000.0,2280000.0,2850000.0,1.0702,0.6019,2025-02-26,16,False
BUK11879,COP,3850000.0,3150000.0,3950000.0,4950000.0,0.9747,0.3889,2024-06-01,27,False
BUK11880,PEN,4900.0,4800.0,6000.0,7500.0,0.8167,0.037,2026-03-02,6,False
BUK11881,COP,7750000.0,5750000.0,7200000.0,9000000.0,1.0764,0.6154,2026-06-01,3,False
BUK11882,MXN,16500.0,12500.0,15500.0,19500.0,1.0645,0.5714,2025-12-10,2,False
BUK11883,CLP,1920000.0,1740000.0,2180000.0,2720000.0,0.8807,0.1837,2026-08-01,1,False
BUK11884,MXN,46500.0,39500.0,49500.0,62000.0,0.9394,0.3111,2026-03-15,1,False
BUK11885,CLP,1070000.0,860000.0,1080000.0,1350000.0,0.9907,0.4286,2026-07-02,2,False
BUK11886,PEN,4600.0,4100.0,5100.0,6400.0,0.902,0.2174,2025-06-01,15,False
BUK11887,CLP,1770000.0,1370000.0,1710000.0,2140000.0,1.0351,0.5195,2026-07-02,2,False
BUK11888,MXN,12500.0,10500.0,13000.0,16000.0,0.9615,0.3636,2025-12-01,9,False
BUK11889,CLP,1110000.0,810000.0,1010000.0,1260000.0,1.099,0.6667,2025-04-01,17,False
BUK11890,CLP,2330000.0,1870000.0,2340000.0,2920000.0,0.9957,0.4381,2026-01-30,7,False
BUK11891,COP,3550000.0,3150000.0,3950000.0,4950000.0,0.8987,0.2222,2025-12-31,8,False
BUK11892,COP,4950000.0,4500000.0,5600000.0,7000000.0,0.8839,0.18,2026-06-01,3,False
BUK11893,CLP,3820000.0,3460000.0,4320000.0,5400000.0,0.8843,0.1856,2026-02-21,5,False
BUK11894,BRL,13400.0,13400.0,16700.0,20900.0,0.8024,0.0,2026-03-02,6,False
BUK11895,COP,5750000.0,4200000.0,5250000.0,6550000.0,1.0952,0.6596,2025-08-21,7,False
BUK11896,MXN,46000.0,35000.0,43500.0,54500.0,1.0575,0.5641,2026-07-02,2,False
BUK11897,CLP,2060000.0,1620000.0,2020000.0,2520000.0,1.0198,0.4889,2025-12-31,8,False
BUK11898,CLP,1860000.0,1520000.0,1900000.0,2380000.0,0.9789,0.3953,2025-12-31,8,True
BUK11899,CLP,2450000.0,1730000.0,2160000.0,2700000.0,1.1343,0.7423,2026-04-01,5,False
BUK11900,CLP,1630000.0,1300000.0,1620000.0,2020000.0,1.0062,0.4583,2026-06-01,3,False
BUK11901,COP,6250000.0,5450000.0,6800000.0,8500000.0,0.9191,0.2623,2024-08-12,7,False
BUK11902,MXN,49500.0,43500.0,54500.0,68000.0,0.9083,0.2449,2026-06-01,3,False
BUK11903,CLP,1850000.0,1300000.0,1620000.0,2020000.0,1.142,0.7639,2026-06-01,3,False
BUK11904,CLP,1110000.0,1080000.0,1350000.0,1690000.0,0.8222,0.0492,2026-05-02,4,True
BUK11905,BRL,14400.0,12600.0,15700.0,19600.0,0.9172,0.2571,2025-12-01,9,False
BUK11906,CLP,1160000.0,1080000.0,1350000.0,1690000.0,0.8593,0.1311,2026-03-10,2,True
BUK11907,CLP,670000.0,580000.0,720000.0,900000.0,0.9306,0.2812,2025-09-05,3,False
BUK11908,PEN,6500.0,4300.0,5400.0,6800.0,1.2037,0.88,2025-09-22,9,False
BUK11909,CLP,1030000.0,920000.0,1150000.0,1440000.0,0.8957,0.2115,2025-11-16,2,False
BUK11910,CLP,2760000.0,2160000.0,2700000.0,3380000.0,1.0222,0.4918,2024-08-31,24,True
BUK11911,CLP,1720000.0,1370000.0,1710000.0,2140000.0,1.0058,0.4545,2025-10-31,10,False
BUK11912,MXN,24000.0,21500.0,27000.0,34000.0,0.8889,0.2,2024-11-02,2,False
BUK11913,CLP,830000.0,610000.0,760000.0,950000.0,1.0921,0.6471,2026-05-02,4,False
BUK11914,CLP,1180000.0,980000.0,1220000.0,1520000.0,0.9672,0.3704,2026-06-01,3,False
BUK11915,CLP,2260000.0,1840000.0,2300000.0,2880000.0,0.9826,0.4038,2025-10-01,11,False
BUK11916,CLP,1820000.0,1740000.0,2180000.0,2720000.0,0.8349,0.0816,2026-01-30,7,False
BUK11917,CLP,2640000.0,1940000.0,2430000.0,3040000.0,1.0864,0.6364,2026-08-01,1,False
BUK11918,PEN,3100.0,2600.0,3200.0,4000.0,0.9688,0.3571,2026-03-02,6,False
BUK11919,CLP,1980000.0,1840000.0,2300000.0,2880000.0,0.8609,0.1346,2026-03-02,6,False
BUK11920,CLP,1560000.0,1300000.0,1620000.0,2020000.0,0.963,0.3611,2026-08-01,1,False
BUK11921,MXN,55000.0,39500.0,49500.0,62000.0,1.1111,0.6889,2025-06-16,11,True
BUK11922,CLP,2050000.0,1820000.0,2280000.0,2850000.0,0.8991,0.2233,2025-10-31,10,False
BUK11923,MXN,69500.0,49000.0,61500.0,77000.0,1.1301,0.7321,2025-08-01,13,False
BUK11924,CLP,2180000.0,1940000.0,2430000.0,3040000.0,0.8971,0.2182,2026-06-01,3,False
BUK11925,CLP,2130000.0,1740000.0,2180000.0,2720000.0,0.9771,0.398,2024-11-27,8,False
BUK11926,CLP,1260000.0,1220000.0,1520000.0,1900000.0,0.8289,0.0588,2026-05-02,4,False
BUK11927,CLP,2830000.0,2160000.0,2700000.0,3380000.0,1.0481,0.5492,2025-12-31,8,True
BUK11928,COP,3100000.0,2800000.0,3500000.0,4400000.0,0.8857,0.1875,2026-04-01,5,False
BUK11929,MXN,13500.0,11500.0,14500.0,18000.0,0.931,0.3077,2026-07-02,2,False
BUK11930,MXN,21000.0,18500.0,23000.0,29000.0,0.913,0.2381,2026-03-02,6,False
BUK11931,CLP,630000.0,540000.0,680000.0,850000.0,0.9265,0.2903,2025-09-14,2,False
BUK11932,CLP,2610000.0,1940000.0,2430000.0,3040000.0,1.0741,0.6091,2025-10-01,11,False
BUK11933,CLP,1150000.0,980000.0,1220000.0,1520000.0,0.9426,0.3148,2026-06-01,3,False
BUK11934,COP,4550000.0,3150000.0,3950000.0,4950000.0,1.1519,0.7778,2026-07-02,2,False
BUK11935,CLP,790000.0,540000.0,680000.0,850000.0,1.1618,0.8065,2025-07-01,14,False
BUK11936,PEN,4300.0,3400.0,4200.0,5200.0,1.0238,0.5,2026-03-08,2,True
BUK11937,CLP,1600000.0,1140000.0,1420000.0,1780000.0,1.1268,0.7188,2026-07-02,2,False
BUK11938,COP,3050000.0,2700000.0,3350000.0,4200000.0,0.9104,0.2333,2026-04-14,2,False
BUK11939,CLP,1170000.0,980000.0,1220000.0,1520000.0,0.959,0.3519,2026-04-01,5,False
BUK11940,PEN,5000.0,4100.0,5100.0,6400.0,0.9804,0.3913,2025-08-29,7,False
BUK11941,CLP,2460000.0,2160000.0,2700000.0,3380000.0,0.9111,0.2459,2026-06-01,3,False
BUK11942,CLP,2890000.0,2590000.0,3240000.0,4050000.0,0.892,0.2055,2026-08-01,1,False
BUK11943,CLP,2220000.0,1740000.0,2180000.0,2720000.0,1.0183,0.4898,2025-12-31,8,False
BUK11944,PEN,3700.0,2900.0,3600.0,4500.0,1.0278,0.5,2025-01-19,3,False
BUK11945,CLP,1750000.0,1300000.0,1620000.0,2020000.0,1.0802,0.625,2026-07-02,2,False
BUK11946,BRL,10300.0,9400.0,11800.0,14800.0,0.8729,0.1667,2025-12-01,9,False
BUK11947,CLP,1630000.0,1300000.0,1620000.0,2020000.0,1.0062,0.4583,2026-06-01,3,False
BUK11948,BRL,15000.0,13400.0,16700.0,20900.0,0.8982,0.2133,2025-11-17,5,False
BUK11949,CLP,3830000.0,3040000.0,3800000.0,4750000.0,1.0079,0.462,2026-04-01,5,False
BUK11950,CLP,750000.0,540000.0,680000.0,850000.0,1.1029,0.6774,2025-02-07,8,False
BUK11951,PEN,5600.0,4300.0,5400.0,6800.0,1.037,0.52,2026-04-01,5,False
BUK11952,PEN,4200.0,3400.0,4200.0,5200.0,1.0,0.4444,2026-08-01,1,True
BUK11953,CLP,660000.0,610000.0,760000.0,950000.0,0.8684,0.1471,2025-12-15,8,False
BUK11954,CLP,1830000.0,1220000.0,1520000.0,1900000.0,1.2039,0.8971,2025-12-31,8,False
BUK11955,PEN,4900.0,4100.0,5100.0,6400.0,0.9608,0.3478,2024-09-16,3,False
BUK11956,CLP,1140000.0,980000.0,1220000.0,1520000.0,0.9344,0.2963,2025-10-19,7,False
BUK11957,CLP,2370000.0,1940000.0,2430000.0,3040000.0,0.9753,0.3909,2026-07-02,2,False
BUK11958,CLP,2080000.0,1820000.0,2280000.0,2850000.0,0.9123,0.2524,2026-01-30,7,False
BUK11959,CLP,2120000.0,1520000.0,1900000.0,2380000.0,1.1158,0.6977,2025-10-01,11,True
BUK11960,MXN,16500.0,13500.0,17000.0,21000.0,0.9706,0.4,2026-06-08,1,False
BUK11961,BRL,9600.0,7000.0,8800.0,11000.0,1.0909,0.65,2026-08-01,1,False
BUK11962,CLP,1530000.0,1300000.0,1620000.0,2020000.0,0.9444,0.3194,2026-06-01,3,False
BUK11963,MXN,57500.0,49000.0,61500.0,77000.0,0.935,0.3036,2026-08-01,1,False
BUK11964,PEN,6500.0,5500.0,6900.0,8600.0,0.942,0.3226,2026-04-01,5,False
BUK11965,COP,3900000.0,2800000.0,3500000.0,4400000.0,1.1143,0.6875,2025-04-01,5,False
BUK11966,MXN,34000.0,26000.0,32500.0,40500.0,1.0462,0.5517,2025-12-01,9,False
BUK11967,CLP,860000.0,650000.0,810000.0,1010000.0,1.0617,0.5833,2025-04-01,17,False
BUK11968,CLP,1490000.0,1140000.0,1420000.0,1780000.0,1.0493,0.5469,2023-09-01,36,False
BUK11969,CLP,1400000.0,1080000.0,1350000.0,1690000.0,1.037,0.5246,2025-07-10,2,True
BUK11970,MXN,43500.0,35000.0,43500.0,54500.0,1.0,0.4359,2024-11-16,20,False
BUK11971,CLP,910000.0,810000.0,1010000.0,1260000.0,0.901,0.2222,2026-01-30,7,False
BUK11972,COP,8750000.0,6300000.0,7900000.0,9900000.0,1.1076,0.6806,2026-05-02,4,False
BUK11973,CLP,3180000.0,2300000.0,2880000.0,3600000.0,1.1042,0.6769,2024-07-01,3,False
BUK11974,MXN,59000.0,49000.0,61500.0,77000.0,0.9593,0.3571,2026-04-01,5,False
BUK11975,CLP,3380000.0,2590000.0,3240000.0,4050000.0,1.0432,0.5411,2024-11-30,21,False
BUK11976,PEN,3800.0,3400.0,4200.0,5200.0,0.9048,0.2222,2025-05-01,16,True
BUK11977,PEN,3900.0,2900.0,3600.0,4500.0,1.0833,0.625,2026-04-01,5,False
BUK11978,CLP,1590000.0,1300000.0,1620000.0,2020000.0,0.9815,0.4028,2026-07-12,1,False
BUK11979,CLP,3610000.0,2590000.0,3240000.0,4050000.0,1.1142,0.6986,2025-06-26,1,False
BUK11980,COP,8450000.0,7050000.0,8800000.0,11000000.0,0.9602,0.3544,2025-12-01,9,True
BUK11981,BRL,10200.0,7000.0,8800.0,11000.0,1.1591,0.8,2026-03-02,4,False
BUK11982,CLP,2310000.0,1940000.0,2430000.0,3040000.0,0.9506,0.3364,2026-05-02,4,False
BUK11983,CLP,1000000.0,860000.0,1080000.0,1350000.0,0.9259,0.2857,2026-07-02,2,False
BUK11984,CLP,1630000.0,1300000.0,1620000.0,2020000.0,1.0062,0.4583,2025-05-01,16,False
BUK11985,CLP,1010000.0,860000.0,1080000.0,1350000.0,0.9352,0.3061,2024-07-28,2,False
BUK11986,CLP,2280000.0,1820000.0,2280000.0,2850000.0,1.0,0.4466,2026-06-01,3,False
BUK11987,CLP,1150000.0,860000.0,1080000.0,1350000.0,1.0648,0.5918,2025-10-31,10,False
BUK11988,CLP,2320000.0,1820000.0,2280000.0,2850000.0,1.0175,0.4854,2026-05-02,4,False
BUK11989,CLP,1360000.0,1080000.0,1350000.0,1690000.0,1.0074,0.459,2025-08-01,13,True
BUK11990,CLP,1660000.0,1300000.0,1620000.0,2020000.0,1.0247,0.5,2025-07-01,14,False
BUK11991,CLP,4150000.0,3520000.0,4400000.0,5500000.0,0.9432,0.3182,2024-01-31,31,False
BUK11992,PEN,2300.0,1700.0,2100.0,2600.0,1.0952,0.6667,2026-08-01,1,False
BUK11993,CLP,1930000.0,1560000.0,1950000.0,2440000.0,0.9897,0.4205,2025-12-31,8,False
BUK11994,CLP,1690000.0,1300000.0,1620000.0,2020000.0,1.0432,0.5417,2024-07-31,25,False
BUK11995,CLP,1130000.0,860000.0,1080000.0,1350000.0,1.0463,0.551,2025-08-31,12,False
BUK11996,CLP,1580000.0,1300000.0,1620000.0,2020000.0,0.9753,0.3889,2023-11-19,17,False
BUK11997,CLP,730000.0,610000.0,760000.0,950000.0,0.9605,0.3529,2026-06-01,3,False
BUK11998,PEN,6000.0,5800.0,7200.0,9000.0,0.8333,0.0625,2024-10-31,22,False
BUK11999,CLP,3400000.0,2880000.0,3600000.0,4500000.0,0.9444,0.321,2026-07-02,2,True
BUK12000,CLP,1290000.0,1080000.0,1350000.0,1690000.0,0.9556,0.3443,2025-07-01,14,False
BUK12001,CLP,3620000.0,3310000.0,4140000.0,5180000.0,0.8744,0.1658,2023-09-10,21,False
BUK12002,COP,8150000.0,6300000.0,7900000.0,9900000.0,1.0316,0.5139,2025-04-01,17,False
BUK12003,MXN,15000.0,11500.0,14500.0,18000.0,1.0345,0.5385,2026-04-01,5,False
BUK12004,MXN,38500.0,29000.0,36000.0,45000.0,1.0694,0.5938,2026-08-01,1,True
BUK12005,MXN,64500.0,47500.0,59500.0,74500.0,1.084,0.6296,2025-06-06,11,False
BUK12006,PEN,8100.0,7200.0,9000.0,11200.0,0.9,0.225,2025-10-31,10,False
BUK12007,MXN,37000.0,26000.0,32500.0,40500.0,1.1385,0.7586,2025-02-24,14,False
BUK12008,CLP,1210000.0,1080000.0,1350000.0,1690000.0,0.8963,0.2131,2025-04-18,6,True
BUK12009,BRL,13500.0,11100.0,13900.0,17400.0,0.9712,0.381,2026-04-14,2,True
BUK12010,MXN,48000.0,33000.0,41500.0,52000.0,1.1566,0.7895,2026-03-02,6,False
BUK12011,CLP,1110000.0,920000.0,1150000.0,1440000.0,0.9652,0.3654,2024-05-28,14,False
BUK12012,BRL,8200.0,6600.0,8300.0,10400.0,0.988,0.4211,2026-07-02,2,False
BUK12013,CLP,2610000.0,2590000.0,3240000.0,4050000.0,0.8056,0.0137,2023-09-01,36,False
BUK12014,PEN,5600.0,4300.0,5400.0,6800.0,1.037,0.52,2026-01-30,7,False
BUK12015,CLP,1650000.0,1300000.0,1620000.0,2020000.0,1.0185,0.4861,2025-08-31,12,False
BUK12016,CLP,2750000.0,1940000.0,2430000.0,3040000.0,1.1317,0.7364,2023-12-28,11,False
BUK12017,MXN,25500.0,18500.0,23000.0,29000.0,1.1087,0.6667,2026-05-02,4,False
BUK12018,CLP,790000.0,720000.0,900000.0,1120000.0,0.8778,0.175,2025-12-01,9,False
BUK12019,CLP,1090000.0,810000.0,1010000.0,1260000.0,1.0792,0.6222,2025-10-01,11,False
BUK12020,PEN,4400.0,3600.0,4500.0,5600.0,0.9778,0.4,2026-05-02,4,False
BUK12021,COP,3350000.0,2650000.0,3300000.0,4100000.0,1.0152,0.4828,2023-12-01,33,False
BUK12022,CLP,1100000.0,820000.0,1030000.0,1290000.0,1.068,0.5957,2026-05-02,4,False
BUK12023,PEN,2200.0,1700.0,2100.0,2600.0,1.0476,0.5556,2025-10-31,10,False
BUK12024,CLP,2300000.0,1740000.0,2180000.0,2720000.0,1.055,0.5714,2026-05-02,4,False
BUK12025,MXN,16000.0,13500.0,17000.0,21000.0,0.9412,0.3333,2026-01-31,2,True
BUK12026,CLP,1140000.0,860000.0,1080000.0,1350000.0,1.0556,0.5714,2026-04-01,5,False
BUK12027,CLP,2550000.0,1870000.0,2340000.0,2920000.0,1.0897,0.6476,2026-08-01,1,False
BUK12028,CLP,1540000.0,1140000.0,1420000.0,1780000.0,1.0845,0.625,2026-05-02,4,False
BUK12029,MXN,16500.0,13500.0,17000.0,21000.0,0.9706,0.4,2024-12-31,20,True
BUK12030,CLP,2020000.0,1820000.0,2280000.0,2850000.0,0.886,0.1942,2025-08-31,12,False
BUK12031,BRL,7800.0,7800.0,9800.0,12200.0,0.7959,0.0,2025-11-12,8,True
BUK12032,MXN,34000.0,29000.0,36000.0,45000.0,0.9444,0.3125,2023-08-06,23,True
BUK12033,CLP,790000.0,540000.0,680000.0,850000.0,1.1618,0.8065,2025-05-14,7,False
BUK12034,MXN,26500.0,20500.0,25500.0,32000.0,1.0392,0.5217,2025-10-24,1,True
BUK12035,MXN,26000.0,23500.0,29500.0,37000.0,0.8814,0.1852,2026-06-01,3,False
BUK12036,CLP,4020000.0,3310000.0,4140000.0,5180000.0,0.971,0.3797,2026-06-27,2,False
BUK12037,COP,15200000.0,11400000.0,14250000.0,17800000.0,1.0667,0.5938,2026-07-02,2,False
BUK12038,MXN,17000.0,15000.0,19000.0,24000.0,0.8947,0.2222,2026-07-02,2,False
BUK12039,CLP,1680000.0,1370000.0,1710000.0,2140000.0,0.9825,0.4026,2026-05-01,2,False
BUK12040,CLP,1840000.0,1370000.0,1710000.0,2140000.0,1.076,0.6104,2026-05-02,4,False
BUK12041,BRL,5500.0,4200.0,5200.0,6500.0,1.0577,0.5652,2025-01-30,19,False
BUK12042,COP,5100000.0,4950000.0,6200000.0,7750000.0,0.8226,0.0536,2025-07-01,14,False
BUK12043,CLP,2790000.0,2160000.0,2700000.0,3380000.0,1.0333,0.5164,2026-01-30,7,True
BUK12044,CLP,1090000.0,980000.0,1220000.0,1520000.0,0.8934,0.2037,2026-03-02,6,False
BUK12045,CLP,2070000.0,1840000.0,2300000.0,2880000.0,0.9,0.2212,2026-08-01,1,False
BUK12046,CLP,2730000.0,2160000.0,2700000.0,3380000.0,1.0111,0.4672,2025-10-01,11,True
BUK12047,CLP,2020000.0,1840000.0,2300000.0,2880000.0,0.8783,0.1731,2026-08-01,1,False
BUK12048,COP,2300000.0,1750000.0,2200000.0,2750000.0,1.0455,0.55,2026-05-18,1,False
BUK12049,PEN,7600.0,5500.0,6900.0,8600.0,1.1014,0.6774,2026-04-01,5,False
BUK12050,CLP,1210000.0,920000.0,1150000.0,1440000.0,1.0522,0.5577,2026-08-01,1,False
BUK12051,CLP,600000.0,540000.0,680000.0,850000.0,0.8824,0.1935,2025-05-01,16,False
BUK12052,PEN,7400.0,6100.0,7600.0,9500.0,0.9737,0.3824,2025-10-01,11,False
BUK12053,CLP,950000.0,720000.0,900000.0,1120000.0,1.0556,0.575,2026-06-01,3,True
BUK12054,BRL,7500.0,5800.0,7300.0,9100.0,1.0274,0.5152,2025-12-01,9,False
BUK12055,CLP,1240000.0,1080000.0,1350000.0,1690000.0,0.9185,0.2623,2026-08-01,1,True
BUK12056,MXN,18000.0,18500.0,23000.0,29000.0,0.7826,-0.0476,2024-08-18,20,False
BUK12057,BRL,12800.0,9400.0,11700.0,14600.0,1.094,0.6538,2026-07-02,2,False
BUK12058,CLP,1270000.0,980000.0,1220000.0,1520000.0,1.041,0.537,2025-06-01,15,False
BUK12059,COP,3400000.0,2800000.0,3500000.0,4400000.0,0.9714,0.375,2026-06-01,3,False
BUK12060,MXN,23000.0,17500.0,22000.0,27500.0,1.0455,0.55,2025-10-31,10,False
BUK12061,BRL,7600.0,6600.0,8300.0,10400.0,0.9157,0.2632,2026-06-01,3,False
BUK12062,CLP,1020000.0,810000.0,1010000.0,1260000.0,1.0099,0.4667,2026-01-30,7,False
BUK12063,COP,6650000.0,5950000.0,7450000.0,9300000.0,0.8926,0.209,2026-08-01,1,False
BUK12064,MXN,16000.0,16500.0,20500.0,25500.0,0.7805,-0.0556,2026-01-30,7,False
BUK12065,CLP,2390000.0,1820000.0,2280000.0,2850000.0,1.0482,0.5534,2026-03-02,6,False
BUK12066,COP,3600000.0,3700000.0,4650000.0,5800000.0,0.7742,-0.0476,2026-04-01,5,False
BUK12067,CLP,1710000.0,1520000.0,1900000.0,2380000.0,0.9,0.2209,2025-12-31,8,True
BUK12068,MXN,18000.0,13500.0,17000.0,21000.0,1.0588,0.6,2025-08-15,1,True
BUK12069,CLP,680000.0,540000.0,680000.0,850000.0,1.0,0.4516,2025-10-01,11,False
BUK12070,CLP,2430000.0,1870000.0,2340000.0,2920000.0,1.0385,0.5333,2026-07-02,2,False
BUK12071,MXN,21500.0,21500.0,27000.0,34000.0,0.7963,0.0,2026-06-01,3,False
BUK12072,BRL,4700.0,4500.0,5600.0,7000.0,0.8393,0.08,2025-01-30,19,False
BUK12073,CLP,1870000.0,1520000.0,1900000.0,2380000.0,0.9842,0.407,2026-05-16,2,True
BUK12074,CLP,1440000.0,1240000.0,1550000.0,1940000.0,0.929,0.2857,2024-11-30,21,False
BUK12075,MXN,38000.0,31000.0,38500.0,48000.0,0.987,0.4118,2026-05-02,4,False
BUK12076,MXN,42000.0,35000.0,43500.0,54500.0,0.9655,0.359,2026-02-23,6,False
BUK12077,COP,10300000.0,8450000.0,10550000.0,13200000.0,0.9763,0.3895,2025-10-31,10,False
BUK12078,CLP,2400000.0,1870000.0,2340000.0,2920000.0,1.0256,0.5048,2026-06-28,2,False
BUK12079,PEN,3600.0,2600.0,3200.0,4000.0,1.125,0.7143,2026-03-27,4,False
BUK12080,CLP,1150000.0,920000.0,1150000.0,1440000.0,1.0,0.4423,2023-09-01,36,False
BUK12081,CLP,2430000.0,1870000.0,2340000.0,2920000.0,1.0385,0.5333,2025-10-01,11,False
BUK12082,CLP,1790000.0,1820000.0,2280000.0,2850000.0,0.7851,-0.0291,2026-04-01,5,False
BUK12083,CLP,3160000.0,2880000.0,3600000.0,4500000.0,0.8778,0.1728,2025-10-01,11,True
BUK12084,MXN,49500.0,41000.0,51500.0,64500.0,0.9612,0.3617,2025-09-02,4,True
BUK12085,CLP,1190000.0,860000.0,1080000.0,1350000.0,1.1019,0.6735,2026-07-02,2,False
BUK12086,MXN,26500.0,25000.0,31000.0,39000.0,0.8548,0.1071,2026-04-10,2,False
BUK12087,CLP,1280000.0,980000.0,1220000.0,1520000.0,1.0492,0.5556,2025-08-01,13,False
BUK12088,MXN,39500.0,29000.0,36000.0,45000.0,1.0972,0.6562,2026-05-02,4,True
BUK12089,CLP,840000.0,820000.0,1030000.0,1290000.0,0.8155,0.0426,2026-06-01,3,False
BUK12090,CLP,4240000.0,3650000.0,4560000.0,5700000.0,0.9298,0.2878,2025-01-28,3,False
BUK12091,CLP,3300000.0,2450000.0,3060000.0,3820000.0,1.0784,0.6204,2025-01-20,1,False
BUK12092,COP,11100000.0,8100000.0,10100000.0,12600000.0,1.099,0.6667,2025-06-01,15,False
BUK12093,CLP,1290000.0,1240000.0,1550000.0,1940000.0,0.8323,0.0714,2026-05-02,4,False
BUK12094,CLP,2590000.0,2080000.0,2600000.0,3250000.0,0.9962,0.4359,2026-06-01,3,True
BUK12095,CLP,3100000.0,2450000.0,3060000.0,3820000.0,1.0131,0.4745,2025-05-01,16,False
BUK12096,MXN,25000.0,21500.0,27000.0,34000.0,0.9259,0.28,2025-07-01,14,False
BUK12097,PEN,4400.0,4300.0,5400.0,6800.0,0.8148,0.04,2024-11-08,21,False
BUK12098,CLP,1100000.0,920000.0,1150000.0,1440000.0,0.9565,0.3462,2026-03-02,6,False
BUK12099,MXN,13000.0,12500.0,15500.0,19500.0,0.8387,0.0714,2024-07-01,26,False
BUK12100,CLP,1190000.0,980000.0,1220000.0,1520000.0,0.9754,0.3889,2025-08-01,13,False
BUK12101,PEN,3500.0,3000.0,3800.0,4800.0,0.9211,0.2778,2026-03-02,6,False
BUK12102,COP,5600000.0,4500000.0,5600000.0,7000000.0,1.0,0.44,2025-05-01,4,False
BUK12103,CLP,820000.0,650000.0,810000.0,1010000.0,1.0123,0.4722,2026-04-01,5,False
BUK12104,CLP,2700000.0,2080000.0,2600000.0,3250000.0,1.0385,0.5299,2025-05-05,3,True
BUK12105,CLP,1900000.0,1370000.0,1710000.0,2140000.0,1.1111,0.6883,2026-08-01,1,False
BUK12106,CLP,1850000.0,1820000.0,2280000.0,2850000.0,0.8114,0.0291,2025-12-31,8,False
BUK12107,COP,7300000.0,5950000.0,7450000.0,9300000.0,0.9799,0.403,2026-07-02,2,False
BUK12108,COP,7050000.0,5650000.0,7050000.0,8800000.0,1.0,0.4444,2026-01-30,7,False
BUK12109,CLP,2230000.0,1820000.0,2280000.0,2850000.0,0.9781,0.3981,2025-11-10,5,False
BUK12110,CLP,890000.0,720000.0,900000.0,1120000.0,0.9889,0.425,2026-01-30,7,False
BUK12111,CLP,1190000.0,1080000.0,1350000.0,1690000.0,0.8815,0.1803,2025-12-26,3,True
BUK12112,MXN,30500.0,25000.0,31000.0,39000.0,0.9839,0.3929,2025-07-01,14,False
BUK12113,CLP,1150000.0,1080000.0,1350000.0,1690000.0,0.8519,0.1148,2026-07-02,2,False
BUK12114,CLP,950000.0,810000.0,1010000.0,1260000.0,0.9406,0.3111,2025-12-01,9,False
BUK12115,COP,8350000.0,6300000.0,7900000.0,9900000.0,1.057,0.5694,2025-12-31,8,False
BUK12116,CLP,840000.0,650000.0,810000.0,1010000.0,1.037,0.5278,2026-07-02,2,False
BUK12117,CLP,1600000.0,1080000.0,1350000.0,1690000.0,1.1852,0.8525,2024-07-31,25,True
BUK12118,CLP,2700000.0,2160000.0,2700000.0,3380000.0,1.0,0.4426,2024-07-15,17,True
BUK12119,MXN,15000.0,11500.0,14500.0,18000.0,1.0345,0.5385,2026-03-02,6,False
BUK12120,COP,2250000.0,2100000.0,2650000.0,3300000.0,0.8491,0.125,2025-02-05,16,False
BUK12121,CLP,2250000.0,1740000.0,2180000.0,2720000.0,1.0321,0.5204,2026-03-02,6,False
BUK12122,MXN,29500.0,25000.0,31000.0,39000.0,0.9516,0.3214,2024-08-22,16,False
BUK12123,CLP,3020000.0,2480000.0,3100000.0,3880000.0,0.9742,0.3857,2026-07-02,2,False
BUK12124,CLP,1520000.0,1240000.0,1550000.0,1940000.0,0.9806,0.4,2026-07-02,2,False
BUK12125,CLP,1380000.0,980000.0,1220000.0,1520000.0,1.1311,0.7407,2025-12-31,8,False
BUK12126,BRL,6400.0,4500.0,5600.0,7000.0,1.1429,0.76,2026-08-01,1,False
BUK12127,MXN,68500.0,52000.0,65000.0,81000.0,1.0538,0.569,2024-08-31,24,False
BUK12128,CLP,870000.0,860000.0,1080000.0,1350000.0,0.8056,0.0204,2024-10-08,18,False
BUK12129,CLP,1070000.0,860000.0,1080000.0,1350000.0,0.9907,0.4286,2025-10-31,10,False
BUK12130,CLP,1520000.0,980000.0,1220000.0,1520000.0,1.2459,1.0,2026-07-02,2,False
BUK12131,COP,3300000.0,2650000.0,3300000.0,4100000.0,1.0,0.4483,2026-05-02,4,False
BUK12132,BRL,3700.0,3100.0,3900.0,4900.0,0.9487,0.3333,2025-11-30,5,False
BUK12133,COP,6300000.0,4200000.0,5250000.0,6550000.0,1.2,0.8936,2025-12-01,9,False
BUK12134,PEN,6700.0,5100.0,6400.0,8000.0,1.0469,0.5517,2026-07-02,2,False
BUK12135,PEN,5000.0,3600.0,4500.0,5600.0,1.1111,0.7,2025-10-31,10,False
BUK12136,MXN,64000.0,49000.0,61500.0,77000.0,1.0407,0.5357,2025-10-01,11,False
BUK12137,CLP,1860000.0,1300000.0,1620000.0,2020000.0,1.1481,0.7778,2023-09-01,36,False
BUK12138,PEN,12100.0,10900.0,13600.0,17000.0,0.8897,0.1967,2025-08-31,12,False
BUK12139,CLP,2700000.0,1940000.0,2430000.0,3040000.0,1.1111,0.6909,2024-09-30,23,False
BUK12140,MXN,22000.0,17500.0,22000.0,27500.0,1.0,0.45,2026-04-01,5,False
BUK12141,MXN,27000.0,25000.0,31000.0,39000.0,0.871,0.1429,2025-08-01,13,False
BUK12142,CLP,1610000.0,1300000.0,1620000.0,2020000.0,0.9938,0.4306,2026-08-01,1,False
BUK12143,CLP,750000.0,650000.0,810000.0,1010000.0,0.9259,0.2778,2026-04-01,5,False
BUK12144,CLP,1250000.0,920000.0,1150000.0,1440000.0,1.087,0.6346,2024-07-01,26,False
BUK12145,CLP,1900000.0,1520000.0,1900000.0,2380000.0,1.0,0.4419,2026-03-02,6,True
BUK12146,COP,6950000.0,5700000.0,7100000.0,8900000.0,0.9789,0.3906,2025-10-19,3,False
BUK12147,MXN,13000.0,12500.0,15500.0,19500.0,0.8387,0.0714,2025-01-30,19,False
BUK12148,CLP,1730000.0,1740000.0,2180000.0,2720000.0,0.7936,-0.0102,2025-08-09,3,False
BUK12149,CLP,2380000.0,1940000.0,2430000.0,3040000.0,0.9794,0.4,2024-01-03,12,False
BUK12150,MXN,40500.0,35000.0,43500.0,54500.0,0.931,0.2821,2025-12-01,9,False
BUK12151,CLP,1810000.0,1560000.0,1950000.0,2440000.0,0.9282,0.2841,2025-11-21,1,False
BUK12152,CLP,2950000.0,2590000.0,3240000.0,4050000.0,0.9105,0.2466,2024-10-31,22,False
BUK12153,CLP,1140000.0,920000.0,1150000.0,1440000.0,0.9913,0.4231,2025-12-01,9,False
BUK12154,CLP,1240000.0,980000.0,1220000.0,1520000.0,1.0164,0.4815,2026-07-02,2,False
BUK12155,COP,10400000.0,8100000.0,10100000.0,12600000.0,1.0297,0.5111,2025-12-01,9,False
BUK12156,CLP,3000000.0,2740000.0,3420000.0,4280000.0,0.8772,0.1688,2026-06-27,2,False
BUK12157,CLP,1960000.0,1620000.0,2020000.0,2520000.0,0.9703,0.3778,2026-05-02,4,False
BUK12158,CLP,1340000.0,1080000.0,1350000.0,1690000.0,0.9926,0.4262,2026-08-01,1,False
BUK12159,PEN,4000.0,3400.0,4200.0,5200.0,0.9524,0.3333,2025-04-01,17,True
BUK12160,CLP,2300000.0,1870000.0,2340000.0,2920000.0,0.9829,0.4095,2025-12-01,9,False
BUK12161,CLP,1200000.0,920000.0,1150000.0,1440000.0,1.0435,0.5385,2026-04-01,5,False
BUK12162,CLP,1140000.0,1140000.0,1420000.0,1780000.0,0.8028,0.0,2025-11-25,8,False
BUK12163,CLP,1040000.0,860000.0,1080000.0,1350000.0,0.963,0.3673,2024-04-01,6,False
BUK12164,CLP,2780000.0,2160000.0,2700000.0,3380000.0,1.0296,0.5082,2026-01-30,7,True
BUK12165,COP,9950000.0,8100000.0,10150000.0,12700000.0,0.9803,0.4022,2025-11-25,3,False
BUK12166,CLP,1110000.0,920000.0,1150000.0,1440000.0,0.9652,0.3654,2024-11-30,21,False
BUK12167,MXN,52000.0,41000.0,51500.0,64500.0,1.0097,0.4681,2026-01-30,7,False
BUK12168,CLP,3050000.0,2480000.0,3100000.0,3880000.0,0.9839,0.4071,2026-01-30,7,False
BUK12169,CLP,3210000.0,2580000.0,3230000.0,4040000.0,0.9938,0.4315,2025-08-13,5,False
BUK12170,CLP,2150000.0,1770000.0,2210000.0,2760000.0,0.9729,0.3838,2025-12-01,9,False
BUK12171,MXN,79000.0,63000.0,78500.0,98000.0,1.0064,0.4571,2026-08-01,1,False
BUK12172,CLP,2390000.0,1740000.0,2180000.0,2720000.0,1.0963,0.6633,2026-07-30,1,False
BUK12173,COP,5950000.0,4250000.0,5300000.0,6600000.0,1.1226,0.7234,2026-07-02,2,False
BUK12174,COP,7400000.0,6300000.0,7900000.0,9900000.0,0.9367,0.3056,2026-08-01,1,False
BUK12175,COP,3550000.0,3150000.0,3950000.0,4950000.0,0.8987,0.2222,2026-07-02,2,False
BUK12176,COP,5850000.0,4250000.0,5300000.0,6600000.0,1.1038,0.6809,2025-12-01,9,False
BUK12177,CLP,1640000.0,1370000.0,1710000.0,2140000.0,0.9591,0.3506,2024-01-22,16,False
BUK12178,CLP,1260000.0,980000.0,1220000.0,1520000.0,1.0328,0.5185,2024-06-14,5,False
BUK12179,CLP,2320000.0,1820000.0,2280000.0,2850000.0,1.0175,0.4854,2025-12-31,8,False
BUK12180,CLP,1570000.0,1370000.0,1710000.0,2140000.0,0.9181,0.2597,2026-04-01,5,False
BUK12181,CLP,870000.0,820000.0,1030000.0,1290000.0,0.8447,0.1064,2025-12-31,8,False
BUK12182,CLP,1830000.0,1520000.0,1900000.0,2380000.0,0.9632,0.3605,2025-12-31,8,True
BUK12183,CLP,2220000.0,1820000.0,2280000.0,2850000.0,0.9737,0.3883,2026-04-01,5,False
BUK12184,CLP,780000.0,650000.0,810000.0,1010000.0,0.963,0.3611,2026-01-30,7,False
BUK12185,PEN,4200.0,3000.0,3800.0,4800.0,1.1053,0.6667,2026-05-02,4,False
BUK12186,CLP,2400000.0,1820000.0,2280000.0,2850000.0,1.0526,0.5631,2025-10-01,11,False
BUK12187,CLP,1010000.0,1080000.0,1350000.0,1690000.0,0.7481,-0.1148,2026-06-27,1,True
BUK12188,PEN,6100.0,4800.0,6000.0,7500.0,1.0167,0.4815,2026-04-28,2,True
BUK12189,CLP,890000.0,650000.0,810000.0,1010000.0,1.0988,0.6667,2026-08-01,1,False
BUK12190,CLP,1450000.0,1080000.0,1350000.0,1690000.0,1.0741,0.6066,2024-07-31,25,True
BUK12191,BRL,6700.0,4700.0,5900.0,7400.0,1.1356,0.7407,2025-08-31,12,False
BUK12192,CLP,1520000.0,1220000.0,1520000.0,1900000.0,1.0,0.4412,2026-07-02,2,False
BUK12193,CLP,1320000.0,1300000.0,1620000.0,2020000.0,0.8148,0.0278,2026-05-02,4,False
BUK12194,CLP,2140000.0,1820000.0,2280000.0,2850000.0,0.9386,0.3107,2026-07-02,2,False
BUK12195,COP,6000000.0,4950000.0,6200000.0,7750000.0,0.9677,0.375,2026-05-29,3,True
BUK12196,CLP,1370000.0,920000.0,1150000.0,1440000.0,1.1913,0.8654,2024-12-26,5,False
BUK12197,MXN,27500.0,26000.0,32500.0,40500.0,0.8462,0.1034,2026-06-28,2,False
BUK12198,PEN,2300.0,1800.0,2300.0,2900.0,1.0,0.4545,2026-08-01,1,False
BUK12199,MXN,38000.0,29000.0,36000.0,45000.0,1.0556,0.5625,2025-07-01,14,True
BUK12200,COP,2450000.0,2000000.0,2500000.0,3100000.0,0.98,0.4091,2024-05-01,28,False
BUK12201,CLP,1380000.0,1140000.0,1420000.0,1780000.0,0.9718,0.375,2026-04-16,4,False
BUK12202,CLP,3810000.0,2880000.0,3600000.0,4500000.0,1.0583,0.5741,2026-04-01,5,True
BUK12203,MXN,74500.0,49000.0,61500.0,77000.0,1.2114,0.9107,2025-08-31,12,False
BUK12204,CLP,2680000.0,2160000.0,2700000.0,3380000.0,0.9926,0.4262,2025-12-01,9,True
BUK12205,PEN,4400.0,4100.0,5100.0,6400.0,0.8627,0.1304,2026-06-01,3,False
BUK12206,CLP,1380000.0,1370000.0,1710000.0,2140000.0,0.807,0.013,2025-05-01,16,False
BUK12207,CLP,1170000.0,920000.0,1150000.0,1440000.0,1.0174,0.4808,2025-12-01,9,False
BUK12208,CLP,1320000.0,1300000.0,1620000.0,2020000.0,0.8148,0.0278,2024-03-02,9,False
BUK12209,CLP,1430000.0,1140000.0,1420000.0,1780000.0,1.007,0.4531,2026-05-02,4,False
BUK12210,MXN,41000.0,26000.0,32500.0,40500.0,1.2615,1.0345,2026-06-01,3,False
BUK12211,COP,14100000.0,10800000.0,13500000.0,16900000.0,1.0444,0.541,2026-03-02,6,False
BUK12212,CLP,660000.0,610000.0,760000.0,950000.0,0.8684,0.1471,2025-08-01,13,False
BUK12213,CLP,1150000.0,920000.0,1150000.0,1440000.0,1.0,0.4423,2026-07-02,2,False
BUK12214,CLP,1550000.0,1300000.0,1620000.0,2020000.0,0.9568,0.3472,2026-03-02,6,False
BUK12215,COP,11800000.0,9400000.0,11750000.0,14700000.0,1.0043,0.4528,2026-04-01,5,True
BUK12216,CLP,1890000.0,1730000.0,2160000.0,2700000.0,0.875,0.1649,2025-01-09,6,False
BUK12217,CLP,850000.0,720000.0,900000.0,1120000.0,0.9444,0.325,2026-04-01,5,True
BUK12218,CLP,2180000.0,2080000.0,2600000.0,3250000.0,0.8385,0.0855,2024-12-31,20,True
BUK12219,COP,19550000.0,17200000.0,21500000.0,26900000.0,0.9093,0.2423,2026-08-01,1,False
BUK12220,CLP,1610000.0,1300000.0,1620000.0,2020000.0,0.9938,0.4306,2026-08-01,1,False
BUK12221,MXN,24000.0,18500.0,23000.0,29000.0,1.0435,0.5238,2026-02-03,6,False
BUK12222,CLP,4120000.0,2880000.0,3600000.0,4500000.0,1.1444,0.7654,2023-12-31,32,True
BUK12223,MXN,40500.0,33000.0,41500.0,52000.0,0.9759,0.3947,2026-07-02,2,False
BUK12224,COP,7300000.0,5700000.0,7100000.0,8900000.0,1.0282,0.5,2026-04-16,3,False
BUK12225,MXN,62500.0,55000.0,68500.0,85500.0,0.9124,0.2459,2025-12-31,8,True
BUK12226,CLP,3160000.0,2160000.0,2700000.0,3380000.0,1.1704,0.8197,2026-08-01,1,True
BUK12227,CLP,1710000.0,1370000.0,1710000.0,2140000.0,1.0,0.4416,2024-08-08,5,False
BUK12228,COP,10050000.0,8000000.0,10000000.0,12500000.0,1.005,0.4556,2024-12-31,20,False
BUK12229,CLP,2030000.0,1560000.0,1950000.0,2440000.0,1.041,0.5341,2026-05-02,4,False
BUK12230,CLP,2830000.0,2160000.0,2700000.0,3380000.0,1.0481,0.5492,2025-12-01,9,True
BUK12231,CLP,1370000.0,1140000.0,1420000.0,1780000.0,0.9648,0.3594,2025-10-31,10,False
BUK12232,CLP,1410000.0,1300000.0,1620000.0,2020000.0,0.8704,0.1528,2024-04-10,11,False
BUK12233,CLP,770000.0,720000.0,900000.0,1120000.0,0.8556,0.125,2026-05-02,4,True
BUK12234,COP,8150000.0,7450000.0,9300000.0,11600000.0,0.8763,0.1687,2026-08-01,1,False
BUK12235,CLP,850000.0,610000.0,760000.0,950000.0,1.1184,0.7059,2026-06-01,3,False
BUK12236,CLP,2900000.0,2160000.0,2700000.0,3380000.0,1.0741,0.6066,2026-07-02,2,True
BUK12237,CLP,660000.0,540000.0,680000.0,850000.0,0.9706,0.3871,2026-04-01,5,False
BUK12238,BRL,11500.0,10000.0,12500.0,15600.0,0.92,0.2679,2026-01-30,7,False
BUK12239,CLP,1190000.0,1300000.0,1620000.0,2020000.0,0.7346,-0.1528,2025-11-22,8,False
BUK12240,CLP,1020000.0,820000.0,1030000.0,1290000.0,0.9903,0.4255,2026-06-01,3,False
BUK12241,CLP,1220000.0,920000.0,1150000.0,1440000.0,1.0609,0.5769,2026-08-01,1,False
BUK12242,CLP,1090000.0,980000.0,1220000.0,1520000.0,0.8934,0.2037,2026-07-02,2,False
BUK12243,PEN,3700.0,3000.0,3800.0,4800.0,0.9737,0.3889,2026-07-02,2,False
BUK12244,PEN,5300.0,4100.0,5100.0,6400.0,1.0392,0.5217,2025-12-01,9,False
BUK12245,PEN,9000.0,6600.0,8200.0,10200.0,1.0976,0.6667,2026-08-01,1,True
BUK12246,CLP,3330000.0,2590000.0,3240000.0,4050000.0,1.0278,0.5068,2026-07-02,2,False
BUK12247,CLP,3020000.0,2590000.0,3240000.0,4050000.0,0.9321,0.2945,2024-10-31,22,False
BUK12248,CLP,1050000.0,980000.0,1220000.0,1520000.0,0.8607,0.1296,2026-06-01,3,False
BUK12249,PEN,4100.0,3600.0,4500.0,5600.0,0.9111,0.25,2026-07-02,2,False
BUK12250,CLP,2350000.0,1820000.0,2280000.0,2850000.0,1.0307,0.5146,2023-11-01,13,False
BUK12251,MXN,33500.0,24500.0,30500.0,38000.0,1.0984,0.6667,2025-07-01,14,False
BUK12252,COP,4450000.0,3150000.0,3950000.0,4950000.0,1.1266,0.7222,2025-12-31,8,False
BUK12253,CLP,1080000.0,980000.0,1220000.0,1520000.0,0.8852,0.1852,2025-08-01,13,False
BUK12254,CLP,3040000.0,2390000.0,2990000.0,3740000.0,1.0167,0.4815,2026-07-02,2,False
BUK12255,CLP,1700000.0,1300000.0,1620000.0,2020000.0,1.0494,0.5556,2026-08-01,1,False
BUK12256,CLP,1510000.0,1300000.0,1620000.0,2020000.0,0.9321,0.2917,2026-05-11,3,False
BUK12257,CLP,1050000.0,920000.0,1150000.0,1440000.0,0.913,0.25,2025-10-01,11,False
BUK12258,MXN,39500.0,35000.0,43500.0,54500.0,0.908,0.2308,2025-12-31,8,False
BUK12259,BRL,8500.0,6600.0,8300.0,10400.0,1.0241,0.5,2025-01-30,19,False
BUK12260,CLP,1130000.0,860000.0,1080000.0,1350000.0,1.0463,0.551,2026-06-01,3,False
BUK12261,CLP,1720000.0,1300000.0,1620000.0,2020000.0,1.0617,0.5833,2026-03-02,6,False
BUK12262,MXN,14500.0,10500.0,13000.0,16000.0,1.1154,0.7273,2025-03-02,18,False
BUK12263,CLP,2500000.0,2080000.0,2600000.0,3250000.0,0.9615,0.359,2025-10-01,11,True
BUK12264,CLP,800000.0,610000.0,760000.0,950000.0,1.0526,0.5588,2026-08-01,1,False
BUK12265,BRL,5400.0,5000.0,6200.0,7800.0,0.871,0.1429,2025-08-31,12,False
BUK12266,MXN,49500.0,35500.0,44500.0,55500.0,1.1124,0.7,2025-08-01,13,False
BUK12267,MXN,31500.0,23000.0,29000.0,36000.0,1.0862,0.6538,2025-05-23,13,False
BUK12268,CLP,3170000.0,2480000.0,3100000.0,3880000.0,1.0226,0.4929,2025-08-01,13,False
BUK12269,PEN,7000.0,5800.0,7200.0,9000.0,0.9722,0.375,2025-08-16,3,False
BUK12270,MXN,105000.0,69000.0,86500.0,108000.0,1.2139,0.9231,2026-07-02,2,False
BUK12271,CLP,2050000.0,1520000.0,1900000.0,2380000.0,1.0789,0.6163,2026-07-02,2,True
BUK12272,CLP,1870000.0,1370000.0,1710000.0,2140000.0,1.0936,0.6494,2025-12-31,8,False
BUK12273,CLP,1870000.0,1370000.0,1710000.0,2140000.0,1.0936,0.6494,2026-04-01,5,False
BUK12274,PEN,4700.0,3600.0,4500.0,5600.0,1.0444,0.55,2026-04-01,5,False
BUK12275,CLP,1020000.0,920000.0,1150000.0,1440000.0,0.887,0.1923,2024-03-27,16,False
BUK12276,CLP,2520000.0,2160000.0,2700000.0,3380000.0,0.9333,0.2951,2026-08-01,1,False
BUK12277,PEN,5800.0,4300.0,5400.0,6800.0,1.0741,0.6,2026-03-02,6,False
BUK12278,CLP,2500000.0,2080000.0,2600000.0,3250000.0,0.9615,0.359,2026-07-02,2,True
BUK12279,CLP,3750000.0,2740000.0,3420000.0,4280000.0,1.0965,0.6558,2026-06-01,3,False
BUK12280,MXN,57000.0,49000.0,61500.0,77000.0,0.9268,0.2857,2026-07-02,2,False
BUK12281,CLP,2880000.0,1840000.0,2300000.0,2880000.0,1.2522,1.0,2026-07-02,2,False
BUK12282,BRL,12900.0,10000.0,12500.0,15600.0,1.032,0.5179,2025-12-31,8,False
BUK12283,COP,10500000.0,8100000.0,10150000.0,12700000.0,1.0345,0.5217,2025-06-22,1,False
BUK12284,PEN,10800.0,8200.0,10200.0,12800.0,1.0588,0.5652,2026-06-01,3,False
BUK12285,CLP,1870000.0,1840000.0,2300000.0,2880000.0,0.813,0.0288,2026-03-02,6,False
BUK12286,BRL,7200.0,5500.0,6900.0,8600.0,1.0435,0.5484,2025-10-25,1,True
BUK12287,BRL,9900.0,8900.0,11100.0,13900.0,0.8919,0.2,2025-12-17,6,False
BUK12288,MXN,70500.0,49000.0,61500.0,77000.0,1.1463,0.7679,2026-04-01,5,False
BUK12289,BRL,3800.0,3100.0,3900.0,4900.0,0.9744,0.3889,2026-04-26,1,False
BUK12290,CLP,1840000.0,1520000.0,1900000.0,2380000.0,0.9684,0.3721,2026-06-01,3,True
BUK12291,CLP,1160000.0,1080000.0,1350000.0,1690000.0,0.8593,0.1311,2026-04-01,5,True
BUK12292,MXN,51000.0,41000.0,51500.0,64500.0,0.9903,0.4255,2024-07-23,3,True
BUK12293,CLP,1520000.0,1220000.0,1520000.0,1900000.0,1.0,0.4412,2025-10-05,7,False
BUK12294,MXN,31500.0,25000.0,31000.0,39000.0,1.0161,0.4643,2026-06-01,3,False
BUK12295,COP,6650000.0,6000000.0,7500000.0,9400000.0,0.8867,0.1912,2026-06-27,1,False
BUK12296,PEN,8400.0,6800.0,8500.0,10600.0,0.9882,0.4211,2026-04-01,5,False
BUK12297,MXN,68000.0,49000.0,61500.0,77000.0,1.1057,0.6786,2023-10-01,35,False
BUK12298,CLP,520000.0,540000.0,680000.0,850000.0,0.7647,-0.0645,2026-06-01,3,False
BUK12299,MXN,32000.0,26000.0,32500.0,40500.0,0.9846,0.4138,2026-03-02,6,False
BUK12300,CLP,1710000.0,1300000.0,1620000.0,2020000.0,1.0556,0.5694,2026-05-02,4,False
BUK12301,BRL,10000.0,7800.0,9800.0,12200.0,1.0204,0.5,2026-03-02,6,True
BUK12302,CLP,1120000.0,980000.0,1220000.0,1520000.0,0.918,0.2593,2025-08-31,2,False
BUK12303,MXN,17000.0,13500.0,17000.0,21000.0,1.0,0.4667,2026-03-02,6,True
BUK12304,COP,3200000.0,2100000.0,2650000.0,3300000.0,1.2075,0.9167,2024-07-31,25,False
BUK12305,CLP,1420000.0,980000.0,1220000.0,1520000.0,1.1639,0.8148,2026-05-02,4,False
BUK12306,PEN,1700.0,1700.0,2100.0,2600.0,0.8095,0.0,2024-10-31,22,False
BUK12307,COP,6950000.0,6300000.0,7900000.0,9900000.0,0.8797,0.1806,2025-04-06,7,False
BUK12308,CLP,1140000.0,980000.0,1220000.0,1520000.0,0.9344,0.2963,2025-12-14,3,False
BUK12309,CLP,1530000.0,1140000.0,1420000.0,1780000.0,1.0775,0.6094,2025-12-01,9,False
BUK12310,MXN,43500.0,39500.0,49500.0,62000.0,0.8788,0.1778,2026-03-02,6,True
BUK12311,MXN,60000.0,47500.0,59500.0,74500.0,1.0084,0.463,2026-06-01,3,False
BUK12312,CLP,1600000.0,1140000.0,1420000.0,1780000.0,1.1268,0.7188,2025-11-30,8,False
BUK12313,CLP,3330000.0,2590000.0,3240000.0,4050000.0,1.0278,0.5068,2026-05-01,1,False
BUK12314,BRL,6900.0,5000.0,6200.0,7800.0,1.1129,0.6786,2025-01-30,19,False
BUK12315,CLP,1190000.0,860000.0,1080000.0,1350000.0,1.1019,0.6735,2025-07-01,14,False
BUK12316,MXN,66500.0,49000.0,61500.0,77000.0,1.0813,0.625,2025-08-31,12,False
BUK12317,CLP,1700000.0,1300000.0,1620000.0,2020000.0,1.0494,0.5556,2025-10-02,2,False
BUK12318,CLP,2900000.0,2740000.0,3420000.0,4280000.0,0.848,0.1039,2025-04-01,17,False
BUK12319,CLP,1480000.0,1220000.0,1520000.0,1900000.0,0.9737,0.3824,2025-07-01,14,False
BUK12320,CLP,1050000.0,820000.0,1030000.0,1290000.0,1.0194,0.4894,2026-04-01,5,False
BUK12321,PEN,3100.0,2600.0,3200.0,4000.0,0.9688,0.3571,2025-12-01,9,False
BUK12322,COP,5150000.0,4500000.0,5600000.0,7000000.0,0.9196,0.26,2024-09-30,23,False
BUK12323,CLP,1060000.0,980000.0,1220000.0,1520000.0,0.8689,0.1481,2026-07-02,2,False
BUK12324,CLP,3250000.0,2450000.0,3060000.0,3820000.0,1.0621,0.5839,2025-01-30,19,False
BUK12325,CLP,1060000.0,820000.0,1030000.0,1290000.0,1.0291,0.5106,2025-12-01,9,False
BUK12326,BRL,3000.0,3100.0,3900.0,4900.0,0.7692,-0.0556,2026-04-01,5,False
BUK12327,CLP,770000.0,720000.0,900000.0,1120000.0,0.8556,0.125,2026-04-01,5,False
BUK12328,CLP,1260000.0,860000.0,1080000.0,1350000.0,1.1667,0.8163,2025-10-31,10,False
BUK12329,MXN,35000.0,35000.0,43500.0,54500.0,0.8046,0.0,2025-10-02,5,False
BUK12330,MXN,14000.0,12500.0,15500.0,19500.0,0.9032,0.2143,2024-10-10,14,False
BUK12331,PEN,3500.0,2700.0,3400.0,4200.0,1.0294,0.5333,2026-06-01,3,False
BUK12332,CLP,2770000.0,2160000.0,2700000.0,3380000.0,1.0259,0.5,2026-06-01,3,False
BUK12333,CLP,2530000.0,2160000.0,2700000.0,3380000.0,0.937,0.3033,2026-04-21,2,True
BUK12334,COP,8300000.0,7050000.0,8800000.0,11000000.0,0.9432,0.3165,2026-04-01,5,False
BUK12335,MXN,21500.0,18500.0,23000.0,29000.0,0.9348,0.2857,2025-12-03,1,False
BUK12336,MXN,47500.0,35000.0,43500.0,54500.0,1.092,0.641,2026-08-01,1,False
BUK12337,CLP,2380000.0,1770000.0,2210000.0,2760000.0,1.0769,0.6162,2025-03-01,17,False
BUK12338,CLP,1870000.0,1770000.0,2210000.0,2760000.0,0.8462,0.101,2026-03-11,5,False
BUK12339,MXN,43000.0,31000.0,38500.0,48000.0,1.1169,0.7059,2026-05-02,4,False
BUK12340,COP,4800000.0,4050000.0,5050000.0,6300000.0,0.9505,0.3333,2026-02-15,2,False
BUK12341,COP,3750000.0,3150000.0,3950000.0,4950000.0,0.9494,0.3333,2026-06-01,3,False
BUK12342,MXN,30000.0,24500.0,30500.0,38000.0,0.9836,0.4074,2025-12-31,8,False
BUK12343,MXN,30500.0,23000.0,29000.0,36000.0,1.0517,0.5769,2026-04-23,2,False
BUK12344,CLP,1010000.0,720000.0,900000.0,1120000.0,1.1222,0.725,2026-01-30,7,True
BUK12345,CLP,740000.0,610000.0,760000.0,950000.0,0.9737,0.3824,2026-07-02,2,False
BUK12346,CLP,1630000.0,1370000.0,1710000.0,2140000.0,0.9532,0.3377,2025-03-29,6,False
BUK12347,BRL,3300.0,3100.0,3900.0,4900.0,0.8462,0.1111,2025-11-18,5,False
BUK12348,CLP,2210000.0,1820000.0,2280000.0,2850000.0,0.9693,0.3786,2024-08-21,6,False
BUK12349,CLP,1070000.0,810000.0,1010000.0,1260000.0,1.0594,0.5778,2026-05-07,3,False
BUK12350,MXN,21000.0,17500.0,22000.0,27500.0,0.9545,0.35,2024-05-01,28,False
BUK12351,CLP,4370000.0,3310000.0,4140000.0,5180000.0,1.0556,0.5668,2025-10-01,11,False
BUK12352,MXN,56000.0,41000.0,51500.0,64500.0,1.0874,0.6383,2025-06-18,3,True
BUK12353,COP,3550000.0,3000000.0,3750000.0,4700000.0,0.9467,0.3235,2025-12-31,8,False
BUK12354,CLP,1650000.0,1300000.0,1620000.0,2020000.0,1.0185,0.4861,2025-12-21,5,False
BUK12355,COP,3200000.0,2700000.0,3350000.0,4200000.0,0.9552,0.3333,2026-06-01,3,False
BUK12356,BRL,2900.0,2800.0,3500.0,4400.0,0.8286,0.0625,2026-08-01,1,False
BUK12357,CLP,1270000.0,920000.0,1150000.0,1440000.0,1.1043,0.6731,2024-09-30,23,False
BUK12358,COP,3650000.0,2800000.0,3500000.0,4400000.0,1.0429,0.5312,2026-07-02,2,False
BUK12359,COP,2550000.0,1900000.0,2350000.0,2950000.0,1.0851,0.619,2026-07-02,2,False
BUK12360,CLP,2800000.0,2590000.0,3240000.0,4050000.0,0.8642,0.1438,2023-05-17,19,False
BUK12361,PEN,5400.0,4300.0,5400.0,6800.0,1.0,0.44,2026-05-28,3,False
BUK12362,PEN,10900.0,8200.0,10200.0,12800.0,1.0686,0.587,2025-12-31,8,False
BUK12363,BRL,3600.0,2800.0,3500.0,4400.0,1.0286,0.5,2026-08-01,1,False
BUK12364,CLP,2140000.0,1840000.0,2300000.0,2880000.0,0.9304,0.2885,2026-01-30,7,False
BUK12365,CLP,3110000.0,2590000.0,3240000.0,4050000.0,0.9599,0.3562,2026-06-01,3,False
BUK12366,CLP,1420000.0,1080000.0,1350000.0,1690000.0,1.0519,0.5574,2026-05-02,4,True
BUK12367,CLP,1580000.0,1140000.0,1420000.0,1780000.0,1.1127,0.6875,2026-04-07,4,False
BUK12368,PEN,3500.0,2900.0,3600.0,4500.0,0.9722,0.375,2026-08-01,1,False
BUK12369,PEN,1900.0,1800.0,2300.0,2900.0,0.8261,0.0909,2026-03-02,6,False
BUK12370,CLP,3390000.0,3310000.0,4140000.0,5180000.0,0.8188,0.0428,2026-06-30,2,False
BUK12371,PEN,3400.0,2600.0,3200.0,4000.0,1.0625,0.5714,2026-05-02,4,False
BUK12372,BRL,3600.0,3100.0,3900.0,4900.0,0.9231,0.2778,2026-03-08,1,False
BUK12373,CLP,1820000.0,1840000.0,2300000.0,2880000.0,0.7913,-0.0192,2024-05-23,20,False
BUK12374,PEN,9500.0,7800.0,9700.0,12100.0,0.9794,0.3953,2026-07-02,2,False
BUK12375,CLP,1440000.0,1240000.0,1550000.0,1940000.0,0.929,0.2857,2026-07-02,2,False
BUK12376,PEN,3400.0,2600.0,3200.0,4000.0,1.0625,0.5714,2025-11-21,2,False
BUK12377,CLP,4370000.0,3040000.0,3800000.0,4750000.0,1.15,0.7778,2025-10-31,10,True
BUK12378,PEN,5800.0,4300.0,5400.0,6800.0,1.0741,0.6,2026-08-01,1,False
BUK12379,MXN,16000.0,13500.0,17000.0,21000.0,0.9412,0.3333,2026-07-02,2,True
BUK12380,COP,10500000.0,8450000.0,10550000.0,13200000.0,0.9953,0.4316,2026-08-01,1,False
BUK12381,BRL,11100.0,7800.0,9800.0,12200.0,1.1327,0.75,2026-05-02,4,True
BUK12382,COP,11800000.0,11300000.0,14100000.0,17600000.0,0.8369,0.0794,2025-04-01,17,False
BUK12383,COP,5350000.0,4050000.0,5050000.0,6300000.0,1.0594,0.5778,2026-06-01,3,False
BUK12384,COP,6950000.0,5300000.0,6600000.0,8250000.0,1.053,0.5593,2026-01-30,7,False
BUK12385,CLP,3270000.0,2590000.0,3240000.0,4050000.0,1.0093,0.4658,2025-12-23,2,False
BUK12386,CLP,1350000.0,1140000.0,1420000.0,1780000.0,0.9507,0.3281,2025-12-31,8,False
BUK12387,MXN,101500.0,83500.0,104500.0,130500.0,0.9713,0.383,2023-04-18,28,True
BUK12388,MXN,60000.0,41000.0,51500.0,64500.0,1.165,0.8085,2026-03-17,5,False
BUK12389,MXN,47000.0,47000.0,59000.0,74000.0,0.7966,0.0,2023-11-11,29,False
BUK12390,CLP,1490000.0,1370000.0,1710000.0,2140000.0,0.8713,0.1558,2025-12-01,9,False
BUK12391,CLP,870000.0,720000.0,900000.0,1120000.0,0.9667,0.375,2026-01-30,7,True
BUK12392,CLP,630000.0,610000.0,760000.0,950000.0,0.8289,0.0588,2026-01-30,7,False
BUK12393,CLP,1250000.0,980000.0,1220000.0,1520000.0,1.0246,0.5,2026-07-02,2,False
BUK12394,CLP,2090000.0,1770000.0,2210000.0,2760000.0,0.9457,0.3232,2026-06-01,3,False
BUK12395,CLP,3280000.0,2590000.0,3240000.0,4050000.0,1.0123,0.4726,2025-09-28,3,False
BUK12396,CLP,720000.0,580000.0,720000.0,900000.0,1.0,0.4375,2025-12-31,5,False
BUK12397,CLP,2380000.0,1840000.0,2300000.0,2880000.0,1.0348,0.5192,2026-01-30,7,False
BUK12398,CLP,1090000.0,920000.0,1150000.0,1440000.0,0.9478,0.3269,2025-04-01,17,False
BUK12399,MXN,26500.0,26000.0,32500.0,40500.0,0.8154,0.0345,2026-07-02,2,False
BUK12400,MXN,23500.0,21500.0,27000.0,34000.0,0.8704,0.16,2026-05-02,4,False
BUK12401,MXN,38000.0,26000.0,32500.0,40500.0,1.1692,0.8276,2026-04-01,5,False
BUK12402,CLP,1140000.0,1080000.0,1350000.0,1690000.0,0.8444,0.0984,2025-08-01,13,True
BUK12403,PEN,4500.0,3600.0,4500.0,5600.0,1.0,0.45,2025-10-31,10,False
BUK12404,MXN,22500.0,16500.0,20500.0,25500.0,1.0976,0.6667,2025-12-12,7,False
BUK12405,CLP,2130000.0,1520000.0,1900000.0,2380000.0,1.1211,0.7093,2026-04-01,5,True
BUK12406,MXN,24500.0,18500.0,23000.0,29000.0,1.0652,0.5714,2026-05-22,3,False
BUK12407,PEN,3400.0,2600.0,3200.0,4000.0,1.0625,0.5714,2025-12-31,8,False
BUK12408,MXN,16500.0,16500.0,20500.0,25500.0,0.8049,0.0,2024-12-02,3,False
BUK12409,CLP,1330000.0,1140000.0,1420000.0,1780000.0,0.9366,0.2969,2026-06-28,1,False
BUK12410,CLP,2710000.0,2590000.0,3240000.0,4050000.0,0.8364,0.0822,2026-06-01,3,False
BUK12411,COP,4250000.0,4050000.0,5050000.0,6300000.0,0.8416,0.0889,2025-12-31,8,False
BUK12412,COP,10700000.0,8450000.0,10550000.0,13200000.0,1.0142,0.4737,2026-05-02,4,False
BUK12413,BRL,5200.0,4700.0,5900.0,7400.0,0.8814,0.1852,2025-08-01,13,False
BUK12414,MXN,16000.0,13500.0,17000.0,21000.0,0.9412,0.3333,2025-12-30,7,True
BUK12415,COP,4150000.0,3950000.0,4950000.0,6200000.0,0.8384,0.0889,2026-08-01,1,False
BUK12416,CLP,2480000.0,1820000.0,2280000.0,2850000.0,1.0877,0.6408,2026-07-02,2,False
BUK12417,CLP,2280000.0,1820000.0,2280000.0,2850000.0,1.0,0.4466,2026-04-01,5,False
BUK12418,CLP,1000000.0,820000.0,1030000.0,1290000.0,0.9709,0.383,2025-12-01,9,False
BUK12419,CLP,1130000.0,860000.0,1080000.0,1350000.0,1.0463,0.551,2025-12-01,9,False
BUK12420,CLP,2800000.0,2480000.0,3100000.0,3880000.0,0.9032,0.2286,2025-10-31,10,False
BUK12421,COP,7350000.0,6300000.0,7900000.0,9900000.0,0.9304,0.2917,2025-08-01,13,False
BUK12422,CLP,1420000.0,1240000.0,1550000.0,1940000.0,0.9161,0.2571,2024-10-31,22,False
BUK12423,CLP,2110000.0,1840000.0,2300000.0,2880000.0,0.9174,0.2596,2026-05-02,4,False
BUK12424,COP,5550000.0,4050000.0,5050000.0,6300000.0,1.099,0.6667,2025-05-09,6,False
BUK12425,MXN,17500.0,11500.0,14500.0,18000.0,1.2069,0.9231,2025-04-01,17,False
BUK12426,CLP,1470000.0,1080000.0,1350000.0,1690000.0,1.0889,0.6393,2026-02-13,6,True
BUK12427,CLP,1850000.0,1370000.0,1710000.0,2140000.0,1.0819,0.6234,2025-09-03,5,False
BUK12428,CLP,1290000.0,1220000.0,1520000.0,1900000.0,0.8487,0.1029,2026-03-02,6,False
BUK12429,CLP,780000.0,610000.0,760000.0,950000.0,1.0263,0.5,2023-12-31,32,False
BUK12430,PEN,3400.0,2900.0,3600.0,4500.0,0.9444,0.3125,2026-07-02,2,False
BUK12431,CLP,1020000.0,1080000.0,1350000.0,1690000.0,0.7556,-0.0984,2026-06-01,3,True
BUK12432,CLP,1270000.0,1080000.0,1350000.0,1690000.0,0.9407,0.3115,2026-01-30,7,True
BUK12433,MXN,37000.0,31000.0,38500.0,48000.0,0.961,0.3529,2025-05-25,3,False
BUK12434,MXN,16500.0,13500.0,17000.0,21000.0,0.9706,0.4,2026-03-02,6,True
BUK12435,BRL,5100.0,4500.0,5600.0,7000.0,0.9107,0.24,2026-04-01,5,False
BUK12436,CLP,1230000.0,920000.0,1150000.0,1440000.0,1.0696,0.5962,2026-08-01,1,False
BUK12437,CLP,1350000.0,1080000.0,1350000.0,1690000.0,1.0,0.4426,2023-09-17,29,True
BUK12438,MXN,21500.0,15000.0,19000.0,24000.0,1.1316,0.7222,2024-01-31,31,False
BUK12439,CLP,2270000.0,1740000.0,2180000.0,2720000.0,1.0413,0.5408,2026-07-02,2,False
BUK12440,CLP,560000.0,580000.0,720000.0,900000.0,0.7778,-0.0625,2023-07-22,15,False
BUK12441,COP,6400000.0,6800000.0,8500000.0,10600000.0,0.7529,-0.1053,2025-12-31,8,True
BUK12442,COP,6150000.0,4950000.0,6200000.0,7750000.0,0.9919,0.4286,2026-07-02,2,True
BUK12443,BRL,6200.0,7000.0,8800.0,11000.0,0.7045,-0.2,2025-01-30,19,False
BUK12444,CLP,1490000.0,1300000.0,1620000.0,2020000.0,0.9198,0.2639,2025-09-12,5,False
BUK12445,CLP,1670000.0,1520000.0,1900000.0,2380000.0,0.8789,0.1744,2025-10-15,6,False
BUK12446,CLP,3310000.0,2500000.0,3120000.0,3900000.0,1.0609,0.5786,2026-03-03,4,False
BUK12447,CLP,2030000.0,1820000.0,2280000.0,2850000.0,0.8904,0.2039,2024-06-29,6,False
BUK12448,CLP,2300000.0,1820000.0,2280000.0,2850000.0,1.0088,0.466,2026-03-02,6,False
BUK12449,CLP,1810000.0,1520000.0,1900000.0,2380000.0,0.9526,0.3372,2026-04-01,5,True
BUK12450,MXN,23500.0,17500.0,22000.0,27500.0,1.0682,0.6,2026-06-01,3,False
BUK12451,CLP,1800000.0,1370000.0,1710000.0,2140000.0,1.0526,0.5584,2026-03-02,6,False
BUK12452,MXN,108000.0,71000.0,89000.0,111000.0,1.2135,0.925,2025-09-09,2,False
BUK12453,MXN,30000.0,29000.0,36000.0,45000.0,0.8333,0.0625,2026-06-27,1,True
BUK12454,COP,7550000.0,6300000.0,7900000.0,9900000.0,0.9557,0.3472,2026-08-01,1,False
BUK12455,CLP,1550000.0,1370000.0,1710000.0,2140000.0,0.9064,0.2338,2026-07-02,2,False
BUK12456,CLP,1120000.0,810000.0,1010000.0,1260000.0,1.1089,0.6889,2026-08-01,1,False
BUK12457,CLP,2410000.0,2300000.0,2880000.0,3600000.0,0.8368,0.0846,2024-12-27,10,False
BUK12458,MXN,60500.0,47500.0,59500.0,74500.0,1.0168,0.4815,2026-06-01,3,False
BUK12459,CLP,1500000.0,1140000.0,1420000.0,1780000.0,1.0563,0.5625,2026-06-01,3,False
BUK12460,CLP,2390000.0,1940000.0,2430000.0,3040000.0,0.9835,0.4091,2026-07-01,2,False
BUK12461,MXN,60500.0,65500.0,82000.0,102500.0,0.7378,-0.1351,2026-03-29,3,False
BUK12462,CLP,1080000.0,920000.0,1150000.0,1440000.0,0.9391,0.3077,2026-05-02,4,False
BUK12463,CLP,3890000.0,3460000.0,4320000.0,5400000.0,0.9005,0.2216,2025-03-02,18,False
BUK12464,MXN,14500.0,12500.0,15500.0,19500.0,0.9355,0.2857,2025-12-01,9,False
BUK12465,CLP,2210000.0,1770000.0,2210000.0,2760000.0,1.0,0.4444,2026-03-02,6,False
BUK12466,CLP,2860000.0,2880000.0,3600000.0,4500000.0,0.7944,-0.0123,2025-08-01,13,True
BUK12467,CLP,2650000.0,1840000.0,2300000.0,2880000.0,1.1522,0.7788,2025-10-31,10,False
BUK12468,MXN,12500.0,11500.0,14500.0,18000.0,0.8621,0.1538,2025-03-05,13,False
BUK12469,CLP,1170000.0,980000.0,1220000.0,1520000.0,0.959,0.3519,2026-06-01,3,False
BUK12470,CLP,4290000.0,3650000.0,4560000.0,5700000.0,0.9408,0.3122,2026-06-01,3,False
BUK12471,CLP,1060000.0,860000.0,1080000.0,1350000.0,0.9815,0.4082,2026-08-01,1,False
BUK12472,CLP,3180000.0,2390000.0,2990000.0,3740000.0,1.0635,0.5852,2023-11-01,34,False
BUK12473,MXN,43500.0,41000.0,51500.0,64500.0,0.8447,0.1064,2026-04-18,4,True
BUK12474,BRL,8400.0,7800.0,9800.0,12200.0,0.8571,0.1364,2025-12-25,2,True
BUK12475,CLP,1940000.0,1520000.0,1900000.0,2380000.0,1.0211,0.4884,2025-01-30,19,True
BUK12476,CLP,2420000.0,1940000.0,2430000.0,3040000.0,0.9959,0.4364,2026-05-02,4,False
BUK12477,CLP,3800000.0,3310000.0,4140000.0,5180000.0,0.9179,0.262,2026-04-20,2,False
BUK12478,CLP,1620000.0,1300000.0,1620000.0,2020000.0,1.0,0.4444,2026-08-01,1,False
BUK12479,CLP,1540000.0,1300000.0,1620000.0,2020000.0,0.9506,0.3333,2026-06-01,3,False
BUK12480,CLP,1460000.0,1140000.0,1420000.0,1780000.0,1.0282,0.5,2026-06-01,3,False
BUK12481,COP,7950000.0,5700000.0,7100000.0,8900000.0,1.1197,0.7031,2025-12-31,8,False
BUK12482,CLP,2410000.0,1820000.0,2280000.0,2850000.0,1.057,0.5728,2026-07-02,2,False
BUK12483,COP,5400000.0,4050000.0,5050000.0,6300000.0,1.0693,0.6,2024-03-01,30,False
BUK12484,COP,3700000.0,3000000.0,3750000.0,4700000.0,0.9867,0.4118,2026-06-17,2,False
BUK12485,CLP,2070000.0,1620000.0,2020000.0,2520000.0,1.0248,0.5,2023-12-31,32,False
BUK12486,CLP,1310000.0,980000.0,1220000.0,1520000.0,1.0738,0.6111,2026-07-02,2,False
BUK12487,PEN,4800.0,3900.0,4900.0,6100.0,0.9796,0.4091,2025-12-31,8,False
BUK12488,CLP,2190000.0,1730000.0,2160000.0,2700000.0,1.0139,0.4742,2026-08-01,1,False
BUK12489,MXN,23500.0,18500.0,23000.0,29000.0,1.0217,0.4762,2026-06-21,2,False
BUK12490,PEN,2900.0,2900.0,3600.0,4500.0,0.8056,0.0,2025-08-01,13,False
BUK12491,PEN,3800.0,3400.0,4200.0,5200.0,0.9048,0.2222,2026-04-01,5,True
BUK12492,MXN,30000.0,21500.0,27000.0,34000.0,1.1111,0.68,2026-05-02,4,False
BUK12493,PEN,2200.0,1700.0,2100.0,2600.0,1.0476,0.5556,2025-05-01,16,False
BUK12494,BRL,11300.0,9400.0,11700.0,14600.0,0.9658,0.3654,2026-01-30,7,False
BUK12495,PEN,5600.0,4300.0,5400.0,6800.0,1.037,0.52,2026-01-30,7,False
BUK12496,CLP,2330000.0,1870000.0,2340000.0,2920000.0,0.9957,0.4381,2026-07-02,2,False
BUK12497,CLP,2680000.0,1940000.0,2430000.0,3040000.0,1.1029,0.6727,2026-06-01,3,False
BUK12498,CLP,1220000.0,860000.0,1080000.0,1350000.0,1.1296,0.7347,2026-08-01,1,False
BUK12499,MXN,57500.0,47500.0,59500.0,74500.0,0.9664,0.3704,2026-01-30,7,False
BUK12500,CLP,2120000.0,1820000.0,2280000.0,2850000.0,0.9298,0.2913,2026-08-01,1,False
BUK12501,CLP,1580000.0,1520000.0,1900000.0,2380000.0,0.8316,0.0698,2023-07-11,20,True
BUK12502,CLP,1120000.0,980000.0,1220000.0,1520000.0,0.918,0.2593,2024-10-31,22,False
BUK12503,CLP,1080000.0,980000.0,1220000.0,1520000.0,0.8852,0.1852,2026-06-01,3,False
BUK12504,PEN,4500.0,3000.0,3800.0,4800.0,1.1842,0.8333,2026-06-01,3,False
BUK12505,PEN,7100.0,5800.0,7200.0,9000.0,0.9861,0.4062,2025-03-02,18,False
BUK12506,CLP,1210000.0,980000.0,1220000.0,1520000.0,0.9918,0.4259,2026-07-02,2,False
BUK12507,CLP,770000.0,580000.0,720000.0,900000.0,1.0694,0.5938,2026-08-01,1,False
BUK12508,MXN,41500.0,31000.0,38500.0,48000.0,1.0779,0.6176,2026-03-02,6,False
BUK12509,COP,3750000.0,2800000.0,3500000.0,4400000.0,1.0714,0.5938,2026-05-02,4,False
BUK12510,CLP,2360000.0,1940000.0,2430000.0,3040000.0,0.9712,0.3818,2026-04-01,5,False
BUK12511,CLP,2820000.0,1940000.0,2430000.0,3040000.0,1.1605,0.8,2026-02-25,3,False
BUK12512,PEN,3800.0,3000.0,3800.0,4800.0,1.0,0.4444,2026-06-11,1,False
BUK12513,CLP,1150000.0,860000.0,1080000.0,1350000.0,1.0648,0.5918,2026-04-01,4,False
BUK12514,COP,8400000.0,6300000.0,7900000.0,9900000.0,1.0633,0.5833,2025-12-31,8,False
BUK12515,PEN,7200.0,5500.0,6900.0,8600.0,1.0435,0.5484,2026-05-02,4,False
BUK12516,CLP,760000.0,580000.0,720000.0,900000.0,1.0556,0.5625,2026-08-01,1,False
BUK12517,BRL,8600.0,6600.0,8300.0,10400.0,1.0361,0.5263,2026-06-01,3,False
BUK12518,MXN,25500.0,21500.0,27000.0,34000.0,0.9444,0.32,2026-07-02,2,False
BUK12519,CLP,1950000.0,1620000.0,2020000.0,2520000.0,0.9653,0.3667,2025-10-01,11,False
BUK12520,COP,9900000.0,9400000.0,11750000.0,14700000.0,0.8426,0.0943,2025-10-31,10,True
BUK12521,COP,4600000.0,3700000.0,4650000.0,5800000.0,0.9892,0.4286,2026-08-01,1,False
BUK12522,CLP,1130000.0,920000.0,1150000.0,1440000.0,0.9826,0.4038,2023-11-14,17,False
BUK12523,CLP,1800000.0,1820000.0,2280000.0,2850000.0,0.7895,-0.0194,2024-10-03,6,False
BUK12524,COP,6650000.0,5300000.0,6600000.0,8250000.0,1.0076,0.4576,2026-03-29,4,False
BUK12525,MXN,10500.0,11000.0,13500.0,17000.0,0.7778,-0.0833,2025-08-31,12,False
BUK12526,PEN,7600.0,6100.0,7600.0,9500.0,1.0,0.4412,2026-06-01,3,False
BUK12527,CLP,1290000.0,980000.0,1220000.0,1520000.0,1.0574,0.5741,2026-06-01,3,False
BUK12528,COP,3200000.0,2700000.0,3350000.0,4200000.0,0.9552,0.3333,2026-07-08,1,False
BUK12529,COP,10700000.0,8100000.0,10150000.0,12700000.0,1.0542,0.5652,2025-04-01,17,False
BUK12530,CLP,1660000.0,1300000.0,1620000.0,2020000.0,1.0247,0.5,2025-12-01,9,False
BUK12531,BRL,4100.0,3000.0,3700.0,4600.0,1.1081,0.6875,2026-04-01,5,False
BUK12532,MXN,45000.0,35000.0,43500.0,54500.0,1.0345,0.5128,2025-12-01,9,False
BUK12533,MXN,16000.0,12500.0,15500.0,19500.0,1.0323,0.5,2026-03-02,6,False
BUK12534,BRL,3300.0,3100.0,3900.0,4900.0,0.8462,0.1111,2026-04-01,5,False
BUK12535,COP,2200000.0,2000000.0,2500000.0,3100000.0,0.88,0.1818,2025-12-01,9,False
BUK12536,MXN,27000.0,21500.0,27000.0,34000.0,1.0,0.44,2026-01-30,7,False
BUK12537,CLP,2940000.0,2080000.0,2600000.0,3250000.0,1.1308,0.735,2026-03-23,5,True
BUK12538,BRL,11100.0,9400.0,11800.0,14800.0,0.9407,0.3148,2026-01-30,7,False
BUK12539,CLP,1520000.0,1220000.0,1520000.0,1900000.0,1.0,0.4412,2026-07-02,2,False
BUK12540,BRL,6600.0,5000.0,6200.0,7800.0,1.0645,0.5714,2026-03-02,6,False
BUK12541,MXN,29000.0,23500.0,29500.0,37000.0,0.9831,0.4074,2026-04-01,5,False
BUK12542,BRL,3900.0,4500.0,5600.0,7000.0,0.6964,-0.24,2026-04-24,4,False
BUK12543,CLP,680000.0,610000.0,760000.0,950000.0,0.8947,0.2059,2026-08-01,1,False
BUK12544,CLP,1500000.0,1240000.0,1550000.0,1940000.0,0.9677,0.3714,2026-05-21,3,False
BUK12545,CLP,1210000.0,920000.0,1150000.0,1440000.0,1.0522,0.5577,2026-08-01,1,False
BUK12546,CLP,1540000.0,1370000.0,1710000.0,2140000.0,0.9006,0.2208,2025-07-01,14,False
BUK12547,COP,10750000.0,8450000.0,10550000.0,13200000.0,1.019,0.4842,2026-04-01,5,False
BUK12548,CLP,900000.0,650000.0,810000.0,1010000.0,1.1111,0.6944,2025-03-29,11,False
BUK12549,CLP,1210000.0,980000.0,1220000.0,1520000.0,0.9918,0.4259,2026-06-01,3,False
BUK12550,CLP,1170000.0,980000.0,1220000.0,1520000.0,0.959,0.3519,2025-09-28,5,False
BUK12551,CLP,710000.0,650000.0,810000.0,1010000.0,0.8765,0.1667,2026-07-02,2,False
BUK12552,CLP,2290000.0,1840000.0,2300000.0,2880000.0,0.9957,0.4327,2025-07-01,14,False
BUK12553,CLP,1450000.0,1300000.0,1620000.0,2020000.0,0.8951,0.2083,2026-07-02,2,False
BUK12554,CLP,1900000.0,1770000.0,2210000.0,2760000.0,0.8597,0.1313,2026-03-02,6,False
BUK12555,CLP,1530000.0,980000.0,1220000.0,1520000.0,1.2541,1.0185,2025-10-31,10,False
BUK12556,CLP,1330000.0,1080000.0,1350000.0,1690000.0,0.9852,0.4098,2025-06-01,15,True
BUK12557,COP,9850000.0,8100000.0,10100000.0,12600000.0,0.9752,0.3889,2026-04-28,1,False
BUK12558,CLP,1380000.0,1300000.0,1620000.0,2020000.0,0.8519,0.1111,2026-04-01,5,False
BUK12559,MXN,17000.0,12500.0,15500.0,19500.0,1.0968,0.6429,2026-06-01,3,False
BUK12560,CLP,1690000.0,1300000.0,1620000.0,2020000.0,1.0432,0.5417,2025-12-01,9,False
BUK12561,CLP,2540000.0,1940000.0,2430000.0,3040000.0,1.0453,0.5455,2025-01-30,19,False
BUK12562,MXN,31000.0,25000.0,31000.0,39000.0,1.0,0.4286,2026-04-01,5,False
BUK12563,PEN,10000.0,8600.0,10700.0,13400.0,0.9346,0.2917,2026-06-01,3,False
BUK12564,COP,5200000.0,4200000.0,5250000.0,6550000.0,0.9905,0.4255,2025-12-01,9,False
BUK12565,CLP,4270000.0,3460000.0,4320000.0,5400000.0,0.9884,0.4175,2026-06-29,1,False
BUK12566,PEN,11600.0,8600.0,10700.0,13400.0,1.0841,0.625,2026-06-01,3,False
BUK12567,CLP,4360000.0,3310000.0,4140000.0,5180000.0,1.0531,0.5615,2025-07-01,14,False
BUK12568,MXN,32000.0,29000.0,36000.0,45000.0,0.8889,0.1875,2025-12-31,8,False
BUK12569,MXN,28500.0,25000.0,31000.0,39000.0,0.9194,0.25,2025-08-31,12,False
BUK12570,CLP,1430000.0,1140000.0,1420000.0,1780000.0,1.007,0.4531,2026-06-01,3,False
BUK12571,CLP,1470000.0,920000.0,1150000.0,1440000.0,1.2783,1.0577,2026-06-01,3,False
BUK12572,PEN,5900.0,5200.0,6500.0,8100.0,0.9077,0.2414,2026-06-01,3,False
BUK12573,MXN,20000.0,15500.0,19500.0,24500.0,1.0256,0.5,2025-12-31,8,False
BUK12574,CLP,1220000.0,980000.0,1220000.0,1520000.0,1.0,0.4444,2025-11-17,2,False
BUK12575,CLP,1600000.0,1240000.0,1550000.0,1940000.0,1.0323,0.5143,2026-08-01,1,False
BUK12576,BRL,10600.0,9400.0,11700.0,14600.0,0.906,0.2308,2025-01-12,18,False
BUK12577,PEN,3100.0,2600.0,3200.0,4000.0,0.9688,0.3571,2026-07-02,2,False
BUK12578,CLP,2900000.0,2590000.0,3240000.0,4050000.0,0.8951,0.2123,2026-01-30,7,False
BUK12579,CLP,1080000.0,860000.0,1080000.0,1350000.0,1.0,0.449,2026-03-02,6,False
BUK12580,COP,4550000.0,3700000.0,4650000.0,5800000.0,0.9785,0.4048,2026-01-24,6,False
BUK12581,COP,9600000.0,8900000.0,11150000.0,13950000.0,0.861,0.1386,2026-08-01,1,False
BUK12582,CLP,1480000.0,1300000.0,1620000.0,2020000.0,0.9136,0.25,2025-08-31,12,False
BUK12583,CLP,1980000.0,1940000.0,2430000.0,3040000.0,0.8148,0.0364,2025-02-08,15,False
BUK12584,CLP,850000.0,860000.0,1080000.0,1350000.0,0.787,-0.0204,2026-07-11,1,False
BUK12585,CLP,3030000.0,2590000.0,3240000.0,4050000.0,0.9352,0.3014,2025-09-08,8,False
BUK12586,CLP,5410000.0,4400000.0,5500000.0,6880000.0,0.9836,0.4073,2025-04-23,10,True
BUK12587,CLP,1520000.0,1300000.0,1620000.0,2020000.0,0.9383,0.3056,2026-07-30,1,False
BUK12588,CLP,2950000.0,2160000.0,2700000.0,3380000.0,1.0926,0.6475,2023-11-14,17,True
BUK12589,COP,2850000.0,2100000.0,2650000.0,3300000.0,1.0755,0.625,2026-07-02,2,False
BUK12590,PEN,8400.0,7800.0,9800.0,12200.0,0.8571,0.1364,2026-07-02,2,False
BUK12591,PEN,4500.0,4100.0,5100.0,6400.0,0.8824,0.1739,2026-07-02,2,False
BUK12592,CLP,2350000.0,1620000.0,2020000.0,2520000.0,1.1634,0.8111,2026-05-02,4,False
BUK12593,CLP,810000.0,610000.0,760000.0,950000.0,1.0658,0.5882,2026-04-01,5,False
BUK12594,CLP,1720000.0,1300000.0,1620000.0,2020000.0,1.0617,0.5833,2026-01-30,7,False
BUK12595,CLP,1430000.0,1240000.0,1550000.0,1940000.0,0.9226,0.2714,2025-02-22,3,False
BUK12596,CLP,1740000.0,1520000.0,1900000.0,2380000.0,0.9158,0.2558,2025-12-31,8,True
BUK12597,MXN,25000.0,18500.0,23000.0,29000.0,1.087,0.619,2024-07-28,6,False
BUK12598,CLP,720000.0,720000.0,900000.0,1120000.0,0.8,0.0,2026-06-19,1,True
BUK12599,COP,2350000.0,2000000.0,2500000.0,3100000.0,0.94,0.3182,2025-10-18,6,False
BUK12600,MXN,41500.0,33000.0,41500.0,52000.0,1.0,0.4474,2025-11-20,4,False
BUK12601,PEN,5400.0,3800.0,4800.0,6000.0,1.125,0.7273,2025-10-31,10,False
BUK12602,CLP,1610000.0,1520000.0,1900000.0,2380000.0,0.8474,0.1047,2026-01-30,7,True
BUK12603,CLP,6700000.0,5280000.0,6600000.0,8250000.0,1.0152,0.4781,2026-08-01,1,False
BUK12604,MXN,52000.0,47000.0,59000.0,74000.0,0.8814,0.1852,2026-03-22,3,False
BUK12605,MXN,37000.0,29000.0,36000.0,45000.0,1.0278,0.5,2025-02-15,5,True
BUK12606,COP,8500000.0,6100000.0,7650000.0,9550000.0,1.1111,0.6957,2025-07-01,14,False
BUK12607,PEN,6000.0,5400.0,6800.0,8500.0,0.8824,0.1935,2026-06-01,3,False
BUK12608,MXN,28500.0,21500.0,27000.0,34000.0,1.0556,0.56,2025-10-31,10,False
BUK12609,CLP,570000.0,540000.0,680000.0,850000.0,0.8382,0.0968,2026-01-12,2,False
BUK12610,CLP,1410000.0,980000.0,1220000.0,1520000.0,1.1557,0.7963,2026-05-02,4,False
BUK12611,PEN,12900.0,11800.0,14700.0,18400.0,0.8776,0.1667,2026-02-14,1,False
BUK12612,CLP,1990000.0,1370000.0,1710000.0,2140000.0,1.1637,0.8052,2026-03-02,6,False
BUK12613,BRL,6200.0,4700.0,5900.0,7400.0,1.0508,0.5556,2025-06-01,15,False
BUK12614,CLP,3390000.0,2590000.0,3240000.0,4050000.0,1.0463,0.5479,2026-06-01,3,False
BUK12615,CLP,2480000.0,2500000.0,3120000.0,3900000.0,0.7949,-0.0143,2024-11-07,5,False
BUK12616,BRL,9100.0,6600.0,8300.0,10400.0,1.0964,0.6579,2026-08-01,1,False
BUK12617,CLP,1400000.0,1300000.0,1620000.0,2020000.0,0.8642,0.1389,2026-06-01,3,False
BUK12618,CLP,1310000.0,980000.0,1220000.0,1520000.0,1.0738,0.6111,2025-02-07,2,False
BUK12619,CLP,1130000.0,820000.0,1030000.0,1290000.0,1.0971,0.6596,2025-08-31,12,False
BUK12620,CLP,1580000.0,1370000.0,1710000.0,2140000.0,0.924,0.2727,2026-07-02,2,False
BUK12621,CLP,1810000.0,1300000.0,1620000.0,2020000.0,1.1173,0.7083,2025-04-23,5,False
BUK12622,CLP,2060000.0,1840000.0,2300000.0,2880000.0,0.8957,0.2115,2026-05-02,4,False
BUK12623,CLP,1410000.0,1300000.0,1620000.0,2020000.0,0.8704,0.1528,2024-12-04,13,False
BUK12624,MXN,33000.0,24500.0,30500.0,38000.0,1.082,0.6296,2025-12-01,9,False
BUK12625,CLP,2660000.0,1840000.0,2300000.0,2880000.0,1.1565,0.7885,2025-10-31,10,False
BUK12626,COP,6100000.0,5700000.0,7100000.0,8900000.0,0.8592,0.125,2025-07-09,10,False
BUK12627,CLP,1910000.0,1820000.0,2280000.0,2850000.0,0.8377,0.0874,2024-07-18,23,False
BUK12628,CLP,1070000.0,810000.0,1010000.0,1260000.0,1.0594,0.5778,2025-12-01,9,False
BUK12629,PEN,7800.0,5800.0,7200.0,9000.0,1.0833,0.625,2026-04-01,5,False
BUK12630,BRL,3600.0,3400.0,4200.0,5200.0,0.8571,0.1111,2026-06-01,3,False
BUK12631,CLP,3970000.0,3460000.0,4320000.0,5400000.0,0.919,0.2629,2025-01-31,14,False
BUK12632,CLP,1930000.0,1770000.0,2210000.0,2760000.0,0.8733,0.1616,2025-08-31,12,False
BUK12633,CLP,1110000.0,860000.0,1080000.0,1350000.0,1.0278,0.5102,2026-04-12,4,False
BUK12634,MXN,17500.0,13500.0,17000.0,21000.0,1.0294,0.5333,2025-06-01,10,True
BUK12635,CLP,1640000.0,1300000.0,1620000.0,2020000.0,1.0123,0.4722,2026-08-01,1,False
BUK12636,PEN,8200.0,5500.0,6900.0,8600.0,1.1884,0.871,2025-10-31,10,False
BUK12637,PEN,3600.0,2700.0,3400.0,4200.0,1.0588,0.6,2026-08-01,1,False
BUK12638,MXN,32500.0,23500.0,29500.0,37000.0,1.1017,0.6667,2025-01-30,19,False
BUK12639,CLP,2410000.0,1940000.0,2430000.0,3040000.0,0.9918,0.4273,2026-08-01,1,False
BUK12640,CLP,2410000.0,2160000.0,2700000.0,3380000.0,0.8926,0.2049,2026-03-02,6,True
BUK12641,CLP,2600000.0,1870000.0,2340000.0,2920000.0,1.1111,0.6952,2025-10-01,11,False
BUK12642,BRL,6200.0,4200.0,5200.0,6500.0,1.1923,0.8696,2025-07-01,14,False
BUK12643,MXN,24500.0,20500.0,25500.0,32000.0,0.9608,0.3478,2025-08-31,12,True
BUK12644,COP,3750000.0,3150000.0,3950000.0,4950000.0,0.9494,0.3333,2025-06-07,1,False
BUK12645,PEN,7300.0,5800.0,7200.0,9000.0,1.0139,0.4688,2026-08-01,1,False
BUK12646,CLP,1490000.0,1140000.0,1420000.0,1780000.0,1.0493,0.5469,2026-08-01,1,False
BUK12647,CLP,1320000.0,1300000.0,1620000.0,2020000.0,0.8148,0.0278,2025-12-01,9,False
BUK12648,CLP,2390000.0,1940000.0,2430000.0,3040000.0,0.9835,0.4091,2025-12-31,8,False
BUK12649,CLP,1580000.0,1300000.0,1620000.0,2020000.0,0.9753,0.3889,2026-06-01,3,False
