employee_id,nombre,email,genero,fecha_nacimiento,nacionalidad,pais_contrato,pais_residencia,modalidad,area,cargo,job_family,job_level,es_liderazgo,fecha_ingreso,tipo_contrato,situacion_discapacidad,diversidad_sexual_declarada,manager_id,estado
BUK10000,Cristina Ibarra,cristina.ibarra@buk.example,F,1987-07-20,Venezolana,MX,MX,Remoto,Operaciones,Especialista de Soporte Payroll,Soporte,IC2,False,2024-12-11,Indefinido,False,Sí,BUK10949,Activo
BUK10001,Nieves Pérez,nieves.pérez@buk.example,F,2005-08-31,Peruana,PE,PE,Híbrido,Tecnología,Data Engineer Semi Senior,Ingeniería,IC3,False,2025-09-29,Indefinido,False,Prefiero no responder,BUK12005,Activo
BUK10002,Uriel Beltrán Cardona,uriel.cardona@buk.example,M,1990-05-13,Colombiana,CL,CL,Remoto,Operaciones,Consultor de Implementación Aprendiz,Implementación,IC1,False,2023-10-09,Indefinido,False,,BUK11543,Activo
BUK10003,Miguel Tulio Cárdenas Álvarez,miguel.álvarez@buk.example,M,1994-03-30,Colombiana,CL,BR,Híbrido,Tecnología,Analytics Engineer Semi Senior,Datos,IC3,False,2021-09-07,Indefinido,False,Prefiero no responder,BUK10114,Activo
BUK10004,Gladys Noemí Pinto Pino,gladys.pino@buk.example,F,1990-02-03,Argentina,CO,CO,Remoto,Operaciones,Especialista de Soporte Payroll Especialista,Soporte,IC5,False,2025-06-03,Indefinido,False,,BUK12229,Activo
BUK10005,Ana Luiza Andrade,ana.andrade@buk.example,F,1992-04-23,Brasileña,CL,CL,Presencial,Tecnología,QA Engineer Semi Senior,Ingeniería,IC3,False,2022-04-25,Indefinido,False,,BUK10250,Activo
BUK10006,Horacio Jara-Vera,horacio.jara-vera@buk.example,M,1998-07-07,Chilena,CL,CL,Remoto,Tecnología,Software Engineer Semi Senior,Ingeniería,IC3,False,2025-08-30,Indefinido,False,,BUK11474,Activo
BUK10007,Marisol Hilda Cortés Gaete,marisol.gaete@buk.example,F,1994-09-15,Cubana,CL,CL,Híbrido,Tecnología,Software Engineer Semi Senior,Ingeniería,IC3,False,2022-10-09,Indefinido,False,,BUK10961,Activo
BUK10008,Walter Alexis Riquelme Muñoz,walter.muñoz@buk.example,M,1998-11-23,Peruana,CL,CL,Híbrido,Comercial,Account Manager,Customer Success,IC2,False,2026-04-26,Indefinido,False,,BUK10061,Activo
BUK10009,Imelda Cámara Fuster,imelda.fuster@buk.example,F,1990-10-28,Italiana,CL,CL,Remoto,Tecnología,Security Engineer Aprendiz,Ingeniería,IC1,False,2026-01-18,Indefinido,False,,BUK12005,Activo
BUK10010,Esteban Manuel Arellano Muñoz,esteban.muñoz@buk.example,M,2005-08-31,Chilena,CL,CL,Híbrido,Comercial,Especialista de Renovaciones Semi Senior,Customer Success,IC3,False,2025-01-17,Indefinido,False,,BUK11546,Activo
BUK10011,Andrés Carlos Ramírez,andrés.ramírez@buk.example,M,1992-10-21,Colombiana,CL,CL,Remoto,Operaciones,Consultor de Implementación,Implementación,IC2,False,2025-02-15,Indefinido,False,,BUK12632,Activo
BUK10012,Joseph Kennedy,joseph.kennedy@buk.example,M,1992-10-20,Británica,CO,CO,Híbrido,Tecnología,Data Engineer Senior,Ingeniería,IC4,False,2021-08-31,Indefinido,False,,BUK11186,Activo
BUK10013,Lucas Cid,lucas.cid@buk.example,M,1997-05-28,Guatemalteca,CL,CL,Híbrido,Comercial,Ejecutivo Comercial Especialista,Ventas,IC5,False,2026-01-16,Indefinido,False,,BUK11596,Desvinculado
BUK10014,Ignacia Silvia Salazar Blanco,ignacia.blanco@buk.example,F,1997-09-08,Peruana,CL,CL,Híbrido,Operaciones,Consultor de Implementación Semi Senior,Implementación,IC3,False,2025-12-07,Indefinido,False,Prefiero no responder,BUK11881,Activo
BUK10015,Aurelio García,aurelio.garcía@buk.example,M,1993-01-30,Mexicana,MX,MX,Remoto,Comercial,Customer Success Manager,Customer Success,IC2,False,2024-06-16,Indefinido,False,,BUK10970,Activo
BUK10016,Alberto Juan Sánchez Escobar,alberto.escobar@buk.example,M,1994-02-02,Chilena,CL,CL,Remoto,Tecnología,Software Engineer Aprendiz,Ingeniería,IC1,False,2022-08-01,Indefinido,False,Prefiero no responder,BUK11474,Desvinculado
BUK10017,Rafael Vicente Almonacid Cáceres,rafael.cáceres@buk.example,M,1995-02-14,Cubana,PE,PE,Híbrido,Operaciones,Project Manager de Implementación,Implementación,IC2,False,2024-11-17,Indefinido,False,,BUK10710,Activo
BUK10018,José Tomás González Acuña,josé.acuña@buk.example,M,1998-05-23,Chilena,CO,CO,Híbrido,Comercial,Content Manager Senior,Marketing,IC4,False,2023-03-13,Indefinido,False,,BUK11676,Activo
BUK10019,Paula Constanza González Reyes,paula.reyes@buk.example,F,1998-08-04,Chilena,CL,CL,Híbrido,Operaciones,Líder de Operaciones,Operaciones,M1,True,2024-07-05,Plazo fijo,False,,BUK12316,Activo
BUK10020,Emilia Rosa Pereira Silva,emilia.silva@buk.example,F,2000-08-18,Chilena,CO,AR,Híbrido,Tecnología,QA Engineer Semi Senior,Ingeniería,IC3,False,2025-12-27,Indefinido,False,Prefiero no responder,BUK10650,Desvinculado
BUK10021,Mariane Barros,mariane.barros@buk.example,F,1990-01-25,Brasileña,CL,PT,Presencial,Tecnología,Analytics Engineer Especialista,Datos,IC5,False,2026-02-26,Indefinido,False,,BUK11396,Activo
BUK10022,Rosa Contreras,rosa.contreras@buk.example,F,2004-10-30,Chilena,MX,MX,Híbrido,Comercial,Especialista de Renovaciones,Customer Success,IC2,False,2024-02-09,Indefinido,False,,BUK10317,Activo
BUK10023,Ángela Debora Salinas Zamorano,ángela.zamorano@buk.example,F,1991-11-30,Uruguaya,CL,CL,Remoto,Operaciones,Especialista Payroll Ops,Operaciones,IC2,False,2023-04-13,Indefinido,False,,BUK10302,Activo
BUK10024,Helena Mitzy Amaya,helena.amaya@buk.example,F,2005-03-10,Mexicana,CL,CO,Híbrido,Tecnología,SRE Aprendiz,Ingeniería,IC1,False,2022-05-03,Indefinido,False,Prefiero no responder,BUK10118,Activo
BUK10025,Daniel Véliz Godoy,daniel.godoy@buk.example,M,1992-01-18,Chilena,MX,MX,Remoto,Tecnología,Security Engineer Semi Senior,Ingeniería,IC3,False,2025-07-12,Indefinido,False,,BUK10752,Activo
BUK10026,Luis Catalán Sandoval,luis.sandoval@buk.example,M,1980-10-20,Chilena,CO,CO,Híbrido,Comercial,Especialista de Renovaciones Aprendiz,Customer Success,IC1,False,2023-02-18,Plazo fijo,False,,BUK11177,Activo
BUK10027,Santiago Sergio Silva González,santiago.gonzález@buk.example,M,1996-08-10,Ecuatoriana,CO,BR,Híbrido,Tecnología,Data Engineer Senior,Ingeniería,IC4,False,2025-08-08,Indefinido,False,,BUK10928,Desvinculado
BUK10028,Margarita Castro,margarita.castro@buk.example,F,1994-04-25,Cubana,CL,CL,Híbrido,Operaciones,Analista de Operaciones Senior,Operaciones,IC4,False,2025-01-06,Indefinido,False,,BUK11563,Activo
BUK10029,Sofía Sonia San Martín Meza,sofía.meza@buk.example,F,1985-10-22,Peruana,CL,CL,Remoto,Comercial,Líder de Customer Success,Customer Success,M1,True,2025-12-20,Indefinido,False,,BUK11185,Activo
BUK10030,Luna Borges,luna.borges@buk.example,F,1997-11-16,Portuguesa,PE,PE,Remoto,Operaciones,Agente de Soporte Semi Senior,Soporte,IC3,False,2026-01-06,Indefinido,False,,BUK11901,Activo
BUK10031,Judith Arteaga,judith.arteaga@buk.example,F,1997-05-27,Mexicana,MX,AR,Remoto,Operaciones,Agente de Soporte,Soporte,IC2,False,2022-12-24,Indefinido,False,,BUK12554,Activo
BUK10032,Vicente Jesús Garay Bonilla,vicente.bonilla@buk.example,M,1999-06-13,Mexicana,CL,CL,Híbrido,Comercial,Customer Success Manager Semi Senior,Customer Success,IC3,False,2024-07-29,Indefinido,False,,BUK12245,Activo
BUK10033,Vicente Araya Quintana,vicente.quintana@buk.example,M,1997-11-02,Peruana,CL,CL,Híbrido,Tecnología,Product Manager Semi Senior,Producto,IC3,False,2026-02-03,Indefinido,False,,BUK12283,Activo
BUK10034,Alicia Victoria Valdebenito Bravo,alicia.bravo@buk.example,F,2005-07-23,Chilena,BR,AR,Remoto,Administración,Abogado Corporativo Semi Senior,Legal,IC3,False,2025-11-15,Indefinido,False,,BUK12496,Activo
BUK10035,Wesley Paul,wesley.paul@buk.example,M,1999-05-12,Canadiense,CL,CL,Híbrido,Comercial,Account Executive Semi Senior,Ventas,IC3,False,2026-05-20,Indefinido,False,,BUK10680,Activo
BUK10036,Diego Barbosa,diego.barbosa@buk.example,M,1981-11-30,Colombiana,CL,CL,Híbrido,Comercial,Especialista de Renovaciones Semi Senior,Customer Success,IC3,False,2025-07-24,Indefinido,False,Sí,BUK10975,Activo
BUK10037,Luis Pedro Carvajal Cáceres,luis.cáceres@buk.example,M,1995-02-09,Venezolana,BR,BR,Remoto,Comercial,Especialista de Renovaciones,Customer Success,IC2,False,2025-10-28,Indefinido,False,,BUK11267,Activo
BUK10038,María Silvia Baeza Fuentes,maría.fuentes@buk.example,F,2005-08-31,Chilena,CL,CL,Híbrido,Comercial,Account Executive Aprendiz,Ventas,IC1,False,2019-01-22,Indefinido,False,,BUK10970,Activo
BUK10039,Karen Rosa Agurto Oñate,karen.oñate@buk.example,F,1996-09-03,Chilena,MX,MX,Híbrido,Tecnología,Security Engineer Aprendiz,Ingeniería,IC1,False,2025-04-04,Indefinido,False,,BUK10833,Activo
BUK10040,Miriam Grace Vidal Yáñez,miriam.yáñez@buk.example,F,1992-06-14,Peruana,CL,CL,Remoto,Comercial,Especialista de Renovaciones Aprendiz,Customer Success,IC1,False,2025-07-01,Indefinido,False,,BUK10975,Activo
BUK10041,Inés Damaris Urzúa Vera,inés.vera@buk.example,F,1994-06-28,Chilena,CL,CL,Híbrido,Operaciones,Especialista Payroll Ops,Operaciones,IC2,False,2023-01-05,Indefinido,False,,BUK11717,Activo
BUK10042,Peter José Espinoza-Sepúlveda Urrutia,peter.urrutia@buk.example,M,1996-04-07,Chilena,MX,MX,Remoto,Operaciones,Project Manager de Implementación,Implementación,IC2,False,2022-11-02,Indefinido,False,Prefiero no responder,BUK10326,Activo
BUK10043,Fernanda Osuna,fernanda.osuna@buk.example,F,2004-07-06,Francesa,CL,CL,Remoto,Tecnología,People Analytics Aprendiz,Datos,IC1,False,2023-11-25,Indefinido,False,,BUK10963,Activo
BUK10044,Jeannette Thiare Quezada Henríquez,jeannette.henríquez@buk.example,F,1993-07-09,Chilena,CO,CO,Presencial,Comercial,Líder de Ventas,Ventas,M1,True,2025-07-04,Indefinido,False,,BUK12318,Desvinculado
BUK10045,Luz Francisca Carreño Garrido,luz.garrido@buk.example,F,1992-09-02,Chilena,CL,CL,Híbrido,Operaciones,Especialista Payroll Ops Senior,Operaciones,IC4,False,2021-10-02,Indefinido,False,,BUK10150,Activo
BUK10046,Daniela Patricia Zapata Vilches,daniela.vilches@buk.example,F,1992-05-03,Chilena,CL,CL,Remoto,Tecnología,QA Engineer,Ingeniería,IC2,False,2022-07-26,Indefinido,False,,BUK11305,Activo
BUK10047,Emilio Hernandes Villarreal,emilio.villarreal@buk.example,M,1999-06-23,Mexicana,CL,CL,Remoto,Tecnología,Security Engineer Aprendiz,Ingeniería,IC1,False,2024-11-17,Plazo fijo,False,,BUK10708,Activo
BUK10048,Constanza Carolina Quintana González,constanza.gonzález@buk.example,F,1996-07-23,Chilena,MX,MX,Híbrido,Comercial,Account Executive,Ventas,IC2,False,2025-04-09,Indefinido,True,,BUK11407,Activo
BUK10049,Bárbara Daisy Ramírez Pérez,bárbara.pérez@buk.example,F,1996-03-05,Chilena,CL,CL,Presencial,Comercial,Content Manager,Marketing,IC2,False,2025-11-05,Indefinido,False,,BUK12104,Activo
BUK10050,Emilio Ibáñez,emilio.ibáñez@buk.example,M,2000-03-11,Chilena,BR,BR,Híbrido,Administración,Analista de Cobranza Aprendiz,Finanzas,IC1,False,2025-01-01,Indefinido,False,Sí,BUK10462,Desvinculado
BUK10051,Eugenio Gilberto Salazar,eugenio.salazar@buk.example,M,1994-12-02,Mexicana,CO,CO,Remoto,Tecnología,Software Engineer,Ingeniería,IC2,False,2022-09-11,Plazo fijo,False,Prefiero no responder,BUK12005,Desvinculado
BUK10052,Tania Espinoza Quezada,tania.quezada@buk.example,F,1997-05-11,Peruana,CL,CL,Híbrido,Operaciones,Analista de Operaciones Aprendiz,Operaciones,IC1,False,2024-09-15,Indefinido,False,,BUK10714,Activo
BUK10053,Kevin Francisco Muñoz Bravo,kevin.bravo@buk.example,M,1989-12-10,Chilena,BR,BR,Híbrido,Tecnología,Data Engineer Semi Senior,Ingeniería,IC3,False,2026-05-16,Indefinido,False,,BUK10991,Desvinculado
BUK10054,Pamela Eugenia Calderón,pamela.calderón@buk.example,F,1995-04-29,Mexicana,CO,CO,Remoto,Tecnología,UX Researcher Semi Senior,Producto,IC3,False,2020-12-10,Indefinido,False,,BUK10883,Activo
BUK10055,Ignacia Tania Becerra García,ignacia.garcía@buk.example,F,1998-08-15,Venezolana,PE,PE,Híbrido,Operaciones,Project Manager de Implementación Senior,Implementación,IC4,False,2024-10-27,Indefinido,False,Prefiero no responder,BUK10019,Desvinculado
BUK10056,Irene María Ramírez Medina,irene.medina@buk.example,F,1983-03-06,Chilena,CL,CL,Remoto,Tecnología,Data Engineer Aprendiz,Ingeniería,IC1,False,2022-04-24,Indefinido,False,,BUK10796,Activo
BUK10057,Srita. Virginia Rolón,srita..rolón@buk.example,F,1996-08-28,Mexicana,CL,CL,Híbrido,Operaciones,Analista de Operaciones Senior,Operaciones,IC4,False,2026-05-31,Indefinido,False,,BUK10691,Activo
BUK10058,Alfonso Jairo Lozano Sánchez,alfonso.sánchez@buk.example,M,1991-05-12,Colombiana,CL,CL,Híbrido,Operaciones,Especialista de Soporte Payroll Aprendiz,Soporte,IC1,False,2023-11-09,Indefinido,False,,BUK10150,Activo
BUK10059,Osvaldo Jean Vásquez Espinoza,osvaldo.espinoza@buk.example,No binario / No informa,1984-05-27,Chilena,MX,ES,Híbrido,Tecnología,Líder de Ingeniería,Ingeniería,M1,True,2025-12-17,Indefinido,False,Sí,BUK11309,Desvinculado
BUK10060,Cynthia Contreras Tapia,cynthia.tapia@buk.example,F,2004-05-21,Paraguaya,PE,PE,Remoto,Comercial,Account Executive Senior,Ventas,IC4,False,2025-07-11,Indefinido,False,Sí,BUK10667,Desvinculado
BUK10061,Scarlette Reyes Quiroga,scarlette.quiroga@buk.example,F,2000-09-07,Chilena,CO,CO,Presencial,Comercial,Líder de Customer Success,Customer Success,M1,True,2023-11-11,Indefinido,False,,BUK10152,Activo
BUK10062,Marcelo Andrade,marcelo.andrade@buk.example,M,1999-12-07,Brasileña,CO,CO,Remoto,Operaciones,Especialista de Soporte Aprendiz,Soporte,IC1,False,2024-06-18,Indefinido,False,,BUK10607,Activo
BUK10063,Susana Arriagada Romero,susana.romero@buk.example,F,1997-12-19,Argentina,CL,CL,Híbrido,Administración,Analista de Cobranza,Finanzas,IC2,False,2023-09-09,Indefinido,False,Sí,BUK12266,Desvinculado
BUK10064,Georgina Osorio Rosales,georgina.rosales@buk.example,F,1999-12-22,Mexicana,CL,CL,Remoto,Comercial,Customer Success Manager Senior,Customer Success,IC4,False,2026-06-30,Indefinido,False,,BUK10665,Activo
BUK10065,Sra. Giovanna Brito,sra..brito@buk.example,F,1987-12-14,Brasileña,CL,CL,Híbrido,Operaciones,Project Manager de Implementación,Implementación,IC2,False,2025-12-17,Indefinido,False,,BUK10322,Activo
BUK10066,Daniel Cristian Flores Romero,daniel.romero@buk.example,M,1980-04-06,Uruguaya,PE,PE,Híbrido,Operaciones,Analista de Operaciones,Operaciones,IC2,False,2026-01-19,Indefinido,False,,BUK12229,Activo
BUK10067,Thiare Ramírez Plaza,thiare.plaza@buk.example,F,1997-11-17,Chilena,CL,CL,Remoto,Tecnología,Security Engineer,Ingeniería,IC2,False,2026-03-06,Indefinido,False,,BUK11396,Activo
BUK10068,Constanza Fernanda Pérez Carvajal,constanza.carvajal@buk.example,F,2001-01-16,Chilena,PE,PE,Remoto,Administración,Analista de Cobranza Especialista,Finanzas,IC5,False,2023-04-18,Indefinido,False,Sí,BUK11884,Activo
BUK10069,Víctor Claudio Arriagada Ortega,víctor.ortega@buk.example,M,2004-10-22,Chilena,CL,CL,Híbrido,Administración,Analista de Cobranza,Finanzas,IC2,False,2026-03-09,Indefinido,False,,BUK11691,Activo
BUK10070,Pedro William Hernández,pedro.hernández@buk.example,M,1997-01-24,Colombiana,CL,CL,Híbrido,Tecnología,Data Engineer,Ingeniería,IC2,False,2025-05-30,Indefinido,False,,BUK10852,Activo
BUK10071,Ligia Flor Bermúdez,ligia.bermúdez@buk.example,F,2004-04-05,Francesa,CL,CL,Remoto,Comercial,Account Manager,Customer Success,IC2,False,2024-10-25,Indefinido,False,,BUK12104,Desvinculado
BUK10072,Tomás Felipe Peña Inostroza,tomás.inostroza@buk.example,M,1995-12-05,Peruana,CO,CO,Híbrido,Operaciones,Consultor de Implementación Senior,Implementación,IC4,False,2025-03-23,Indefinido,False,,BUK12572,Activo
BUK10073,Moisés Rodrigo Reyes Alvarado,moisés.alvarado@buk.example,M,1986-11-12,Peruana,CL,CL,Híbrido,Operaciones,Consultor de Implementación,Implementación,IC2,False,2025-06-01,Indefinido,False,,BUK11993,Activo
BUK10074,Ulises Daniel Aguilar Hermosilla,ulises.hermosilla@buk.example,M,2001-06-10,Costarricense,CL,CL,Remoto,Tecnología,People Analytics Senior,Datos,IC4,False,2024-06-15,Indefinido,False,,BUK12529,Activo
BUK10075,Ivonne Edith Flores Silva,ivonne.silva@buk.example,F,2001-05-05,Argentina,MX,MX,Remoto,Tecnología,UX Researcher,Producto,IC2,False,2024-10-28,Indefinido,False,,BUK10650,Activo
BUK10076,María Araya Rojas,maría.rojas@buk.example,F,1997-03-04,Chilena,BR,BR,Remoto,Comercial,Account Manager Aprendiz,Customer Success,IC1,False,2026-03-25,Indefinido,False,,BUK10564,Desvinculado
BUK10077,Sandra Stella Trujillo,sandra.trujillo@buk.example,F,1987-12-24,Colombiana,CL,PT,Híbrido,Comercial,Account Executive,Ventas,IC2,False,2025-03-02,Indefinido,False,Prefiero no responder,BUK10574,Activo
BUK10078,Gabriel Aníbal Orrego Sepúlveda,gabriel.sepúlveda@buk.example,M,2000-05-03,Chilena,CL,CL,Presencial,Administración,Talent Acquisition Aprendiz,Personas,IC1,False,2021-11-02,Indefinido,False,,BUK12465,Desvinculado
BUK10079,Rocío Tatiana Córdoba López,rocío.lópez@buk.example,F,1993-10-01,Colombiana,CL,PT,Remoto,Tecnología,Product Designer,Producto,IC2,False,2024-09-15,Indefinido,False,,BUK10881,Activo
BUK10080,Estefanía Leal Rosas,estefanía.rosas@buk.example,F,1995-08-11,Chilena,CL,CL,Híbrido,Operaciones,Project Manager de Implementación Semi Senior,Implementación,IC3,False,2025-05-24,Plazo fijo,False,,BUK11827,Activo
BUK10081,Mariana Moreira,mariana.moreira@buk.example,F,1992-11-24,Brasileña,CL,CL,Híbrido,Administración,Analista de Cobranza Aprendiz,Finanzas,IC1,False,2026-01-20,Indefinido,False,,BUK10442,Desvinculado
BUK10082,Silvano Padilla Rosas,silvano.rosas@buk.example,M,2005-08-31,Mexicana,CL,CL,Híbrido,Comercial,Ejecutivo Comercial Senior,Ventas,IC4,False,2026-03-05,Indefinido,False,,BUK11267,Activo
BUK10083,Leonel Muñoz,leonel.muñoz@buk.example,M,1989-04-23,Chilena,CL,CL,Remoto,Comercial,Líder de Ventas,Ventas,M1,True,2024-05-06,Indefinido,False,,BUK10471,Activo
BUK10084,Sra. Amanda Muro,sra..muro@buk.example,F,2003-11-13,Mexicana,PE,PE,Remoto,Administración,People Happiness Manager Senior,Personas,IC4,False,2022-12-29,Indefinido,False,,BUK11409,Activo
BUK10085,Piedad García,piedad.garcía@buk.example,F,1995-11-27,Colombiana,CL,CL,Híbrido,Operaciones,Especialista de Soporte,Soporte,IC2,False,2022-10-09,Indefinido,False,,BUK10322,Activo
BUK10086,Fernando Julio Hernández,fernando.hernández@buk.example,M,2001-08-05,Colombiana,CL,CL,Remoto,Tecnología,Product Manager,Producto,IC2,False,2026-02-18,Indefinido,False,Prefiero no responder,BUK12254,Activo
BUK10087,Janet Martínez Moya,janet.moya@buk.example,F,1994-10-27,Chilena,PE,PE,Remoto,Comercial,SDR Semi Senior,Ventas,IC3,False,2025-01-23,Indefinido,False,,BUK10680,Activo
BUK10088,Patricia Juana Varas Vergara,patricia.vergara@buk.example,F,2001-05-11,Peruana,CL,CL,Presencial,Operaciones,Agente de Soporte Semi Senior,Soporte,IC3,False,2024-09-24,Indefinido,False,,BUK11023,Activo
BUK10089,Mabel Fuentes Ortiz,mabel.ortiz@buk.example,F,1996-07-11,Venezolana,CL,CL,Híbrido,Tecnología,Security Engineer Senior,Ingeniería,IC4,False,2025-05-08,Indefinido,False,Prefiero no responder,BUK10059,Activo
BUK10090,Abraham Rafaél Negrete,abraham.negrete@buk.example,M,1997-05-23,Mexicana,CL,CL,Remoto,Comercial,SDR,Ventas,IC2,False,2025-11-23,Indefinido,False,,BUK10209,Activo
BUK10091,Nancy Collao García,nancy.garcía@buk.example,F,1998-05-22,Chilena,MX,MX,Presencial,Tecnología,Analytics Engineer Aprendiz,Datos,IC1,False,2022-01-01,Indefinido,True,,BUK10866,Activo
BUK10092,Alfonso Guevara,alfonso.guevara@buk.example,M,1992-09-05,Colombiana,CL,CL,Remoto,Comercial,Customer Success Manager,Customer Success,IC2,False,2026-02-27,Indefinido,False,,BUK12278,Desvinculado
BUK10093,Cristian Javier Bustos Loyola,cristian.loyola@buk.example,M,1990-05-02,Peruana,CO,CO,Remoto,Operaciones,Líder de Operaciones,Operaciones,M1,True,2026-07-01,Indefinido,False,,BUK12136,Activo
BUK10094,Andrea Matilde Yáñez Maldonado,andrea.maldonado@buk.example,F,2003-05-18,Argentina,PE,PE,Remoto,Operaciones,Analista de Operaciones Aprendiz,Operaciones,IC1,False,2025-03-13,Indefinido,False,,BUK12049,Desvinculado
BUK10095,Nelson Felipe Carrasco Gómez,nelson.gómez@buk.example,M,1991-05-18,Venezolana,CL,CL,Híbrido,Administración,Analista Contable Semi Senior,Finanzas,IC3,False,2025-11-17,Indefinido,False,,BUK11068,Desvinculado
BUK10096,Luz Vega,luz.vega@buk.example,F,1999-04-24,Colombiana,CL,CL,Híbrido,Tecnología,Security Engineer Aprendiz,Ingeniería,IC1,False,2024-01-25,Indefinido,False,Sí,BUK11557,Activo
BUK10097,Luana Fernandes,luana.fernandes@buk.example,F,1993-04-08,Brasileña,CL,CL,Remoto,Operaciones,Consultor de Implementación Senior,Implementación,IC4,False,2025-10-17,Indefinido,False,Prefiero no responder,BUK11993,Activo
BUK10098,Silvia Salazar Pérez,silvia.pérez@buk.example,F,2001-05-22,Chilena,CL,MX,Híbrido,Tecnología,Analytics Engineer Aprendiz,Datos,IC1,False,2024-07-21,Indefinido,False,Sí,BUK11183,Activo
BUK10099,Claudia Alejandra Franco,claudia.franco@buk.example,F,1984-12-25,Colombiana,CO,CO,Remoto,Comercial,Especialista de Renovaciones Aprendiz,Customer Success,IC1,False,2024-08-16,Indefinido,True,Prefiero no responder,BUK10975,Activo
BUK10100,Felipe Pablo Díaz Martínez,felipe.martínez@buk.example,No binario / No informa,1992-06-07,Venezolana,PE,PE,Remoto,Tecnología,UX Researcher Aprendiz,Producto,IC1,False,2020-01-25,Indefinido,False,,BUK11183,Activo
BUK10101,Pilar Constanza Valdés Moreno,pilar.moreno@buk.example,F,1992-12-03,Chilena,CL,CL,Remoto,Tecnología,Security Engineer,Ingeniería,IC2,False,2023-11-13,Indefinido,False,Prefiero no responder,BUK12590,Desvinculado
BUK10102,Emily Angélica García Silva,emily.silva@buk.example,F,1991-07-05,Chilena,CL,CL,Híbrido,Operaciones,Consultor de Implementación Aprendiz,Implementación,IC1,False,2017-06-29,Indefinido,False,,BUK10789,Activo
BUK10103,Antonella Cortés Alarcón,antonella.alarcón@buk.example,F,1998-11-22,Chilena,CO,CO,Híbrido,Operaciones,Project Manager de Implementación Semi Senior,Implementación,IC3,False,2021-12-21,Indefinido,False,Sí,BUK12515,Activo
BUK10104,Benjamín Carlos Fuentealba Becerra,benjamín.becerra@buk.example,M,1988-08-12,Chilena,PE,PE,Híbrido,Tecnología,Software Engineer,Ingeniería,IC2,False,2024-06-28,Indefinido,False,,BUK10059,Activo
BUK10105,Alberto Serna,alberto.serna@buk.example,M,2004-09-22,Colombiana,CL,PE,Presencial,Comercial,Account Executive,Ventas,IC2,False,2022-08-30,Indefinido,False,,BUK10667,Activo
BUK10106,Alejandro Luis Palma Sepúlveda,alejandro.sepúlveda@buk.example,M,1986-01-15,Chilena,MX,MX,Remoto,Comercial,Account Manager Semi Senior,Customer Success,IC3,False,2026-05-24,Indefinido,True,,BUK12160,Activo
BUK10107,Óscar Guzmán,óscar.guzmán@buk.example,M,1994-10-28,Colombiana,CO,CO,Remoto,Tecnología,SRE Senior,Ingeniería,IC4,False,2026-01-12,Indefinido,False,Prefiero no responder,BUK12590,Activo
BUK10108,William Héctor Caballero González,william.gonzález@buk.example,M,1994-03-11,Peruana,CO,ES,Híbrido,Operaciones,Agente de Soporte,Soporte,IC2,False,2024-12-28,Indefinido,False,,BUK10019,Activo
BUK10109,Eliecer Diego Candia Cisterna,eliecer.cisterna@buk.example,M,1994-01-03,Chilena,PE,PE,Híbrido,Operaciones,Especialista de Soporte Semi Senior,Soporte,IC3,False,2025-01-03,Indefinido,False,,BUK12229,Activo
BUK10110,Yesid Juan Romero Melo,yesid.melo@buk.example,M,2005-05-03,Colombiana,BR,ES,Remoto,Tecnología,QA Engineer Semi Senior,Ingeniería,IC3,False,2025-01-01,Indefinido,False,,BUK11580,Activo
BUK10111,Cecilia Niño Gil,cecilia.gil@buk.example,F,1990-07-22,Italiana,CL,CL,Híbrido,Comercial,Especialista de Renovaciones,Customer Success,IC2,False,2026-01-15,Plazo fijo,False,,BUK11921,Activo
BUK10112,Mario Vargas,mario.vargas@buk.example,M,1991-04-10,Peruana,CO,CO,Presencial,Administración,Analista de Cobranza,Finanzas,IC2,False,2025-11-04,Indefinido,False,Prefiero no responder,BUK11691,Activo
BUK10113,Mauricio Parada,mauricio.parada@buk.example,M,1999-08-25,Colombiana,CL,CL,Híbrido,Operaciones,Consultor de Implementación Semi Senior,Implementación,IC3,False,2026-04-05,Indefinido,False,,BUK11607,Activo
BUK10114,Genoveva Burgos Morales,genoveva.morales@buk.example,F,1993-05-22,Chilena,BR,BR,Remoto,Tecnología,Líder de Ingeniería,Ingeniería,M1,True,2025-01-01,Indefinido,False,,BUK11325,Activo
BUK10115,Miriam Cecilia Aranda Valdivia,miriam.valdivia@buk.example,F,1998-12-19,Chilena,BR,BR,Híbrido,Comercial,Subgerente de Customer Success,Customer Success,M2,True,2025-04-20,Indefinido,False,,BUK10361,Activo
BUK10116,Claudia Viviana Arancibia Farías,claudia.farías@buk.example,F,1999-06-29,Chilena,CL,CL,Híbrido,Tecnología,Software Engineer,Ingeniería,IC2,False,2023-09-06,Indefinido,False,Prefiero no responder,BUK12446,Activo
BUK10117,Gregorio Sevilla,gregorio.sevilla@buk.example,M,1984-07-31,Mexicana,MX,MX,Remoto,Comercial,Account Manager Senior,Customer Success,IC4,False,2025-01-25,Indefinido,False,Prefiero no responder,BUK10044,Activo
BUK10118,Paca Exposito Peral,paca.peral@buk.example,F,1994-10-11,Española,CL,CL,Remoto,Tecnología,Líder de Ingeniería,Ingeniería,M1,True,2017-07-01,Indefinido,False,Sí,BUK10786,Activo
BUK10119,Julia Isidora Ramos Garrido,julia.garrido@buk.example,F,1995-05-23,Uruguaya,CO,CO,Remoto,Operaciones,Agente de Soporte Semi Senior,Soporte,IC3,False,2023-04-27,Indefinido,False,,BUK11411,Activo
BUK10120,Claudio Alex Rojas Ossandón,claudio.ossandón@buk.example,M,1999-10-23,Peruana,CL,CL,Híbrido,Tecnología,Security Engineer Semi Senior,Ingeniería,IC3,False,2025-12-08,Indefinido,False,Prefiero no responder,BUK11345,Desvinculado
BUK10121,Jesús Alexander Hoyos,jesús.hoyos@buk.example,M,1999-06-07,Colombiana,CL,CL,Remoto,Operaciones,Consultor de Implementación,Implementación,IC2,False,2025-11-13,Indefinido,False,,BUK11543,Activo
BUK10122,Nora Amelia Uribe Araya,nora.araya@buk.example,F,1992-06-01,Chilena,MX,MX,Presencial,Administración,Líder de Personas,Personas,M1,True,2023-04-09,Plazo fijo,False,,BUK11817,Activo
BUK10123,Isaac Azevedo,isaac.azevedo@buk.example,M,2000-05-01,Brasileña,PE,MX,Híbrido,Tecnología,SRE Semi Senior,Ingeniería,IC3,False,2025-05-15,Indefinido,False,,BUK10455,Activo
BUK10124,Elías Cuesta Solano,elías.solano@buk.example,M,2001-02-03,Colombiana,CL,CL,Presencial,Operaciones,Analista de Operaciones,Operaciones,IC2,False,2026-05-27,Indefinido,False,,BUK11473,Activo
BUK10125,Norma Muñoz Varela,norma.varela@buk.example,F,1999-05-09,Chilena,CL,CL,Híbrido,Comercial,Account Executive Semi Senior,Ventas,IC3,False,2026-04-10,Indefinido,False,,BUK10140,Activo
BUK10126,Patricio Calderón Sepúlveda,patricio.sepúlveda@buk.example,M,2005-08-31,Chilena,CL,CL,Híbrido,Tecnología,Software Engineer Senior,Ingeniería,IC4,False,2021-10-11,Indefinido,False,,BUK10455,Desvinculado
BUK10127,Raquel Aranda Martínez,raquel.martínez@buk.example,F,2005-08-31,Chilena,CO,BR,Remoto,Operaciones,Consultor de Implementación Semi Senior,Implementación,IC3,False,2019-01-01,Indefinido,False,,BUK11964,Activo
BUK10128,Irma Castañeda Cardenas,irma.cardenas@buk.example,F,2001-12-31,Mexicana,CO,CO,Presencial,Comercial,Especialista de Renovaciones Senior,Customer Success,IC4,False,2021-03-23,Indefinido,False,,BUK10623,Activo
BUK10129,Camila Valencia Rodríguez,camila.rodríguez@buk.example,F,2002-09-18,Chilena,BR,BR,Híbrido,Tecnología,Data Engineer,Ingeniería,IC2,False,2025-01-01,Indefinido,False,,BUK11152,Activo
BUK10130,Dr. Brayan Fonseca,dr..fonseca@buk.example,M,1983-02-25,Brasileña,CL,PT,Remoto,Tecnología,Data Engineer,Ingeniería,IC2,False,2019-04-30,Plazo fijo,False,,BUK10250,Activo
BUK10131,Srita. Paulina Vera,srita..vera@buk.example,F,2000-11-17,Mexicana,CL,CL,Remoto,Comercial,Account Executive,Ventas,IC2,False,2021-10-08,Indefinido,False,,BUK11921,Activo
BUK10132,Alejandra Garza,alejandra.garza@buk.example,F,1986-05-10,Mexicana,CL,CL,Híbrido,Tecnología,QA Engineer Aprendiz,Ingeniería,IC1,False,2024-05-16,Indefinido,False,,BUK10455,Activo
BUK10133,Julián Jaramillo Contreras,julián.contreras@buk.example,M,1987-09-16,Uruguaya,MX,MX,Remoto,Comercial,SDR Senior,Ventas,IC4,False,2023-12-24,Plazo fijo,False,,BUK10327,Activo
BUK10134,Homero Francisco Tijerina,homero.tijerina@buk.example,M,1992-05-09,Mexicana,MX,MX,Híbrido,Comercial,Customer Success Manager Senior,Customer Success,IC4,False,2022-01-01,Indefinido,False,,BUK10766,Desvinculado
BUK10135,Juan Javier Vilches Romero,juan.romero@buk.example,M,1982-10-01,Peruana,CO,CO,Remoto,Comercial,SDR,Ventas,IC2,False,2026-02-13,Indefinido,False,,BUK10044,Activo
BUK10136,Carol Pulgar Azócar,carol.azócar@buk.example,F,1993-12-24,Chilena,CO,CO,Remoto,Administración,Talent Acquisition Semi Senior,Personas,IC3,False,2024-12-10,Indefinido,False,,BUK11884,Activo
BUK10137,Raúl Franco Aracena Rivera,raúl.rivera@buk.example,M,1995-10-20,Chilena,CL,CL,Híbrido,Comercial,SDR,Ventas,IC2,False,2024-09-13,Indefinido,False,,BUK12245,Desvinculado
BUK10138,Anna Liz Mendonça,anna.mendonça@buk.example,F,2002-11-28,Brasileña,CL,CL,Presencial,Tecnología,Data Analyst Semi Senior,Datos,IC3,False,2025-10-17,Indefinido,False,,BUK12590,Activo
BUK10139,Camilo Fabián Mora Oyarce,camilo.oyarce@buk.example,M,1990-11-13,Venezolana,MX,MX,Híbrido,Operaciones,Especialista de Soporte Aprendiz,Soporte,IC1,False,2026-04-09,Plazo fijo,False,Prefiero no responder,BUK11993,Activo
BUK10140,Carmen Beatriz Arroyo Garrido,carmen.garrido@buk.example,F,2000-09-30,Argentina,MX,MX,Híbrido,Comercial,Líder de Ventas,Ventas,M1,True,2026-06-15,Indefinido,False,,BUK10845,Activo
BUK10141,Uriel Humberto Menchaca,uriel.menchaca@buk.example,No binario / No informa,1997-03-02,Mexicana,PE,PE,Remoto,Administración,Analista de Cobranza,Finanzas,IC2,False,2025-09-11,Indefinido,False,,BUK12496,Activo
BUK10142,Silvia Marta Rojas Cancino,silvia.cancino@buk.example,F,1997-08-28,Ecuatoriana,CL,CL,Remoto,Administración,Control de Gestión,Finanzas,IC2,False,2023-09-14,Indefinido,False,,BUK10746,Activo
BUK10143,Carlos Burgos,carlos.burgos@buk.example,M,2003-02-22,Peruana,CL,CL,Híbrido,Operaciones,Analista de Operaciones Senior,Operaciones,IC4,False,2021-07-31,Indefinido,False,,BUK11027,Activo
BUK10144,Marisol Reynoso Martínez,marisol.martínez@buk.example,F,2002-12-29,Mexicana,CL,CL,Presencial,Comercial,Líder de Ventas,Ventas,M1,True,2024-01-10,Indefinido,False,,BUK11518,Activo
BUK10145,Claudia Carmen González Andrade,claudia.andrade@buk.example,F,1987-03-06,Costarricense,CL,CL,Híbrido,Comercial,Customer Success Manager Aprendiz,Customer Success,IC1,False,2025-05-02,Indefinido,False,,BUK10083,Activo
BUK10146,María Zamora Torres,maría.torres@buk.example,F,1993-06-18,Peruana,CL,CL,Híbrido,Administración,People Happiness Manager Aprendiz,Personas,IC1,False,2025-03-24,Indefinido,False,,BUK12394,Desvinculado
BUK10147,Clotilde del Salvador,clotilde.salvador@buk.example,F,1986-11-18,Española,PE,PE,Híbrido,Comercial,Líder de Ventas,Ventas,M1,True,2025-08-24,Indefinido,False,Prefiero no responder,BUK11623,Desvinculado
BUK10148,María Erika Morales Henao,maría.henao@buk.example,F,2000-11-09,Colombiana,CL,CL,Híbrido,Operaciones,Agente de Soporte Senior,Soporte,IC4,False,2021-06-16,Indefinido,False,Sí,BUK11607,Activo
BUK10149,Patricia Carla Huerta González,patricia.gonzález@buk.example,F,2000-03-06,Guatemalteca,CL,CL,Remoto,Operaciones,Project Manager de Implementación,Implementación,IC2,False,2023-11-29,Indefinido,False,,BUK11827,Activo
BUK10150,Alonso Ortiz Forero,alonso.forero@buk.example,M,1984-10-13,Colombiana,CO,CO,Híbrido,Operaciones,Líder de Operaciones,Operaciones,M1,True,2025-08-14,Plazo fijo,False,,BUK12136,Activo
BUK10151,Bernardo Aguilar-Rodríguez Cabrera,bernardo.cabrera@buk.example,No binario / No informa,1986-12-01,Chilena,CO,CO,Híbrido,Operaciones,Especialista de Soporte Payroll,Soporte,IC2,False,2024-04-11,Indefinido,False,Sí,BUK11901,Activo
BUK10152,José Madrid,josé.madrid@buk.example,M,1987-12-25,Chilena,CL,CL,Híbrido,Comercial,Subgerente de Ventas,Ventas,M2,True,2020-12-14,Indefinido,False,,BUK10621,Activo
BUK10153,Guilherme Silva,guilherme.silva@buk.example,M,2001-12-06,Portuguesa,BR,BR,Remoto,Comercial,Ejecutivo Comercial,Ventas,IC2,False,2025-01-01,Indefinido,False,,BUK12218,Desvinculado
BUK10154,María Pamela Rodríguez Espinoza,maría.espinoza@buk.example,F,2000-11-04,Chilena,CL,CL,Híbrido,Operaciones,Subgerente de Operaciones,Operaciones,M2,True,2024-02-13,Indefinido,False,,BUK11991,Activo
BUK10155,Nancy Pinto Poblete,nancy.poblete@buk.example,F,1990-07-19,Peruana,CL,CL,Híbrido,Tecnología,Subgerente de Ingeniería,Ingeniería,M2,True,2025-04-05,Indefinido,False,,BUK11227,Activo
BUK10156,Francisco Adrián Castro Pinto,francisco.pinto@buk.example,M,1996-01-02,Argentina,CL,CL,Remoto,Tecnología,Subgerente de Ingeniería,Ingeniería,M2,True,2026-02-17,Indefinido,False,,BUK11199,Activo
BUK10157,René Canales Farías,rené.farías@buk.example,M,2000-07-03,Mexicana,CL,CL,Remoto,Comercial,Account Executive Aprendiz,Ventas,IC1,False,2024-01-18,Indefinido,False,,BUK11546,Desvinculado
BUK10158,Sofía Campos,sofía.campos@buk.example,F,1985-05-17,Dominicana,CL,CL,Híbrido,Tecnología,QA Engineer Semi Senior,Ingeniería,IC3,False,2025-08-16,Indefinido,False,,BUK10991,Activo
BUK10159,Alejandra Jiménez-Mellado Matamala,alejandra.matamala@buk.example,F,1994-01-27,Chilena,PE,PE,Remoto,Administración,Líder de Legal,Legal,M1,True,2023-09-28,Indefinido,False,,BUK11504,Desvinculado
BUK10160,Alexandra Cristina Pérez Fernández,alexandra.fernández@buk.example,F,1994-08-22,Colombiana,PE,PE,Híbrido,Tecnología,People Analytics Senior,Datos,IC4,False,2025-07-03,Indefinido,False,,BUK11186,Activo
BUK10161,Elisa Álvarez,elisa.álvarez@buk.example,F,1997-12-31,Peruana,CL,CL,Híbrido,Tecnología,QA Engineer Senior,Ingeniería,IC4,False,2025-09-24,Indefinido,False,,BUK12458,Desvinculado
BUK10162,Mayra Arenas,mayra.arenas@buk.example,F,1983-07-10,Chilena,CL,CL,Híbrido,Tecnología,Security Engineer,Ingeniería,IC2,False,2024-11-28,Indefinido,False,,BUK10883,Desvinculado
BUK10163,Franco Gutiérrez Seguel,franco.seguel@buk.example,No binario / No informa,1985-07-07,Ecuatoriana,CO,CO,Híbrido,Tecnología,Security Engineer,Ingeniería,IC2,False,2023-05-01,Indefinido,False,,BUK10987,Activo
BUK10164,Ema Amanda Aravena García,ema.garcía@buk.example,F,1998-12-23,Venezolana,CO,CO,Presencial,Comercial,Account Manager Senior,Customer Success,IC4,False,2026-03-02,Indefinido,False,,BUK10403,Activo
BUK10165,María Antonella Ramírez Belmar,maría.belmar@buk.example,F,2000-08-19,Argentina,CO,CO,Presencial,Comercial,Ejecutivo Comercial Aprendiz,Ventas,IC1,False,2026-03-08,Indefinido,False,,BUK11123,Activo
BUK10166,Mariana Navarro Alonzo,mariana.alonzo@buk.example,F,1991-01-31,Mexicana,CL,CL,Híbrido,Comercial,Especialista de Renovaciones Semi Senior,Customer Success,IC3,False,2024-09-16,Indefinido,False,,BUK10044,Desvinculado
BUK10167,Bruce Carney,bruce.carney@buk.example,M,1988-05-28,Estadounidense,CL,CL,Híbrido,Comercial,SDR Semi Senior,Ventas,IC3,False,2026-01-01,Indefinido,False,,BUK10975,Activo
BUK10168,Andrea Bautista Loaiza,andrea.loaiza@buk.example,F,1993-07-22,Colombiana,CL,CL,Híbrido,Tecnología,UX Researcher,Producto,IC2,False,2023-04-19,Indefinido,False,,BUK10866,Activo
BUK10169,Nicole Edith Rojas Sepúlveda,nicole.sepúlveda@buk.example,F,1998-10-07,Uruguaya,PE,MX,Remoto,Administración,Abogado Corporativo,Legal,IC2,False,2022-10-18,Indefinido,False,,BUK10442,Desvinculado
BUK10170,Emilia Francisca Arenas Arriagada,emilia.arriagada@buk.example,F,1996-07-14,Argentina,PE,PE,Híbrido,Operaciones,Project Manager de Implementación Semi Senior,Implementación,IC3,False,2025-02-25,Indefinido,False,,BUK10867,Activo
BUK10171,Carlota Irene Munguía Lozada,carlota.lozada@buk.example,F,2005-08-31,Mexicana,CO,CO,Híbrido,Operaciones,Especialista Payroll Ops Semi Senior,Operaciones,IC3,False,2020-04-03,Indefinido,False,,BUK11001,Activo
BUK10172,María Rojas Ojeda,maría.ojeda@buk.example,F,1995-12-21,Chilena,CO,CO,Remoto,Tecnología,Data Engineer,Ingeniería,IC2,False,2024-01-02,Indefinido,False,,BUK10961,Activo
BUK10173,Axel Lara,axel.lara@buk.example,No binario / No informa,1989-12-22,Chilena,CL,CL,Híbrido,Tecnología,People Analytics Semi Senior,Datos,IC3,False,2024-10-21,Indefinido,False,,BUK10241,Activo
BUK10174,Nelson Sergio Fernández Díaz,nelson.díaz@buk.example,M,1989-06-26,Chilena,CL,CL,Remoto,Administración,Analista de Cobranza Senior,Finanzas,IC4,False,2025-11-04,Indefinido,False,Sí,BUK10746,Desvinculado
BUK10175,Roberto Alarcón Navarro,roberto.navarro@buk.example,M,1999-02-17,Chilena,CL,CL,Híbrido,Comercial,Account Executive Semi Senior,Ventas,IC3,False,2025-06-17,Indefinido,False,,BUK10595,Activo
BUK10176,Cristian Miranda,cristian.miranda@buk.example,M,1997-12-10,Dominicana,CO,CO,Híbrido,Administración,People Happiness Manager,Personas,IC2,False,2025-02-16,Indefinido,False,Sí,BUK11815,Activo
BUK10177,Ximena Amanda Medina Tapia,ximena.tapia@buk.example,F,1998-06-04,Chilena,CL,CL,Híbrido,Comercial,Customer Success Manager,Customer Success,IC2,False,2025-03-29,Indefinido,False,Prefiero no responder,BUK12078,Activo
BUK10178,Rafael Angelo Martínez Medina,rafael.medina@buk.example,M,2003-04-06,Chilena,CL,CL,Híbrido,Operaciones,Especialista de Soporte Senior,Soporte,IC4,False,2025-03-22,Indefinido,False,,BUK12338,Activo
BUK10179,Karen Sonia Martínez Becerra,karen.becerra@buk.example,F,1996-07-14,Colombiana,CO,CO,Híbrido,Operaciones,Consultor de Implementación,Implementación,IC2,False,2024-05-22,Indefinido,False,,BUK12229,Desvinculado
BUK10180,Sandra Medina Álvarez,sandra.álvarez@buk.example,F,1997-09-21,Colombiana,CO,CO,Remoto,Operaciones,Especialista Payroll Ops Semi Senior,Operaciones,IC3,False,2026-02-15,Indefinido,False,,BUK11563,Activo
BUK10181,Andrea María Lozano,andrea.lozano@buk.example,F,1999-01-07,Colombiana,MX,MX,Remoto,Comercial,Líder de Customer Success,Customer Success,M1,True,2023-07-13,Indefinido,False,,BUK10845,Activo
BUK10182,José Mauricio Zapata Araya,josé.araya@buk.example,M,1998-10-04,Chilena,CL,CL,Híbrido,Administración,People Happiness Manager,Personas,IC2,False,2026-01-08,Indefinido,False,,BUK10331,Activo
BUK10183,Juana Alarcón Jorquera,juana.jorquera@buk.example,F,2003-05-30,Chilena,CL,CL,Presencial,Tecnología,Líder de Ingeniería,Ingeniería,M1,True,2025-09-30,Indefinido,False,,BUK11539,Activo
BUK10184,Eduardo José Hurtado Vera,eduardo.vera@buk.example,M,2002-08-24,Venezolana,PE,PE,Híbrido,Comercial,Account Executive Aprendiz,Ventas,IC1,False,2024-06-02,Indefinido,False,,BUK11240,Desvinculado
BUK10185,María San Martín,maría.martín@buk.example,F,1998-09-21,Chilena,CL,CL,Híbrido,Comercial,Account Manager Senior,Customer Success,IC4,False,2026-02-06,Plazo fijo,False,,BUK10147,Activo
BUK10186,Edward Carvajal,edward.carvajal@buk.example,M,1997-02-19,Colombiana,CL,CL,Híbrido,Comercial,Account Manager Semi Senior,Customer Success,IC3,False,2026-06-12,Indefinido,False,,BUK10975,Activo
BUK10187,Socorro Leonor Rivera,socorro.rivera@buk.example,F,1987-12-20,Colombiana,CL,CL,Híbrido,Operaciones,Agente de Soporte Semi Senior,Soporte,IC3,False,2024-01-28,Indefinido,False,,BUK12515,Activo
BUK10188,Oliver Vasconcelos,oliver.vasconcelos@buk.example,M,2001-06-04,Brasileña,CL,CL,Presencial,Operaciones,Especialista de Soporte Payroll Semi Senior,Soporte,IC3,False,2017-01-01,Indefinido,False,,BUK11411,Activo
BUK10189,Denisse Espinosa,denisse.espinosa@buk.example,F,2003-08-24,Costarricense,PE,PE,Híbrido,Administración,Control de Gestión Semi Senior,Finanzas,IC3,False,2026-02-16,Indefinido,False,Sí,BUK10780,Desvinculado
BUK10190,Bibiana Talavera Vega,bibiana.vega@buk.example,F,1999-01-11,Italiana,CL,CL,Remoto,Comercial,Ejecutivo Comercial Semi Senior,Ventas,IC3,False,2025-03-27,Indefinido,False,Sí,BUK10248,Desvinculado
BUK10191,Concha Alsina,concha.alsina@buk.example,F,2003-03-08,Española,MX,MX,Híbrido,Tecnología,UX Researcher Aprendiz,Producto,IC1,False,2025-11-06,Indefinido,False,,BUK12590,Activo
BUK10192,Marta María Guajardo Leiva,marta.leiva@buk.example,F,2001-11-07,Argentina,CL,CL,Presencial,Tecnología,People Analytics Aprendiz,Datos,IC1,False,2021-07-11,Indefinido,False,,BUK10963,Activo
BUK10193,Theo da Rosa,theo.rosa@buk.example,M,1990-12-15,Brasileña,CL,CL,Híbrido,Tecnología,UX Researcher Semi Senior,Producto,IC3,False,2018-11-22,Indefinido,False,,BUK11183,Activo
BUK10194,Ximena Celinda Jofré Céspedes,ximena.céspedes@buk.example,F,1991-04-06,Chilena,CL,CL,Remoto,Tecnología,People Analytics Especialista,Datos,IC5,False,2025-11-16,Indefinido,False,,BUK10804,Activo
BUK10195,Valentino López,valentino.lópez@buk.example,M,2004-06-26,Chilena,CL,CL,Remoto,Operaciones,Especialista de Soporte Payroll Especialista,Soporte,IC5,False,2023-04-19,Indefinido,False,Sí,BUK12229,Activo
BUK10196,Abelardo Esquibel Ruiz,abelardo.ruiz@buk.example,M,1988-09-20,Mexicana,CL,MX,Híbrido,Tecnología,Product Manager,Producto,IC2,False,2023-07-08,Plazo fijo,False,Prefiero no responder,BUK10987,Desvinculado
BUK10197,César Luis Benítez Marambio,césar.marambio@buk.example,M,1990-02-02,Peruana,MX,MX,Híbrido,Tecnología,Analytics Engineer,Datos,IC2,False,2023-09-06,Indefinido,False,,BUK11656,Activo
BUK10198,Víctor Jaime Veloso Ríos,víctor.ríos@buk.example,M,1998-10-08,Chilena,CL,CL,Remoto,Comercial,Ejecutivo Comercial,Ventas,IC2,False,2025-08-18,Indefinido,False,,BUK11730,Activo
BUK10199,Kevin Rodríguez,kevin.rodríguez@buk.example,M,2003-12-21,Colombiana,CL,CL,Híbrido,Tecnología,Data Analyst Aprendiz,Datos,IC1,False,2024-02-28,Indefinido,False,,BUK10852,Activo
BUK10200,Juana Palacios Riffo,juana.riffo@buk.example,F,1999-10-15,Peruana,CL,CL,Remoto,Comercial,Customer Success Manager Senior,Customer Success,IC4,False,2024-08-06,Indefinido,False,Prefiero no responder,BUK11746,Activo
BUK10201,Daniela Marta Saldivia Morales,daniela.morales@buk.example,F,1994-12-11,Chilena,CL,CL,Remoto,Operaciones,Agente de Soporte Especialista,Soporte,IC5,False,2026-02-05,Indefinido,False,,BUK11411,Desvinculado
BUK10202,Rolando Bernabé Mena Cotto,rolando.cotto@buk.example,M,1999-07-11,Mexicana,CL,CO,Remoto,Tecnología,QA Engineer,Ingeniería,IC2,False,2026-06-14,Indefinido,False,,BUK12458,Activo
BUK10203,Maite Godoy Contreras,maite.contreras@buk.example,F,1999-01-02,Chilena,CL,CL,Remoto,Comercial,Ejecutivo Comercial Aprendiz,Ventas,IC1,False,2023-08-11,Indefinido,False,Sí,BUK11097,Activo
BUK10204,Sergio Chamorro-Norambuena,sergio.chamorro-norambuena@buk.example,M,1991-01-15,Chilena,PE,PE,Remoto,Comercial,SDR Semi Senior,Ventas,IC3,False,2024-11-06,Indefinido,False,Sí,BUK11407,Activo
BUK10205,Ester Costa,ester.costa@buk.example,F,1993-02-24,Brasileña,CO,CO,Híbrido,Comercial,SDR Aprendiz,Ventas,IC1,False,2024-09-19,Indefinido,False,,BUK11837,Activo
BUK10206,Katherine Bórquez,katherine.bórquez@buk.example,F,1998-08-29,Chilena,CL,CL,Híbrido,Tecnología,Software Engineer Semi Senior,Ingeniería,IC3,False,2025-12-12,Indefinido,False,Sí,BUK11656,Activo
BUK10207,Mateus da Paz,mateus.paz@buk.example,M,1994-09-13,Brasileña,CL,AR,Presencial,Operaciones,Project Manager de Implementación Aprendiz,Implementación,IC1,False,2025-07-29,Indefinido,False,Prefiero no responder,BUK10019,Activo
BUK10208,Kevin Zambrano,kevin.zambrano@buk.example,No binario / No informa,2002-01-11,Colombiana,BR,BR,Remoto,Tecnología,QA Engineer Senior,Ingeniería,IC4,False,2025-03-05,Indefinido,False,,BUK12472,Desvinculado
BUK10209,María Gladys Cea Barra,maría.barra@buk.example,F,1979-06-29,Chilena,MX,MX,Remoto,Comercial,Líder de Ventas,Ventas,M1,True,2026-06-13,Indefinido,False,,BUK10152,Activo
BUK10210,Matilda Antonella Urbina Vilches,matilda.vilches@buk.example,F,1989-10-31,Chilena,CL,CL,Híbrido,Tecnología,SRE Aprendiz,Ingeniería,IC1,False,2025-11-24,Indefinido,False,Prefiero no responder,BUK11058,Activo
BUK10211,Matilde Soto,matilde.soto@buk.example,F,1991-07-17,Chilena,BR,BR,Híbrido,Operaciones,Especialista Payroll Ops Senior,Operaciones,IC4,False,2025-12-22,Indefinido,False,,BUK11901,Activo
BUK10212,Milena Margoth Cantillo,milena.cantillo@buk.example,F,1997-12-04,Colombiana,CL,CL,Híbrido,Operaciones,Agente de Soporte Semi Senior,Soporte,IC3,False,2025-02-20,Indefinido,False,Prefiero no responder,BUK10607,Activo
BUK10213,Marisol Liliana Perales,marisol.perales@buk.example,F,1991-09-02,Mexicana,PE,PE,Híbrido,Operaciones,Especialista de Soporte Payroll Semi Senior,Soporte,IC3,False,2022-05-31,Indefinido,False,,BUK10478,Activo
BUK10214,Leonardo Francisco Moraga Aguilar,leonardo.aguilar@buk.example,No binario / No informa,1988-08-17,Cubana,CL,CL,Remoto,Comercial,Customer Success Manager,Customer Success,IC2,False,2024-07-24,Indefinido,False,,BUK10144,Activo
BUK10215,Raquel Rocha,raquel.rocha@buk.example,F,1993-07-13,Brasileña,CL,CL,Presencial,Tecnología,People Analytics Semi Senior,Datos,IC3,False,2024-06-13,Indefinido,False,,BUK10627,Activo
BUK10216,Sofía Valenzuela Pardo,sofía.pardo@buk.example,F,1987-04-27,Chilena,MX,MX,Híbrido,Operaciones,Consultor de Implementación Semi Senior,Implementación,IC3,False,2025-02-19,Plazo fijo,False,Prefiero no responder,BUK10800,Activo
BUK10217,Rosa Celinda Escalona Silva,rosa.silva@buk.example,F,1993-08-28,Venezolana,CL,CL,Remoto,Comercial,SDR Aprendiz,Ventas,IC1,False,2025-12-25,Indefinido,False,,BUK10564,Activo
BUK10218,Margarita Trujillo González,margarita.gonzález@buk.example,F,1994-07-19,Argentina,CL,CL,Remoto,Comercial,SDR,Ventas,IC2,False,2026-06-01,Indefinido,False,,BUK11921,Activo
BUK10219,Luis Leonardo Lara,luis.lara@buk.example,M,1999-09-26,Colombiana,MX,PE,Híbrido,Tecnología,Security Engineer,Ingeniería,IC2,False,2025-12-19,Indefinido,False,,BUK11183,Desvinculado
BUK10220,Sergio Rascón,sergio.rascón@buk.example,M,1995-08-21,Mexicana,CO,CO,Remoto,Operaciones,Agente de Soporte Semi Senior,Soporte,IC3,False,2024-11-19,Indefinido,False,,BUK10714,Activo
BUK10221,Sebastián David Soto Burgos,sebastián.burgos@buk.example,M,1997-12-06,Chilena,MX,MX,Remoto,Tecnología,QA Engineer Semi Senior,Ingeniería,IC3,False,2022-09-24,Indefinido,False,Sí,BUK11183,Activo
BUK10222,Selena Bayona Cobos,selena.cobos@buk.example,F,2005-08-31,Española,CL,CL,Híbrido,Tecnología,Security Engineer Senior,Ingeniería,IC4,False,2026-05-01,Indefinido,True,,BUK12458,Activo
BUK10223,Augusto Edwin Reyes,augusto.reyes@buk.example,M,1990-12-17,Colombiana,CL,CL,Híbrido,Tecnología,Software Engineer Semi Senior,Ingeniería,IC3,False,2018-10-27,Indefinido,False,,BUK10241,Activo
BUK10224,Elizabeth Marcela Zambrano Moncada,elizabeth.moncada@buk.example,F,1999-08-13,Argentina,MX,MX,Remoto,Administración,Analista de Cobranza Aprendiz,Finanzas,IC1,False,2026-03-08,Indefinido,False,,BUK11373,Activo
BUK10225,Juana Filomena León Hidalgo,juana.hidalgo@buk.example,F,1991-08-20,Chilena,CL,CL,Híbrido,Administración,People Happiness Manager Senior,Personas,IC4,False,2024-10-27,Indefinido,False,,BUK11373,Activo
BUK10226,Isaac García González,isaac.gonzález@buk.example,M,1990-09-26,Boliviana,CL,ES,Híbrido,Administración,Control de Gestión Aprendiz,Finanzas,IC1,False,2025-02-07,Indefinido,False,,BUK10746,Activo
BUK10227,Francisca María Díaz González,francisca.gonzález@buk.example,F,1996-06-30,Chilena,CL,CL,Remoto,Operaciones,Especialista de Soporte Especialista,Soporte,IC5,False,2024-12-09,Indefinido,False,,BUK10453,Activo
BUK10228,Virginia Abreu Barragán,virginia.barragán@buk.example,F,1988-11-24,Mexicana,CL,CL,Híbrido,Tecnología,Data Engineer,Ingeniería,IC2,False,2022-02-28,Plazo fijo,False,,BUK11058,Activo
BUK10229,Ciriaco Ferrando Moraleda,ciriaco.moraleda@buk.example,M,1986-07-24,Alemana,CL,CL,Híbrido,Operaciones,Project Manager de Implementación Senior,Implementación,IC4,False,2018-05-22,Indefinido,False,,BUK10351,Desvinculado
BUK10230,Nathan Costa,nathan.costa@buk.example,M,1989-05-11,Brasileña,PE,PE,Presencial,Operaciones,Project Manager de Implementación Senior,Implementación,IC4,False,2022-06-18,Indefinido,True,Sí,BUK11993,Activo
BUK10231,Florencia Génesis Brito Cárcamo,florencia.cárcamo@buk.example,F,1994-04-16,Argentina,CL,CL,Híbrido,Tecnología,Data Engineer,Ingeniería,IC2,False,2025-03-07,Indefinido,False,,BUK10547,Desvinculado
BUK10232,Alma García-Tobar Cruz,alma.cruz@buk.example,F,2005-08-31,Chilena,CL,CL,Remoto,Tecnología,UX Researcher,Producto,IC2,False,2025-09-14,Indefinido,False,Prefiero no responder,BUK11152,Desvinculado
BUK10233,Marlon Gutiérrez Guerrero,marlon.guerrero@buk.example,M,1990-03-13,Colombiana,CL,CL,Remoto,Comercial,Líder de Ventas,Ventas,M1,True,2023-04-02,Indefinido,True,Sí,BUK10152,Activo
BUK10234,Adriana Lozano Arenas,adriana.arenas@buk.example,F,1999-03-26,Colombiana,PE,PT,Remoto,Comercial,Especialista de Renovaciones,Customer Success,IC2,False,2026-03-28,Indefinido,False,Prefiero no responder,BUK10044,Activo
BUK10235,Matilda Hilda Arriagada García,matilda.garcía@buk.example,F,2003-10-08,Peruana,MX,MX,Remoto,Operaciones,Analista de Operaciones,Operaciones,IC2,False,2023-10-14,Indefinido,False,,BUK12049,Activo
BUK10236,Bernardo Vela Arredondo,bernardo.arredondo@buk.example,M,1999-03-25,Mexicana,CL,CL,Híbrido,Comercial,Growth Marketer Semi Senior,Marketing,IC3,False,2022-10-17,Indefinido,False,Prefiero no responder,BUK10574,Activo
BUK10237,João Pedro Pinto,joão.pinto@buk.example,No binario / No informa,2005-08-31,Brasileña,BR,BR,Híbrido,Comercial,Account Manager Semi Senior,Customer Success,IC3,False,2026-01-12,Indefinido,False,,BUK11746,Activo
BUK10238,Carlos Sandoval Rivera,carlos.rivera@buk.example,M,1989-03-16,Chilena,CL,ES,Híbrido,Tecnología,Data Analyst,Datos,IC2,False,2025-09-03,Indefinido,False,,BUK11186,Activo
BUK10239,Luz María Díaz González,luz.gonzález@buk.example,F,1993-07-16,Chilena,CO,CO,Remoto,Administración,Especialista de Formación,Personas,IC2,False,2026-03-23,Indefinido,False,,BUK11747,Desvinculado
BUK10240,Pamela Nora Bahamonde Aravena,pamela.aravena@buk.example,F,1992-06-20,Peruana,CL,CL,Remoto,Administración,Analista Contable,Finanzas,IC2,False,2023-07-30,Indefinido,False,Prefiero no responder,BUK12496,Desvinculado
BUK10241,Alicia Hernández,alicia.hernández@buk.example,F,1986-04-22,Peruana,CL,CL,Remoto,Tecnología,Líder de Producto,Producto,M1,True,2026-01-17,Plazo fijo,False,,BUK10156,Desvinculado
BUK10242,Ana Carolina Guerra,ana.guerra@buk.example,F,1993-10-25,Brasileña,CL,CL,Híbrido,Comercial,Ejecutivo Comercial Semi Senior,Ventas,IC3,False,2024-03-04,Indefinido,False,Prefiero no responder,BUK10408,Activo
BUK10243,David Weaver,david.weaver@buk.example,M,2002-02-26,Canadiense,BR,BR,Híbrido,Comercial,Customer Success Manager Semi Senior,Customer Success,IC3,False,2026-02-02,Indefinido,False,,BUK12094,Activo
BUK10244,Tamara Matilda Arancibia Ossandón,tamara.ossandón@buk.example,F,1991-04-13,Costarricense,CO,CO,Híbrido,Tecnología,Software Engineer Semi Senior,Ingeniería,IC3,False,2025-10-05,Plazo fijo,False,,BUK10881,Activo
BUK10245,Noemí Ruth Bustos Robles,noemí.robles@buk.example,F,1998-08-16,Uruguaya,CL,CL,Híbrido,Operaciones,Agente de Soporte,Soporte,IC2,False,2020-08-21,Indefinido,False,,BUK11717,Activo
BUK10246,María Venegas Osorio,maría.osorio@buk.example,F,1993-12-23,Chilena,MX,MX,Híbrido,Tecnología,SRE Especialista,Ingeniería,IC5,False,2025-02-20,Indefinido,False,Prefiero no responder,BUK10987,Activo
BUK10247,Javier Jorge Cordero Durán,javier.durán@buk.example,M,2000-06-14,Chilena,CO,CO,Remoto,Tecnología,UX Researcher Senior,Producto,IC4,False,2022-09-06,Indefinido,False,,BUK10708,Activo
BUK10248,Sofía Silva Pizarro,sofía.pizarro@buk.example,F,1989-06-12,Chilena,CL,CL,Remoto,Comercial,Líder de Customer Success,Customer Success,M1,True,2019-01-01,Indefinido,False,Sí,BUK12279,Activo
BUK10249,María Alejandra Muñoz Santibáñez,maría.santibáñez@buk.example,F,2002-03-08,Ecuatoriana,CL,CL,Híbrido,Administración,Talent Acquisition Semi Senior,Personas,IC3,False,2024-12-14,Indefinido,False,,BUK10159,Desvinculado
BUK10250,Elisa Damaris Alfaro Guzmán,elisa.guzmán@buk.example,F,1991-05-15,Chilena,CL,CL,Remoto,Tecnología,Líder de Datos,Datos,M1,True,2022-07-19,Indefinido,False,,BUK10832,Activo
BUK10251,Florencia Meneses Celis,florencia.celis@buk.example,F,2004-01-17,Chilena,CL,CL,Híbrido,Tecnología,Product Manager Senior,Producto,IC4,False,2022-02-26,Indefinido,False,,BUK10804,Activo
BUK10252,Jimena Olguín-Vicencio,jimena.olguín-vicencio@buk.example,F,1985-03-27,Chilena,CO,CO,Híbrido,Tecnología,Software Engineer Senior,Ingeniería,IC4,False,2025-10-20,Indefinido,False,,BUK10627,Activo
BUK10253,Ignacio Donoso,ignacio.donoso@buk.example,M,1996-11-16,Chilena,CO,CO,Presencial,Tecnología,UX Researcher,Producto,IC2,False,2025-10-22,Indefinido,False,,BUK11345,Desvinculado
BUK10254,Rafael Garcés,rafael.garcés@buk.example,M,2004-12-02,Colombiana,CO,CO,Remoto,Comercial,SDR Aprendiz,Ventas,IC1,False,2019-11-26,Indefinido,False,Prefiero no responder,BUK10995,Desvinculado
BUK10255,Verónica Castro,verónica.castro@buk.example,F,2002-11-22,Peruana,CO,CO,Híbrido,Tecnología,UX Researcher,Producto,IC2,False,2020-08-27,Indefinido,False,Prefiero no responder,BUK11058,Desvinculado
BUK10256,Perla Velasco Checa,perla.checa@buk.example,F,1989-02-09,Española,CL,CL,Híbrido,Comercial,Especialista de Renovaciones Aprendiz,Customer Success,IC1,False,2025-07-20,Indefinido,False,,BUK11097,Activo
BUK10257,Óscar Roberto Gómez Salazar,óscar.salazar@buk.example,M,2005-08-31,Colombiana,MX,MX,Remoto,Operaciones,Agente de Soporte Aprendiz,Soporte,IC1,False,2026-07-10,Indefinido,False,,BUK12572,Activo
BUK10258,Jean Valdés,jean.valdés@buk.example,M,1998-12-10,Chilena,PE,PE,Híbrido,Tecnología,People Analytics,Datos,IC2,False,2026-05-08,Indefinido,False,Sí,BUK10961,Activo
BUK10259,Leonardo Palomino,leonardo.palomino@buk.example,M,1993-08-21,Mexicana,MX,MX,Híbrido,Administración,Analista Contable Semi Senior,Finanzas,IC3,False,2024-03-11,Indefinido,False,,BUK11747,Activo
BUK10260,Luis Carlos Cisternas Parra,luis.parra@buk.example,M,2005-06-18,Peruana,CL,CL,Remoto,Tecnología,People Analytics,Datos,IC2,False,2025-04-12,Indefinido,False,,BUK10796,Activo
BUK10261,Esther Natalia Carvajal Gutiérrez,esther.gutiérrez@buk.example,F,1986-11-01,Peruana,MX,MX,Híbrido,Tecnología,Software Engineer,Ingeniería,IC2,False,2025-08-20,Plazo fijo,False,,BUK12499,Activo
BUK10262,Isabel Carmona Cepeda,isabel.cepeda@buk.example,F,1997-06-24,Mexicana,CO,CO,Híbrido,Tecnología,Subgerente de Producto,Producto,M2,True,2026-04-23,Indefinido,False,,BUK12603,Activo
BUK10263,Cristian Christian Lagos Salgado,cristian.salgado@buk.example,M,1990-09-16,Venezolana,CL,CL,Remoto,Administración,People Happiness Manager Semi Senior,Personas,IC3,False,2026-07-02,Plazo fijo,False,,BUK11747,Activo
BUK10264,Gilberto Piñeiro-Benet,gilberto.piñeiro-benet@buk.example,M,1996-04-17,Española,PE,PE,Remoto,Tecnología,Software Engineer,Ingeniería,IC2,False,2024-07-07,Indefinido,False,,BUK11580,Activo
BUK10265,Olivia Margarita Padilla Chacón,olivia.chacón@buk.example,F,1999-03-17,Mexicana,PE,ES,Híbrido,Tecnología,Product Manager,Producto,IC2,False,2022-01-04,Indefinido,False,,BUK10796,Activo
BUK10266,Jaqueline Ana Vanegas,jaqueline.vanegas@buk.example,F,1983-08-05,Mexicana,CL,CL,Remoto,Operaciones,Consultor de Implementación Semi Senior,Implementación,IC3,False,2024-11-10,Indefinido,False,,BUK11881,Activo
BUK10267,Gildardo Loaiza,gildardo.loaiza@buk.example,M,1991-10-02,Colombiana,CL,PT,Remoto,Comercial,Customer Success Manager Aprendiz,Customer Success,IC1,False,2024-06-18,Indefinido,False,,BUK10619,Activo
BUK10268,Luz Beltrán,luz.beltrán@buk.example,F,1995-08-02,Colombiana,CL,CL,Híbrido,Tecnología,SRE Semi Senior,Ingeniería,IC3,False,2025-06-15,Indefinido,False,,BUK11183,Activo
BUK10269,Ilse Anel Adame,ilse.adame@buk.example,F,1998-08-28,Mexicana,CL,CL,Híbrido,Tecnología,Data Engineer Semi Senior,Ingeniería,IC3,False,2024-08-10,Indefinido,False,,BUK12165,Activo
BUK10270,José Julio Lucero Cabezas,josé.cabezas@buk.example,M,1987-02-05,Chilena,CO,CO,Híbrido,Comercial,Account Manager Semi Senior,Customer Success,IC3,False,2021-12-04,Indefinido,False,,BUK11921,Desvinculado
BUK10271,Eduardo Vicente Torres Maldonado,eduardo.maldonado@buk.example,M,1988-01-08,Chilena,CL,CL,Remoto,Operaciones,Analista de Operaciones Aprendiz,Operaciones,IC1,False,2024-11-27,Indefinido,False,,BUK11023,Desvinculado
BUK10272,Luz Trujillo García,luz.garcía@buk.example,F,1998-02-05,Colombiana,PE,PE,Presencial,Tecnología,Software Engineer,Ingeniería,IC2,False,2020-01-01,Indefinido,False,,BUK10833,Activo
BUK10273,Miguel Bernal,miguel.bernal@buk.example,M,1993-09-29,Colombiana,CL,CL,Híbrido,Tecnología,QA Engineer Senior,Ingeniería,IC4,False,2024-12-17,Indefinido,False,Sí,BUK12283,Activo
BUK10274,Kevin Santos,kevin.santos@buk.example,M,1993-12-07,Brasileña,CL,PE,Remoto,Operaciones,Líder de Implementación,Implementación,M1,True,2024-08-23,Indefinido,False,,BUK11859,Activo
BUK10275,Rosa Ángela Roybal Alcala,rosa.alcala@buk.example,F,2004-08-02,Mexicana,CL,CL,Híbrido,Operaciones,Especialista Payroll Ops Semi Senior,Operaciones,IC3,False,2025-06-24,Indefinido,False,Prefiero no responder,BUK11964,Desvinculado
BUK10276,Liam Lillo,liam.lillo@buk.example,M,2003-12-01,Chilena,MX,MX,Híbrido,Tecnología,SRE,Ingeniería,IC2,False,2024-02-03,Indefinido,True,,BUK11186,Activo
BUK10277,Olga Brito Villar,olga.villar@buk.example,F,1990-03-19,Chilena,CO,CO,Remoto,Tecnología,Security Engineer Senior,Ingeniería,IC4,False,2025-08-22,Indefinido,False,,BUK10241,Activo
BUK10278,Hermelinda Alma Briseño Valencia,hermelinda.valencia@buk.example,F,1998-12-30,Mexicana,MX,MX,Remoto,Operaciones,Analista de Operaciones,Operaciones,IC2,False,2022-01-01,Indefinido,False,,BUK10789,Activo
BUK10279,Viviana Eugenia Fuentes Alfaro,viviana.alfaro@buk.example,F,1999-08-24,Chilena,CL,CL,Remoto,Operaciones,Project Manager de Implementación Senior,Implementación,IC4,False,2025-06-28,Indefinido,False,,BUK10150,Activo
BUK10280,Mirko Cepeda Catalán,mirko.catalán@buk.example,No binario / No informa,1997-07-24,Peruana,CL,CL,Presencial,Comercial,Brand Manager Senior,Marketing,IC4,False,2025-09-19,Indefinido,False,,BUK10595,Activo
BUK10281,Francisco Héctor Navarrete Carrasco,francisco.carrasco@buk.example,M,1992-05-15,Chilena,CL,BR,Híbrido,Comercial,Account Executive Semi Senior,Ventas,IC3,False,2025-10-17,Indefinido,False,,BUK10312,Activo
BUK10282,Anaís Sara Riquelme Pérez,anaís.pérez@buk.example,F,1996-07-05,Chilena,CL,CL,Híbrido,Tecnología,Subgerente de Producto,Producto,M2,True,2025-02-23,Indefinido,False,,BUK12219,Activo
BUK10283,Daniela María Muñoz Cortés,daniela.cortés@buk.example,F,1993-07-02,Uruguaya,CO,CO,Híbrido,Operaciones,Especialista de Soporte Semi Senior,Soporte,IC3,False,2024-07-18,Indefinido,False,Prefiero no responder,BUK10351,Activo
BUK10284,María Roa Guzmán,maría.guzmán@buk.example,F,2004-10-04,Venezolana,PE,PE,Remoto,Comercial,Customer Success Manager Senior,Customer Success,IC4,False,2020-01-01,Indefinido,False,,BUK10574,Activo
BUK10285,Augusto Moreno,augusto.moreno@buk.example,M,2005-08-31,Colombiana,CO,CO,Remoto,Comercial,Especialista de Renovaciones Semi Senior,Customer Success,IC3,False,2026-07-06,Plazo fijo,False,,BUK10766,Desvinculado
BUK10286,Hugo Cabezas Martínez,hugo.martínez@buk.example,M,1998-05-24,Chilena,PE,BR,Híbrido,Operaciones,Gerente de Implementación,Implementación,M3,True,2024-01-11,Indefinido,False,,,Activo
BUK10287,Iván Gutiérrez Rodríguez,iván.rodríguez@buk.example,M,1993-02-10,Colombiana,CL,CL,Híbrido,Tecnología,Security Engineer Senior,Ingeniería,IC4,False,2024-12-19,Plazo fijo,False,,BUK11580,Activo
BUK10288,Augusto Cano Jaimes,augusto.jaimes@buk.example,M,2002-01-06,Colombiana,PE,PE,Remoto,Comercial,Customer Success Manager Senior,Customer Success,IC4,False,2024-03-31,Indefinido,False,,BUK10327,Activo
BUK10289,Francisco das Neves,francisco.neves@buk.example,M,1996-07-04,Brasileña,MX,MX,Híbrido,Tecnología,Líder de Ingeniería,Ingeniería,M1,True,2025-10-16,Indefinido,False,,BUK10786,Activo
BUK10290,Rafaél Benjamín Valverde Delgado,rafaél.delgado@buk.example,M,2002-08-27,Mexicana,CL,CL,Híbrido,Operaciones,Consultor de Implementación Aprendiz,Implementación,IC1,False,2026-02-10,Indefinido,False,,BUK11563,Activo
BUK10291,Oscar Miguel Sánchez Mella,oscar.mella@buk.example,No binario / No informa,1994-11-29,Chilena,CL,CL,Híbrido,Tecnología,Subgerente de Ingeniería,Ingeniería,M2,True,2025-08-16,Indefinido,False,,BUK11227,Activo
BUK10292,Dr. Leandro da Mota,dr..mota@buk.example,M,1994-08-08,Brasileña,CO,CO,Híbrido,Comercial,Gerente de Ventas,Ventas,M3,True,2026-04-28,Indefinido,False,,,Desvinculado
BUK10293,Juan Fernández Barrientos,juan.barrientos@buk.example,No binario / No informa,1995-08-17,Ecuatoriana,CL,CL,Híbrido,Tecnología,SRE Semi Senior,Ingeniería,IC3,False,2024-09-16,Indefinido,False,,BUK11474,Activo
BUK10294,Wendolin María Teresa Cavazos,wendolin.cavazos@buk.example,F,1989-05-24,Mexicana,MX,MX,Híbrido,Comercial,Customer Success Manager Senior,Customer Success,IC4,False,2024-03-31,Indefinido,False,,BUK10147,Activo
BUK10295,María Daniela Díaz Reyes,maría.reyes@buk.example,F,1994-05-21,Chilena,CL,CL,Remoto,Administración,Talent Acquisition Semi Senior,Personas,IC3,False,2025-09-13,Indefinido,False,,BUK10122,Activo
BUK10296,Yessenia Mendoza,yessenia.mendoza@buk.example,F,1994-04-09,Peruana,CL,CL,Híbrido,Operaciones,Especialista de Soporte,Soporte,IC2,False,2024-11-09,Indefinido,False,Sí,BUK12151,Activo
BUK10297,Eustaquio Cortes-Botella,eustaquio.cortes-botella@buk.example,M,2000-05-14,Española,MX,PE,Remoto,Comercial,Líder de Marketing,Marketing,M1,True,2026-05-21,Indefinido,False,,BUK10676,Activo
BUK10298,Flor Francisca Delgado Norambuena,flor.norambuena@buk.example,F,1996-10-22,Argentina,BR,BR,Híbrido,Comercial,Especialista de Renovaciones,Customer Success,IC2,False,2025-10-02,Indefinido,False,Sí,BUK11676,Activo
BUK10299,María Isabel Espinoza Navarro,maría.navarro@buk.example,F,1986-11-13,Argentina,MX,MX,Remoto,Administración,Talent Acquisition,Personas,IC2,False,2023-05-16,Indefinido,False,Prefiero no responder,BUK11409,Activo
BUK10300,Bianca Paz Orosco,bianca.orosco@buk.example,F,1986-11-07,Mexicana,CL,CL,Remoto,Comercial,Especialista de Renovaciones Senior,Customer Success,IC4,False,2026-02-23,Indefinido,False,,BUK10619,Activo
BUK10301,Luisa Fabiola Quezada Pastén,luisa.pastén@buk.example,F,1997-04-06,Argentina,CL,CO,Híbrido,Comercial,Content Manager,Marketing,IC2,False,2024-01-20,Indefinido,False,,BUK11837,Activo
BUK10302,Leonor María Fuentealba Cabrera,leonor.cabrera@buk.example,F,1995-07-20,Chilena,PE,MX,Híbrido,Operaciones,Líder de Implementación,Implementación,M1,True,2026-05-28,Indefinido,False,,BUK10359,Activo
BUK10303,Cristian Flavio Lara Zepeda,cristian.zepeda@buk.example,M,1985-11-29,Mexicana,CL,MX,Remoto,Comercial,Account Manager Especialista,Customer Success,IC5,False,2024-07-28,Indefinido,False,,BUK11921,Activo
BUK10304,María Leonor Sandoval Díaz,maría.díaz@buk.example,F,2005-05-13,Chilena,CL,CL,Híbrido,Comercial,Ejecutivo Comercial Semi Senior,Ventas,IC3,False,2025-07-08,Indefinido,False,,BUK10327,Desvinculado
BUK10305,Rosa Lagos-Cofré,rosa.lagos-cofré@buk.example,F,1989-05-02,Ecuatoriana,CL,CL,Híbrido,Comercial,Content Manager Especialista,Marketing,IC5,False,2026-06-11,Indefinido,False,,BUK10564,Activo
BUK10306,José Gonzalo López Vera,josé.vera@buk.example,M,1996-05-24,Chilena,CL,CL,Presencial,Comercial,Ejecutivo Comercial Especialista,Ventas,IC5,False,2024-03-15,Indefinido,False,Prefiero no responder,BUK10619,Activo
BUK10307,Ferney Ernesto Torres Salazar,ferney.salazar@buk.example,M,1986-10-01,Colombiana,CL,CL,Presencial,Administración,Analista Contable,Finanzas,IC2,False,2021-11-10,Indefinido,False,Prefiero no responder,BUK10844,Activo
BUK10308,Gloria Romero,gloria.romero@buk.example,F,2001-03-20,Colombiana,CO,CO,Remoto,Operaciones,Consultor de Implementación Semi Senior,Implementación,IC3,False,2025-01-08,Indefinido,False,,BUK11964,Activo
BUK10309,Harold Gaviria,harold.gaviria@buk.example,M,1998-07-22,Colombiana,CL,CL,Remoto,Administración,Analista de Cobranza Semi Senior,Finanzas,IC3,False,2024-01-18,Plazo fijo,False,,BUK12266,Activo
BUK10310,Yeison Andrés González,yeison.gonzález@buk.example,M,1987-10-09,Colombiana,CL,CL,Híbrido,Tecnología,Data Engineer,Ingeniería,IC2,False,2026-05-24,Indefinido,False,Prefiero no responder,BUK12254,Activo
BUK10311,Cecilia Martínez Escalona,cecilia.escalona@buk.example,F,1997-08-19,Chilena,CL,CL,Híbrido,Administración,Talent Acquisition Semi Senior,Personas,IC3,False,2026-01-09,Indefinido,False,,BUK12465,Activo
BUK10312,Macarena Camila Hernández-Barrientos Vargas,macarena.vargas@buk.example,F,1997-10-23,Venezolana,CL,CL,Híbrido,Comercial,Líder de Ventas,Ventas,M1,True,2026-04-20,Indefinido,False,,BUK10630,Activo
BUK10313,María Acevedo,maría.acevedo@buk.example,F,2001-07-07,Peruana,MX,MX,Híbrido,Tecnología,Security Engineer Semi Senior,Ingeniería,IC3,False,2024-05-23,Indefinido,False,,BUK10833,Activo
BUK10314,Elena Norma Rueda,elena.rueda@buk.example,F,1991-05-13,Colombiana,CL,CL,Híbrido,Comercial,Account Executive,Ventas,IC2,False,2024-05-15,Indefinido,False,,BUK12218,Desvinculado
BUK10315,Matthew Miranda,matthew.miranda@buk.example,M,1999-06-29,Canadiense,MX,MX,Híbrido,Operaciones,Project Manager de Implementación Semi Senior,Implementación,IC3,False,2023-12-24,Indefinido,True,,BUK12337,Activo
BUK10316,Evelyn Sepúlveda,evelyn.sepúlveda@buk.example,F,1990-08-18,Venezolana,PE,PE,Presencial,Comercial,Account Executive,Ventas,IC2,False,2023-10-22,Indefinido,False,,BUK10327,Activo
BUK10317,David Osvaldo Torres,david.torres@buk.example,M,2001-08-05,Colombiana,CL,CL,Híbrido,Comercial,Líder de Ventas,Ventas,M1,True,2026-05-21,Indefinido,False,,BUK10498,Desvinculado
BUK10318,Augusto Ribes,augusto.ribes@buk.example,M,1996-12-07,Española,CO,CO,Híbrido,Comercial,Growth Marketer,Marketing,IC2,False,2019-09-06,Plazo fijo,False,,BUK10945,Activo
BUK10319,Graciela Villalobos,graciela.villalobos@buk.example,F,1999-12-12,Venezolana,CL,CL,Remoto,Comercial,Customer Success Manager Senior,Customer Success,IC4,False,2025-02-01,Indefinido,False,,BUK10680,Activo
BUK10320,João Correia,joão.correia@buk.example,M,2000-08-07,Brasileña,CL,CL,Híbrido,Tecnología,SRE Semi Senior,Ingeniería,IC3,False,2026-03-06,Indefinido,False,Sí,BUK10118,Activo
BUK10321,Constanza Jaque,constanza.jaque@buk.example,F,1993-11-05,Argentina,BR,BR,Remoto,Administración,People Happiness Manager Semi Senior,Personas,IC3,False,2026-01-02,Indefinido,False,Prefiero no responder,BUK11068,Desvinculado
BUK10322,Ximena Pareja,ximena.pareja@buk.example,F,1984-03-29,Italiana,CL,CL,Híbrido,Operaciones,Líder de Soporte,Soporte,M1,True,2026-03-15,Indefinido,False,,BUK11625,Activo
BUK10323,Marta Fernanda Rodríguez Díaz,marta.díaz@buk.example,F,1984-01-26,Chilena,CL,CL,Remoto,Operaciones,Project Manager de Implementación,Implementación,IC2,False,2019-03-15,Indefinido,False,,BUK11543,Activo
BUK10324,Bianca Borges,bianca.borges@buk.example,F,1987-07-31,Brasileña,CL,CL,Presencial,Comercial,Customer Success Manager Semi Senior,Customer Success,IC3,False,2025-04-05,Indefinido,False,Prefiero no responder,BUK12441,Activo
BUK10325,Alexandra Martínez,alexandra.martínez@buk.example,F,1997-10-30,Argentina,CL,CL,Híbrido,Administración,Especialista de Formación Senior,Personas,IC4,False,2026-04-19,Indefinido,False,,BUK10746,Activo
BUK10326,Angélica Victoria Arriagada Rojas,angélica.rojas@buk.example,F,1991-03-02,Argentina,CL,CL,Híbrido,Operaciones,Líder de Implementación,Implementación,M1,True,2025-05-09,Indefinido,False,Prefiero no responder,BUK12316,Activo
BUK10327,Sandra Johanna Rubio Alarcón,sandra.alarcón@buk.example,F,2003-07-19,Chilena,BR,BR,Híbrido,Comercial,Líder de Marketing,Marketing,M1,True,2025-05-18,Indefinido,False,,BUK10676,Activo
BUK10328,Hannah Stevens,hannah.stevens@buk.example,F,2004-12-07,Australiana,MX,MX,Híbrido,Administración,People Happiness Manager Senior,Personas,IC4,False,2025-12-25,Plazo fijo,False,Prefiero no responder,BUK10348,Desvinculado
BUK10329,Alex San Martín Castro,alex.castro@buk.example,M,1991-07-27,Chilena,MX,MX,Híbrido,Operaciones,Especialista Payroll Ops Semi Senior,Operaciones,IC3,False,2026-01-12,Indefinido,False,,BUK10302,Activo
BUK10330,Angélica María Franco Flórez,angélica.flórez@buk.example,F,1994-12-02,Colombiana,CL,CL,Remoto,Operaciones,Especialista Payroll Ops,Operaciones,IC2,False,2026-03-02,Indefinido,False,,BUK10949,Activo
BUK10331,Cristian Godoy,cristian.godoy@buk.example,M,1998-06-23,Chilena,MX,MX,Remoto,Administración,Líder de Finanzas,Finanzas,M1,True,2022-04-17,Indefinido,False,,BUK11844,Activo
BUK10332,Cynthia Urbina Escobar,cynthia.escobar@buk.example,F,1998-11-16,Mexicana,CL,CL,Híbrido,Comercial,Account Executive Semi Senior,Ventas,IC3,False,2024-05-14,Indefinido,False,,BUK10312,Desvinculado
BUK10333,Andrés Angulo Espinoza,andrés.espinoza@buk.example,M,1986-12-29,Chilena,MX,MX,Remoto,Tecnología,Security Engineer Aprendiz,Ingeniería,IC1,False,2024-11-21,Indefinido,False,,BUK12446,Desvinculado
BUK10334,Simón Jonathan Cárdenas Mamani,simón.mamani@buk.example,M,2002-11-20,Chilena,CL,CL,Híbrido,Operaciones,Especialista de Soporte Payroll Aprendiz,Soporte,IC1,False,2025-09-12,Plazo fijo,False,,BUK10093,Desvinculado
BUK10335,Valentina Quintana Muñoz,valentina.muñoz@buk.example,F,1986-01-07,Chilena,CL,CL,Híbrido,Administración,Talent Acquisition,Personas,IC2,False,2024-10-15,Indefinido,False,Prefiero no responder,BUK10921,Activo
BUK10336,Juan Erick Ramírez Ramírez,juan.ramírez@buk.example,M,2005-08-31,Costarricense,CO,CO,Presencial,Administración,Analista de Cobranza,Finanzas,IC2,False,2025-06-24,Indefinido,False,Prefiero no responder,BUK10900,Activo
BUK10337,Juan Reyes Rivera,juan.rivera@buk.example,M,1992-02-18,Paraguaya,PE,PE,Remoto,Administración,Control de Gestión Semi Senior,Finanzas,IC3,False,2026-06-24,Indefinido,False,,BUK11435,Activo
BUK10338,Natalia Elcira Aguilar-Ramos Morales,natalia.morales@buk.example,F,1990-03-09,Argentina,CL,CL,Híbrido,Administración,Talent Acquisition,Personas,IC2,False,2026-04-13,Indefinido,False,Sí,BUK10844,Activo
BUK10339,Jessica Quijada,jessica.quijada@buk.example,F,1996-10-14,Chilena,MX,MX,Remoto,Comercial,Account Executive,Ventas,IC2,False,2026-06-28,Indefinido,False,,BUK10140,Activo
BUK10340,Lic. Flavio Sevilla,lic..sevilla@buk.example,M,1985-06-13,Mexicana,CL,ES,Híbrido,Comercial,Content Manager Aprendiz,Marketing,IC1,False,2024-03-23,Indefinido,False,,BUK10619,Desvinculado
BUK10341,Nelson Cristobal Hidalgo Palma,nelson.palma@buk.example,M,2001-01-18,Venezolana,CL,CL,Híbrido,Administración,Control de Gestión,Finanzas,IC2,False,2024-09-10,Indefinido,False,Prefiero no responder,BUK10462,Activo
BUK10342,Julián Martín León Marín,julián.marín@buk.example,M,1992-02-04,Colombiana,PE,PE,Híbrido,Operaciones,Project Manager de Implementación Aprendiz,Implementación,IC1,False,2025-05-03,Indefinido,False,,BUK11964,Desvinculado
BUK10343,Rodrigo Catalán Toro,rodrigo.toro@buk.example,M,1996-12-19,Chilena,CL,CL,Híbrido,Comercial,Customer Success Manager,Customer Success,IC2,False,2020-04-23,Indefinido,False,Prefiero no responder,BUK12094,Activo
BUK10344,Emilia Barra,emilia.barra@buk.example,F,2003-06-03,Costarricense,BR,BR,Híbrido,Operaciones,Consultor de Implementación,Implementación,IC2,False,2025-01-01,Indefinido,False,,BUK10789,Desvinculado
BUK10345,Alexander Daniel Vega Ochoa,alexander.ochoa@buk.example,M,1996-05-14,Colombiana,PE,PE,Híbrido,Tecnología,Product Manager Semi Senior,Producto,IC3,False,2026-05-03,Indefinido,False,,BUK12458,Activo
BUK10346,Orlando Enrique Valenzuela Peña,orlando.peña@buk.example,M,2002-08-07,Chilena,CL,CL,Híbrido,Tecnología,People Analytics,Datos,IC2,False,2023-12-20,Indefinido,False,,BUK12005,Activo
BUK10347,Lorena María Valencia Azócar,lorena.azócar@buk.example,F,1986-08-17,Chilena,PE,PE,Híbrido,Operaciones,Especialista Payroll Ops Aprendiz,Operaciones,IC1,False,2025-09-26,Indefinido,False,,BUK11901,Activo
BUK10348,Alejandro Arcos Urbina,alejandro.urbina@buk.example,M,2002-05-12,Chilena,CO,CO,Híbrido,Administración,Líder de Finanzas,Finanzas,M1,True,2026-06-02,Indefinido,False,,BUK11504,Activo
BUK10349,Nelson Carlos González Rivera,nelson.rivera@buk.example,M,2005-08-31,Colombiana,CL,CL,Remoto,Administración,Control de Gestión Semi Senior,Finanzas,IC3,False,2026-03-19,Indefinido,False,,BUK11747,Activo
BUK10350,Raquel Reina Ortega Herrera,raquel.herrera@buk.example,F,1988-06-23,Mexicana,CL,CL,Remoto,Operaciones,Analista de Operaciones Semi Senior,Operaciones,IC3,False,2022-09-08,Indefinido,False,,BUK12049,Activo
BUK10351,Dra. Mirella Ramos,dra..ramos@buk.example,F,1997-03-17,Portuguesa,CL,PT,Híbrido,Operaciones,Líder de Soporte,Soporte,M1,True,2025-09-07,Indefinido,False,Prefiero no responder,BUK12136,Desvinculado
BUK10352,Antonella Marcela Rojas Cruz,antonella.cruz@buk.example,F,1993-05-11,Ecuatoriana,MX,MX,Híbrido,Tecnología,SRE Semi Senior,Ingeniería,IC3,False,2022-01-01,Indefinido,False,Sí,BUK11474,Activo
BUK10353,José Urzúa,josé.urzúa@buk.example,M,1996-04-12,Argentina,PE,PE,Remoto,Administración,Analista de Cobranza Semi Senior,Finanzas,IC3,False,2021-04-30,Indefinido,False,,BUK10900,Activo
BUK10354,Epifanio Revilla Palma,epifanio.palma@buk.example,M,1996-05-24,Española,CL,CL,Híbrido,Operaciones,Project Manager de Implementación Aprendiz,Implementación,IC1,False,2025-08-30,Indefinido,False,,BUK10478,Activo
BUK10355,Pietro Pereira,pietro.pereira@buk.example,M,2001-11-18,Brasileña,CO,CO,Remoto,Tecnología,UX Researcher Semi Senior,Producto,IC3,False,2023-06-27,Indefinido,False,,BUK11656,Activo
BUK10356,Constanza Ana Quispe Alvarado,constanza.alvarado@buk.example,F,1995-03-20,Chilena,PE,PE,Remoto,Operaciones,Especialista Payroll Ops Semi Senior,Operaciones,IC3,False,2023-01-05,Indefinido,False,,BUK10800,Activo
BUK10357,Alexandra Carmen Riquelme Muñoz,alexandra.muñoz@buk.example,F,2005-08-31,Guatemalteca,PE,PE,Presencial,Operaciones,Subgerente de Soporte,Soporte,M2,True,2023-09-17,Indefinido,False,Sí,BUK11146,Activo
BUK10358,Dr. Víctor Nieto,dr..nieto@buk.example,M,1999-02-06,Mexicana,CL,CL,Híbrido,Tecnología,SRE Aprendiz,Ingeniería,IC1,False,2020-03-19,Indefinido,False,Sí,BUK12590,Activo
BUK10359,Homero Luevano Flórez,homero.flórez@buk.example,M,1994-04-27,Mexicana,CL,CL,Presencial,Operaciones,Subgerente de Soporte,Soporte,M2,True,2024-12-08,Indefinido,False,,BUK11277,Activo
BUK10360,Edelmiro Alcázar Montserrat,edelmiro.montserrat@buk.example,M,1990-01-26,Italiana,CL,CL,Presencial,Administración,Analista de Cobranza Aprendiz,Finanzas,IC1,False,2026-05-18,Plazo fijo,False,,BUK12465,Desvinculado
BUK10361,Blanca Carmen Ruiz González,blanca.gonzález@buk.example,F,1996-01-22,Venezolana,MX,MX,Presencial,Comercial,Gerente de Ventas,Ventas,M3,True,2022-01-01,Indefinido,False,Sí,,Activo
BUK10362,Marta Adela Flores Ramos,marta.ramos@buk.example,F,1991-10-28,Peruana,CL,CL,Híbrido,Comercial,Customer Success Manager,Customer Success,IC2,False,2025-09-02,Indefinido,False,Prefiero no responder,BUK10812,Activo
BUK10363,Estela Zaragoza,estela.zaragoza@buk.example,F,1994-11-13,Mexicana,CL,CL,Remoto,Comercial,Account Executive Senior,Ventas,IC4,False,2025-11-13,Indefinido,False,,BUK12537,Desvinculado
BUK10364,Cauê Monteiro,cauê.monteiro@buk.example,M,1994-10-19,Brasileña,MX,MX,Híbrido,Tecnología,QA Engineer Aprendiz,Ingeniería,IC1,False,2025-04-29,Indefinido,False,Sí,BUK10804,Activo
BUK10365,Andrew Skinner,andrew.skinner@buk.example,M,1998-06-30,Británica,CL,PE,Remoto,Administración,Talent Acquisition Semi Senior,Personas,IC3,False,2020-04-14,Plazo fijo,False,,BUK10746,Activo
BUK10366,Carola Estrada Pincheira,carola.pincheira@buk.example,F,1992-11-29,Argentina,PE,PE,Híbrido,Tecnología,SRE Aprendiz,Ingeniería,IC1,False,2026-06-29,Indefinido,False,Prefiero no responder,BUK12472,Activo
BUK10367,César Flavio Madrid Valdés,césar.valdés@buk.example,M,1995-03-20,Mexicana,CL,CL,Híbrido,Comercial,Especialista de Renovaciones Aprendiz,Customer Success,IC1,False,2021-03-24,Indefinido,False,,BUK11267,Activo
BUK10368,Gustavo da Rocha,gustavo.rocha@buk.example,M,1996-11-06,Brasileña,PE,PE,Híbrido,Comercial,Ejecutivo Comercial Semi Senior,Ventas,IC3,False,2022-09-24,Plazo fijo,False,Sí,BUK10376,Activo
BUK10369,Aarón Pérez,aarón.pérez@buk.example,M,1998-12-17,Chilena,CL,CL,Híbrido,Comercial,SDR Semi Senior,Ventas,IC3,False,2023-08-11,Indefinido,False,,BUK10689,Activo
BUK10370,Alejandra Godoy Castro,alejandra.castro@buk.example,F,1997-09-23,Chilena,PE,PE,Remoto,Operaciones,Especialista Payroll Ops Aprendiz,Operaciones,IC1,False,2025-05-04,Indefinido,False,,BUK11023,Activo
BUK10371,José Sebastián Zamorano Collao,josé.collao@buk.example,M,1985-10-24,Venezolana,CL,CL,Remoto,Comercial,Especialista de Renovaciones Especialista,Customer Success,IC5,False,2023-10-24,Indefinido,False,,BUK10995,Activo
BUK10372,Óscar Eloy Godínez Rendón,óscar.rendón@buk.example,M,1984-08-06,Mexicana,BR,BR,Híbrido,Tecnología,SRE,Ingeniería,IC2,False,2025-01-01,Indefinido,False,,BUK12311,Desvinculado
BUK10373,Purificación de Acuña,purificación.acuña@buk.example,F,1995-11-07,Española,CL,CL,Híbrido,Comercial,Account Executive,Ventas,IC2,False,2026-04-22,Indefinido,False,,BUK10950,Desvinculado
BUK10374,Amanda Alicia Venegas Silva,amanda.silva@buk.example,F,2002-06-07,Chilena,CL,CL,Remoto,Tecnología,QA Engineer Semi Senior,Ingeniería,IC3,False,2025-07-12,Indefinido,False,,BUK10833,Activo
BUK10375,Emily Salamanca,emily.salamanca@buk.example,F,2005-08-07,Chilena,MX,MX,Remoto,Operaciones,Especialista de Soporte Senior,Soporte,IC4,False,2022-10-29,Indefinido,False,,BUK11964,Activo
BUK10376,Valentina Jacqueline Alvarado Valdés,valentina.valdés@buk.example,F,1984-04-21,Chilena,PE,PE,Híbrido,Comercial,Líder de Ventas,Ventas,M1,True,2026-07-05,Indefinido,False,,BUK11185,Desvinculado
BUK10377,Srita. Jaqueline Negrón,srita..negrón@buk.example,F,1997-06-18,Mexicana,CL,CL,Remoto,Operaciones,Agente de Soporte,Soporte,IC2,False,2022-04-25,Indefinido,False,,BUK11543,Activo
BUK10378,Kathleen Martin,kathleen.martin@buk.example,F,1993-06-30,Británica,CL,CL,Híbrido,Operaciones,Especialista Payroll Ops Semi Senior,Operaciones,IC3,False,2024-09-20,Indefinido,False,,BUK10150,Activo
BUK10379,Manuel Castro,manuel.castro@buk.example,M,1995-08-17,Chilena,CL,CL,Remoto,Administración,Analista Contable,Finanzas,IC2,False,2025-10-03,Indefinido,False,,BUK12266,Activo
BUK10380,Jorge Julio Tapia Reyes,jorge.reyes@buk.example,M,1999-05-27,Chilena,BR,BR,Presencial,Operaciones,Especialista Payroll Ops Especialista,Operaciones,IC5,False,2025-05-22,Indefinido,False,,BUK10322,Activo
BUK10381,Mia Francisca Espinoza Inostroza,mia.inostroza@buk.example,F,1995-02-02,Chilena,MX,ES,Presencial,Comercial,Customer Success Manager Especialista,Customer Success,IC5,False,2025-12-26,Indefinido,False,,BUK12104,Desvinculado
BUK10382,Felipe Duque,felipe.duque@buk.example,M,1986-09-30,Colombiana,CL,CL,Híbrido,Administración,Subgerente de Personas,Personas,M2,True,2023-07-27,Indefinido,False,,BUK12452,Desvinculado
BUK10383,Dania Constanza Fuenzalida Sánchez,dania.sánchez@buk.example,F,1995-02-11,Boliviana,BR,BR,Remoto,Tecnología,Software Engineer,Ingeniería,IC2,False,2026-03-13,Plazo fijo,False,Sí,BUK11656,Activo
BUK10384,Joaquín César Vera Pozo,joaquín.pozo@buk.example,M,1992-06-15,Peruana,CL,CL,Híbrido,Tecnología,Product Manager Aprendiz,Producto,IC1,False,2022-11-29,Indefinido,False,Prefiero no responder,BUK10289,Desvinculado
BUK10385,Lic. Alfonso Cervántez,lic..cervántez@buk.example,M,2005-08-31,Mexicana,CO,CO,Remoto,Comercial,Ejecutivo Comercial Semi Senior,Ventas,IC3,False,2024-05-17,Indefinido,False,,BUK11307,Desvinculado
BUK10386,Eduardo Garrido,eduardo.garrido@buk.example,No binario / No informa,1989-03-09,Argentina,CL,CL,Remoto,Comercial,Ejecutivo Comercial,Ventas,IC2,False,2023-01-07,Indefinido,False,,BUK10945,Activo
BUK10387,Jessica Pizarro,jessica.pizarro@buk.example,F,1995-10-28,Chilena,CL,CL,Presencial,Comercial,Customer Success Manager Semi Senior,Customer Success,IC3,False,2024-09-11,Indefinido,False,,BUK10083,Desvinculado
BUK10388,Gustavo Guillermo Acosta,gustavo.acosta@buk.example,M,1998-05-21,Colombiana,CL,CL,Híbrido,Comercial,Content Manager Senior,Marketing,IC4,False,2023-02-18,Indefinido,False,,BUK10970,Activo
BUK10389,Enrique Benjamín Vargas Córdova,enrique.córdova@buk.example,M,2000-09-08,Dominicana,MX,MX,Remoto,Operaciones,Especialista de Soporte Aprendiz,Soporte,IC1,False,2026-06-10,Plazo fijo,False,Prefiero no responder,BUK11607,Activo
BUK10390,Gabino Mauricio Garrido Espinal,gabino.espinal@buk.example,M,1991-06-23,Mexicana,BR,BR,Remoto,Comercial,Account Manager,Customer Success,IC2,False,2025-01-01,Indefinido,False,,BUK11730,Activo
BUK10391,Javiera Morales Zúñiga,javiera.zúñiga@buk.example,F,1990-12-20,Uruguaya,CL,CL,Híbrido,Operaciones,Analista de Operaciones Aprendiz,Operaciones,IC1,False,2022-06-10,Indefinido,False,,BUK11901,Activo
BUK10392,Valentina Pizarro Alarcón,valentina.alarcón@buk.example,F,1992-02-13,Peruana,CL,CL,Remoto,Operaciones,Especialista Payroll Ops Aprendiz,Operaciones,IC1,False,2023-05-23,Indefinido,False,,BUK10714,Activo
BUK10393,Claudio Julio Venegas Sandoval,claudio.sandoval@buk.example,M,1988-07-26,Chilena,CL,CL,Híbrido,Tecnología,Data Engineer,Ingeniería,IC2,False,2025-12-29,Indefinido,False,,BUK10289,Activo
BUK10394,Anacleto Rubio-Bautista,anacleto.rubio-bautista@buk.example,M,1991-07-28,Francesa,PE,PE,Remoto,Administración,Subgerente de Finanzas,Finanzas,M2,True,2026-03-07,Indefinido,False,,BUK10992,Desvinculado
BUK10395,Javiera Elena Pérez Silva,javiera.silva@buk.example,F,1993-06-24,Chilena,CL,CL,Remoto,Operaciones,Especialista de Soporte,Soporte,IC2,False,2023-10-12,Indefinido,False,,BUK12151,Activo
BUK10396,Paulina Estela Méndez,paulina.méndez@buk.example,F,1997-05-09,Mexicana,CO,CO,Híbrido,Comercial,Account Executive Aprendiz,Ventas,IC1,False,2023-01-14,Indefinido,False,,BUK11244,Activo
BUK10397,Mercedes Barría Arredondo,mercedes.arredondo@buk.example,F,2000-01-25,Chilena,PE,PE,Híbrido,Comercial,Subgerente de Ventas,Ventas,M2,True,2024-10-13,Indefinido,False,,BUK12586,Desvinculado
BUK10398,Elisabeth Sara Santos Pizarro,elisabeth.pizarro@buk.example,F,1996-10-07,Peruana,PE,AR,Remoto,Comercial,Subgerente de Ventas,Ventas,M2,True,2020-01-01,Indefinido,False,Prefiero no responder,BUK10604,Activo
BUK10399,Aldo Brayan Cortés Palma,aldo.palma@buk.example,M,1997-08-05,Chilena,MX,MX,Híbrido,Operaciones,Project Manager de Implementación Aprendiz,Implementación,IC1,False,2026-04-01,Indefinido,False,Prefiero no responder,BUK10710,Activo
BUK10400,Gustavo Rodrigo Andrade Aliaga,gustavo.aliaga@buk.example,M,1998-05-15,Peruana,CL,CL,Remoto,Comercial,Ejecutivo Comercial Semi Senior,Ventas,IC3,False,2022-07-30,Indefinido,False,,BUK10680,Desvinculado
BUK10401,Humberto Miranda,humberto.miranda@buk.example,M,1998-06-06,Chilena,CL,CL,Híbrido,Tecnología,Security Engineer Senior,Ingeniería,IC4,False,2024-12-13,Indefinido,False,,BUK11152,Activo
BUK10402,Renata Espinoza Leiva,renata.leiva@buk.example,F,1996-03-30,Argentina,PE,PE,Híbrido,Operaciones,Agente de Soporte Aprendiz,Soporte,IC1,False,2026-03-24,Plazo fijo,False,,BUK11563,Activo
BUK10403,Sebastián Santiago Salazar Cárcamo,sebastián.cárcamo@buk.example,M,1991-12-05,Chilena,CL,CL,Híbrido,Comercial,Líder de Customer Success,Customer Success,M1,True,2025-02-08,Indefinido,False,Prefiero no responder,BUK12566,Activo
BUK10404,Agustina María Aguilera-Véliz Cáceres,agustina.cáceres@buk.example,F,2005-08-31,Chilena,CL,CL,Remoto,Tecnología,Security Engineer Semi Senior,Ingeniería,IC3,False,2025-12-04,Indefinido,False,,BUK10963,Activo
BUK10405,Conchita Fabiola Cardenas Tamayo,conchita.tamayo@buk.example,F,1990-07-12,Mexicana,BR,BR,Híbrido,Comercial,Líder de Ventas,Ventas,M1,True,2025-10-15,Plazo fijo,False,,BUK11314,Activo
BUK10406,Valentina Jacqueline Pozo Vera,valentina.vera@buk.example,F,1997-07-16,Chilena,CO,CO,Híbrido,Administración,Analista Contable,Finanzas,IC2,False,2024-02-08,Indefinido,False,,BUK10746,Activo
BUK10407,Eva Diéguez Grau,eva.grau@buk.example,F,1995-08-09,Española,CO,CO,Híbrido,Comercial,SDR,Ventas,IC2,False,2021-06-07,Indefinido,False,,BUK10798,Desvinculado
BUK10408,Arturo Mendoza,arturo.mendoza@buk.example,M,2004-05-30,Colombiana,CO,CO,Remoto,Comercial,Líder de Marketing,Marketing,M1,True,2025-07-18,Plazo fijo,False,,BUK10839,Activo
BUK10409,Cecilia Kiara Uribe Silva,cecilia.silva@buk.example,F,1997-08-23,Peruana,CL,CL,Remoto,Comercial,Account Manager Especialista,Customer Success,IC5,False,2026-03-09,Indefinido,False,,BUK10689,Activo
BUK10410,Bárbara Díaz González,bárbara.gonzález@buk.example,F,1992-11-12,Chilena,MX,MX,Híbrido,Operaciones,Project Manager de Implementación Semi Senior,Implementación,IC3,False,2023-08-07,Indefinido,False,,BUK10789,Activo
BUK10411,Isidora Vidal Tapia,isidora.tapia@buk.example,F,1999-08-27,Argentina,CO,CL,Híbrido,Comercial,Account Manager Especialista,Customer Success,IC5,False,2024-01-20,Indefinido,False,,BUK10950,Activo
BUK10412,Emanuel Araya,emanuel.araya@buk.example,M,2005-08-31,Chilena,CL,CL,Híbrido,Comercial,Account Executive,Ventas,IC2,False,2020-02-06,Indefinido,False,,BUK10248,Activo
BUK10413,Eric Watson,eric.watson@buk.example,M,1998-07-19,Neozelandesa,CL,CL,Remoto,Tecnología,Security Engineer,Ingeniería,IC2,False,2021-10-08,Indefinido,False,,BUK12529,Activo
BUK10414,Juan Alfonso Valderrama Paredes,juan.paredes@buk.example,M,1993-01-07,Costarricense,MX,MX,Híbrido,Administración,Especialista de Formación,Personas,IC2,False,2023-09-10,Indefinido,False,,BUK11747,Desvinculado
BUK10415,Ing. Citlali Preciado,ing..preciado@buk.example,F,1998-08-05,Mexicana,CL,CL,Remoto,Administración,Control de Gestión,Finanzas,IC2,False,2026-03-13,Indefinido,False,Prefiero no responder,BUK10900,Activo
BUK10416,Dary María Hernández Díaz,dary.díaz@buk.example,F,2000-06-24,Colombiana,MX,MX,Presencial,Comercial,Customer Success Manager Semi Senior,Customer Success,IC3,False,2025-08-12,Indefinido,False,,BUK10694,Activo
BUK10417,Claudia Domínguez Herrera,claudia.herrera@buk.example,F,1996-07-15,Colombiana,CL,CL,Híbrido,Comercial,Especialista de Renovaciones,Customer Success,IC2,False,2026-05-21,Indefinido,False,,BUK11177,Activo
BUK10418,Wilfrido Fernández Fernández,wilfrido.fernández@buk.example,M,1992-02-03,Mexicana,CO,CO,Híbrido,Operaciones,Consultor de Implementación Semi Senior,Implementación,IC3,False,2022-04-26,Indefinido,False,,BUK11780,Activo
BUK10419,Javiera Andrea Aguirre Orellana,javiera.orellana@buk.example,F,1985-07-15,Argentina,CL,CL,Presencial,Tecnología,Data Engineer Senior,Ingeniería,IC4,False,2026-01-27,Indefinido,False,Prefiero no responder,BUK10883,Desvinculado
BUK10420,Gabriela Victoria Pardo Leiva,gabriela.leiva@buk.example,F,1987-10-31,Chilena,PE,PE,Remoto,Administración,Analista de Cobranza,Finanzas,IC2,False,2026-02-25,Indefinido,False,Prefiero no responder,BUK12266,Activo
BUK10421,Felipe Olivares,felipe.olivares@buk.example,M,1997-07-06,Venezolana,PE,ES,Híbrido,Operaciones,Project Manager de Implementación Semi Senior,Implementación,IC3,False,2025-07-25,Indefinido,False,,BUK12151,Desvinculado
BUK10422,Maira Thiare López Flores,maira.flores@buk.example,F,1993-09-16,Chilena,PE,PE,Remoto,Tecnología,Security Engineer Senior,Ingeniería,IC4,False,2026-06-13,Indefinido,False,,BUK12615,Activo
BUK10423,Ing. Silvia Esquivel,ing..esquivel@buk.example,F,1998-02-27,Mexicana,MX,MX,Remoto,Operaciones,Project Manager de Implementación Especialista,Implementación,IC5,False,2026-04-15,Indefinido,False,,BUK10478,Activo
BUK10424,Rubiela Hernández Cuesta,rubiela.cuesta@buk.example,F,1997-01-24,Colombiana,CL,CL,Híbrido,Tecnología,Software Engineer Semi Senior,Ingeniería,IC3,False,2024-02-11,Indefinido,False,Prefiero no responder,BUK12311,Activo
BUK10425,Elizabeth Ortiz Díaz,elizabeth.díaz@buk.example,F,2005-08-31,Chilena,CL,CL,Híbrido,Comercial,Account Manager,Customer Success,IC2,False,2023-12-08,Indefinido,False,Prefiero no responder,BUK10975,Activo
BUK10426,Luis Morales,luis.morales@buk.example,M,2002-08-12,Peruana,CO,CO,Híbrido,Tecnología,Product Manager,Producto,IC2,False,2020-07-07,Indefinido,False,Prefiero no responder,BUK11580,Activo
BUK10427,Lucas Lopes,lucas.lopes@buk.example,M,2005-08-31,Portuguesa,MX,MX,Remoto,Tecnología,Security Engineer Semi Senior,Ingeniería,IC3,False,2022-12-28,Indefinido,False,,BUK10547,Desvinculado
BUK10428,Oscar Julián Manríquez Rojas,oscar.rojas@buk.example,M,1996-01-15,Chilena,CO,CO,Presencial,Operaciones,Especialista Payroll Ops Aprendiz,Operaciones,IC1,False,2026-01-10,Indefinido,True,Sí,BUK10019,Activo
BUK10429,María Bárbara Durán Castro,maría.castro@buk.example,F,1996-03-05,Chilena,CL,CL,Presencial,Comercial,Ejecutivo Comercial,Ventas,IC2,False,2024-12-14,Plazo fijo,False,,BUK11796,Activo
BUK10430,Pedro Bastián Vergara Bravo,pedro.bravo@buk.example,M,2002-11-29,Chilena,CL,CL,Presencial,Administración,Analista de Cobranza,Finanzas,IC2,False,2024-10-26,Indefinido,False,,BUK10746,Desvinculado
BUK10431,Rayén Patricia Romero Saavedra,rayén.saavedra@buk.example,F,1997-04-18,Ecuatoriana,CL,CL,Híbrido,Tecnología,Data Analyst,Datos,IC2,False,2022-01-06,Indefinido,False,Prefiero no responder,BUK10250,Activo
BUK10432,Daniela González González,daniela.gonzález@buk.example,F,1997-07-05,Uruguaya,CL,CL,Remoto,Comercial,Account Executive Semi Senior,Ventas,IC3,False,2024-05-20,Indefinido,False,,BUK10792,Desvinculado
BUK10433,Gerardo Robles Ruiz,gerardo.ruiz@buk.example,M,2001-11-16,Ecuatoriana,PE,PE,Híbrido,Comercial,Ejecutivo Comercial Aprendiz,Ventas,IC1,False,2024-05-24,Indefinido,False,,BUK10667,Desvinculado
BUK10434,Amy Jones,amy.jones@buk.example,F,1993-12-23,Británica,MX,MX,Remoto,Administración,Talent Acquisition,Personas,IC2,False,2025-05-30,Indefinido,False,,BUK12266,Activo
BUK10435,Felipe Pizarro,felipe.pizarro@buk.example,M,2003-12-22,Ecuatoriana,CL,CL,Híbrido,Operaciones,Consultor de Implementación,Implementación,IC2,False,2025-12-11,Indefinido,False,,BUK11001,Activo
BUK10436,Amaro Figueroa Vilches,amaro.vilches@buk.example,M,1997-10-03,Peruana,BR,BR,Remoto,Comercial,Content Manager Semi Senior,Marketing,IC3,False,2025-01-23,Indefinido,False,Prefiero no responder,BUK10995,Activo
BUK10437,Adriana Cornejo Rascón,adriana.rascón@buk.example,F,2005-08-31,Mexicana,PE,PE,Remoto,Operaciones,Gerente de Soporte,Soporte,M3,True,2025-07-07,Indefinido,False,Prefiero no responder,,Desvinculado
BUK10438,Juana Mella Cárdenas,juana.cárdenas@buk.example,F,1991-03-04,Chilena,PE,MX,Remoto,Tecnología,SRE Semi Senior,Ingeniería,IC3,False,2023-10-24,Indefinido,False,,BUK11345,Activo
BUK10439,Miriam Corominas Sarmiento,miriam.sarmiento@buk.example,F,1992-04-11,Francesa,CL,AR,Remoto,Tecnología,QA Engineer Especialista,Ingeniería,IC5,False,2022-12-29,Indefinido,False,,BUK11154,Activo
BUK10440,Juana Camila Garrido Zapata,juana.zapata@buk.example,F,1996-08-06,Chilena,CL,CL,Remoto,Comercial,Account Manager,Customer Success,IC2,False,2020-10-27,Plazo fijo,False,Prefiero no responder,BUK10144,Activo
BUK10441,Tatiana Castro,tatiana.castro@buk.example,F,1985-12-10,Colombiana,CL,CL,Remoto,Tecnología,Software Engineer Semi Senior,Ingeniería,IC3,False,2022-06-15,Indefinido,False,,BUK12165,Desvinculado
BUK10442,Cecilia Lira,cecilia.lira@buk.example,F,2000-08-02,Mexicana,CL,CL,Remoto,Administración,Líder de Finanzas,Finanzas,M1,True,2026-03-02,Indefinido,False,,BUK10476,Activo
BUK10443,María Elena Briones Arce,maría.arce@buk.example,F,1994-07-07,Mexicana,MX,MX,Híbrido,Tecnología,SRE Aprendiz,Ingeniería,IC1,False,2022-09-02,Indefinido,False,,BUK10852,Activo
BUK10444,Vinicius Silveira,vinicius.silveira@buk.example,M,1996-07-14,Portuguesa,MX,MX,Remoto,Administración,People Happiness Manager Aprendiz,Personas,IC1,False,2025-11-29,Indefinido,False,,BUK11884,Activo
BUK10445,Jaime Jordán Vásquez Faúndez,jaime.faúndez@buk.example,No binario / No informa,1992-04-26,Chilena,PE,PE,Híbrido,Comercial,Ejecutivo Comercial,Ventas,IC2,False,2025-04-10,Indefinido,False,,BUK11488,Activo
BUK10446,José Boris Bobadilla Catalán,josé.catalán@buk.example,M,2000-08-12,Chilena,MX,CO,Presencial,Operaciones,Analista de Operaciones Senior,Operaciones,IC4,False,2025-09-23,Indefinido,False,,BUK11473,Activo
BUK10447,Pamela Encina,pamela.encina@buk.example,F,1995-05-03,Chilena,BR,BR,Híbrido,Operaciones,Agente de Soporte Especialista,Soporte,IC5,False,2025-09-25,Indefinido,False,,BUK10800,Activo
BUK10448,Constanza García Bahamondes,constanza.bahamondes@buk.example,F,1988-11-22,Chilena,CL,CL,Remoto,Administración,Especialista de Formación Semi Senior,Personas,IC3,False,2025-06-10,Indefinido,False,,BUK12394,Activo
BUK10449,Silvia Fuentes-Arévalo,silvia.fuentes-arévalo@buk.example,F,1996-02-21,Dominicana,CL,CL,Híbrido,Operaciones,Especialista Payroll Ops Especialista,Operaciones,IC5,False,2026-04-21,Indefinido,False,,BUK12151,Desvinculado
BUK10450,Margarita Barbara Urbina,margarita.urbina@buk.example,F,2005-08-31,Mexicana,CL,CL,Presencial,Tecnología,QA Engineer Semi Senior,Ingeniería,IC3,False,2022-02-28,Indefinido,False,,BUK10250,Desvinculado
BUK10451,Srita. Alicia Nevárez,srita..nevárez@buk.example,F,1991-12-09,Mexicana,CL,CL,Híbrido,Tecnología,UX Researcher Semi Senior,Producto,IC3,False,2026-04-21,Indefinido,False,,BUK10906,Activo
BUK10452,Mauricio Gallardo,mauricio.gallardo@buk.example,M,2000-01-04,Peruana,CL,CL,Remoto,Administración,Analista de Cobranza,Finanzas,IC2,False,2025-11-11,Indefinido,False,Sí,BUK12266,Activo
BUK10453,Raimundo Andrés Pinilla,raimundo.pinilla@buk.example,M,1998-05-25,Alemana,CL,CL,Remoto,Operaciones,Líder de Implementación,Implementación,M1,True,2025-12-10,Indefinido,False,,BUK10684,Activo
BUK10454,Marco Gutiérrez Casanova,marco.casanova@buk.example,M,1984-07-01,Peruana,CL,CL,Híbrido,Operaciones,Especialista Payroll Ops Aprendiz,Operaciones,IC1,False,2023-11-29,Indefinido,False,Prefiero no responder,BUK11607,Desvinculado
BUK10455,Maite Castro,maite.castro@buk.example,F,1999-05-16,Argentina,CL,CL,Híbrido,Tecnología,Líder de Datos,Datos,M1,True,2025-11-01,Indefinido,False,,BUK11254,Activo
BUK10456,Gonzalo Zacarías Ureña,gonzalo.ureña@buk.example,M,1985-11-17,Mexicana,BR,BR,Presencial,Comercial,Account Manager,Customer Success,IC2,False,2025-01-01,Indefinido,False,,BUK12245,Activo
BUK10457,Víctor Jesús Vergara Bravo,víctor.bravo@buk.example,M,1996-11-05,Venezolana,BR,CO,Remoto,Tecnología,Data Engineer Aprendiz,Ingeniería,IC1,False,2025-11-14,Plazo fijo,False,Prefiero no responder,BUK12472,Activo
BUK10458,Roberto Tovar,roberto.tovar@buk.example,M,1995-01-02,Colombiana,CL,CL,Híbrido,Comercial,Account Manager Senior,Customer Success,IC4,False,2026-06-15,Indefinido,False,,BUK11097,Activo
BUK10459,Juan Carlos Velásquez Leiva,juan.leiva@buk.example,M,1989-05-05,Paraguaya,CO,CO,Remoto,Tecnología,QA Engineer,Ingeniería,IC2,False,2026-06-08,Indefinido,False,,BUK10991,Desvinculado
BUK10460,Juliana Hortensia Pérez Duarte,juliana.duarte@buk.example,F,1993-08-17,Chilena,MX,MX,Remoto,Tecnología,QA Engineer,Ingeniería,IC2,False,2025-10-26,Indefinido,False,Prefiero no responder,BUK11183,Desvinculado
BUK10461,María Rodríguez,maría.rodríguez@buk.example,F,1998-10-04,Argentina,MX,MX,Remoto,Operaciones,Project Manager de Implementación,Implementación,IC2,False,2025-10-12,Indefinido,False,,BUK11543,Activo
BUK10462,Hipólito Patricio Fuentes Escobar,hipólito.escobar@buk.example,M,1999-07-29,Chilena,MX,MX,Presencial,Administración,Líder de Personas,Personas,M1,True,2025-12-10,Indefinido,False,,BUK10476,Desvinculado
BUK10463,Sara Collins,sara.collins@buk.example,F,1997-02-05,Estadounidense,CL,CL,Híbrido,Comercial,Account Executive Semi Senior,Ventas,IC3,False,2025-12-12,Indefinido,False,,BUK10376,Activo
BUK10464,Natalia Norma Garrido Sepúlveda,natalia.sepúlveda@buk.example,F,1999-09-21,Chilena,CL,CL,Remoto,Tecnología,QA Engineer Senior,Ingeniería,IC4,False,2025-04-07,Indefinido,False,,BUK12472,Activo
BUK10465,Javiera Amparo Morales Díaz,javiera.díaz@buk.example,F,2000-11-05,Chilena,CL,CL,Híbrido,Administración,Especialista de Formación Aprendiz,Personas,IC1,False,2023-03-28,Indefinido,False,,BUK12394,Activo
BUK10466,Orlando Carreño,orlando.carreño@buk.example,M,2001-01-11,Chilena,CL,CL,Remoto,Comercial,Ejecutivo Comercial Senior,Ventas,IC4,False,2024-05-21,Indefinido,False,,BUK10083,Desvinculado
BUK10467,Eugenio Salcedo,eugenio.salcedo@buk.example,M,1994-09-09,Mexicana,CL,CL,Remoto,Administración,Analista Contable,Finanzas,IC2,False,2024-08-10,Plazo fijo,False,,BUK10780,Desvinculado
BUK10468,Ricardo Camilo Abarca Rojas,ricardo.rojas@buk.example,M,1987-11-19,Ecuatoriana,CO,CO,Remoto,Tecnología,UX Researcher,Producto,IC2,False,2025-05-22,Indefinido,False,,BUK10804,Activo
BUK10469,Florina Galan Madrigal,florina.madrigal@buk.example,F,1996-10-13,Española,BR,BR,Híbrido,Tecnología,Data Analyst Semi Senior,Datos,IC3,False,2025-08-31,Indefinido,False,Prefiero no responder,BUK10804,Desvinculado
BUK10470,Camila Retamal Zapata,camila.zapata@buk.example,F,1984-04-15,Chilena,CO,BR,Híbrido,Operaciones,Especialista de Soporte Payroll Semi Senior,Soporte,IC3,False,2025-11-15,Indefinido,False,,BUK10274,Activo
BUK10471,Joaquín Fernández López,joaquín.lópez@buk.example,M,2003-01-31,Chilena,BR,BR,Remoto,Comercial,Subgerente de Marketing,Marketing,M2,True,2025-01-01,Indefinido,False,,BUK10292,Activo
BUK10472,María Miriam Saavedra Espinoza,maría.espinoza@buk.example,F,1994-12-06,Chilena,CL,CL,Presencial,Comercial,Customer Success Manager,Customer Success,IC2,False,2023-12-11,Plazo fijo,False,,BUK10574,Activo
BUK10473,Fernanda Elsa Beltrán Cardona,fernanda.cardona@buk.example,F,2003-04-11,Colombiana,CL,AR,Híbrido,Operaciones,Project Manager de Implementación Aprendiz,Implementación,IC1,False,2026-06-01,Indefinido,False,Prefiero no responder,BUK10714,Desvinculado
BUK10474,Tomás Conesa Vila,tomás.vila@buk.example,M,1982-08-06,Italiana,MX,MX,Presencial,Tecnología,QA Engineer Semi Senior,Ingeniería,IC3,False,2025-08-06,Indefinido,False,,BUK10118,Activo
BUK10475,Dr. Israel Juárez,dr..juárez@buk.example,M,1996-02-20,Mexicana,CL,CL,Remoto,Comercial,Account Executive Aprendiz,Ventas,IC1,False,2025-11-01,Indefinido,False,Prefiero no responder,BUK12245,Desvinculado
BUK10476,Ricardo Rojas,ricardo.rojas@buk.example,M,2002-03-12,Chilena,CL,CO,Remoto,Administración,Subgerente de Finanzas,Finanzas,M2,True,2025-11-29,Indefinido,False,Prefiero no responder,BUK11276,Activo
BUK10477,Francisca Dalia Rosales,francisca.rosales@buk.example,F,1993-11-28,Mexicana,CL,CL,Remoto,Comercial,Líder de Ventas,Ventas,M1,True,2026-07-15,Indefinido,False,Prefiero no responder,BUK12279,Desvinculado
BUK10478,Alex Carlos Cuevas Núñez,alex.núñez@buk.example,M,2003-02-25,Peruana,PE,PE,Remoto,Operaciones,Líder de Implementación,Implementación,M1,True,2026-05-12,Indefinido,False,,BUK11207,Activo
BUK10479,Vanessa Morales,vanessa.morales@buk.example,F,1998-08-30,Chilena,CO,CO,Híbrido,Tecnología,UX Researcher Senior,Producto,IC4,False,2025-08-21,Indefinido,False,,BUK11152,Activo
BUK10480,José Órdenes,josé.órdenes@buk.example,M,2000-05-14,Chilena,MX,MX,Remoto,Administración,Abogado Corporativo Senior,Legal,IC4,False,2024-12-21,Indefinido,True,,BUK10780,Desvinculado
BUK10481,Ana Figueroa Garrido,ana.garrido@buk.example,F,2003-10-07,Chilena,CL,CL,Presencial,Comercial,Account Manager Semi Senior,Customer Success,IC3,False,2026-04-24,Indefinido,False,,BUK12081,Activo
BUK10482,Leonardo Quiroz Segura,leonardo.segura@buk.example,M,1995-10-30,Chilena,CL,CO,Presencial,Administración,People Happiness Manager,Personas,IC2,False,2026-04-05,Indefinido,False,,BUK10462,Desvinculado
BUK10483,Evelyn Margarita Rodríguez Díaz,evelyn.díaz@buk.example,F,2000-04-29,Chilena,CL,PT,Híbrido,Operaciones,Analista de Operaciones Semi Senior,Operaciones,IC3,False,2024-12-23,Indefinido,False,Prefiero no responder,BUK11411,Activo
BUK10484,Andrés Zapata Gutiérrez,andrés.gutiérrez@buk.example,M,1993-05-20,Colombiana,CL,CL,Híbrido,Operaciones,Project Manager de Implementación Aprendiz,Implementación,IC1,False,2021-12-24,Indefinido,False,,BUK10478,Activo
BUK10485,Luis Richard Jara Valdés,luis.valdés@buk.example,M,1993-11-08,Chilena,MX,MX,Híbrido,Operaciones,Analista de Operaciones Semi Senior,Operaciones,IC3,False,2022-01-01,Indefinido,False,,BUK11607,Desvinculado
BUK10486,Leyla Cifuentes Arriagada,leyla.arriagada@buk.example,F,1989-11-26,Chilena,PE,PE,Híbrido,Administración,Analista Contable,Finanzas,IC2,False,2020-08-28,Indefinido,False,Prefiero no responder,BUK12266,Activo
BUK10487,Valentina María Zúñiga González,valentina.gonzález@buk.example,F,2000-09-01,Chilena,MX,MX,Híbrido,Comercial,Account Manager Semi Senior,Customer Success,IC3,False,2025-11-02,Indefinido,False,Prefiero no responder,BUK11731,Desvinculado
BUK10488,Génesis Karla Verdugo Viveros,génesis.viveros@buk.example,F,1996-04-05,Argentina,PE,CL,Híbrido,Operaciones,Especialista Payroll Ops Semi Senior,Operaciones,IC3,False,2025-10-08,Indefinido,False,,BUK11993,Activo
BUK10489,Paz Emma Guerra Olivares,paz.olivares@buk.example,F,1996-01-28,Chilena,CO,CO,Híbrido,Comercial,Especialista de Renovaciones,Customer Success,IC2,False,2025-06-27,Indefinido,False,Sí,BUK11796,Activo
BUK10490,Julia Jessica Peña Ramírez,julia.ramírez@buk.example,F,1981-12-26,Colombiana,CO,CO,Híbrido,Operaciones,Especialista Payroll Ops Senior,Operaciones,IC4,False,2024-02-24,Indefinido,False,,BUK10789,Activo
BUK10491,José Andrés Hoyos,josé.hoyos@buk.example,M,2005-08-31,Colombiana,CL,CL,Híbrido,Tecnología,Subgerente de Producto,Producto,M2,True,2023-06-10,Indefinido,False,,BUK11686,Activo
BUK10492,Sandra Riquelme Zenteno,sandra.zenteno@buk.example,F,1986-01-12,Boliviana,CL,CL,Remoto,Tecnología,UX Researcher Semi Senior,Producto,IC3,False,2026-05-13,Plazo fijo,False,,BUK10289,Activo
BUK10493,Ximena Torres Durán,ximena.durán@buk.example,F,1995-05-19,Argentina,CL,CL,Remoto,Comercial,Account Manager Semi Senior,Customer Success,IC3,False,2025-01-02,Indefinido,False,,BUK10945,Activo
BUK10494,Susan Erickson,susan.erickson@buk.example,F,1995-07-27,Estadounidense,PE,PE,Híbrido,Operaciones,Especialista Payroll Ops Senior,Operaciones,IC4,False,2023-01-30,Indefinido,False,Prefiero no responder,BUK12338,Activo
BUK10495,María Rojas,maría.rojas@buk.example,F,1998-08-09,Colombiana,CL,CL,Presencial,Tecnología,QA Engineer Aprendiz,Ingeniería,IC1,False,2025-03-09,Indefinido,False,Prefiero no responder,BUK11656,Activo
BUK10496,María Ana Avilés Campos,maría.campos@buk.example,F,1997-04-24,Chilena,CL,CL,Híbrido,Administración,Abogado Corporativo,Legal,IC2,False,2022-07-13,Indefinido,False,,BUK10159,Activo
BUK10497,Silvia Herrera García,silvia.garcía@buk.example,F,2000-02-13,Peruana,MX,MX,Remoto,Operaciones,Agente de Soporte Aprendiz,Soporte,IC1,False,2023-03-10,Indefinido,False,,BUK11964,Activo
BUK10498,Francisca Velásquez Vásquez,francisca.vásquez@buk.example,F,1998-05-15,Peruana,CL,CL,Remoto,Comercial,Subgerente de Ventas,Ventas,M2,True,2025-10-08,Plazo fijo,False,,BUK10621,Activo
BUK10499,Alfredo Mellado Rojo,alfredo.rojo@buk.example,M,1994-04-24,Argentina,CL,CL,Híbrido,Tecnología,Data Engineer Aprendiz,Ingeniería,IC1,False,2025-10-10,Indefinido,False,,BUK11396,Activo
BUK10500,Ana Beatriz Cardoso,ana.cardoso@buk.example,F,1991-08-08,Brasileña,CL,CO,Remoto,Tecnología,QA Engineer Aprendiz,Ingeniería,IC1,False,2018-01-21,Indefinido,False,Prefiero no responder,BUK12254,Activo
BUK10501,Norma Morales,norma.morales@buk.example,F,1995-01-29,Chilena,CL,CL,Remoto,Comercial,Especialista de Renovaciones Aprendiz,Customer Success,IC1,False,2025-08-28,Indefinido,False,,BUK10248,Activo
BUK10502,Nubia Xiomara Pérez,nubia.pérez@buk.example,F,1995-09-25,Colombiana,PE,PE,Presencial,Operaciones,Especialista de Soporte,Soporte,IC2,False,2024-11-21,Indefinido,False,,BUK12337,Desvinculado
BUK10503,Felipe Meneses,felipe.meneses@buk.example,M,1995-03-05,Argentina,CL,CL,Híbrido,Comercial,Ejecutivo Comercial Semi Senior,Ventas,IC3,False,2025-01-05,Indefinido,False,Sí,BUK11262,Activo
BUK10504,Ángela María Garcés Henríquez,ángela.henríquez@buk.example,F,1993-07-06,Chilena,CL,ES,Híbrido,Comercial,Customer Success Manager,Customer Success,IC2,False,2026-04-22,Indefinido,False,,BUK11730,Activo
BUK10505,Rodolfo Luis Pizarro Águila,rodolfo.águila@buk.example,M,1986-08-10,Peruana,CL,CL,Híbrido,Comercial,Especialista de Renovaciones Semi Senior,Customer Success,IC3,False,2026-02-06,Indefinido,False,,BUK10812,Activo
BUK10506,Ana Patricia Hernández Mercado,ana.mercado@buk.example,F,2005-08-31,Colombiana,CO,CO,Híbrido,Tecnología,Product Manager Senior,Producto,IC4,False,2021-01-16,Indefinido,False,,BUK11183,Desvinculado
BUK10507,Cristian Polo Andrade,cristian.andrade@buk.example,M,1990-07-23,Colombiana,PE,PE,Remoto,Comercial,Especialista de Renovaciones Semi Senior,Customer Success,IC3,False,2023-06-24,Indefinido,False,,BUK10144,Desvinculado
BUK10508,Kimberly Araneda Zurita,kimberly.zurita@buk.example,F,1995-07-28,Chilena,CL,CL,Presencial,Comercial,Account Executive,Ventas,IC2,False,2025-11-12,Plazo fijo,False,,BUK12218,Activo
BUK10509,Mariana Rodríguez Pérez,mariana.pérez@buk.example,F,1996-06-28,Chilena,BR,BR,Presencial,Operaciones,Agente de Soporte,Soporte,IC2,False,2026-04-09,Indefinido,False,,BUK10302,Desvinculado
BUK10510,Isabella Claudia Peralta Tello,isabella.tello@buk.example,F,1988-12-26,Chilena,CL,CL,Remoto,Comercial,SDR Especialista,Ventas,IC5,False,2023-07-01,Plazo fijo,False,,BUK10144,Desvinculado
BUK10511,Benjamín Neftalí Lobos-Vergara Sepúlveda,benjamín.sepúlveda@buk.example,M,1996-08-27,Chilena,CO,CO,Híbrido,Comercial,Growth Marketer Semi Senior,Marketing,IC3,False,2023-10-27,Indefinido,False,,BUK11097,Activo
BUK10512,Cristóbal Núñez Mena,cristóbal.mena@buk.example,M,1994-03-15,Ecuatoriana,MX,MX,Remoto,Comercial,Especialista de Renovaciones,Customer Success,IC2,False,2026-01-09,Indefinido,False,Prefiero no responder,BUK10140,Activo
BUK10513,Teresa Torres Rodríguez,teresa.rodríguez@buk.example,F,1975-08-08,Venezolana,CL,CL,Presencial,Tecnología,Data Analyst Semi Senior,Datos,IC3,False,2026-05-30,Indefinido,False,,BUK12283,Activo
BUK10514,Cristian René González Vergara,cristian.vergara@buk.example,M,2000-06-20,Peruana,MX,MX,Remoto,Comercial,Especialista de Renovaciones Aprendiz,Customer Success,IC1,False,2025-10-12,Indefinido,False,,BUK10248,Activo
BUK10515,Francisca Peralta Pineda,francisca.pineda@buk.example,F,1994-01-07,Mexicana,MX,MX,Híbrido,Comercial,Account Manager,Customer Success,IC2,False,2026-03-04,Indefinido,False,Prefiero no responder,BUK10327,Activo
BUK10516,Jessica Sandra González Araya,jessica.araya@buk.example,F,1999-02-06,Chilena,CO,CO,Híbrido,Comercial,Customer Success Manager Semi Senior,Customer Success,IC3,False,2026-06-26,Indefinido,False,,BUK10667,Desvinculado
BUK10517,Silvia Irma Pardo Contreras,silvia.contreras@buk.example,F,1996-06-23,Chilena,PE,PE,Híbrido,Tecnología,Data Analyst Semi Senior,Datos,IC3,False,2024-10-31,Indefinido,False,,BUK10866,Desvinculado
BUK10518,María Torres Concha,maría.concha@buk.example,F,1995-08-12,Costarricense,CL,CL,Híbrido,Operaciones,Especialista de Soporte Payroll,Soporte,IC2,False,2024-06-25,Indefinido,False,Prefiero no responder,BUK11563,Activo
BUK10519,Alejandra Martinez,alejandra.martinez@buk.example,F,1981-09-15,Paraguaya,MX,MX,Híbrido,Operaciones,Agente de Soporte Semi Senior,Soporte,IC3,False,2026-03-26,Indefinido,False,Sí,BUK12170,Activo
BUK10520,Rodrigo Espinoza,rodrigo.espinoza@buk.example,M,1989-09-18,Chilena,CL,CL,Remoto,Comercial,SDR Senior,Ventas,IC4,False,2025-11-08,Indefinido,False,Prefiero no responder,BUK12641,Activo
BUK10521,Juan Carlos Pont Buendía,juan.buendía@buk.example,M,2002-08-20,Francesa,CL,CL,Híbrido,Comercial,Account Executive Semi Senior,Ventas,IC3,False,2024-05-14,Indefinido,False,,BUK10403,Desvinculado
BUK10522,Salvador Emilio Torres,salvador.torres@buk.example,M,1991-12-07,Mexicana,CL,CL,Remoto,Tecnología,Security Engineer,Ingeniería,IC2,False,2024-10-12,Indefinido,False,,BUK10804,Activo
BUK10523,Nazaret Garcia Nuñez,nazaret.nuñez@buk.example,F,1980-02-07,Italiana,BR,BR,Presencial,Operaciones,Agente de Soporte Especialista,Soporte,IC5,False,2025-01-01,Indefinido,False,,BUK11001,Activo
BUK10524,Martín Herrera,martín.herrera@buk.example,M,1998-02-04,Argentina,BR,BR,Remoto,Operaciones,Agente de Soporte Semi Senior,Soporte,IC3,False,2025-12-25,Indefinido,False,,BUK10274,Desvinculado
BUK10525,Maximino del Quirós,maximino.quirós@buk.example,M,1997-11-09,Española,CL,CL,Híbrido,Operaciones,Consultor de Implementación Aprendiz,Implementación,IC1,False,2022-01-30,Indefinido,False,,BUK10607,Desvinculado
BUK10526,Freddy Mansilla,freddy.mansilla@buk.example,No binario / No informa,1992-05-28,Chilena,CO,CO,Híbrido,Administración,Talent Acquisition Especialista,Personas,IC5,False,2024-07-20,Indefinido,False,Prefiero no responder,BUK10746,Activo
BUK10527,Víctor Becerra,víctor.becerra@buk.example,M,1995-08-31,Peruana,MX,MX,Híbrido,Administración,Talent Acquisition Senior,Personas,IC4,False,2024-05-15,Indefinido,False,,BUK12465,Desvinculado
BUK10528,Lic. Irene Arriaga,lic..arriaga@buk.example,F,2002-10-08,Mexicana,BR,BR,Híbrido,Comercial,Ejecutivo Comercial,Ventas,IC2,False,2025-01-01,Indefinido,False,,BUK10317,Desvinculado
BUK10529,Sara Elizabeth Martínez Gallardo,sara.gallardo@buk.example,F,2002-05-30,Chilena,CL,CL,Híbrido,Comercial,Ejecutivo Comercial Semi Senior,Ventas,IC3,False,2024-07-23,Indefinido,False,,BUK10312,Activo
BUK10530,Rolando Ángel Núñez Retamal,rolando.retamal@buk.example,M,1991-10-24,Chilena,BR,BR,Híbrido,Comercial,SDR,Ventas,IC2,False,2026-04-17,Indefinido,False,,BUK10600,Activo
BUK10531,Leonel Pablo Medina Valdivia,leonel.valdivia@buk.example,M,1990-08-13,Chilena,CL,CL,Híbrido,Comercial,Ejecutivo Comercial Aprendiz,Ventas,IC1,False,2026-06-05,Plazo fijo,False,Prefiero no responder,BUK10812,Activo
BUK10532,Rolando David Gutiérrez,rolando.gutiérrez@buk.example,M,1990-06-25,Mexicana,CO,CO,Híbrido,Comercial,Ejecutivo Comercial,Ventas,IC2,False,2025-07-24,Indefinido,False,,BUK12278,Activo
BUK10533,Manuel Urbina Sánchez,manuel.sánchez@buk.example,No binario / No informa,2003-12-18,Paraguaya,CL,CL,Remoto,Comercial,SDR,Ventas,IC2,False,2025-10-15,Indefinido,False,,BUK11487,Activo
BUK10534,Dra. Maria Cirino,dra..cirino@buk.example,F,1994-09-24,Brasileña,CO,CO,Remoto,Tecnología,Data Analyst,Datos,IC2,False,2024-12-23,Indefinido,False,,BUK10961,Activo
BUK10535,Luis Iván Cubillos Miranda,luis.miranda@buk.example,M,1989-12-01,Chilena,CL,CL,Remoto,Comercial,Ejecutivo Comercial,Ventas,IC2,False,2023-04-21,Indefinido,False,Prefiero no responder,BUK12641,Activo
BUK10536,Julieta Maritza Contreras Vergara,julieta.vergara@buk.example,F,1998-01-26,Peruana,CL,CL,Presencial,Operaciones,Especialista de Soporte Payroll,Soporte,IC2,False,2023-08-02,Indefinido,False,,BUK10274,Activo
BUK10537,Encarna Navas-Beltran,encarna.navas-beltran@buk.example,F,2005-08-31,Francesa,CO,CO,Remoto,Comercial,Account Executive Aprendiz,Ventas,IC1,False,2024-06-02,Indefinido,False,,BUK11262,Activo
BUK10538,Soraya Mariela Oñate Valderrama,soraya.valderrama@buk.example,F,2005-08-31,Chilena,MX,MX,Híbrido,Operaciones,Consultor de Implementación,Implementación,IC2,False,2023-11-20,Indefinido,False,,BUK10710,Activo
BUK10539,João Macedo,joão.macedo@buk.example,M,1992-04-14,Brasileña,CL,CL,Híbrido,Comercial,Especialista de Renovaciones Senior,Customer Success,IC4,False,2025-06-14,Indefinido,False,,BUK11837,Activo
BUK10540,Liseth Jaimes,liseth.jaimes@buk.example,F,1995-06-05,Colombiana,CL,CL,Híbrido,Comercial,SDR Especialista,Ventas,IC5,False,2025-03-20,Indefinido,False,,BUK11262,Activo
BUK10541,Felipe Solís,felipe.solís@buk.example,M,2001-01-12,Uruguaya,PE,PE,Híbrido,Operaciones,Consultor de Implementación Senior,Implementación,IC4,False,2024-03-20,Indefinido,False,Prefiero no responder,BUK10453,Desvinculado
BUK10542,Yulieth Alba Quintero,yulieth.quintero@buk.example,F,2005-08-31,Colombiana,CL,CL,Híbrido,Comercial,SDR,Ventas,IC2,False,2026-06-19,Indefinido,True,,BUK10044,Activo
BUK10543,Clara Mónica Aravena Muñoz,clara.muñoz@buk.example,F,1988-07-10,Chilena,CO,CO,Híbrido,Comercial,Ejecutivo Comercial Especialista,Ventas,IC5,False,2024-08-14,Indefinido,False,,BUK11890,Desvinculado
BUK10544,Ulises Thomas Palma Gutiérrez,ulises.gutiérrez@buk.example,M,1982-03-09,Boliviana,CO,CO,Remoto,Comercial,Brand Manager Aprendiz,Marketing,IC1,False,2026-03-03,Indefinido,False,,BUK12606,Activo
BUK10545,Remigio Vallés-Rojas,remigio.vallés-rojas@buk.example,M,2001-07-29,Italiana,CL,CL,Híbrido,Operaciones,Agente de Soporte Senior,Soporte,IC4,False,2024-05-27,Indefinido,False,,BUK11543,Activo
BUK10546,Edward García Espinosa,edward.espinosa@buk.example,M,2000-01-21,Chilena,CL,CL,Remoto,Operaciones,Project Manager de Implementación Semi Senior,Implementación,IC3,False,2023-11-06,Indefinido,False,,BUK11717,Activo
BUK10547,Nicole Zamorano,nicole.zamorano@buk.example,F,2002-10-08,Argentina,CO,CO,Híbrido,Tecnología,Líder de Ingeniería,Ingeniería,M1,True,2026-02-05,Indefinido,False,Prefiero no responder,BUK11816,Activo
BUK10548,Andrea Camila Quezada Martinez,andrea.martinez@buk.example,F,2005-08-31,Argentina,CL,PE,Híbrido,Comercial,Account Manager,Customer Success,IC2,False,2026-02-14,Indefinido,False,,BUK10327,Activo
BUK10549,Mariano Juan Gómez,mariano.gómez@buk.example,M,1997-07-24,Mexicana,CL,CL,Híbrido,Operaciones,Project Manager de Implementación,Implementación,IC2,False,2024-11-08,Indefinido,False,,BUK11027,Activo
BUK10550,Augusto Óscar Bohórquez,augusto.bohórquez@buk.example,M,1998-10-12,Colombiana,PE,PE,Híbrido,Tecnología,SRE Semi Senior,Ingeniería,IC3,False,2023-02-19,Indefinido,False,Prefiero no responder,BUK10708,Desvinculado
BUK10551,Henry Gabriel Monteiro,henry.monteiro@buk.example,M,1986-03-31,Brasileña,CL,CL,Híbrido,Operaciones,Agente de Soporte Semi Senior,Soporte,IC3,False,2026-06-06,Indefinido,False,,BUK12572,Activo
BUK10552,Matías Alarcón Vásquez,matías.vásquez@buk.example,M,1989-02-14,Argentina,MX,MX,Híbrido,Tecnología,QA Engineer,Ingeniería,IC2,False,2026-05-20,Indefinido,True,,BUK10059,Desvinculado
BUK10553,Joaquín Pedro Muñoz Fuentes,joaquín.fuentes@buk.example,M,2001-12-15,Argentina,CL,CL,Híbrido,Tecnología,Security Engineer Senior,Ingeniería,IC4,False,2025-08-21,Indefinido,False,,BUK11345,Activo
BUK10554,Ana Valdés,ana.valdés@buk.example,F,2003-07-10,Chilena,CL,CL,Remoto,Tecnología,Analytics Engineer,Datos,IC2,False,2026-04-03,Indefinido,False,,BUK11656,Activo
BUK10555,Milena Deicy Gutiérrez,milena.gutiérrez@buk.example,F,1993-11-13,Colombiana,CO,PT,Híbrido,Tecnología,Data Engineer Senior,Ingeniería,IC4,False,2026-01-01,Indefinido,False,Prefiero no responder,BUK12590,Activo
BUK10556,Blanca Vanessa Rivera Loyola,blanca.loyola@buk.example,F,1999-08-12,Venezolana,PE,PE,Remoto,Tecnología,Data Engineer Senior,Ingeniería,IC4,False,2026-05-31,Indefinido,False,,BUK12472,Activo
BUK10557,Purificación Amador,purificación.amador@buk.example,F,1995-08-17,Italiana,MX,MX,Híbrido,Tecnología,SRE Semi Senior,Ingeniería,IC3,False,2024-09-20,Indefinido,False,,BUK10881,Activo
BUK10558,Casey Jones,casey.jones@buk.example,F,1993-02-24,Británica,CO,CO,Presencial,Comercial,SDR,Ventas,IC2,False,2025-06-28,Indefinido,False,Prefiero no responder,BUK10792,Activo
BUK10559,Paola Maite González Jiménez,paola.jiménez@buk.example,F,2005-03-05,Chilena,CL,CL,Híbrido,Tecnología,Analytics Engineer Semi Senior,Datos,IC3,False,2024-04-21,Indefinido,False,,BUK10866,Activo
BUK10560,Paulino Artigas-Barberá,paulino.artigas-barberá@buk.example,M,1997-08-28,Italiana,CL,CL,Híbrido,Comercial,Customer Success Manager Senior,Customer Success,IC4,False,2026-01-11,Indefinido,False,Sí,BUK11731,Activo
BUK10561,Sebastián Sergio Valenzuela Medina,sebastián.medina@buk.example,M,1984-05-24,Argentina,CL,CL,Remoto,Comercial,Customer Success Manager Semi Senior,Customer Success,IC3,False,2025-03-22,Indefinido,False,Prefiero no responder,BUK10910,Activo
BUK10562,Paulina Gallardo,paulina.gallardo@buk.example,F,1984-02-20,Chilena,CL,BR,Remoto,Comercial,Ejecutivo Comercial Senior,Ventas,IC4,False,2025-02-18,Indefinido,False,Prefiero no responder,BUK11921,Activo
BUK10563,Catalina María Ruiz Fuentes,catalina.fuentes@buk.example,F,2005-01-23,Chilena,CL,CL,Híbrido,Comercial,Account Executive Semi Senior,Ventas,IC3,False,2026-02-22,Plazo fijo,False,Prefiero no responder,BUK10564,Activo
BUK10564,Olegario Marcelo Rivera Sánchez,olegario.sánchez@buk.example,M,1984-03-04,Peruana,BR,BR,Remoto,Comercial,Líder de Customer Success,Customer Success,M1,True,2025-03-02,Indefinido,False,Prefiero no responder,BUK10612,Activo
BUK10565,Carolina Isabel Zúñiga Pizarro,carolina.pizarro@buk.example,F,1984-07-28,Chilena,CL,CL,Híbrido,Tecnología,People Analytics Senior,Datos,IC4,False,2021-02-01,Indefinido,False,,BUK10804,Activo
BUK10566,Davi Lucca da Rosa,davi.rosa@buk.example,M,1993-02-20,Brasileña,CL,CL,Remoto,Tecnología,QA Engineer Semi Senior,Ingeniería,IC3,False,2018-10-02,Indefinido,False,,BUK10289,Desvinculado
BUK10567,Ramona Silvia Estrada Ortiz,ramona.ortiz@buk.example,F,1994-03-20,Chilena,CO,CO,Remoto,Tecnología,People Analytics,Datos,IC2,False,2022-11-06,Indefinido,False,,BUK10991,Activo
BUK10568,Priscila Eloísa Gómez Aguilera,priscila.aguilera@buk.example,F,1996-01-29,Chilena,MX,MX,Remoto,Operaciones,Project Manager de Implementación,Implementación,IC2,False,2025-12-23,Indefinido,False,,BUK11411,Desvinculado
BUK10569,Diego Rafael Palacios Espinoza,diego.espinoza@buk.example,M,2000-06-08,Chilena,CL,CL,Remoto,Operaciones,Especialista de Soporte,Soporte,IC2,False,2020-12-04,Indefinido,False,,BUK11993,Activo
BUK10570,Hilda Mireya Ávila Céspedes,hilda.céspedes@buk.example,F,1992-08-23,Chilena,CL,CL,Híbrido,Tecnología,Product Manager Senior,Producto,IC4,False,2023-03-21,Indefinido,False,,BUK10455,Desvinculado
BUK10571,Álvaro Ramos,álvaro.ramos@buk.example,M,1999-01-17,Chilena,MX,BR,Remoto,Operaciones,Especialista de Soporte Aprendiz,Soporte,IC1,False,2023-02-28,Indefinido,False,,BUK12049,Activo
BUK10572,Jesús Morales,jesús.morales@buk.example,M,1998-08-04,Colombiana,CL,CL,Híbrido,Comercial,Account Executive Aprendiz,Ventas,IC1,False,2026-04-18,Plazo fijo,False,,BUK10798,Desvinculado
BUK10573,Gloria Flórez,gloria.flórez@buk.example,F,1990-10-11,Colombiana,CO,CO,Remoto,Comercial,Customer Success Manager Senior,Customer Success,IC4,False,2024-02-27,Plazo fijo,False,,BUK11546,Desvinculado
BUK10574,Daniela Leiva Ruiz,daniela.ruiz@buk.example,F,1996-07-26,Uruguaya,MX,MX,Híbrido,Comercial,Líder de Ventas,Ventas,M1,True,2026-02-06,Indefinido,False,,BUK10676,Activo
BUK10575,Iván Carlos Lara Guerrero,iván.guerrero@buk.example,M,1998-07-27,Paraguaya,CO,CL,Híbrido,Operaciones,Especialista Payroll Ops Senior,Operaciones,IC4,False,2025-09-16,Indefinido,False,,BUK12572,Desvinculado
BUK10576,Virginia Rosa Pedroza,virginia.pedroza@buk.example,F,1984-03-01,Mexicana,MX,MX,Presencial,Tecnología,SRE Semi Senior,Ingeniería,IC3,False,2025-02-26,Indefinido,False,Prefiero no responder,BUK10906,Desvinculado
BUK10577,Segundo Fierro Catalán,segundo.catalán@buk.example,M,1997-07-01,Peruana,CL,CL,Híbrido,Administración,Talent Acquisition,Personas,IC2,False,2025-06-09,Indefinido,False,,BUK10462,Activo
BUK10578,Ana Yáñez,ana.yáñez@buk.example,F,1991-08-19,Venezolana,CL,CL,Híbrido,Administración,Talent Acquisition Semi Senior,Personas,IC3,False,2025-11-19,Indefinido,False,,BUK10921,Desvinculado
BUK10579,Sara Norambuena,sara.norambuena@buk.example,F,1991-09-01,Peruana,MX,MX,Híbrido,Tecnología,Security Engineer Semi Senior,Ingeniería,IC3,False,2024-12-07,Indefinido,False,,BUK12311,Activo
BUK10580,Camilo Carlos Sandoval Arévalo,camilo.arévalo@buk.example,M,1989-06-20,Uruguaya,CL,CL,Remoto,Comercial,Content Manager,Marketing,IC2,False,2025-07-13,Plazo fijo,False,,BUK10950,Activo
BUK10581,Víctor Adame Villagómez,víctor.villagómez@buk.example,M,1996-10-01,Mexicana,MX,MX,Remoto,Tecnología,SRE Aprendiz,Ingeniería,IC1,False,2024-08-22,Indefinido,False,,BUK12615,Activo
BUK10582,Pedro Gastón Araya-Delgado Garrido,pedro.garrido@buk.example,M,1984-04-15,Argentina,MX,MX,Remoto,Operaciones,Consultor de Implementación Aprendiz,Implementación,IC1,False,2026-05-06,Indefinido,False,,BUK10093,Activo
BUK10583,Natalia Nadia Galindo,natalia.galindo@buk.example,F,2000-09-04,Mexicana,MX,MX,Remoto,Tecnología,UX Researcher,Producto,IC2,False,2022-05-16,Indefinido,False,,BUK10455,Activo
BUK10584,Pilar Tapia Fuentes,pilar.fuentes@buk.example,F,1993-05-16,Peruana,CL,CO,Híbrido,Comercial,Account Manager,Customer Success,IC2,False,2024-01-09,Indefinido,False,,BUK11837,Activo
BUK10585,Dagoberto Brandon Muñoz Moncada,dagoberto.moncada@buk.example,M,1998-04-04,Chilena,CL,CL,Híbrido,Tecnología,Software Engineer Semi Senior,Ingeniería,IC3,False,2026-02-05,Indefinido,False,,BUK11580,Activo
BUK10586,Rita Saavedra,rita.saavedra@buk.example,F,1995-08-02,Chilena,BR,BR,Presencial,Comercial,Ejecutivo Comercial,Ventas,IC2,False,2025-11-11,Indefinido,False,,BUK12027,Activo
BUK10587,Jacqueline Vásquez Pizarro,jacqueline.pizarro@buk.example,F,1993-03-14,Chilena,CL,CL,Híbrido,Operaciones,Project Manager de Implementación,Implementación,IC2,False,2025-12-28,Indefinido,False,,BUK10019,Desvinculado
BUK10588,Cecilia Karla Espinoza Venegas,cecilia.venegas@buk.example,F,1989-05-26,Chilena,PE,PE,Remoto,Operaciones,Especialista de Soporte Senior,Soporte,IC4,False,2026-01-22,Indefinido,False,,BUK11023,Activo
BUK10589,Julieta María Aguilera Vera,julieta.vera@buk.example,F,1998-03-21,Peruana,CL,CL,Híbrido,Comercial,Account Manager,Customer Success,IC2,False,2023-06-12,Indefinido,False,,BUK11040,Activo
BUK10590,Oriana Figueroa,oriana.figueroa@buk.example,F,2005-08-31,Chilena,CL,CL,Híbrido,Operaciones,Analista de Operaciones Semi Senior,Operaciones,IC3,False,2020-11-11,Indefinido,False,,BUK11881,Activo
BUK10591,Diego Loyola Cepeda,diego.cepeda@buk.example,M,1983-08-16,Chilena,MX,MX,Híbrido,Administración,Control de Gestión Semi Senior,Finanzas,IC3,False,2026-05-15,Indefinido,False,,BUK11409,Activo
BUK10592,Homero Cristian Esparza,homero.esparza@buk.example,M,2000-05-13,Mexicana,CO,CO,Híbrido,Administración,Especialista de Formación Aprendiz,Personas,IC1,False,2025-05-29,Indefinido,False,,BUK10331,Activo
BUK10593,Laura Jara Ojeda,laura.ojeda@buk.example,F,1993-04-10,Dominicana,CL,CL,Híbrido,Operaciones,Especialista de Soporte Payroll Senior,Soporte,IC4,False,2023-10-21,Indefinido,False,,BUK11881,Desvinculado
BUK10594,Iván Javier Rojas Valencia,iván.valencia@buk.example,M,1981-05-28,Colombiana,CL,CL,Remoto,Tecnología,Data Engineer Aprendiz,Ingeniería,IC1,False,2022-11-06,Indefinido,False,,BUK10796,Activo
BUK10595,Paula Sandoval Villagra,paula.villagra@buk.example,F,1992-05-21,Uruguaya,CL,CL,Remoto,Comercial,Líder de Customer Success,Customer Success,M1,True,2026-05-26,Indefinido,False,,BUK10845,Activo
BUK10596,Luis Nicolás Torres Ramírez,luis.ramírez@buk.example,M,1996-06-27,Colombiana,CL,CL,Híbrido,Tecnología,Data Analyst,Datos,IC2,False,2025-02-06,Indefinido,False,,BUK10991,Activo
BUK10597,Yesenia Cordero Mejías,yesenia.mejías@buk.example,F,1996-05-18,Chilena,CL,CL,Remoto,Tecnología,Data Engineer Semi Senior,Ingeniería,IC3,False,2022-11-09,Indefinido,True,,BUK10928,Desvinculado
BUK10598,Olivia Monteiro,olivia.monteiro@buk.example,F,1985-08-11,Brasileña,MX,MX,Remoto,Operaciones,Agente de Soporte,Soporte,IC2,False,2024-11-06,Indefinido,False,,BUK12572,Activo
BUK10599,Claudia Fuentealba Fredes,claudia.fredes@buk.example,F,1987-11-27,Chilena,MX,MX,Remoto,Operaciones,Especialista Payroll Ops Aprendiz,Operaciones,IC1,False,2023-09-10,Indefinido,False,,BUK10691,Activo
BUK10600,Ingrid Cortés Maldonado,ingrid.maldonado@buk.example,F,1995-05-16,Argentina,MX,MX,Híbrido,Comercial,Líder de Customer Success,Customer Success,M1,True,2024-06-21,Indefinido,False,Sí,BUK11552,Activo
BUK10601,Trinidad Sara Granados,trinidad.granados@buk.example,F,1989-03-09,Mexicana,MX,MX,Híbrido,Operaciones,Especialista de Soporte Payroll,Soporte,IC2,False,2022-01-01,Indefinido,False,Sí,BUK11027,Desvinculado
BUK10602,Juan Fabián Peña Gómez,juan.gómez@buk.example,M,1996-10-30,Argentina,MX,MX,Remoto,Operaciones,Analista de Operaciones,Operaciones,IC2,False,2024-12-14,Indefinido,False,,BUK11717,Activo
BUK10603,Benjamin Howard,benjamin.howard@buk.example,M,2000-03-31,Británica,CO,CO,Híbrido,Comercial,Ejecutivo Comercial Aprendiz,Ventas,IC1,False,2025-12-22,Indefinido,False,,BUK10209,Activo
BUK10604,Giselle Garrido Saavedra,giselle.saavedra@buk.example,F,1991-09-15,Argentina,PE,PE,Híbrido,Comercial,Gerente de Ventas,Ventas,M3,True,2024-08-24,Indefinido,False,,,Activo
BUK10605,Ximena Zúñiga,ximena.zúñiga@buk.example,F,1993-07-28,Chilena,CL,CL,Híbrido,Operaciones,Project Manager de Implementación Aprendiz,Implementación,IC1,False,2020-04-29,Indefinido,False,,BUK10150,Activo
BUK10606,Natalia Ingrid Fonseca Valdés,natalia.valdés@buk.example,F,1997-12-10,Argentina,CL,CL,Remoto,Comercial,Growth Marketer Especialista,Marketing,IC5,False,2023-03-08,Indefinido,False,Prefiero no responder,BUK10564,Activo
BUK10607,Alessandro Rodolfo Alarcón Rodríguez,alessandro.rodríguez@buk.example,M,1994-04-09,Chilena,CL,CL,Remoto,Operaciones,Líder de Soporte,Soporte,M1,True,2025-11-23,Indefinido,False,Prefiero no responder,BUK11859,Activo
BUK10608,Valentina Patricia Meza Gutiérrez,valentina.gutiérrez@buk.example,F,1994-06-22,Venezolana,CL,CL,Remoto,Tecnología,Product Manager Semi Senior,Producto,IC3,False,2023-07-26,Indefinido,False,Prefiero no responder,BUK10866,Desvinculado
BUK10609,Marta Matamala-Mardones,marta.matamala-mardones@buk.example,F,1994-04-13,Boliviana,BR,BR,Presencial,Administración,Analista de Cobranza Semi Senior,Finanzas,IC3,False,2025-12-19,Indefinido,False,,BUK10780,Activo
BUK10610,Gabriel Claudio Rojas Silva,gabriel.silva@buk.example,No binario / No informa,1996-11-13,Argentina,BR,BR,Híbrido,Comercial,Ejecutivo Comercial Aprendiz,Ventas,IC1,False,2025-06-25,Indefinido,False,,BUK10408,Activo
BUK10611,Laura Marcela Rojas Orellana,laura.orellana@buk.example,F,2002-08-09,Chilena,MX,MX,Remoto,Comercial,Account Executive Semi Senior,Ventas,IC3,False,2024-11-02,Indefinido,False,,BUK11837,Activo
BUK10612,Araceli Magdalena Riojas Rivero,araceli.rivero@buk.example,F,1985-07-11,Mexicana,BR,BR,Híbrido,Comercial,Subgerente de Customer Success,Customer Success,M2,True,2025-12-19,Indefinido,False,Prefiero no responder,BUK10621,Activo
BUK10613,Santiago Aravena Muñoz,santiago.muñoz@buk.example,M,1988-09-19,Peruana,CO,CO,Presencial,Tecnología,Software Engineer Semi Senior,Ingeniería,IC3,False,2026-01-29,Indefinido,False,Sí,BUK11345,Activo
BUK10614,Carmen Paula Vidal Lara,carmen.lara@buk.example,F,1998-11-23,Chilena,CL,CL,Híbrido,Comercial,SDR Semi Senior,Ventas,IC3,False,2026-06-14,Indefinido,False,,BUK10798,Activo
BUK10615,Indira Noemí Villaseñor,indira.villaseñor@buk.example,F,2002-11-21,Mexicana,CL,CL,Híbrido,Operaciones,Especialista Payroll Ops Semi Senior,Operaciones,IC3,False,2022-11-02,Indefinido,False,,BUK10351,Desvinculado
BUK10616,Roxana del Torrecilla,roxana.torrecilla@buk.example,F,2001-02-01,Española,CO,CL,Presencial,Tecnología,UX Researcher Semi Senior,Producto,IC3,False,2024-11-12,Indefinido,False,Sí,BUK12499,Activo
BUK10617,Guillermina Marta Silva Carvajal,guillermina.carvajal@buk.example,F,1996-02-28,Venezolana,CL,CL,Híbrido,Operaciones,Analista de Operaciones Semi Senior,Operaciones,IC3,False,2026-06-07,Indefinido,False,Prefiero no responder,BUK12338,Activo
BUK10618,Albert Jeison Agurto Toloza,albert.toloza@buk.example,M,1998-01-19,Venezolana,BR,BR,Remoto,Tecnología,Data Engineer Semi Senior,Ingeniería,IC3,False,2026-04-09,Plazo fijo,False,,BUK10833,Activo
BUK10619,Inmaculada Ros Rincón,inmaculada.rincón@buk.example,F,1991-02-08,Alemana,CL,CL,Remoto,Comercial,Líder de Customer Success,Customer Success,M1,True,2023-11-26,Indefinido,False,,BUK10845,Desvinculado
BUK10620,Fernando Cristian Lobos Mella,fernando.mella@buk.example,M,2005-08-31,Argentina,CO,CO,Remoto,Comercial,Ejecutivo Comercial Senior,Ventas,IC4,False,2022-10-18,Indefinido,False,Prefiero no responder,BUK10061,Activo
BUK10621,Yamid Santos Galindo Mora,yamid.mora@buk.example,M,2000-04-30,Colombiana,MX,MX,Híbrido,Comercial,Gerente de Ventas,Ventas,M3,True,2026-05-22,Indefinido,False,,,Desvinculado
BUK10622,Pamela Saavedra Vega,pamela.vega@buk.example,F,1998-04-06,Chilena,BR,BR,Remoto,Comercial,Especialista de Renovaciones,Customer Success,IC2,False,2025-01-01,Indefinido,False,,BUK10403,Activo
BUK10623,Sra. Ana Lívia Viana,sra..viana@buk.example,F,1989-05-06,Brasileña,CL,CL,Híbrido,Comercial,Líder de Ventas,Ventas,M1,True,2024-03-24,Indefinido,False,,BUK12377,Activo
BUK10624,Franklin Cubillos Gálvez,franklin.gálvez@buk.example,M,1990-07-23,Chilena,CL,CL,Híbrido,Tecnología,Product Manager,Producto,IC2,False,2025-11-20,Indefinido,False,,BUK11580,Activo
BUK10625,Rafael Reyes,rafael.reyes@buk.example,M,1996-01-02,Colombiana,MX,MX,Híbrido,Comercial,Growth Marketer Semi Senior,Marketing,IC3,False,2023-07-04,Indefinido,False,,BUK11746,Activo
BUK10626,Beatriz Montoya,beatriz.montoya@buk.example,F,2001-09-30,Colombiana,CL,CL,Híbrido,Administración,Abogado Corporativo Aprendiz,Legal,IC1,False,2026-01-30,Indefinido,False,Sí,BUK11691,Activo
BUK10627,Fresia Mariela Mellado Sandoval,fresia.sandoval@buk.example,F,1991-05-28,Chilena,CL,CL,Híbrido,Tecnología,Líder de Ingeniería,Ingeniería,M1,True,2021-02-27,Indefinido,False,,BUK11254,Desvinculado
BUK10628,Camila Marcia Ramos González,camila.gonzález@buk.example,F,2005-08-31,Chilena,CO,CO,Presencial,Operaciones,Especialista de Soporte Senior,Soporte,IC4,False,2025-12-17,Indefinido,False,,BUK11780,Desvinculado
BUK10629,Tomás Bastián Núñez Guerrero,tomás.guerrero@buk.example,M,1996-05-31,Chilena,BR,BR,Híbrido,Comercial,Customer Success Manager,Customer Success,IC2,False,2025-01-01,Indefinido,False,,BUK10600,Activo
BUK10630,Eli Rebollo Hernandez,eli.hernandez@buk.example,F,2003-11-17,Española,CL,CL,Remoto,Comercial,Subgerente de Customer Success,Customer Success,M2,True,2025-04-08,Indefinido,False,,BUK12387,Activo
BUK10631,Javier Valderrama Ramos,javier.ramos@buk.example,M,1996-07-20,Chilena,MX,MX,Remoto,Comercial,Customer Success Manager Semi Senior,Customer Success,IC3,False,2025-11-23,Indefinido,False,,BUK11009,Activo
BUK10632,Isabel Palacios,isabel.palacios@buk.example,F,1991-05-24,Colombiana,CL,CL,Híbrido,Administración,Control de Gestión Especialista,Finanzas,IC5,False,2023-10-16,Indefinido,False,Prefiero no responder,BUK10900,Desvinculado
BUK10633,Juan Manuel Tapia Lillo,juan.lillo@buk.example,M,1987-03-10,Ecuatoriana,CL,CL,Híbrido,Comercial,Especialista de Renovaciones Semi Senior,Customer Success,IC3,False,2023-06-12,Indefinido,False,,BUK10595,Activo
BUK10634,Crystal Myers,crystal.myers@buk.example,F,1982-10-07,Estadounidense,CL,CL,Híbrido,Operaciones,Project Manager de Implementación,Implementación,IC2,False,2021-04-24,Indefinido,False,Prefiero no responder,BUK12170,Activo
BUK10635,Celia Vizcaíno,celia.vizcaíno@buk.example,F,1989-11-09,Española,BR,BR,Híbrido,Tecnología,Security Engineer,Ingeniería,IC2,False,2025-01-01,Indefinido,False,,BUK12590,Desvinculado
BUK10636,María Elizabeth Varas Fuentes,maría.fuentes@buk.example,F,2003-03-15,Venezolana,MX,MX,Presencial,Comercial,Account Manager Semi Senior,Customer Success,IC3,False,2025-10-20,Plazo fijo,False,,BUK10619,Desvinculado
BUK10637,Claudio Rolando Villanueva Correa,claudio.correa@buk.example,M,2005-02-28,Boliviana,CO,CO,Remoto,Tecnología,Data Engineer Semi Senior,Ingeniería,IC3,False,2024-09-02,Indefinido,False,Prefiero no responder,BUK12446,Activo
BUK10638,Emma Cecilia Sanhueza Salazar,emma.salazar@buk.example,F,1999-08-02,Venezolana,CL,PE,Remoto,Operaciones,Agente de Soporte Semi Senior,Soporte,IC3,False,2026-03-01,Indefinido,False,,BUK10351,Activo
BUK10639,María Valencia Peña,maría.peña@buk.example,F,1999-10-31,Colombiana,BR,CO,Híbrido,Administración,Talent Acquisition Semi Senior,Personas,IC3,False,2026-04-21,Indefinido,False,,BUK10331,Activo
BUK10640,María Mónica Olivares Ramírez,maría.ramírez@buk.example,F,1988-06-04,Chilena,CL,CL,Híbrido,Tecnología,Security Engineer,Ingeniería,IC2,False,2025-06-25,Indefinido,False,,BUK10796,Activo
BUK10641,Nora Hernández,nora.hernández@buk.example,F,1994-03-02,Colombiana,CL,CL,Híbrido,Comercial,SDR Semi Senior,Ventas,IC3,False,2021-02-15,Indefinido,False,Prefiero no responder,BUK10147,Activo
BUK10642,Gloria Ríos Alarcón,gloria.alarcón@buk.example,F,1984-05-20,Peruana,CL,AR,Remoto,Comercial,SDR,Ventas,IC2,False,2025-04-05,Indefinido,False,,BUK11596,Activo
BUK10643,Antonio Chávez Vera,antonio.vera@buk.example,M,1989-08-02,Chilena,CL,CL,Remoto,Tecnología,Data Engineer Aprendiz,Ingeniería,IC1,False,2022-02-25,Indefinido,False,Prefiero no responder,BUK10183,Activo
BUK10644,Luisa Ceballos Santacruz,luisa.santacruz@buk.example,F,2005-08-31,Mexicana,MX,MX,Híbrido,Tecnología,People Analytics,Datos,IC2,False,2025-01-02,Indefinido,False,,BUK12254,Activo
BUK10645,Lucía Fuentes Bello,lucía.bello@buk.example,F,2005-08-31,Chilena,CL,BR,Remoto,Tecnología,Data Engineer Aprendiz,Ingeniería,IC1,False,2026-01-21,Indefinido,False,,BUK11305,Activo
BUK10646,Elena Ximena Valdivia Fuentes,elena.fuentes@buk.example,F,1994-02-09,Guatemalteca,CL,CL,Remoto,Operaciones,Consultor de Implementación Especialista,Implementación,IC5,False,2025-01-06,Indefinido,False,,BUK10478,Desvinculado
BUK10647,Derek Maximiliano Gatica Rodríguez,derek.rodríguez@buk.example,M,2002-02-27,Boliviana,BR,PE,Presencial,Operaciones,Consultor de Implementación Especialista,Implementación,IC5,False,2025-01-22,Indefinido,False,,BUK12151,Activo
BUK10648,Clara Madrid Cancino,clara.cancino@buk.example,F,1999-03-29,Chilena,MX,MX,Híbrido,Comercial,Ejecutivo Comercial Semi Senior,Ventas,IC3,False,2026-04-14,Plazo fijo,False,,BUK10564,Activo
BUK10649,Omar Díaz,omar.díaz@buk.example,M,1998-09-18,Argentina,BR,BR,Remoto,Comercial,Account Manager Semi Senior,Customer Success,IC3,False,2026-06-13,Indefinido,False,,BUK10477,Activo
BUK10650,Minerva Reynoso,minerva.reynoso@buk.example,F,1996-12-18,Mexicana,MX,MX,Híbrido,Tecnología,Líder de Producto,Producto,M1,True,2025-10-27,Indefinido,False,,BUK10262,Activo
BUK10651,Manuela Prieto Canals,manuela.canals@buk.example,F,2005-08-31,Española,CO,CO,Remoto,Operaciones,Agente de Soporte Especialista,Soporte,IC5,False,2023-07-29,Indefinido,False,Sí,BUK11993,Activo
BUK10652,Moisés Diego Sepúlveda Sánchez,moisés.sánchez@buk.example,M,2003-07-24,Venezolana,MX,MX,Híbrido,Tecnología,SRE,Ingeniería,IC2,False,2023-02-05,Indefinido,False,,BUK12499,Activo
BUK10653,Pedro Ortega Ramos,pedro.ramos@buk.example,No binario / No informa,1987-04-11,Peruana,BR,BR,Remoto,Administración,Abogado Corporativo,Legal,IC2,False,2026-01-24,Indefinido,False,,BUK11815,Activo
BUK10654,Marcos Luis Sánchez Blanco,marcos.blanco@buk.example,M,1983-04-15,Colombiana,CL,CL,Remoto,Tecnología,Software Engineer Semi Senior,Ingeniería,IC3,False,2025-07-22,Indefinido,False,,BUK11345,Desvinculado
BUK10655,Oscar Víctor Ortega Venegas,oscar.venegas@buk.example,M,1990-07-03,Peruana,CL,CL,Remoto,Comercial,Ejecutivo Comercial Senior,Ventas,IC4,False,2024-08-05,Indefinido,False,,BUK12278,Activo
BUK10656,Leslie Tapia-Roa González,leslie.gonzález@buk.example,F,1997-12-25,Peruana,MX,MX,Híbrido,Administración,Especialista de Formación Semi Senior,Personas,IC3,False,2024-06-20,Indefinido,False,Prefiero no responder,BUK10122,Activo
BUK10657,Mayte Rodríguez Rodríguez,mayte.rodríguez@buk.example,F,2000-08-05,Mexicana,CL,CL,Presencial,Administración,Analista de Cobranza Aprendiz,Finanzas,IC1,False,2026-01-08,Indefinido,False,,BUK11409,Activo
BUK10658,Richard Juan Reyes Cárcamo,richard.cárcamo@buk.example,M,1989-08-19,Venezolana,CL,CL,Remoto,Tecnología,SRE Semi Senior,Ingeniería,IC3,False,2026-05-18,Indefinido,False,,BUK10118,Activo
BUK10659,Claudia Bárbara Torres Cisternas,claudia.cisternas@buk.example,F,1999-01-25,Argentina,CO,CO,Híbrido,Comercial,Ejecutivo Comercial Aprendiz,Ventas,IC1,False,2020-05-21,Indefinido,False,,BUK11890,Activo
BUK10660,Ligia Romero Manrique,ligia.manrique@buk.example,F,1988-08-04,Colombiana,CL,CL,Híbrido,Administración,People Happiness Manager,Personas,IC2,False,2025-08-05,Indefinido,False,,BUK11435,Desvinculado
BUK10661,Leonardo Claudio Barrera Rocha,leonardo.rocha@buk.example,M,1991-06-10,Mexicana,CL,CL,Híbrido,Tecnología,Data Engineer Especialista,Ingeniería,IC5,False,2025-01-25,Indefinido,False,,BUK10455,Activo
BUK10662,Victoria Sonia Contreras Echeverría,victoria.echeverría@buk.example,F,1999-06-26,Chilena,CL,CL,Remoto,Comercial,Especialista de Renovaciones Aprendiz,Customer Success,IC1,False,2023-01-16,Plazo fijo,False,,BUK10812,Activo
BUK10663,María Matilde Sobarzo Suárez,maría.suárez@buk.example,F,1999-02-04,Chilena,CL,CL,Remoto,Tecnología,Data Engineer Aprendiz,Ingeniería,IC1,False,2025-04-02,Indefinido,False,,BUK10963,Activo
BUK10664,Jessica Javiera Marín Gómez,jessica.gómez@buk.example,F,2001-03-04,Uruguaya,BR,BR,Remoto,Comercial,Account Manager,Customer Success,IC2,False,2026-01-16,Indefinido,False,,BUK11676,Desvinculado
BUK10665,Carlos Reyes González,carlos.gonzález@buk.example,M,1993-07-07,Colombiana,CL,CL,Remoto,Comercial,Líder de Marketing,Marketing,M1,True,2023-12-16,Indefinido,False,Prefiero no responder,BUK10115,Activo
BUK10666,Heitor Fonseca,heitor.fonseca@buk.example,M,2001-02-17,Brasileña,CL,CL,Remoto,Operaciones,Agente de Soporte Senior,Soporte,IC4,False,2025-05-20,Indefinido,False,,BUK11717,Activo
BUK10667,Sr. Arthur Gabriel Porto,sr..porto@buk.example,M,1991-05-31,Brasileña,MX,MX,Híbrido,Comercial,Líder de Marketing,Marketing,M1,True,2022-01-01,Indefinido,False,Sí,BUK11185,Activo
BUK10668,Olivia Maldonado,olivia.maldonado@buk.example,F,2002-01-29,Cubana,BR,BR,Híbrido,Comercial,Customer Success Manager Semi Senior,Customer Success,IC3,False,2025-01-07,Indefinido,False,,BUK11067,Activo
BUK10669,Bruna Araújo,bruna.araújo@buk.example,F,2004-01-09,Brasileña,PE,PE,Híbrido,Tecnología,Security Engineer,Ingeniería,IC2,False,2024-09-01,Indefinido,False,,BUK10906,Activo
BUK10670,Jeannette Ximena Flores Oyarzo,jeannette.oyarzo@buk.example,F,2002-02-23,Chilena,CL,CL,Presencial,Operaciones,Project Manager de Implementación,Implementación,IC2,False,2025-05-07,Indefinido,False,,BUK10093,Activo
BUK10671,Oriana del Haro,oriana.haro@buk.example,F,1998-11-10,Francesa,MX,MX,Remoto,Comercial,Account Manager,Customer Success,IC2,False,2025-08-31,Indefinido,False,,BUK11596,Activo
BUK10672,Epifanio Bustamante Becerra,epifanio.becerra@buk.example,M,1999-08-30,Francesa,CL,CL,Remoto,Operaciones,Especialista de Soporte Semi Senior,Soporte,IC3,False,2025-09-24,Indefinido,False,,BUK10607,Desvinculado
BUK10673,Isidora Rodríguez Olguín,isidora.olguín@buk.example,F,1994-08-03,Peruana,MX,MX,Presencial,Administración,Talent Acquisition Aprendiz,Personas,IC1,False,2025-08-02,Indefinido,False,,BUK10159,Activo
BUK10674,Abraham Carvajal Barrera,abraham.barrera@buk.example,M,1995-05-28,Colombiana,CL,CL,Remoto,Tecnología,Product Designer Especialista,Producto,IC5,False,2023-06-03,Indefinido,False,,BUK10961,Activo
BUK10675,Pascual Tirado Durán,pascual.durán@buk.example,M,1993-08-22,Mexicana,BR,BR,Híbrido,Operaciones,Especialista de Soporte,Soporte,IC2,False,2025-01-01,Plazo fijo,False,,BUK11607,Activo
BUK10676,Edwin Carlos Contreras,edwin.contreras@buk.example,M,1998-05-14,Colombiana,CL,CL,Presencial,Comercial,Subgerente de Marketing,Marketing,M2,True,2026-02-04,Indefinido,False,,BUK12586,Desvinculado
BUK10677,Hortensia del Marquez,hortensia.marquez@buk.example,F,2002-12-09,Alemana,CL,CL,Híbrido,Operaciones,Project Manager de Implementación Semi Senior,Implementación,IC3,False,2025-08-30,Indefinido,False,Sí,BUK10607,Activo
BUK10678,Olivia Monreal Castro,olivia.castro@buk.example,F,1988-10-03,Francesa,CL,CL,Híbrido,Comercial,Ejecutivo Comercial Especialista,Ventas,IC5,False,2021-10-04,Plazo fijo,False,,BUK10405,Desvinculado
BUK10679,Carmen Rivas Silva,carmen.silva@buk.example,F,1992-03-16,Chilena,PE,PE,Remoto,Administración,Control de Gestión Aprendiz,Finanzas,IC1,False,2026-06-23,Indefinido,False,Prefiero no responder,BUK10746,Activo
BUK10680,Bernardo Ruiz,bernardo.ruiz@buk.example,M,1999-12-26,Colombiana,CL,CL,Presencial,Comercial,Líder de Customer Success,Customer Success,M1,True,2024-05-04,Indefinido,False,Prefiero no responder,BUK10845,Activo
BUK10681,Anahí Patricia Veloso Núñez,anahí.núñez@buk.example,F,1983-01-30,Chilena,CL,AR,Híbrido,Tecnología,Security Engineer Semi Senior,Ingeniería,IC3,False,2017-01-01,Indefinido,False,Prefiero no responder,BUK10796,Desvinculado
BUK10682,Eva Uribe,eva.uribe@buk.example,F,1978-08-15,Chilena,CL,CL,Remoto,Comercial,Customer Success Manager Senior,Customer Success,IC4,False,2024-08-30,Indefinido,False,,BUK10792,Activo
BUK10683,Jorge Acuña Pinto,jorge.pinto@buk.example,M,1997-03-14,Peruana,BR,BR,Remoto,Comercial,Content Manager Aprendiz,Marketing,IC1,False,2025-01-01,Indefinido,False,Sí,BUK11730,Activo
BUK10684,Juan Pedro Lucero Hernández,juan.hernández@buk.example,M,1983-11-25,Chilena,BR,BR,Remoto,Operaciones,Subgerente de Operaciones,Operaciones,M2,True,2025-01-01,Indefinido,False,,BUK11277,Activo
BUK10685,Dra. Eduarda Fonseca,dra..fonseca@buk.example,F,2000-04-12,Brasileña,CL,CL,Presencial,Comercial,Account Executive,Ventas,IC2,False,2022-03-25,Indefinido,False,,BUK11009,Activo
BUK10686,Javier Mauricio Soto Morales,javier.morales@buk.example,M,2004-12-16,Peruana,CO,CO,Híbrido,Administración,Especialista de Formación Semi Senior,Personas,IC3,False,2022-06-05,Indefinido,False,Prefiero no responder,BUK10122,Activo
BUK10687,Alexander Gabriel Perdomo,alexander.perdomo@buk.example,M,1988-09-30,Colombiana,CO,CO,Presencial,Operaciones,Especialista de Soporte Payroll Aprendiz,Soporte,IC1,False,2022-12-01,Indefinido,False,Sí,BUK11964,Activo
BUK10688,Salvador Julio Canales Ibarra,salvador.ibarra@buk.example,M,2005-08-31,Peruana,CL,CL,Remoto,Comercial,SDR,Ventas,IC2,False,2026-02-22,Indefinido,False,,BUK10477,Activo
BUK10689,Lucas José Flores Salazar,lucas.salazar@buk.example,M,1989-04-23,Venezolana,CL,CL,Remoto,Comercial,Líder de Marketing,Marketing,M1,True,2024-05-25,Indefinido,False,,BUK11623,Activo
BUK10690,Ezequiel Nieto Acosta,ezequiel.acosta@buk.example,M,2002-11-19,Alemana,CL,CL,Híbrido,Comercial,Content Manager,Marketing,IC2,False,2017-01-01,Indefinido,False,,BUK10995,Desvinculado
BUK10691,Vicente Retamal,vicente.retamal@buk.example,No binario / No informa,1992-10-20,Peruana,PE,PE,Remoto,Operaciones,Líder de Implementación,Implementación,M1,True,2026-02-09,Indefinido,False,Prefiero no responder,BUK10884,Activo
BUK10692,Octavio Luis Miguel Tamayo Barreto,octavio.barreto@buk.example,M,1984-05-20,Mexicana,MX,MX,Híbrido,Tecnología,Subgerente de Ingeniería,Ingeniería,M2,True,2024-06-16,Indefinido,False,,BUK11245,Desvinculado
BUK10693,Carmen Silva Martínez,carmen.martínez@buk.example,F,1973-07-11,Peruana,CL,CL,Híbrido,Operaciones,Especialista de Soporte Aprendiz,Soporte,IC1,False,2026-03-08,Indefinido,False,Sí,BUK11881,Activo
BUK10694,Tania Pedroza,tania.pedroza@buk.example,F,1999-11-13,Mexicana,PE,PE,Híbrido,Comercial,Líder de Ventas,Ventas,M1,True,2024-12-23,Indefinido,False,,BUK10115,Desvinculado
BUK10695,Juan Jorquera,juan.jorquera@buk.example,M,1996-09-29,Venezolana,PE,PE,Remoto,Operaciones,Especialista Payroll Ops Semi Senior,Operaciones,IC3,False,2025-04-18,Indefinido,False,,BUK12632,Desvinculado
BUK10696,Maxi de Iglesias,maxi.iglesias@buk.example,M,2001-05-18,Alemana,PE,PE,Remoto,Comercial,Líder de Customer Success,Customer Success,M1,True,2026-04-26,Indefinido,False,,BUK11054,Desvinculado
BUK10697,Juan Andrade Gutiérrez,juan.gutiérrez@buk.example,M,1993-03-02,Ecuatoriana,PE,PE,Presencial,Administración,Talent Acquisition Aprendiz,Personas,IC1,False,2026-03-09,Indefinido,False,,BUK10159,Activo
BUK10698,Juan Vargas,juan.vargas@buk.example,M,1998-06-20,Uruguaya,BR,BR,Presencial,Comercial,Account Manager Senior,Customer Success,IC4,False,2026-05-08,Indefinido,False,,BUK11067,Activo
BUK10699,Sofía Georgina Zamora Garcés,sofía.garcés@buk.example,F,1998-10-10,Argentina,CL,CL,Remoto,Comercial,Ejecutivo Comercial Senior,Ventas,IC4,False,2021-06-20,Indefinido,True,Prefiero no responder,BUK10665,Activo
BUK10700,Maria Flor da Costa,maria.costa@buk.example,F,1997-06-19,Brasileña,CL,CL,Remoto,Tecnología,SRE,Ingeniería,IC2,False,2023-03-24,Indefinido,False,Sí,BUK10961,Activo
BUK10701,Lorenzo Adalberto Soto Coronado,lorenzo.coronado@buk.example,M,1988-10-06,Mexicana,BR,BR,Híbrido,Tecnología,Security Engineer Senior,Ingeniería,IC4,False,2025-04-24,Indefinido,False,,BUK12005,Activo
BUK10702,Rosario Graciela Vigil Zayas,rosario.zayas@buk.example,F,1998-10-28,Mexicana,CO,CO,Presencial,Tecnología,Security Engineer Senior,Ingeniería,IC4,False,2025-04-25,Indefinido,False,,BUK10627,Activo
BUK10703,Alison Alarcón Cortés,alison.cortés@buk.example,F,1993-07-04,Chilena,CL,CL,Remoto,Operaciones,Consultor de Implementación,Implementación,IC2,False,2026-04-03,Indefinido,False,,BUK12151,Activo
BUK10704,Patricio Marcelo Córdova Plaza,patricio.plaza@buk.example,M,1996-01-16,Uruguaya,CL,CL,Remoto,Operaciones,Agente de Soporte Semi Senior,Soporte,IC3,False,2026-01-10,Indefinido,False,,BUK10607,Activo
BUK10705,Ana Ruby Ríos,ana.ríos@buk.example,F,1988-08-27,Colombiana,CL,CL,Remoto,Tecnología,Software Engineer Senior,Ingeniería,IC4,False,2022-08-03,Indefinido,False,,BUK12005,Activo
BUK10706,Benjamín Albino Carrillo Silva,benjamín.silva@buk.example,M,1994-12-15,Peruana,CL,CL,Híbrido,Tecnología,Data Engineer,Ingeniería,IC2,False,2026-05-20,Indefinido,False,,BUK12499,Activo
BUK10707,Katherine Gonzalez,katherine.gonzalez@buk.example,F,1986-07-01,Británica,CL,CL,Híbrido,Comercial,Account Manager,Customer Success,IC2,False,2019-09-26,Indefinido,False,Sí,BUK12218,Activo
BUK10708,David Dylan Hernández Pérez,david.pérez@buk.example,M,1992-01-08,Chilena,CL,CL,Híbrido,Tecnología,Líder de Ingeniería,Ingeniería,M1,True,2024-11-13,Indefinido,False,,BUK12037,Activo
BUK10709,Benjamín Moraga,benjamín.moraga@buk.example,M,1992-12-02,Chilena,CL,CL,Remoto,Comercial,Account Executive Semi Senior,Ventas,IC3,False,2026-02-25,Plazo fijo,False,,BUK11488,Activo
BUK10710,Anthony Juan Berríos Díaz,anthony.díaz@buk.example,M,1988-11-06,Chilena,MX,PE,Remoto,Operaciones,Líder de Implementación,Implementación,M1,True,2022-01-01,Indefinido,False,,BUK11207,Desvinculado
BUK10711,Rocio Guajardo Contreras,rocio.contreras@buk.example,F,1999-12-31,Chilena,MX,MX,Híbrido,Comercial,SDR Aprendiz,Ventas,IC1,False,2022-03-21,Indefinido,True,,BUK11890,Activo
BUK10712,Trinidad Vásquez-Ávila,trinidad.vásquez-ávila@buk.example,F,1996-07-20,Chilena,CL,CL,Remoto,Comercial,Content Manager Aprendiz,Marketing,IC1,False,2026-01-30,Indefinido,False,,BUK11123,Desvinculado
BUK10713,Angelina Sepúlveda Caro,angelina.caro@buk.example,F,1987-11-02,Chilena,CL,CL,Híbrido,Tecnología,SRE Senior,Ingeniería,IC4,False,2026-03-24,Indefinido,False,Sí,BUK12458,Activo
BUK10714,Alejandra Martínez,alejandra.martínez@buk.example,F,1992-08-18,Chilena,CL,CL,Híbrido,Operaciones,Líder de Soporte,Soporte,M1,True,2025-12-20,Indefinido,False,,BUK10919,Activo
BUK10715,Albert Santiago Figueroa Romero,albert.romero@buk.example,M,1993-09-19,Chilena,CO,CO,Híbrido,Comercial,Brand Manager,Marketing,IC2,False,2026-05-22,Indefinido,False,,BUK11123,Desvinculado
BUK10716,Paula Marta Silva Rojo,paula.rojo@buk.example,F,2004-09-04,Chilena,CL,CL,Híbrido,Comercial,Ejecutivo Comercial Semi Senior,Ventas,IC3,False,2025-07-20,Indefinido,False,,BUK10970,Activo
BUK10717,Benjamín Hernández,benjamín.hernández@buk.example,M,2004-06-20,Argentina,CL,CL,Híbrido,Comercial,Customer Success Manager Aprendiz,Customer Success,IC1,False,2024-02-08,Indefinido,False,,BUK12278,Activo
BUK10718,Oscar Velásquez Vilches,oscar.vilches@buk.example,M,1996-02-06,Venezolana,CL,ES,Remoto,Administración,Analista Contable Semi Senior,Finanzas,IC3,False,2024-06-23,Indefinido,False,,BUK11691,Activo
BUK10719,Dra. Trinidad Cedillo,dra..cedillo@buk.example,F,1989-05-20,Mexicana,MX,MX,Híbrido,Operaciones,Project Manager de Implementación Semi Senior,Implementación,IC3,False,2026-05-20,Indefinido,False,,BUK11411,Activo
BUK10720,Claudia Patricia Muñoz Ruz,claudia.ruz@buk.example,F,1996-11-25,Chilena,CO,CO,Híbrido,Tecnología,People Analytics Aprendiz,Datos,IC1,False,2024-04-15,Indefinido,False,,BUK11557,Activo
BUK10721,Felipe Aníbal Cáceres Silva,felipe.silva@buk.example,M,2001-07-28,Argentina,CL,CL,Remoto,Operaciones,Especialista Payroll Ops Aprendiz,Operaciones,IC1,False,2025-08-03,Indefinido,False,,BUK11780,Activo
BUK10722,Edgar Luna Barrera,edgar.barrera@buk.example,M,1994-01-05,Chilena,CL,CL,Remoto,Comercial,Account Executive,Ventas,IC2,False,2025-04-19,Indefinido,False,,BUK10564,Activo
BUK10723,Paulo Aguayo Gallardo,paulo.gallardo@buk.example,M,1995-09-27,Argentina,CL,CL,Remoto,Tecnología,QA Engineer,Ingeniería,IC2,False,2025-02-26,Indefinido,False,,BUK10881,Activo
BUK10724,Heriberto Javier Gutiérrez Lorca,heriberto.lorca@buk.example,M,1993-06-23,Chilena,BR,BR,Remoto,Comercial,Account Manager,Customer Success,IC2,False,2025-01-01,Indefinido,False,,BUK11488,Activo
BUK10725,Gabriel Palacio Quiroga,gabriel.quiroga@buk.example,M,2005-08-31,Colombiana,CL,CL,Híbrido,Operaciones,Especialista de Soporte,Soporte,IC2,False,2026-04-08,Indefinido,False,,BUK10274,Activo
BUK10726,Olivia Noemí Hernandes,olivia.hernandes@buk.example,F,2005-08-31,Mexicana,CL,CL,Presencial,Tecnología,QA Engineer,Ingeniería,IC2,False,2025-11-11,Indefinido,False,,BUK10833,Activo
BUK10727,Luisa Ruth Lagos Lara,luisa.lara@buk.example,F,1985-06-07,Chilena,MX,MX,Híbrido,Comercial,Account Executive,Ventas,IC2,False,2026-01-06,Indefinido,False,,BUK10619,Activo
BUK10728,Isidora Canales Saldías,isidora.saldías@buk.example,F,1988-04-09,Chilena,CL,CL,Híbrido,Comercial,Especialista de Renovaciones Aprendiz,Customer Success,IC1,False,2026-07-10,Indefinido,False,,BUK12160,Desvinculado
BUK10729,Dayana Danna Londoño,dayana.londoño@buk.example,F,1991-03-14,Colombiana,CL,CL,Híbrido,Administración,Especialista de Formación,Personas,IC2,False,2025-05-31,Indefinido,False,,BUK10780,Activo
BUK10730,Guadalupe Sanabria,guadalupe.sanabria@buk.example,F,1989-10-05,Mexicana,CL,CL,Remoto,Administración,Talent Acquisition,Personas,IC2,False,2025-05-05,Indefinido,False,,BUK10900,Activo
BUK10731,Luis Manuel Santibáñez Acevedo,luis.acevedo@buk.example,M,2000-07-28,Argentina,CL,CL,Remoto,Tecnología,QA Engineer Semi Senior,Ingeniería,IC3,False,2025-08-18,Indefinido,False,,BUK10906,Activo
BUK10732,Lic. Wendolin Mesa,lic..mesa@buk.example,F,2005-08-31,Mexicana,PE,PE,Híbrido,Administración,Analista de Cobranza Aprendiz,Finanzas,IC1,False,2025-11-09,Indefinido,False,,BUK11884,Activo
BUK10733,Martín Monroy Concepción,martín.concepción@buk.example,M,2003-09-18,Mexicana,CL,CL,Híbrido,Administración,Especialista de Formación Senior,Personas,IC4,False,2023-05-09,Indefinido,False,,BUK12394,Activo
BUK10734,Ana Parra,ana.parra@buk.example,F,1993-08-09,Chilena,CL,CL,Presencial,Comercial,SDR Semi Senior,Ventas,IC3,False,2026-01-23,Indefinido,False,,BUK10317,Activo
BUK10735,Julia Rosa Parraguez Silva,julia.silva@buk.example,F,1991-12-23,Chilena,CL,AR,Remoto,Comercial,SDR Senior,Ventas,IC4,False,2024-06-13,Indefinido,False,,BUK12441,Activo
BUK10736,Esther María del Carmen Rodríguez Mercado,esther.mercado@buk.example,F,1996-02-20,Mexicana,CO,CO,Híbrido,Comercial,Especialista de Renovaciones Senior,Customer Success,IC4,False,2024-05-24,Indefinido,False,,BUK11070,Activo
BUK10737,Mateo Alberto Garibay,mateo.garibay@buk.example,M,1996-09-01,Mexicana,CO,CO,Híbrido,Comercial,Brand Manager,Marketing,IC2,False,2024-06-30,Indefinido,False,,BUK10327,Desvinculado
BUK10738,Nicole Montenegro,nicole.montenegro@buk.example,F,1990-02-17,Portuguesa,BR,BR,Híbrido,Tecnología,Security Engineer Especialista,Ingeniería,IC5,False,2025-02-26,Indefinido,False,Sí,BUK10804,Activo
BUK10739,Jos José Emilio Bravo,jos.bravo@buk.example,M,1997-04-19,Mexicana,PE,PE,Presencial,Comercial,SDR Semi Senior,Ventas,IC3,False,2023-09-30,Indefinido,False,,BUK11796,Activo
BUK10740,Andrea Bianca Santillán Manzanares,andrea.manzanares@buk.example,F,1992-10-25,Mexicana,CO,CO,Remoto,Comercial,Customer Success Manager Senior,Customer Success,IC4,False,2023-01-22,Indefinido,False,,BUK10798,Activo
BUK10741,María Belén Roman Aguiló,maría.aguiló@buk.example,F,1994-12-20,Alemana,CL,CL,Híbrido,Comercial,Account Executive Semi Senior,Ventas,IC3,False,2020-09-17,Indefinido,False,,BUK10694,Activo
BUK10742,María Bravo Hernández,maría.hernández@buk.example,F,1999-02-23,Chilena,CL,ES,Presencial,Comercial,Especialista de Renovaciones Semi Senior,Customer Success,IC3,False,2025-05-01,Indefinido,False,Sí,BUK10209,Activo
BUK10743,Maitê da Rosa,maitê.rosa@buk.example,F,2005-08-31,Brasileña,PE,PE,Híbrido,Administración,Talent Acquisition Aprendiz,Personas,IC1,False,2025-01-27,Indefinido,False,,BUK10844,Desvinculado
BUK10744,Lidia Paola Guerrero Elgueta,lidia.elgueta@buk.example,F,1987-09-07,Chilena,BR,BR,Híbrido,Operaciones,Especialista de Soporte Payroll Aprendiz,Soporte,IC1,False,2025-01-01,Indefinido,False,,BUK11607,Activo
BUK10745,Andrea Pérez-Morales Bustamante,andrea.bustamante@buk.example,F,1989-05-23,Argentina,MX,BR,Híbrido,Operaciones,Especialista de Soporte,Soporte,IC2,False,2026-04-29,Indefinido,False,,BUK10800,Activo
BUK10746,Juan Cristian Rosas Fernández,juan.fernández@buk.example,M,1998-09-25,Chilena,CL,ES,Presencial,Administración,Líder de Personas,Personas,M1,True,2024-12-03,Indefinido,False,Prefiero no responder,BUK11844,Desvinculado
BUK10747,Carolina Osorio Pacheco,carolina.pacheco@buk.example,F,2001-12-08,Mexicana,CL,CL,Remoto,Operaciones,Especialista de Soporte Aprendiz,Soporte,IC1,False,2026-05-11,Indefinido,False,Prefiero no responder,BUK12554,Activo
BUK10748,Karen Vásquez Araya,karen.araya@buk.example,F,1986-07-08,Venezolana,CL,AR,Remoto,Operaciones,Agente de Soporte,Soporte,IC2,False,2022-06-25,Indefinido,False,,BUK10150,Activo
BUK10749,Manuel Quijada Sandoval,manuel.sandoval@buk.example,M,2002-07-18,Chilena,CL,CL,Híbrido,Comercial,Customer Success Manager Semi Senior,Customer Success,IC3,False,2021-04-05,Indefinido,False,Prefiero no responder,BUK10181,Activo
BUK10750,Ignacio Antonio Escobar Rojas,ignacio.rojas@buk.example,M,2002-11-09,Argentina,CL,CL,Híbrido,Tecnología,Security Engineer Semi Senior,Ingeniería,IC3,False,2025-01-10,Indefinido,False,,BUK12472,Desvinculado
BUK10751,Rosa Karen Araya Miranda,rosa.miranda@buk.example,F,1998-10-07,Peruana,CO,CO,Presencial,Tecnología,Product Manager Especialista,Producto,IC5,False,2026-05-19,Indefinido,False,,BUK12615,Desvinculado
BUK10752,Eduardo Jorge Medina Barbosa,eduardo.barbosa@buk.example,M,1996-10-23,Colombiana,CL,CL,Híbrido,Tecnología,Líder de Ingeniería,Ingeniería,M1,True,2023-06-24,Indefinido,False,,BUK11254,Desvinculado
BUK10753,Karen María Inostroza Tapia,karen.tapia@buk.example,F,1999-12-06,Chilena,CL,CL,Híbrido,Tecnología,Analytics Engineer,Datos,IC2,False,2025-06-15,Indefinido,False,,BUK11152,Activo
BUK10754,Amalia Rosa Rivera Rojas,amalia.rojas@buk.example,F,1995-08-30,Chilena,PE,PE,Híbrido,Operaciones,Consultor de Implementación Aprendiz,Implementación,IC1,False,2023-06-19,Indefinido,False,,BUK12049,Activo
BUK10755,Camilo Sepúlveda,camilo.sepúlveda@buk.example,M,1985-01-20,Chilena,MX,MX,Híbrido,Operaciones,Analista de Operaciones Aprendiz,Operaciones,IC1,False,2024-06-16,Indefinido,False,Prefiero no responder,BUK12572,Activo
BUK10756,Javiera Fernández,javiera.fernández@buk.example,F,2005-08-31,Chilena,PE,PT,Híbrido,Comercial,Content Manager Semi Senior,Marketing,IC3,False,2024-02-23,Indefinido,False,,BUK10477,Activo
BUK10757,Héctor Fernando Orellana Díaz,héctor.díaz@buk.example,M,1982-01-25,Ecuatoriana,CL,CL,Remoto,Operaciones,Analista de Operaciones Aprendiz,Operaciones,IC1,False,2024-05-03,Indefinido,False,,BUK11964,Activo
BUK10758,Elvira Cornejo,elvira.cornejo@buk.example,F,2005-04-03,Mexicana,CL,CL,Presencial,Tecnología,Security Engineer,Ingeniería,IC2,False,2024-01-28,Indefinido,False,,BUK12446,Activo
BUK10759,Marco Salazar Bustamante,marco.bustamante@buk.example,M,1998-03-18,Venezolana,CO,CO,Híbrido,Operaciones,Especialista de Soporte Payroll Senior,Soporte,IC4,False,2024-06-08,Indefinido,False,,BUK10150,Desvinculado
BUK10760,Dra. Blanca Ramos,dra..ramos@buk.example,F,1998-11-24,Mexicana,MX,MX,Remoto,Operaciones,Agente de Soporte,Soporte,IC2,False,2026-06-03,Indefinido,False,,BUK10607,Activo
BUK10761,María Soto,maría.soto@buk.example,F,1991-03-08,Costarricense,CL,CO,Remoto,Comercial,SDR Semi Senior,Ventas,IC3,False,2022-05-07,Indefinido,False,,BUK10061,Activo
BUK10762,Arturo Fermín Cortés Leiva,arturo.leiva@buk.example,M,1992-08-29,Paraguaya,CL,CL,Híbrido,Administración,Analista Contable Semi Senior,Finanzas,IC3,False,2023-08-21,Indefinido,False,,BUK11068,Activo
BUK10763,Santiago Estévez-Escalona,santiago.estévez-escalona@buk.example,No binario / No informa,1989-01-18,Española,CO,CO,Remoto,Tecnología,Product Designer Senior,Producto,IC4,False,2026-05-04,Indefinido,False,Prefiero no responder,BUK10455,Activo
BUK10764,Giovanni Rodrigo Parra Espinoza,giovanni.espinoza@buk.example,M,1997-11-10,Peruana,CL,CL,Remoto,Operaciones,Especialista Payroll Ops Semi Senior,Operaciones,IC3,False,2020-12-14,Indefinido,False,,BUK10326,Desvinculado
BUK10765,Julie Moran,julie.moran@buk.example,F,1990-04-21,Canadiense,MX,MX,Híbrido,Administración,Analista de Cobranza Senior,Finanzas,IC4,False,2025-07-05,Indefinido,False,,BUK12266,Activo
BUK10766,Carmen Arcelia Cazares Solano,carmen.solano@buk.example,F,2000-12-06,Mexicana,CO,CO,Remoto,Comercial,Líder de Ventas,Ventas,M1,True,2025-05-18,Plazo fijo,False,,BUK10839,Activo
BUK10767,Sonia Espinoza Zárate,sonia.zárate@buk.example,F,2000-11-28,Argentina,PE,PE,Presencial,Operaciones,Project Manager de Implementación,Implementación,IC2,False,2022-07-18,Indefinido,False,,BUK10607,Activo
BUK10768,Benito Alsina Reig,benito.reig@buk.example,No binario / No informa,2000-06-09,Francesa,CO,CO,Remoto,Administración,Analista de Cobranza,Finanzas,IC2,False,2020-12-09,Indefinido,False,,BUK12465,Activo
BUK10769,Gabriel Leonardo Arias Hernández,gabriel.hernández@buk.example,M,1991-04-18,Argentina,MX,MX,Híbrido,Operaciones,Agente de Soporte Aprendiz,Soporte,IC1,False,2026-02-17,Indefinido,False,,BUK12337,Activo
BUK10770,Cristian Edgardo Guzmán Ulloa,cristian.ulloa@buk.example,M,2000-03-17,Chilena,CL,CL,Remoto,Comercial,Ejecutivo Comercial,Ventas,IC2,False,2025-06-17,Indefinido,False,,BUK10317,Activo
BUK10771,Luis Juan Bravo Díaz,luis.díaz@buk.example,M,1990-02-25,Chilena,MX,MX,Híbrido,Operaciones,Especialista Payroll Ops,Operaciones,IC2,False,2022-01-01,Indefinido,False,,BUK10322,Activo
BUK10772,Sofía Meza,sofía.meza@buk.example,F,1992-06-02,Chilena,CL,CL,Remoto,Comercial,Account Manager Senior,Customer Success,IC4,False,2025-08-06,Indefinido,False,,BUK12537,Desvinculado
BUK10773,Juan William Cardona,juan.cardona@buk.example,M,1992-08-15,Colombiana,CL,CL,Remoto,Operaciones,Consultor de Implementación Aprendiz,Implementación,IC1,False,2026-05-01,Indefinido,False,Prefiero no responder,BUK12338,Activo
BUK10774,Jos Juan Carlos Mora,jos.mora@buk.example,M,1996-02-28,Mexicana,CL,CL,Híbrido,Administración,Analista de Cobranza Aprendiz,Finanzas,IC1,False,2026-02-19,Indefinido,False,,BUK10844,Activo
BUK10775,Lic. Fabiola Ochoa,lic..ochoa@buk.example,F,2001-07-31,Mexicana,CL,CL,Presencial,Operaciones,Especialista de Soporte Payroll Semi Senior,Soporte,IC3,False,2025-12-11,Indefinido,False,,BUK12337,Activo
BUK10776,María Katerine López,maría.lópez@buk.example,F,2003-07-08,Colombiana,MX,MX,Presencial,Operaciones,Especialista Payroll Ops,Operaciones,IC2,False,2024-05-30,Indefinido,False,Prefiero no responder,BUK12572,Desvinculado
BUK10777,Gustavo Duarte,gustavo.duarte@buk.example,M,2005-08-31,Chilena,CO,CO,Híbrido,Operaciones,Consultor de Implementación Especialista,Implementación,IC5,False,2024-04-05,Indefinido,False,Sí,BUK10302,Desvinculado
BUK10778,Nataly Benítez,nataly.benítez@buk.example,F,1989-08-26,Peruana,MX,MX,Híbrido,Comercial,SDR Especialista,Ventas,IC5,False,2025-06-18,Indefinido,False,,BUK11097,Activo
BUK10779,Roberto Ospina,roberto.ospina@buk.example,M,1997-07-22,Colombiana,CL,CL,Híbrido,Operaciones,Agente de Soporte,Soporte,IC2,False,2022-12-27,Indefinido,False,,BUK12515,Activo
BUK10780,Martín Jara Hernández,martín.hernández@buk.example,M,1990-02-21,Argentina,PE,PE,Híbrido,Administración,Líder de Personas,Personas,M1,True,2026-04-28,Indefinido,True,Sí,BUK10890,Activo
BUK10781,Máximo Renato Díaz Jerez,máximo.jerez@buk.example,M,1991-10-14,Ecuatoriana,CO,BR,Híbrido,Operaciones,Project Manager de Implementación Senior,Implementación,IC4,False,2025-09-19,Plazo fijo,True,,BUK12337,Activo
BUK10782,Daniela Margarita Armijo Opazo,daniela.opazo@buk.example,F,1991-05-01,Peruana,CL,CL,Remoto,Operaciones,Especialista de Soporte Semi Senior,Soporte,IC3,False,2026-06-04,Indefinido,False,,BUK12572,Activo
BUK10783,Jacqueline Maite Sánchez Troncoso,jacqueline.troncoso@buk.example,F,1999-08-01,Chilena,CL,CL,Híbrido,Tecnología,UX Researcher,Producto,IC2,False,2021-06-16,Indefinido,False,,BUK12472,Desvinculado
BUK10784,Jorge Leonardo Contreras Rodríguez,jorge.rodríguez@buk.example,M,1996-11-21,Guatemalteca,PE,PE,Remoto,Comercial,Customer Success Manager Semi Senior,Customer Success,IC3,False,2023-07-27,Indefinido,False,Prefiero no responder,BUK12160,Activo
BUK10785,Camila Victoria Peña Zamora,camila.zamora@buk.example,F,2001-10-15,Ecuatoriana,CL,CL,Remoto,Comercial,Ejecutivo Comercial,Ventas,IC2,False,2026-02-15,Indefinido,False,Prefiero no responder,BUK11487,Desvinculado
BUK10786,Dra. Margarita Ramón,dra..ramón@buk.example,F,2005-08-31,Mexicana,CL,CL,Híbrido,Tecnología,Subgerente de Ingeniería,Ingeniería,M2,True,2021-08-01,Indefinido,False,Prefiero no responder,BUK11199,Activo
BUK10787,Oriana Valbuena Acero,oriana.acero@buk.example,F,1985-07-08,Española,CL,CL,Híbrido,Comercial,Especialista de Renovaciones,Customer Success,IC2,False,2023-04-30,Indefinido,False,,BUK10680,Desvinculado
BUK10788,Alicia Herrera Silva,alicia.silva@buk.example,F,2001-01-12,Chilena,CL,CL,Híbrido,Operaciones,Consultor de Implementación Semi Senior,Implementación,IC3,False,2025-09-12,Indefinido,True,,BUK12515,Activo
BUK10789,Agustina Renata Cárcamo Collao,agustina.collao@buk.example,F,1991-03-13,Chilena,CL,CL,Híbrido,Operaciones,Líder de Soporte,Soporte,M1,True,2026-03-26,Plazo fijo,False,,BUK10684,Activo
BUK10790,Lizeth Franco,lizeth.franco@buk.example,F,2005-08-31,Colombiana,CL,PT,Híbrido,Comercial,Growth Marketer Aprendiz,Marketing,IC1,False,2024-08-07,Indefinido,False,,BUK10477,Activo
BUK10791,Anahí Mondaca Rodríguez,anahí.rodríguez@buk.example,F,1990-10-05,Ecuatoriana,BR,BR,Híbrido,Comercial,Brand Manager,Marketing,IC2,False,2026-07-05,Indefinido,False,Prefiero no responder,BUK10812,Activo
BUK10792,Miguel Ángel Figueroa,miguel.figueroa@buk.example,M,1995-12-21,Mexicana,CL,CL,Híbrido,Comercial,Líder de Customer Success,Customer Success,M1,True,2023-05-11,Indefinido,False,,BUK10630,Activo
BUK10793,José González Rodríguez,josé.rodríguez@buk.example,M,1992-05-31,Colombiana,CL,CL,Presencial,Comercial,Customer Success Manager Semi Senior,Customer Success,IC3,False,2024-09-11,Indefinido,False,,BUK12027,Activo
BUK10794,Zacarías Clemente Ibarra Robles,zacarías.robles@buk.example,M,1993-06-10,Mexicana,CL,CL,Remoto,Tecnología,People Analytics Semi Senior,Datos,IC3,False,2021-05-03,Indefinido,False,Prefiero no responder,BUK10455,Activo
BUK10795,Nancy Lowery,nancy.lowery@buk.example,F,1997-11-13,Estadounidense,CL,CL,Remoto,Operaciones,Analista de Operaciones Semi Senior,Operaciones,IC3,False,2026-01-27,Indefinido,False,,BUK10478,Desvinculado
BUK10796,Luciano Franco Silva Aguilar,luciano.aguilar@buk.example,M,1994-03-25,Chilena,CL,CL,Híbrido,Tecnología,Líder de Ingeniería,Ingeniería,M1,True,2021-10-25,Indefinido,False,,BUK10262,Activo
BUK10797,Arturo Modesto Magaña Blanco,arturo.blanco@buk.example,M,1986-01-11,Mexicana,CL,CL,Remoto,Administración,Talent Acquisition Semi Senior,Personas,IC3,False,2024-11-26,Indefinido,False,,BUK12394,Activo
BUK10798,Pascual Omar Sanabria,pascual.sanabria@buk.example,M,1995-11-09,Mexicana,BR,BR,Híbrido,Comercial,Líder de Ventas,Ventas,M1,True,2025-01-01,Indefinido,False,Prefiero no responder,BUK11468,Activo
BUK10799,Camila Jeniffer Caro Figueroa,camila.figueroa@buk.example,F,1995-08-23,Boliviana,CO,AR,Remoto,Comercial,SDR Semi Senior,Ventas,IC3,False,2025-07-23,Indefinido,False,,BUK11407,Activo
BUK10800,Juan Limón,juan.limón@buk.example,No binario / No informa,1992-04-07,Mexicana,MX,MX,Remoto,Operaciones,Líder de Implementación,Implementación,M1,True,2025-11-06,Indefinido,False,,BUK11301,Activo
BUK10801,Maximiliano José Vargas Sepúlveda,maximiliano.sepúlveda@buk.example,M,1994-11-20,Chilena,CL,CL,Remoto,Comercial,Account Manager,Customer Success,IC2,False,2026-05-23,Indefinido,False,,BUK11407,Activo
BUK10802,Francisca Fernández Pérez,francisca.pérez@buk.example,F,1995-08-24,Peruana,CL,CL,Híbrido,Tecnología,Security Engineer Semi Senior,Ingeniería,IC3,False,2025-12-30,Indefinido,False,Prefiero no responder,BUK11183,Desvinculado
BUK10803,Julieta Antonia Zúñiga Maureira,julieta.maureira@buk.example,F,1999-08-23,Argentina,CL,ES,Híbrido,Comercial,Customer Success Manager Aprendiz,Customer Success,IC1,False,2024-08-29,Indefinido,False,,BUK12310,Activo
BUK10804,Rodrigo Uriel de la Garza,rodrigo.garza@buk.example,M,1990-08-31,Mexicana,BR,BR,Híbrido,Tecnología,Líder de Producto,Producto,M1,True,2025-01-01,Indefinido,False,,BUK11049,Activo
BUK10805,María Romero Moreno,maría.moreno@buk.example,F,1996-03-20,Colombiana,CL,CL,Remoto,Operaciones,Especialista de Soporte Semi Senior,Soporte,IC3,False,2025-03-31,Indefinido,False,Sí,BUK11993,Activo
BUK10806,Roxana Jiménez Acuña,roxana.acuña@buk.example,F,1995-03-24,Boliviana,MX,MX,Remoto,Tecnología,Data Engineer Aprendiz,Ingeniería,IC1,False,2025-11-26,Indefinido,False,,BUK11152,Activo
BUK10807,Lisa Wong,lisa.wong@buk.example,F,2001-02-12,Estadounidense,CL,CL,Híbrido,Comercial,SDR Aprendiz,Ventas,IC1,False,2025-07-12,Indefinido,False,,BUK12160,Desvinculado
BUK10808,Trinidad Lidia Fernández Arcos,trinidad.arcos@buk.example,F,1997-03-15,Peruana,BR,BR,Remoto,Comercial,Account Manager Aprendiz,Customer Success,IC1,False,2025-01-01,Indefinido,False,Sí,BUK10595,Activo
BUK10809,Félix Cristopher González Pérez,félix.pérez@buk.example,M,2001-01-10,Boliviana,MX,MX,Híbrido,Tecnología,Product Manager Senior,Producto,IC4,False,2026-03-21,Indefinido,False,Sí,BUK12499,Activo
BUK10810,Lance Neal III,lance.iii@buk.example,M,1993-09-06,Estadounidense,PE,PE,Presencial,Tecnología,Data Engineer Semi Senior,Ingeniería,IC3,False,2023-06-25,Indefinido,False,,BUK10455,Activo
BUK10811,Mateo Antonio Bugueño Muñoz,mateo.muñoz@buk.example,M,1992-04-16,Chilena,PE,PE,Remoto,Operaciones,Especialista de Soporte Payroll Semi Senior,Soporte,IC3,False,2025-10-23,Indefinido,False,,BUK10326,Desvinculado
BUK10812,Oriana Florinda Arco Amor,oriana.amor@buk.example,F,1984-06-21,Alemana,CL,CL,Híbrido,Comercial,Líder de Customer Success,Customer Success,M1,True,2022-04-15,Indefinido,False,Prefiero no responder,BUK11054,Activo
BUK10813,Elsa Ana Sandoval Díaz,elsa.díaz@buk.example,F,2000-01-27,Venezolana,MX,MX,Híbrido,Operaciones,Project Manager de Implementación Semi Senior,Implementación,IC3,False,2023-10-05,Indefinido,False,Sí,BUK10453,Activo
BUK10814,Valeria Amanda Meléndez Jara,valeria.jara@buk.example,F,1991-06-18,Argentina,MX,PE,Híbrido,Comercial,Especialista de Renovaciones Semi Senior,Customer Success,IC3,False,2023-07-14,Indefinido,False,,BUK11240,Activo
BUK10815,Arthur Câmara,arthur.câmara@buk.example,M,1993-04-01,Portuguesa,BR,BR,Remoto,Comercial,Ejecutivo Comercial Semi Senior,Ventas,IC3,False,2025-01-01,Indefinido,False,,BUK10248,Desvinculado
BUK10816,María Yolanda Pinto Correa,maría.correa@buk.example,F,1990-02-26,Chilena,PE,PE,Remoto,Tecnología,Security Engineer Semi Senior,Ingeniería,IC3,False,2023-06-23,Indefinido,False,,BUK11305,Activo
BUK10817,Leticia Alejandro,leticia.alejandro@buk.example,F,1986-05-06,Mexicana,CL,CL,Remoto,Comercial,Ejecutivo Comercial,Ventas,IC2,False,2023-09-09,Indefinido,False,Sí,BUK10408,Desvinculado
BUK10818,Jaime Ricardo Cabello Rojas,jaime.rojas@buk.example,M,2000-01-13,Argentina,BR,BR,Híbrido,Operaciones,Especialista de Soporte,Soporte,IC2,False,2026-04-01,Indefinido,False,,BUK10274,Desvinculado
BUK10819,Manuel Farías,manuel.farías@buk.example,M,1994-12-19,Chilena,CL,CL,Híbrido,Operaciones,Agente de Soporte Semi Senior,Soporte,IC3,False,2025-10-20,Indefinido,False,,BUK11881,Activo
BUK10820,Camilo Ernesto Beltrán,camilo.beltrán@buk.example,M,1996-01-02,Colombiana,CL,CL,Remoto,Comercial,Especialista de Renovaciones,Customer Success,IC2,False,2026-03-20,Indefinido,False,,BUK12094,Activo
BUK10821,Rodrigo Fuentes Tapia,rodrigo.tapia@buk.example,M,1991-01-22,Argentina,MX,MX,Remoto,Comercial,Customer Success Manager Aprendiz,Customer Success,IC1,False,2022-05-12,Indefinido,False,,BUK11067,Activo
BUK10822,Moisés Matías Orellana Maturana,moisés.maturana@buk.example,M,2005-08-31,Chilena,CL,CL,Híbrido,Administración,Especialista de Formación Aprendiz,Personas,IC1,False,2025-04-09,Indefinido,False,,BUK11435,Desvinculado
BUK10823,Alejandra Susana Gómez Márquez,alejandra.márquez@buk.example,F,1998-11-24,Peruana,CL,PE,Remoto,Comercial,Customer Success Manager Especialista,Customer Success,IC5,False,2025-05-24,Indefinido,False,,BUK10574,Activo
BUK10824,Emilio Juan Saavedra Mella,emilio.mella@buk.example,M,1999-03-17,Argentina,MX,MX,Híbrido,Operaciones,Project Manager de Implementación,Implementación,IC2,False,2025-11-15,Plazo fijo,False,,BUK11023,Activo
BUK10825,Pedro Mauricio Apablaza Cid,pedro.cid@buk.example,M,1991-08-15,Chilena,MX,MX,Híbrido,Tecnología,UX Researcher Aprendiz,Producto,IC1,False,2024-08-29,Indefinido,False,,BUK10866,Activo
BUK10826,Gloria Velásquez,gloria.velásquez@buk.example,F,2005-08-02,Chilena,CL,CL,Remoto,Operaciones,Project Manager de Implementación,Implementación,IC2,False,2024-05-25,Indefinido,False,Sí,BUK11964,Activo
BUK10827,Luis Urrutia Navarro,luis.navarro@buk.example,M,1987-07-23,Dominicana,CL,CL,Remoto,Operaciones,Project Manager de Implementación,Implementación,IC2,False,2026-04-25,Indefinido,False,,BUK10322,Activo
BUK10828,Constanza Hernández Araya,constanza.araya@buk.example,F,1992-10-06,Peruana,BR,BR,Remoto,Tecnología,Software Engineer Aprendiz,Ingeniería,IC1,False,2025-01-01,Indefinido,False,Prefiero no responder,BUK11573,Activo
BUK10829,María Luisa Muñoz Soto,maría.soto@buk.example,F,1996-04-13,Chilena,MX,MX,Híbrido,Comercial,SDR Aprendiz,Ventas,IC1,False,2026-05-06,Plazo fijo,False,,BUK11487,Activo
BUK10830,Daniel Hernández Bustamante,daniel.bustamante@buk.example,M,2001-01-22,Chilena,PE,PE,Remoto,Administración,Control de Gestión,Finanzas,IC2,False,2024-06-19,Indefinido,False,,BUK11435,Activo
BUK10831,Benjamin Roberto Zamora Gómez,benjamin.gómez@buk.example,M,1991-12-31,Peruana,CL,CL,Remoto,Tecnología,SRE Semi Senior,Ingeniería,IC3,False,2026-05-26,Indefinido,False,Prefiero no responder,BUK12165,Activo
BUK10832,Ángel David Orozco,ángel.orozco@buk.example,M,2002-04-14,Colombiana,MX,MX,Híbrido,Tecnología,Subgerente de Ingeniería,Ingeniería,M2,True,2022-06-12,Indefinido,False,,BUK11227,Activo
BUK10833,Juan Jonathan Orrego Fuentes,juan.fuentes@buk.example,M,1999-09-22,Costarricense,CL,CL,Híbrido,Tecnología,Líder de Ingeniería,Ingeniería,M1,True,2023-10-25,Indefinido,False,,BUK12090,Activo
BUK10834,Jesusa Duque Batlle,jesusa.batlle@buk.example,F,2004-09-23,Española,BR,AR,Híbrido,Operaciones,Consultor de Implementación Senior,Implementación,IC4,False,2025-01-01,Indefinido,False,,BUK12572,Desvinculado
BUK10835,Gustavo Alexis Pérez Jiménez,gustavo.jiménez@buk.example,No binario / No informa,1999-03-13,Colombiana,CL,CL,Híbrido,Operaciones,Agente de Soporte Senior,Soporte,IC4,False,2025-10-03,Indefinido,False,,BUK11001,Desvinculado
BUK10836,Janet Mena,janet.mena@buk.example,F,1999-05-29,Chilena,CO,CO,Híbrido,Operaciones,Agente de Soporte Semi Senior,Soporte,IC3,False,2023-11-28,Indefinido,False,,BUK11027,Activo
BUK10837,Benjamín Baca,benjamín.baca@buk.example,M,1993-09-04,Mexicana,MX,MX,Remoto,Tecnología,Security Engineer Senior,Ingeniería,IC4,False,2024-11-28,Plazo fijo,False,Sí,BUK10250,Activo
BUK10838,Consuelo García,consuelo.garcía@buk.example,F,1998-12-31,Colombiana,CL,CL,Remoto,Comercial,Account Manager Aprendiz,Customer Success,IC1,False,2025-02-25,Indefinido,False,Sí,BUK10665,Activo
BUK10839,Kristina Love,kristina.love@buk.example,F,1990-12-07,Canadiense,CL,CL,Presencial,Comercial,Subgerente de Ventas,Ventas,M2,True,2026-05-19,Indefinido,False,Sí,BUK10621,Activo
BUK10840,Kaique da Cruz,kaique.cruz@buk.example,M,2000-08-29,Brasileña,BR,BR,Remoto,Operaciones,Especialista de Soporte Aprendiz,Soporte,IC1,False,2025-02-14,Indefinido,False,Prefiero no responder,BUK12229,Activo
BUK10841,Lucía Gladys Correa,lucía.correa@buk.example,F,1987-01-11,Colombiana,PE,PE,Presencial,Comercial,Growth Marketer Semi Senior,Marketing,IC3,False,2025-07-09,Indefinido,False,Prefiero no responder,BUK11177,Desvinculado
BUK10842,María Karen Gutiérrez Cabezas,maría.cabezas@buk.example,F,1984-02-24,Chilena,CL,CL,Híbrido,Comercial,Account Executive Aprendiz,Ventas,IC1,False,2025-06-02,Indefinido,False,,BUK10619,Activo
BUK10843,Jazmín Pérez,jazmín.pérez@buk.example,F,1997-01-13,Chilena,PE,PE,Remoto,Tecnología,SRE,Ingeniería,IC2,False,2022-09-23,Indefinido,False,,BUK10183,Activo
BUK10844,Sr. Salvador Tello,sr..tello@buk.example,M,1997-07-10,Mexicana,CL,CL,Híbrido,Administración,Líder de Personas,Personas,M1,True,2025-12-16,Indefinido,False,,BUK12127,Desvinculado
BUK10845,Gerardo Thomás Lazo Sandoval,gerardo.sandoval@buk.example,M,2003-04-22,Venezolana,CL,CL,Presencial,Comercial,Subgerente de Marketing,Marketing,M2,True,2026-01-30,Indefinido,False,,BUK12586,Activo
BUK10846,Jorge Jhon Carvajal López,jorge.lópez@buk.example,M,1994-09-28,Chilena,MX,MX,Híbrido,Administración,People Happiness Manager,Personas,IC2,False,2025-02-07,Indefinido,False,,BUK10746,Activo
BUK10847,Ainara Cerdá Sanchez,ainara.sanchez@buk.example,F,1986-07-31,Española,MX,ES,Remoto,Tecnología,SRE,Ingeniería,IC2,False,2026-03-23,Indefinido,False,Sí,BUK10708,Desvinculado
BUK10848,Ariel Araya,ariel.araya@buk.example,M,1995-12-16,Argentina,CL,CL,Remoto,Tecnología,SRE,Ingeniería,IC2,False,2025-05-31,Indefinido,False,Prefiero no responder,BUK12283,Activo
BUK10849,Mateo Bernardo Inostroza Ibáñez,mateo.ibáñez@buk.example,M,1985-08-24,Chilena,MX,MX,Remoto,Operaciones,Especialista de Soporte Senior,Soporte,IC4,False,2025-01-03,Indefinido,False,,BUK11993,Activo
BUK10850,Clara Jiménez Rojas,clara.rojas@buk.example,F,1989-05-19,Chilena,CO,CO,Híbrido,Operaciones,Especialista de Soporte Payroll,Soporte,IC2,False,2025-06-17,Indefinido,False,Prefiero no responder,BUK10274,Desvinculado
BUK10851,Jaime Francisco Gutiérrez Ortiz,jaime.ortiz@buk.example,M,1997-03-23,Chilena,CL,CL,Híbrido,Operaciones,Consultor de Implementación Especialista,Implementación,IC5,False,2022-12-11,Indefinido,False,Prefiero no responder,BUK11964,Activo
BUK10852,Alison Romero,alison.romero@buk.example,F,1990-12-24,Venezolana,BR,BR,Híbrido,Tecnología,Líder de Ingeniería,Ingeniería,M1,True,2025-12-25,Indefinido,False,,BUK12270,Activo
BUK10853,Tomás Emmanuel Castillo Acuña,tomás.acuña@buk.example,M,1997-10-24,Venezolana,CO,CO,Híbrido,Comercial,SDR,Ventas,IC2,False,2020-12-25,Indefinido,False,,BUK11596,Desvinculado
BUK10854,Roberto Saldivia,roberto.saldivia@buk.example,M,2001-06-20,Paraguaya,PE,PE,Remoto,Comercial,Account Executive Aprendiz,Ventas,IC1,False,2026-01-10,Indefinido,False,,BUK10975,Desvinculado
BUK10855,Sra. Camila Vargas,sra..vargas@buk.example,F,1996-09-27,Brasileña,MX,MX,Remoto,Administración,Especialista de Formación Aprendiz,Personas,IC1,False,2023-12-12,Indefinido,False,,BUK11068,Activo
BUK10856,Elena Mosquera Leal,elena.leal@buk.example,F,1992-03-19,Colombiana,CO,CO,Híbrido,Tecnología,Software Engineer Semi Senior,Ingeniería,IC3,False,2026-01-30,Indefinido,False,Sí,BUK10906,Activo
BUK10857,Dany Pinto,dany.pinto@buk.example,M,1990-12-13,Colombiana,CO,CO,Remoto,Administración,Abogado Corporativo,Legal,IC2,False,2026-02-08,Plazo fijo,False,,BUK10442,Desvinculado
BUK10858,Joaquín Norambuena Mancilla,joaquín.mancilla@buk.example,M,1995-11-05,Uruguaya,CL,CL,Híbrido,Operaciones,Especialista Payroll Ops Aprendiz,Operaciones,IC1,False,2024-06-01,Indefinido,False,,BUK10867,Activo
BUK10859,Maricel Magaly Navarrete Cofré,maricel.cofré@buk.example,F,2002-09-16,Chilena,MX,MX,Híbrido,Operaciones,Especialista de Soporte Especialista,Soporte,IC5,False,2022-01-01,Indefinido,False,,BUK11607,Desvinculado
BUK10860,Zacarías Marco Antonio Gallegos Camarillo,zacarías.camarillo@buk.example,M,1994-11-13,Mexicana,CL,CL,Híbrido,Operaciones,Analista de Operaciones Semi Senior,Operaciones,IC3,False,2023-04-17,Indefinido,False,,BUK10019,Activo
BUK10861,Paulina Díaz González,paulina.gonzález@buk.example,F,1999-06-21,Peruana,CL,CL,Híbrido,Comercial,Account Manager Semi Senior,Customer Success,IC3,False,2023-12-02,Indefinido,False,Prefiero no responder,BUK10665,Desvinculado
BUK10862,Antonia Martínez Muñoz,antonia.muñoz@buk.example,F,1999-07-15,Chilena,CL,CL,Remoto,Tecnología,SRE Senior,Ingeniería,IC4,False,2026-05-07,Indefinido,False,,BUK12615,Activo
BUK10863,Sandra Marcela Salcedo,sandra.salcedo@buk.example,F,2001-05-05,Colombiana,CO,CO,Híbrido,Comercial,Customer Success Manager Semi Senior,Customer Success,IC3,False,2021-12-16,Indefinido,False,,BUK10595,Activo
BUK10864,Fabiola Alicia Lagos Morales,fabiola.morales@buk.example,F,1993-06-02,Chilena,CL,CL,Híbrido,Comercial,SDR Aprendiz,Ventas,IC1,False,2026-01-29,Indefinido,False,Prefiero no responder,BUK10029,Desvinculado
BUK10865,Tatiana Caballero Ocaña,tatiana.ocaña@buk.example,F,1992-11-22,Española,CL,CL,Remoto,Operaciones,Especialista de Soporte Senior,Soporte,IC4,False,2022-08-21,Plazo fijo,False,,BUK12554,Activo
BUK10866,Claudia Paula Díaz Durán,claudia.durán@buk.example,F,1985-04-24,Uruguaya,CL,CL,Remoto,Tecnología,Líder de Datos,Datos,M1,True,2025-12-01,Indefinido,False,,BUK10262,Desvinculado
BUK10867,Johan Luis Pérez Soto,johan.soto@buk.example,M,1997-08-22,Peruana,CO,CO,Híbrido,Operaciones,Líder de Soporte,Soporte,M1,True,2024-03-21,Indefinido,False,Prefiero no responder,BUK10919,Activo
BUK10868,Ana Morales,ana.morales@buk.example,F,1991-11-24,Chilena,CL,CL,Híbrido,Comercial,Especialista de Renovaciones,Customer Success,IC2,False,2025-07-23,Indefinido,False,Sí,BUK10600,Activo
BUK10869,Sophie Porto,sophie.porto@buk.example,F,2005-08-31,Brasileña,CL,MX,Presencial,Operaciones,Agente de Soporte,Soporte,IC2,False,2025-11-21,Indefinido,False,,BUK12554,Activo
BUK10870,Cynthia Sánchez Galleguillos,cynthia.galleguillos@buk.example,F,1990-10-07,Chilena,CL,CL,Remoto,Operaciones,Analista de Operaciones Aprendiz,Operaciones,IC1,False,2021-06-12,Indefinido,False,,BUK11827,Activo
BUK10871,Dorotea Naranjo Cerro,dorotea.cerro@buk.example,F,1989-08-30,Francesa,CL,CL,Híbrido,Operaciones,Analista de Operaciones Semi Senior,Operaciones,IC3,False,2023-11-27,Indefinido,False,,BUK10714,Activo
BUK10872,Matías Uribe-Alvarado,matías.uribe-alvarado@buk.example,M,1993-12-20,Argentina,CL,CL,Híbrido,Tecnología,Product Manager,Producto,IC2,False,2024-01-16,Indefinido,False,,BUK11396,Desvinculado
BUK10873,Ariel Mansilla Moreno,ariel.moreno@buk.example,M,1998-10-09,Chilena,CL,CL,Híbrido,Comercial,Brand Manager Aprendiz,Marketing,IC1,False,2025-09-07,Indefinido,False,,BUK11676,Activo
BUK10874,Mariana Sandra Díaz Valencia,mariana.valencia@buk.example,F,1983-03-02,Chilena,MX,MX,Remoto,Comercial,Ejecutivo Comercial Semi Senior,Ventas,IC3,False,2026-05-28,Indefinido,False,,BUK11546,Desvinculado
BUK10875,Bertha Cielo Granados Delgado,bertha.delgado@buk.example,F,2001-04-15,Colombiana,CO,PE,Remoto,Operaciones,Especialista de Soporte Payroll Senior,Soporte,IC4,False,2023-12-24,Indefinido,False,,BUK12338,Activo
BUK10876,Felipe Ramiro Castro Ramírez,felipe.ramírez@buk.example,M,1986-07-27,Chilena,CL,CL,Remoto,Comercial,Content Manager Aprendiz,Marketing,IC1,False,2025-05-13,Indefinido,False,,BUK11837,Activo
BUK10877,Margarita María Rubilar Garrido,margarita.garrido@buk.example,F,1996-03-24,Argentina,CO,CO,Remoto,Operaciones,Especialista de Soporte Payroll,Soporte,IC2,False,2024-01-15,Indefinido,False,Sí,BUK11780,Desvinculado
BUK10878,José Vidal Rosales,josé.rosales@buk.example,M,2005-08-31,Chilena,CL,CL,Presencial,Tecnología,SRE Semi Senior,Ingeniería,IC3,False,2023-12-17,Indefinido,False,,BUK10114,Activo
BUK10879,Juan Enrique Plaza Velásquez,juan.velásquez@buk.example,M,2004-11-01,Peruana,CL,CL,Híbrido,Operaciones,Agente de Soporte Senior,Soporte,IC4,False,2022-07-30,Indefinido,False,,BUK11827,Activo
BUK10880,Horacio Duarte Córdova,horacio.córdova@buk.example,M,1997-05-11,Mexicana,CL,CL,Remoto,Comercial,Growth Marketer Semi Senior,Marketing,IC3,False,2026-05-25,Indefinido,False,,BUK11097,Activo
BUK10881,Ximena Miriam Yáñez Quiroz,ximena.quiroz@buk.example,F,1994-05-05,Chilena,MX,MX,Híbrido,Tecnología,Líder de Ingeniería,Ingeniería,M1,True,2023-06-15,Plazo fijo,False,Prefiero no responder,BUK10156,Desvinculado
BUK10882,Yesid Manuel Ortega,yesid.ortega@buk.example,M,2002-07-02,Colombiana,CL,CL,Remoto,Tecnología,Security Engineer Semi Senior,Ingeniería,IC3,False,2024-07-27,Indefinido,False,,BUK12165,Activo
BUK10883,Margarita Pozo Polo,margarita.polo@buk.example,F,2003-11-07,Española,BR,BR,Presencial,Tecnología,Líder de Producto,Producto,M1,True,2025-01-01,Plazo fijo,False,,BUK11288,Desvinculado
BUK10884,Matías Peña,matías.peña@buk.example,M,1993-01-13,Peruana,CL,CL,Híbrido,Operaciones,Subgerente de Operaciones,Operaciones,M2,True,2025-04-18,Indefinido,False,,BUK11277,Activo
BUK10885,José Pérez,josé.pérez@buk.example,M,2000-05-02,Chilena,CL,CL,Remoto,Operaciones,Especialista Payroll Ops Aprendiz,Operaciones,IC1,False,2025-04-21,Indefinido,False,,BUK10691,Desvinculado
BUK10886,Ing. Samuel Alfaro,ing..alfaro@buk.example,M,1980-12-11,Mexicana,CL,CL,Híbrido,Operaciones,Consultor de Implementación Aprendiz,Implementación,IC1,False,2024-08-20,Plazo fijo,False,,BUK11993,Activo
BUK10887,Armando Rodolfo Rivero,armando.rivero@buk.example,M,1996-06-13,Mexicana,CL,CL,Presencial,Comercial,Account Manager Semi Senior,Customer Success,IC3,False,2025-11-13,Indefinido,False,Sí,BUK12641,Activo
BUK10888,Isolina Krishna Valenzuela Santos,isolina.santos@buk.example,F,2005-08-30,Argentina,MX,MX,Remoto,Tecnología,Software Engineer Semi Senior,Ingeniería,IC3,False,2024-07-22,Indefinido,False,,BUK10059,Activo
BUK10889,Bernardita Luz Guerrero Valladares,bernardita.valladares@buk.example,F,1987-12-22,Argentina,CL,CL,Remoto,Administración,Talent Acquisition Especialista,Personas,IC5,False,2025-07-09,Indefinido,False,,BUK11815,Desvinculado
BUK10890,Mónica Macarena Fernández Faúndez,mónica.faúndez@buk.example,F,1998-05-16,Chilena,MX,MX,Híbrido,Administración,Subgerente de Personas,Personas,M2,True,2025-10-22,Indefinido,False,,BUK11276,Activo
BUK10891,Álvaro Fuentes Salinas,álvaro.salinas@buk.example,M,1997-11-12,Cubana,BR,BR,Híbrido,Comercial,Especialista de Renovaciones,Customer Success,IC2,False,2026-01-11,Indefinido,False,Prefiero no responder,BUK10248,Activo
BUK10892,José Benjamín Andrade Donoso,josé.donoso@buk.example,M,1996-06-03,Chilena,PE,PE,Híbrido,Operaciones,Especialista Payroll Ops Senior,Operaciones,IC4,False,2024-04-20,Indefinido,False,,BUK10949,Activo
BUK10893,Tomás Ojeda Vega,tomás.vega@buk.example,M,2004-01-21,Argentina,CL,PT,Remoto,Tecnología,Data Engineer,Ingeniería,IC2,False,2024-05-23,Indefinido,False,,BUK12499,Desvinculado
BUK10894,Yanara Fabiola Agurto González,yanara.gonzález@buk.example,F,1991-10-18,Peruana,CL,CL,Híbrido,Comercial,Customer Success Manager,Customer Success,IC2,False,2025-06-03,Indefinido,False,,BUK11070,Desvinculado
BUK10895,Ilse Escobedo Urbina,ilse.urbina@buk.example,F,1992-11-04,Mexicana,CL,CL,Híbrido,Tecnología,Software Engineer Semi Senior,Ingeniería,IC3,False,2025-11-27,Indefinido,False,Prefiero no responder,BUK11580,Activo
BUK10896,Makarena Jara Oyarzún,makarena.oyarzún@buk.example,F,1999-09-17,Boliviana,CO,CO,Presencial,Comercial,Especialista de Renovaciones Semi Senior,Customer Success,IC3,False,2024-10-30,Plazo fijo,False,,BUK10689,Activo
BUK10897,Gabriel Soto Gatica,gabriel.gatica@buk.example,M,1992-08-09,Venezolana,CO,CO,Híbrido,Operaciones,Especialista de Soporte Especialista,Soporte,IC5,False,2025-01-11,Indefinido,False,,BUK10326,Activo
BUK10898,Denisse Ana Velásquez Valenzuela,denisse.valenzuela@buk.example,F,2003-10-22,Chilena,CL,CL,Remoto,Administración,Especialista de Formación Especialista,Personas,IC5,False,2025-08-22,Indefinido,False,,BUK10348,Activo
BUK10899,Esteban González Merino,esteban.merino@buk.example,M,2003-01-01,Chilena,MX,MX,Híbrido,Operaciones,Project Manager de Implementación Semi Senior,Implementación,IC3,False,2025-12-08,Indefinido,False,,BUK12515,Activo
BUK10900,Catalina Valeria Contreras Jaque,catalina.jaque@buk.example,F,1988-12-24,Chilena,CL,CL,Remoto,Administración,Líder de Personas,Personas,M1,True,2017-01-01,Indefinido,False,,BUK11817,Activo
BUK10901,Antonia Bernardita Pacheco Chandía,antonia.chandía@buk.example,F,1988-07-25,Chilena,CL,CL,Remoto,Administración,Analista Contable,Finanzas,IC2,False,2025-05-01,Indefinido,False,,BUK10159,Desvinculado
BUK10902,Eduardo Alexander Martínez Carmona,eduardo.carmona@buk.example,M,1983-11-03,Colombiana,CL,PT,Híbrido,Administración,Control de Gestión Semi Senior,Finanzas,IC3,False,2020-04-21,Indefinido,False,,BUK11373,Desvinculado
BUK10903,Brayan Saavedra-Montoya Morales,brayan.morales@buk.example,M,1987-02-17,Chilena,MX,MX,Remoto,Tecnología,SRE Aprendiz,Ingeniería,IC1,False,2025-02-27,Indefinido,False,,BUK10114,Desvinculado
BUK10904,Eduardo Fuentes Acevedo,eduardo.acevedo@buk.example,M,1993-11-12,Ecuatoriana,MX,MX,Remoto,Tecnología,QA Engineer Senior,Ingeniería,IC4,False,2025-12-08,Indefinido,False,,BUK11573,Activo
BUK10905,Arturo Miguel Ángel Mena,arturo.mena@buk.example,M,2005-08-31,Mexicana,CL,CL,Remoto,Comercial,Ejecutivo Comercial Especialista,Ventas,IC5,False,2024-12-17,Indefinido,False,,BUK10623,Activo
BUK10906,Hilda Morales,hilda.morales@buk.example,F,1996-05-19,Mexicana,CL,PT,Híbrido,Tecnología,Líder de Datos,Datos,M1,True,2023-04-24,Indefinido,False,,BUK10491,Activo
BUK10907,Sandra Josefa Montero Valdés,sandra.valdés@buk.example,F,2003-08-16,Argentina,MX,MX,Híbrido,Comercial,SDR,Ventas,IC2,False,2025-02-03,Indefinido,False,Sí,BUK10564,Activo
BUK10908,Gabriela Rosa Villalobos Martínez,gabriela.martínez@buk.example,F,1993-08-28,Chilena,CL,CL,Híbrido,Tecnología,People Analytics Aprendiz,Datos,IC1,False,2026-04-26,Indefinido,False,,BUK10183,Activo
BUK10909,Santiago Félix Pincheira González,santiago.gonzález@buk.example,M,1987-11-13,Chilena,CL,CL,Remoto,Administración,Abogado Corporativo Aprendiz,Legal,IC1,False,2026-06-12,Indefinido,False,,BUK10462,Activo
BUK10910,Luz Rivera Torres,luz.torres@buk.example,F,1989-05-23,Colombiana,CL,AR,Híbrido,Comercial,Líder de Customer Success,Customer Success,M1,True,2022-07-16,Indefinido,False,Prefiero no responder,BUK11054,Activo
BUK10911,Inés Fuentes Cruz,inés.cruz@buk.example,F,1999-02-18,Uruguaya,CL,CL,Híbrido,Operaciones,Especialista Payroll Ops Senior,Operaciones,IC4,False,2025-09-29,Indefinido,False,Prefiero no responder,BUK10949,Activo
BUK10912,Guillermo Víctor Cordero Pavez,guillermo.pavez@buk.example,M,1988-02-19,Chilena,CL,CL,Remoto,Operaciones,Analista de Operaciones Aprendiz,Operaciones,IC1,False,2026-01-31,Indefinido,False,,BUK10326,Desvinculado
BUK10913,Lic. Barbara Saldaña,lic..saldaña@buk.example,F,1993-07-08,Mexicana,CL,CL,Híbrido,Operaciones,Especialista de Soporte Payroll Senior,Soporte,IC4,False,2023-12-13,Indefinido,False,Prefiero no responder,BUK12554,Activo
BUK10914,Santiago Jaime Lara Urra,santiago.urra@buk.example,M,2005-08-31,Venezolana,CL,CL,Remoto,Tecnología,QA Engineer,Ingeniería,IC2,False,2024-08-25,Indefinido,False,,BUK10796,Activo
BUK10915,Anselmo Tapia Herrera,anselmo.herrera@buk.example,No binario / No informa,2001-06-19,Chilena,CL,PT,Híbrido,Tecnología,Security Engineer,Ingeniería,IC2,False,2026-04-11,Indefinido,False,Sí,BUK12311,Activo
BUK10916,Rosalba Liliana Ordóñez Pacheco,rosalba.pacheco@buk.example,F,1993-09-15,Colombiana,CL,BR,Remoto,Operaciones,Analista de Operaciones Semi Senior,Operaciones,IC3,False,2026-05-17,Indefinido,False,,BUK12151,Activo
BUK10917,Christian Hernández Oyarce,christian.oyarce@buk.example,M,2000-08-19,Boliviana,MX,MX,Remoto,Tecnología,Security Engineer Senior,Ingeniería,IC4,False,2025-07-23,Indefinido,False,,BUK11580,Activo
BUK10918,Edilberto Chaparro,edilberto.chaparro@buk.example,M,1993-06-29,Colombiana,CL,CL,Híbrido,Tecnología,SRE Especialista,Ingeniería,IC5,False,2023-03-05,Indefinido,False,Sí,BUK12311,Activo
BUK10919,Álvaro González Hurtado,álvaro.hurtado@buk.example,M,1999-02-23,Venezolana,MX,MX,Remoto,Operaciones,Subgerente de Soporte,Soporte,M2,True,2023-03-08,Indefinido,False,,BUK11991,Activo
BUK10920,Arbey Elkin Jaramillo,arbey.jaramillo@buk.example,M,1989-12-12,Colombiana,CL,CL,Híbrido,Tecnología,Software Engineer Semi Senior,Ingeniería,IC3,False,2026-07-09,Indefinido,False,Prefiero no responder,BUK10241,Activo
BUK10921,Noemí Sanches,noemí.sanches@buk.example,F,1985-02-14,Mexicana,MX,MX,Remoto,Administración,Líder de Personas,Personas,M1,True,2025-03-24,Indefinido,False,,BUK12127,Activo
BUK10922,Julie Ferguson,julie.ferguson@buk.example,F,1994-09-15,Canadiense,PE,PE,Remoto,Operaciones,Consultor de Implementación Semi Senior,Implementación,IC3,False,2020-01-01,Indefinido,False,Prefiero no responder,BUK10789,Activo
BUK10923,Jessica Herrera Flores,jessica.flores@buk.example,F,1991-05-23,Chilena,CL,CL,Híbrido,Comercial,SDR Semi Senior,Ventas,IC3,False,2025-01-05,Indefinido,False,,BUK10147,Activo
BUK10924,Sandra Gallego,sandra.gallego@buk.example,F,1988-08-13,Colombiana,CL,CL,Híbrido,Tecnología,People Analytics Semi Senior,Datos,IC3,False,2025-04-20,Indefinido,False,Prefiero no responder,BUK10833,Desvinculado
BUK10925,Dr. Rubén Valdez,dr..valdez@buk.example,M,1987-10-31,Mexicana,PE,PE,Remoto,Comercial,Account Executive Aprendiz,Ventas,IC1,False,2026-07-03,Indefinido,False,,BUK10766,Desvinculado
BUK10926,Constanza Muñoz Bustamante,constanza.bustamante@buk.example,F,1989-10-14,Peruana,MX,MX,Híbrido,Operaciones,Consultor de Implementación Aprendiz,Implementación,IC1,False,2024-05-09,Indefinido,False,,BUK11964,Activo
BUK10927,Fernando Osvaldo Herrera Faúndez,fernando.faúndez@buk.example,M,1996-10-26,Boliviana,CL,CL,Híbrido,Operaciones,Especialista Payroll Ops,Operaciones,IC2,False,2026-01-08,Indefinido,False,Prefiero no responder,BUK12337,Activo
BUK10928,Isabella Barros,isabella.barros@buk.example,F,2004-03-05,Brasileña,CL,CL,Híbrido,Tecnología,Líder de Ingeniería,Ingeniería,M1,True,2023-03-29,Indefinido,False,,BUK12470,Activo
BUK10929,Kevin da Luz,kevin.luz@buk.example,M,1993-03-25,Brasileña,CL,CL,Híbrido,Administración,Control de Gestión,Finanzas,IC2,False,2022-06-23,Indefinido,False,Sí,BUK10122,Desvinculado
BUK10930,Isidora Catalina Castillo Oyarzún,isidora.oyarzún@buk.example,F,1999-09-12,Venezolana,MX,MX,Híbrido,Comercial,Ejecutivo Comercial,Ventas,IC2,False,2024-06-17,Indefinido,False,,BUK12027,Activo
BUK10931,Carmen Villanueva-Castillo Carrillo,carmen.carrillo@buk.example,F,1991-11-11,Chilena,CL,CL,Remoto,Tecnología,SRE Aprendiz,Ingeniería,IC1,False,2025-05-12,Indefinido,False,Sí,BUK10289,Activo
BUK10932,Patricia Trinidad Sepúlveda López,patricia.lópez@buk.example,F,1997-09-08,Peruana,CL,CL,Remoto,Administración,Abogado Corporativo Aprendiz,Legal,IC1,False,2023-12-04,Indefinido,False,,BUK10746,Activo
BUK10933,Felipe León Lobos-García Morales,felipe.morales@buk.example,M,1993-03-25,Chilena,CL,CL,Remoto,Comercial,Ejecutivo Comercial Aprendiz,Ventas,IC1,False,2023-02-10,Indefinido,False,,BUK12245,Desvinculado
BUK10934,Sra. Maria Sophia Sá,sra..sá@buk.example,F,2001-04-11,Brasileña,CL,CL,Remoto,Operaciones,Especialista de Soporte Semi Senior,Soporte,IC3,False,2024-09-11,Indefinido,False,,BUK10789,Activo
BUK10935,Lázaro Guzman España,lázaro.españa@buk.example,M,1992-05-27,Francesa,MX,MX,Híbrido,Tecnología,Software Engineer,Ingeniería,IC2,False,2022-01-01,Indefinido,False,,BUK12499,Activo
BUK10936,Calixta Peral Azorin,calixta.azorin@buk.example,F,1996-09-09,Italiana,CL,CL,Remoto,Operaciones,Especialista de Soporte Payroll Especialista,Soporte,IC5,False,2024-10-30,Indefinido,False,,BUK11607,Activo
BUK10937,Cynthia Zúñiga Hurtado,cynthia.hurtado@buk.example,F,2000-07-13,Chilena,CL,CL,Remoto,Comercial,Ejecutivo Comercial,Ventas,IC2,False,2026-02-12,Indefinido,False,,BUK11407,Activo
BUK10938,Marco Olave Monsalve,marco.monsalve@buk.example,M,1992-02-17,Peruana,CL,CL,Híbrido,Operaciones,Analista de Operaciones Aprendiz,Operaciones,IC1,False,2024-08-30,Indefinido,False,,BUK10326,Activo
BUK10939,Constanza Cortés Adasme,constanza.adasme@buk.example,F,1992-11-10,Chilena,CL,CL,Presencial,Comercial,Customer Success Manager,Customer Success,IC2,False,2023-01-22,Indefinido,False,,BUK11040,Activo
BUK10940,Paloma Arroyo Mella,paloma.mella@buk.example,F,1990-10-13,Ecuatoriana,BR,BR,Presencial,Comercial,Especialista de Renovaciones Aprendiz,Customer Success,IC1,False,2025-04-27,Indefinido,False,,BUK12537,Activo
BUK10941,Oscar Héctor Torres Silva,oscar.silva@buk.example,No binario / No informa,1993-09-17,Chilena,PE,PE,Remoto,Comercial,Customer Success Manager Semi Senior,Customer Success,IC3,False,2024-12-13,Indefinido,False,,BUK11730,Activo
BUK10942,Javier Anaya,javier.anaya@buk.example,M,2003-04-18,Colombiana,CL,CL,Híbrido,Operaciones,Agente de Soporte Semi Senior,Soporte,IC3,False,2026-04-17,Indefinido,False,,BUK12049,Activo
BUK10943,Ayelén Alma Leal Espinoza,ayelén.espinoza@buk.example,F,1996-03-28,Peruana,CL,CL,Híbrido,Comercial,Especialista de Renovaciones,Customer Success,IC2,False,2025-01-10,Indefinido,False,,BUK10680,Activo
BUK10944,Alfredo Alejandro Muñoz Pavez,alfredo.pavez@buk.example,M,1996-10-27,Peruana,CL,CL,Remoto,Tecnología,Product Manager Semi Senior,Producto,IC3,False,2024-06-02,Indefinido,False,Sí,BUK11656,Activo
BUK10945,Eduardo Felipe Sánchez Vargas,eduardo.vargas@buk.example,M,1992-04-10,Peruana,MX,PT,Remoto,Comercial,Líder de Customer Success,Customer Success,M1,True,2025-10-06,Indefinido,False,Prefiero no responder,BUK11185,Activo
BUK10946,Paula Amalia Fica Troncoso,paula.troncoso@buk.example,F,1989-02-08,Peruana,CL,CL,Remoto,Operaciones,Consultor de Implementación Senior,Implementación,IC4,False,2024-08-16,Indefinido,False,,BUK12229,Activo
BUK10947,Carlos Efrain Londoño Sandoval,carlos.sandoval@buk.example,M,1996-05-26,Colombiana,CL,CL,Híbrido,Operaciones,Project Manager de Implementación Senior,Implementación,IC4,False,2025-08-10,Indefinido,False,,BUK11881,Desvinculado
BUK10948,Angela Cole,angela.cole@buk.example,F,1994-07-01,Canadiense,CL,CL,Remoto,Administración,Especialista de Formación Semi Senior,Personas,IC3,False,2026-05-13,Indefinido,False,,BUK10462,Desvinculado
BUK10949,Oscar Juan Muñoz Soto,oscar.soto@buk.example,M,1988-04-02,Chilena,CL,CL,Presencial,Operaciones,Líder de Operaciones,Operaciones,M1,True,2025-05-02,Indefinido,False,,BUK12316,Activo
BUK10950,Lian Matías Olivares Sandoval,lian.sandoval@buk.example,M,1996-11-06,Boliviana,BR,BR,Remoto,Comercial,Líder de Ventas,Ventas,M1,True,2025-01-01,Indefinido,False,,BUK11552,Desvinculado
BUK10951,César Santibáñez,césar.santibáñez@buk.example,M,2002-06-25,Chilena,MX,MX,Remoto,Operaciones,Especialista de Soporte Payroll Aprendiz,Soporte,IC1,False,2025-12-19,Indefinido,False,,BUK11901,Activo
BUK10952,León Madrid González,león.gonzález@buk.example,No binario / No informa,1997-04-06,Alemana,CL,BR,Híbrido,Operaciones,Project Manager de Implementación Semi Senior,Implementación,IC3,False,2025-05-03,Indefinido,False,Sí,BUK11001,Desvinculado
BUK10953,Anita del Cerezo,anita.cerezo@buk.example,F,1990-07-03,Española,CO,CO,Híbrido,Operaciones,Agente de Soporte,Soporte,IC2,False,2024-06-16,Indefinido,False,Prefiero no responder,BUK10949,Desvinculado
BUK10954,Leonor Muñoz,leonor.muñoz@buk.example,F,2002-06-18,Venezolana,CL,CL,Remoto,Comercial,Ejecutivo Comercial Semi Senior,Ventas,IC3,False,2025-07-07,Indefinido,False,Prefiero no responder,BUK10405,Activo
BUK10955,Socorro Edilma Méndez,socorro.méndez@buk.example,F,1999-08-06,Colombiana,CL,CL,Híbrido,Administración,People Happiness Manager Semi Senior,Personas,IC3,False,2025-09-28,Indefinido,False,,BUK10159,Activo
BUK10956,Yolima Romero,yolima.romero@buk.example,F,1989-10-09,Colombiana,MX,MX,Remoto,Administración,People Happiness Manager Senior,Personas,IC4,False,2026-02-02,Indefinido,False,,BUK10780,Activo
BUK10957,Jorge Daniel Caro Núñez,jorge.núñez@buk.example,M,1992-09-20,Chilena,CO,CO,Híbrido,Operaciones,Project Manager de Implementación,Implementación,IC2,False,2021-04-28,Plazo fijo,False,,BUK12049,Activo
BUK10958,Rodrigo Matías Contreras Ortiz,rodrigo.ortiz@buk.example,No binario / No informa,1998-10-15,Boliviana,CL,CL,Presencial,Operaciones,Especialista Payroll Ops Senior,Operaciones,IC4,False,2022-03-14,Indefinido,False,,BUK12151,Activo
BUK10959,Sara Marín González,sara.gonzález@buk.example,F,1987-08-17,Chilena,CL,CL,Presencial,Operaciones,Consultor de Implementación,Implementación,IC2,False,2024-04-20,Indefinido,False,Prefiero no responder,BUK10478,Activo
BUK10960,Simón Olivares Tejada,simón.tejada@buk.example,M,1995-02-24,Francesa,CL,CL,Remoto,Operaciones,Subgerente de Soporte,Soporte,M2,True,2025-12-30,Indefinido,False,Prefiero no responder,BUK11833,Activo
BUK10961,Julio Bustos Mancilla,julio.mancilla@buk.example,M,1993-12-08,Chilena,MX,MX,Híbrido,Tecnología,Líder de Ingeniería,Ingeniería,M1,True,2026-01-17,Indefinido,False,,BUK11816,Activo
BUK10962,Silvia Morales Reyes,silvia.reyes@buk.example,F,1999-04-02,Chilena,CL,CL,Remoto,Operaciones,Consultor de Implementación Especialista,Implementación,IC5,False,2026-03-09,Indefinido,False,,BUK10302,Activo
BUK10963,Johanna Ruth Ibáñez Córdova,johanna.córdova@buk.example,F,1988-07-04,Peruana,MX,MX,Híbrido,Tecnología,Líder de Ingeniería,Ingeniería,M1,True,2026-04-27,Indefinido,False,,BUK11582,Activo
BUK10964,Amelia Barrera Alvarado,amelia.alvarado@buk.example,F,1989-02-12,Venezolana,CO,CO,Remoto,Tecnología,Software Engineer,Ingeniería,IC2,False,2022-04-27,Indefinido,False,Prefiero no responder,BUK10906,Activo
BUK10965,Jimena San Martín,jimena.martín@buk.example,F,2001-07-26,Chilena,MX,MX,Remoto,Comercial,Especialista de Renovaciones,Customer Success,IC2,False,2024-01-02,Indefinido,False,,BUK11731,Desvinculado
BUK10966,Manuel Renato Barraza Ortega,manuel.ortega@buk.example,M,1994-08-09,Venezolana,MX,MX,Remoto,Operaciones,Especialista Payroll Ops Semi Senior,Operaciones,IC3,False,2025-08-02,Indefinido,True,,BUK11717,Activo
BUK10967,María Beltrán Orrego,maría.orrego@buk.example,F,1999-09-27,Chilena,CL,CL,Remoto,Operaciones,Consultor de Implementación Aprendiz,Implementación,IC1,False,2025-12-30,Plazo fijo,False,,BUK10093,Activo
BUK10968,Francesca María Concha Ruz,francesca.ruz@buk.example,F,2000-07-01,Venezolana,CL,CL,Remoto,Comercial,Customer Success Manager,Customer Success,IC2,False,2024-01-09,Indefinido,False,,BUK11487,Activo
BUK10969,Ema Kiara Farías Aguilar,ema.aguilar@buk.example,F,1987-11-15,Chilena,CL,CL,Híbrido,Tecnología,QA Engineer Senior,Ingeniería,IC4,False,2026-03-22,Indefinido,False,,BUK10650,Activo
BUK10970,Claudio Juan Acevedo Olivares,claudio.olivares@buk.example,M,1990-11-29,Peruana,BR,BR,Híbrido,Comercial,Líder de Ventas,Ventas,M1,True,2025-01-01,Indefinido,False,,BUK10612,Desvinculado
BUK10971,Paula Carmen Muñoz Aravena,paula.aravena@buk.example,F,1987-08-14,Chilena,CL,CL,Remoto,Administración,Abogado Corporativo Aprendiz,Legal,IC1,False,2024-09-19,Indefinido,False,,BUK12394,Desvinculado
BUK10972,Daniela Olguín,daniela.olguín@buk.example,F,1995-05-18,Chilena,CL,CL,Remoto,Tecnología,Security Engineer Semi Senior,Ingeniería,IC3,False,2022-07-09,Indefinido,False,Sí,BUK10627,Activo
BUK10973,Brayan Marques,brayan.marques@buk.example,M,1993-06-29,Brasileña,CL,CL,Remoto,Tecnología,Data Engineer,Ingeniería,IC2,False,2024-08-04,Indefinido,False,Sí,BUK10250,Activo
BUK10974,Luis Rivera,luis.rivera@buk.example,M,2005-08-31,Chilena,CL,PE,Híbrido,Comercial,Customer Success Manager Semi Senior,Customer Success,IC3,False,2025-01-08,Indefinido,False,,BUK11731,Activo
BUK10975,Alejandro Briseño Girón,alejandro.girón@buk.example,M,1996-09-15,Mexicana,CL,CL,Híbrido,Comercial,Líder de Marketing,Marketing,M1,True,2025-02-20,Indefinido,False,,BUK12563,Activo
BUK10976,Rosendo Figuerola Expósito,rosendo.expósito@buk.example,M,2000-03-28,Francesa,CO,CO,Híbrido,Comercial,Brand Manager,Marketing,IC2,False,2025-04-06,Indefinido,False,Sí,BUK11097,Activo
BUK10977,Florencia Muñoz Rojas,florencia.rojas@buk.example,F,1990-11-17,Cubana,CL,CL,Remoto,Tecnología,People Analytics Semi Senior,Datos,IC3,False,2025-05-16,Indefinido,False,,BUK10114,Activo
BUK10978,Nancy Salazar Reyes,nancy.reyes@buk.example,F,1991-12-06,Chilena,CO,CO,Remoto,Tecnología,Data Engineer,Ingeniería,IC2,False,2025-11-29,Indefinido,False,,BUK12165,Activo
BUK10979,Doris Flora Guevara Ramírez,doris.ramírez@buk.example,F,1994-02-28,Chilena,CO,CO,Remoto,Tecnología,Product Designer,Producto,IC2,False,2025-02-12,Indefinido,False,,BUK10963,Activo
BUK10980,Esther Ariel Portillo Domínguez,esther.domínguez@buk.example,F,1998-05-31,Italiana,CL,CL,Híbrido,Operaciones,Agente de Soporte Especialista,Soporte,IC5,False,2025-11-19,Indefinido,False,,BUK10351,Activo
BUK10981,Débora Eloisa Vázquez,débora.vázquez@buk.example,F,1990-05-23,Mexicana,CL,CL,Remoto,Operaciones,Consultor de Implementación Senior,Implementación,IC4,False,2020-08-04,Indefinido,False,,BUK10351,Desvinculado
BUK10982,Dalila España Meléndez,dalila.meléndez@buk.example,F,2005-03-22,Española,MX,MX,Remoto,Tecnología,Product Manager,Producto,IC2,False,2026-04-04,Indefinido,False,,BUK10866,Activo
BUK10983,Rosa Regina Hernández Molina,rosa.molina@buk.example,F,1998-11-07,Chilena,CL,CL,Remoto,Comercial,Account Executive Semi Senior,Ventas,IC3,False,2023-09-27,Indefinido,False,Prefiero no responder,BUK10600,Activo
BUK10984,Lalo Iglesia Font,lalo.font@buk.example,M,2003-09-01,Francesa,CL,CL,Remoto,Comercial,Growth Marketer Aprendiz,Marketing,IC1,False,2025-03-29,Indefinido,False,,BUK12606,Desvinculado
BUK10985,Rogelio Guillermo Leiva Osorio,rogelio.osorio@buk.example,M,1990-10-20,Chilena,CL,CL,Híbrido,Tecnología,Data Engineer,Ingeniería,IC2,False,2026-07-23,Indefinido,False,Prefiero no responder,BUK10928,Desvinculado
BUK10986,Javier Mario Miranda Palma,javier.palma@buk.example,M,1994-10-08,Cubana,MX,AR,Híbrido,Operaciones,Consultor de Implementación Senior,Implementación,IC4,False,2025-10-28,Indefinido,False,Prefiero no responder,BUK11901,Desvinculado
BUK10987,Indira Rosas Sauceda,indira.sauceda@buk.example,F,1989-12-08,Mexicana,CO,CO,Remoto,Tecnología,Líder de Datos,Datos,M1,True,2021-10-30,Indefinido,False,Prefiero no responder,BUK10786,Desvinculado
BUK10988,Oscar Torres Araneda,oscar.araneda@buk.example,M,2002-01-07,Argentina,MX,MX,Remoto,Administración,People Happiness Manager Aprendiz,Personas,IC1,False,2024-09-03,Indefinido,False,,BUK11691,Desvinculado
BUK10989,Constanza Pérez Huerta,constanza.huerta@buk.example,F,1991-01-06,Chilena,CL,CL,Híbrido,Operaciones,Especialista Payroll Ops,Operaciones,IC2,False,2025-11-19,Indefinido,False,,BUK12632,Activo
BUK10990,Lesly Orellana Brito,lesly.brito@buk.example,F,2001-09-08,Chilena,CL,CL,Remoto,Tecnología,People Analytics,Datos,IC2,False,2025-09-06,Indefinido,False,Prefiero no responder,BUK11580,Activo
BUK10991,José Jhon Vásquez Venegas,josé.venegas@buk.example,M,2004-12-10,Chilena,CL,CL,Remoto,Tecnología,Líder de Ingeniería,Ingeniería,M1,True,2020-06-26,Indefinido,False,Sí,BUK10156,Activo
BUK10992,Carolina Carla Bravo Serrano,carolina.serrano@buk.example,F,1989-07-07,Chilena,CL,CL,Híbrido,Administración,Gerente de Finanzas,Finanzas,M3,True,2025-05-28,Indefinido,False,,,Activo
BUK10993,Lucas Mario Delgado Paredes,lucas.paredes@buk.example,M,1989-12-29,Chilena,CL,CL,Híbrido,Tecnología,SRE Senior,Ingeniería,IC4,False,2025-07-21,Indefinido,False,Sí,BUK12529,Activo
BUK10994,Diana Ferrer,diana.ferrer@buk.example,F,2003-01-10,Mexicana,PE,PE,Híbrido,Tecnología,Product Manager Semi Senior,Producto,IC3,False,2025-02-07,Indefinido,False,,BUK10627,Activo
BUK10995,Daniel Alfonso Ramírez González,daniel.gonzález@buk.example,M,2001-05-21,Colombiana,CL,CL,Híbrido,Comercial,Líder de Customer Success,Customer Success,M1,True,2021-02-13,Indefinido,False,,BUK11314,Activo
BUK10996,Erika Rodríguez Sarmiento,erika.sarmiento@buk.example,F,1993-09-05,Colombiana,CL,CL,Híbrido,Tecnología,Security Engineer Aprendiz,Ingeniería,IC1,False,2026-06-04,Indefinido,False,,BUK10883,Activo
BUK10997,Teresa Adasme Ahumada,teresa.ahumada@buk.example,F,1996-04-01,Chilena,CL,CL,Híbrido,Comercial,Ejecutivo Comercial Semi Senior,Ventas,IC3,False,2021-05-03,Indefinido,False,,BUK10408,Activo
BUK10998,Elsa Leticia Marroquín,elsa.marroquín@buk.example,F,1981-01-17,Mexicana,CL,CL,Híbrido,Comercial,SDR,Ventas,IC2,False,2019-08-10,Plazo fijo,False,,BUK11097,Activo
BUK10999,Bruno Aragão,bruno.aragão@buk.example,M,1999-03-28,Brasileña,PE,PE,Híbrido,Comercial,Especialista de Renovaciones Semi Senior,Customer Success,IC3,False,2023-07-20,Indefinido,False,,BUK10696,Desvinculado
BUK11000,Norma Magdalena Cáceres Rivera,norma.rivera@buk.example,F,1988-02-25,Venezolana,CL,CL,Presencial,Comercial,SDR,Ventas,IC2,False,2025-02-04,Indefinido,False,,BUK10297,Activo
BUK11001,Gregory Carlos Reyes González,gregory.gonzález@buk.example,M,1994-09-12,Chilena,CL,CL,Remoto,Operaciones,Líder de Operaciones,Operaciones,M1,True,2022-12-03,Indefinido,False,Prefiero no responder,BUK12169,Activo
BUK11002,Nico Castilla Torrent,nico.torrent@buk.example,M,2002-02-26,Francesa,CL,CL,Híbrido,Operaciones,Agente de Soporte,Soporte,IC2,False,2025-06-15,Indefinido,False,,BUK12338,Desvinculado
BUK11003,Leonardo Claudio Campos Fuentes,leonardo.fuentes@buk.example,M,2001-05-03,Peruana,CL,CL,Remoto,Tecnología,People Analytics,Datos,IC2,False,2020-12-22,Indefinido,False,Prefiero no responder,BUK12283,Desvinculado
BUK11004,María Juana Molina Contreras,maría.contreras@buk.example,F,1990-11-11,Chilena,MX,MX,Remoto,Operaciones,Project Manager de Implementación Senior,Implementación,IC4,False,2022-01-01,Indefinido,False,,BUK11473,Activo
BUK11005,Luisa Roxana Cortés Pérez,luisa.pérez@buk.example,F,1991-02-22,Chilena,MX,MX,Híbrido,Operaciones,Project Manager de Implementación Semi Senior,Implementación,IC3,False,2024-01-12,Indefinido,False,,BUK10453,Activo
BUK11006,María Carolina Segura Vega,maría.vega@buk.example,F,1993-04-27,Chilena,CL,CL,Híbrido,Tecnología,SRE Semi Senior,Ingeniería,IC3,False,2026-01-15,Indefinido,False,Prefiero no responder,BUK10961,Desvinculado
BUK11007,Manuel Tapia,manuel.tapia@buk.example,M,1993-11-07,Chilena,CL,CL,Híbrido,Operaciones,Especialista Payroll Ops Semi Senior,Operaciones,IC3,False,2024-02-25,Indefinido,False,,BUK11473,Activo
BUK11008,Lorena Borges,lorena.borges@buk.example,F,1992-12-27,Portuguesa,MX,MX,Híbrido,Comercial,Customer Success Manager,Customer Success,IC2,False,2026-01-25,Indefinido,False,,BUK12441,Activo
BUK11009,Ingrid García,ingrid.garcía@buk.example,F,1997-05-29,Argentina,BR,BR,Híbrido,Comercial,Líder de Ventas,Ventas,M1,True,2025-01-01,Indefinido,False,,BUK10839,Activo
BUK11010,Kamilly Borges,kamilly.borges@buk.example,F,1992-03-29,Brasileña,CL,CL,Híbrido,Operaciones,Especialista de Soporte Semi Senior,Soporte,IC3,False,2026-06-16,Plazo fijo,False,,BUK10867,Activo
BUK11011,José Bahamondes,josé.bahamondes@buk.example,M,1988-04-26,Dominicana,CL,CL,Remoto,Operaciones,Especialista de Soporte Payroll Semi Senior,Soporte,IC3,False,2025-01-23,Indefinido,False,,BUK10274,Desvinculado
BUK11012,Luis Sánchez,luis.sánchez@buk.example,M,1999-07-23,Colombiana,CO,CO,Híbrido,Tecnología,Security Engineer Senior,Ingeniería,IC4,False,2024-10-01,Indefinido,False,Sí,BUK11557,Activo
BUK11013,Sra. Gabriela Cintrón,sra..cintrón@buk.example,F,1992-07-30,Mexicana,CL,CL,Híbrido,Operaciones,Especialista de Soporte Payroll Senior,Soporte,IC4,False,2025-10-04,Indefinido,False,,BUK10274,Activo
BUK11014,Marta Francesca Romero Herrera,marta.herrera@buk.example,F,1996-08-09,Venezolana,CL,CL,Remoto,Tecnología,Software Engineer Semi Senior,Ingeniería,IC3,False,2026-06-09,Indefinido,True,Prefiero no responder,BUK12590,Activo
BUK11015,Olga De La Fuente Rivera,olga.rivera@buk.example,F,2002-10-08,Chilena,CL,CL,Híbrido,Comercial,Content Manager Semi Senior,Marketing,IC3,False,2022-05-24,Indefinido,False,,BUK12641,Desvinculado
BUK11016,Ing. Violeta Canales,ing..canales@buk.example,F,1991-12-13,Mexicana,CL,CL,Híbrido,Tecnología,Security Engineer,Ingeniería,IC2,False,2026-01-15,Indefinido,False,Prefiero no responder,BUK11305,Activo
BUK11017,Esther Castaño,esther.castaño@buk.example,F,2005-08-31,Colombiana,CL,CL,Remoto,Operaciones,Project Manager de Implementación Semi Senior,Implementación,IC3,False,2024-12-26,Indefinido,False,,BUK10800,Desvinculado
BUK11018,José Pedro Pires,josé.pires@buk.example,M,2003-03-05,Brasileña,PE,PE,Híbrido,Tecnología,Analytics Engineer Aprendiz,Datos,IC1,False,2023-06-27,Indefinido,False,,BUK12446,Desvinculado
BUK11019,Luna Freitas,luna.freitas@buk.example,F,2005-08-31,Brasileña,MX,MX,Remoto,Administración,Analista Contable,Finanzas,IC2,False,2025-12-05,Indefinido,False,,BUK12394,Desvinculado
BUK11020,Maritza Marta Salas Muñoz,maritza.muñoz@buk.example,F,2001-07-23,Chilena,CL,CL,Híbrido,Administración,Especialista de Formación Senior,Personas,IC4,False,2026-05-06,Indefinido,False,,BUK10442,Activo
BUK11021,Yocelyn Medina,yocelyn.medina@buk.example,F,2005-08-31,Chilena,CL,CL,Híbrido,Comercial,Customer Success Manager Especialista,Customer Success,IC5,False,2025-10-05,Indefinido,False,Sí,BUK12606,Activo
BUK11022,Elena Yáñez Arredondo,elena.arredondo@buk.example,F,1991-08-04,Chilena,PE,PE,Híbrido,Comercial,Growth Marketer Senior,Marketing,IC4,False,2024-09-11,Indefinido,False,,BUK11244,Activo
BUK11023,Elia Mirta Yáñez Ulloa,elia.ulloa@buk.example,F,1988-12-07,Argentina,BR,BR,Híbrido,Operaciones,Líder de Operaciones,Operaciones,M1,True,2025-05-25,Indefinido,False,,BUK11301,Activo
BUK11024,Jacqueline Montecino,jacqueline.montecino@buk.example,F,1998-05-28,Argentina,CO,CO,Híbrido,Operaciones,Project Manager de Implementación Semi Senior,Implementación,IC3,False,2024-11-06,Indefinido,False,,BUK11964,Activo
BUK11025,Marcio del Ramón,marcio.ramón@buk.example,M,1993-04-26,Española,BR,BR,Híbrido,Administración,Analista de Cobranza,Finanzas,IC2,False,2025-06-15,Indefinido,False,,BUK10331,Desvinculado
BUK11026,Esther Parra,esther.parra@buk.example,F,1993-05-11,Colombiana,CL,CL,Presencial,Tecnología,Software Engineer,Ingeniería,IC2,False,2026-05-13,Indefinido,False,,BUK10906,Activo
BUK11027,Daniel Marín,daniel.marín@buk.example,M,1997-03-01,Colombiana,MX,MX,Híbrido,Operaciones,Líder de Soporte,Soporte,M1,True,2023-09-10,Indefinido,False,Sí,BUK11923,Activo
BUK11028,Maria Clara Jesus,maria.jesus@buk.example,F,1997-05-18,Brasileña,CL,PT,Remoto,Tecnología,Security Engineer Semi Senior,Ingeniería,IC3,False,2025-08-24,Indefinido,False,,BUK11396,Activo
BUK11029,Camila Martínez,camila.martínez@buk.example,F,1996-06-20,Peruana,MX,MX,Remoto,Administración,Abogado Corporativo Semi Senior,Legal,IC3,False,2025-04-08,Indefinido,False,,BUK10746,Activo
BUK11030,Germán Bravo Lara,germán.lara@buk.example,No binario / No informa,1996-05-16,Venezolana,CL,CL,Híbrido,Comercial,SDR,Ventas,IC2,False,2025-10-15,Indefinido,False,Prefiero no responder,BUK11487,Activo
BUK11031,Jimmy Ramírez,jimmy.ramírez@buk.example,M,2002-10-15,Peruana,CL,CL,Presencial,Operaciones,Consultor de Implementación Semi Senior,Implementación,IC3,False,2026-03-08,Indefinido,False,,BUK11881,Desvinculado
BUK11032,Sebastián Jorge Paredes Durán,sebastián.durán@buk.example,M,1998-06-27,Chilena,BR,BR,Híbrido,Comercial,Customer Success Manager Senior,Customer Success,IC4,False,2025-01-01,Indefinido,False,,BUK11596,Activo
BUK11033,Gabriela Marisol Molina-Ojeda Matamala,gabriela.matamala@buk.example,F,1992-08-01,Chilena,CO,CO,Híbrido,Tecnología,Product Manager Aprendiz,Producto,IC1,False,2020-10-29,Indefinido,False,,BUK12283,Activo
BUK11034,Julio Cristian Andrade Pinto,julio.pinto@buk.example,M,1986-02-06,Chilena,CL,CL,Remoto,Operaciones,Consultor de Implementación Senior,Implementación,IC4,False,2023-04-28,Plazo fijo,False,Prefiero no responder,BUK10867,Activo
BUK11035,Fernando Arancibia,fernando.arancibia@buk.example,M,1996-12-27,Chilena,MX,MX,Presencial,Comercial,Account Executive Senior,Ventas,IC4,False,2022-01-01,Indefinido,False,Prefiero no responder,BUK10477,Activo
BUK11036,Luz Javiera Mardones González,luz.gonzález@buk.example,F,1996-07-25,Venezolana,CL,CL,Remoto,Comercial,SDR,Ventas,IC2,False,2024-08-02,Indefinido,False,,BUK11123,Desvinculado
BUK11037,Berta Marisela Ruiz,berta.ruiz@buk.example,F,1994-12-13,Mexicana,CL,CL,Híbrido,Comercial,Content Manager Senior,Marketing,IC4,False,2024-11-09,Indefinido,False,,BUK11009,Activo
BUK11038,Raúl Alexander Barraza Carrasco,raúl.carrasco@buk.example,M,2005-08-31,Argentina,CL,CL,Presencial,Operaciones,Agente de Soporte,Soporte,IC2,False,2025-01-07,Plazo fijo,False,,BUK10691,Desvinculado
BUK11039,Dra. Isabela Silva,dra..silva@buk.example,F,2004-07-11,Brasileña,CL,CL,Híbrido,Operaciones,Agente de Soporte Senior,Soporte,IC4,False,2022-05-01,Indefinido,False,,BUK12554,Desvinculado
BUK11040,Tabita Mireya Astorga Álvarez,tabita.álvarez@buk.example,F,1981-02-19,Venezolana,MX,MX,Híbrido,Comercial,Líder de Ventas,Ventas,M1,True,2025-07-05,Indefinido,False,,BUK11552,Activo
BUK11041,Cristian Arnaldo Silva Fuentes,cristian.fuentes@buk.example,M,1993-12-10,Venezolana,CL,CL,Remoto,Comercial,Content Manager Semi Senior,Marketing,IC3,False,2026-04-02,Indefinido,False,,BUK12310,Activo
BUK11042,Alonso Juan Gutiérrez Mamani,alonso.mamani@buk.example,M,1995-01-02,Chilena,CL,CL,Presencial,Comercial,Brand Manager Aprendiz,Marketing,IC1,False,2025-02-23,Indefinido,False,Sí,BUK12081,Activo
BUK11043,Bernarda Cuesta-Escolano,bernarda.cuesta-escolano@buk.example,F,1996-01-24,Alemana,CL,CL,Remoto,Administración,Analista Contable,Finanzas,IC2,False,2025-07-24,Indefinido,False,Prefiero no responder,BUK11691,Activo
BUK11044,Juan Bustos,juan.bustos@buk.example,No binario / No informa,2005-08-31,Colombiana,CL,CO,Híbrido,Comercial,Ejecutivo Comercial Senior,Ventas,IC4,False,2024-02-13,Indefinido,False,,BUK10667,Activo
BUK11045,Alejandro Jiménez,alejandro.jiménez@buk.example,M,2001-12-05,Colombiana,CL,CL,Remoto,Tecnología,SRE,Ingeniería,IC2,False,2024-11-06,Plazo fijo,False,,BUK10883,Activo
BUK11046,Araceli Checa Múñiz,araceli.múñiz@buk.example,F,1994-03-21,Alemana,CO,CO,Híbrido,Comercial,Account Executive Especialista,Ventas,IC5,False,2023-12-10,Indefinido,False,,BUK10297,Activo
BUK11047,Martín Alex Díaz Opazo,martín.opazo@buk.example,M,1993-01-30,Peruana,CO,CO,Remoto,Operaciones,Especialista Payroll Ops,Operaciones,IC2,False,2023-11-18,Indefinido,False,Sí,BUK11473,Activo
BUK11048,Daniel Jorge Rojas Santander,daniel.santander@buk.example,M,1989-01-14,Peruana,CL,CL,Remoto,Administración,Especialista de Formación Semi Senior,Personas,IC3,False,2020-07-12,Indefinido,False,,BUK11884,Desvinculado
BUK11049,Francisco Muñoz Segovia,francisco.segovia@buk.example,M,2004-08-01,Mexicana,MX,MX,Remoto,Tecnología,Subgerente de Ingeniería,Ingeniería,M2,True,2026-02-14,Indefinido,False,,BUK12219,Activo
BUK11050,Francisca Aravena,francisca.aravena@buk.example,F,1990-06-11,Chilena,MX,MX,Híbrido,Comercial,Customer Success Manager Semi Senior,Customer Success,IC3,False,2025-05-13,Indefinido,True,,BUK10061,Desvinculado
BUK11051,Juan Pino,juan.pino@buk.example,M,1993-11-28,Chilena,CO,CO,Híbrido,Comercial,Account Manager Senior,Customer Success,IC4,False,2025-01-10,Indefinido,False,,BUK12218,Desvinculado
BUK11052,Margarita María Aguilar Peña,margarita.peña@buk.example,F,1999-12-04,Chilena,CL,CL,Híbrido,Operaciones,Consultor de Implementación Senior,Implementación,IC4,False,2018-05-20,Indefinido,False,Prefiero no responder,BUK10607,Activo
BUK11053,Daniel José Martínez Olivares,daniel.olivares@buk.example,M,1988-05-29,Argentina,CL,CL,Híbrido,Operaciones,Agente de Soporte Semi Senior,Soporte,IC3,False,2025-12-28,Indefinido,False,,BUK10322,Activo
BUK11054,Daniela Rodríguez,daniela.rodríguez@buk.example,F,1988-03-13,Dominicana,BR,BR,Remoto,Comercial,Subgerente de Ventas,Ventas,M2,True,2025-01-01,Indefinido,False,Sí,BUK10621,Activo
BUK11055,Emanuelly Ribeiro,emanuelly.ribeiro@buk.example,F,2000-11-30,Brasileña,CL,CL,Presencial,Comercial,Customer Success Manager Senior,Customer Success,IC4,False,2021-06-30,Indefinido,False,,BUK12278,Activo
BUK11056,Hellena Farias,hellena.farias@buk.example,F,1991-12-24,Brasileña,CL,CL,Híbrido,Comercial,Brand Manager,Marketing,IC2,False,2026-03-14,Indefinido,False,Prefiero no responder,BUK11890,Desvinculado
BUK11057,Luis Gonzalo Catalán Estay,luis.estay@buk.example,M,1989-02-05,Chilena,CL,CL,Híbrido,Tecnología,Security Engineer Semi Senior,Ingeniería,IC3,False,2022-12-29,Indefinido,False,Prefiero no responder,BUK11183,Activo
BUK11058,Agustin Cristóbal Valenzuela Cárdenas,agustin.cárdenas@buk.example,M,1994-09-12,Chilena,CL,CL,Remoto,Tecnología,Líder de Ingeniería,Ingeniería,M1,True,2024-12-03,Indefinido,False,,BUK12090,Activo
BUK11059,Noah Souza,noah.souza@buk.example,M,1994-05-11,Brasileña,CL,CL,Remoto,Comercial,Customer Success Manager Especialista,Customer Success,IC5,False,2026-04-17,Indefinido,False,Prefiero no responder,BUK11488,Desvinculado
BUK11060,Rafael Barros,rafael.barros@buk.example,M,1994-10-08,Brasileña,CL,CL,Presencial,Administración,Subgerente de Finanzas,Finanzas,M2,True,2023-11-11,Indefinido,False,Prefiero no responder,BUK12452,Activo
BUK11061,Christian Alejandro Sáez Henríquez,christian.henríquez@buk.example,M,1990-09-05,Boliviana,CL,CL,Híbrido,Comercial,Ejecutivo Comercial Especialista,Ventas,IC5,False,2025-12-17,Indefinido,False,Sí,BUK10147,Activo
BUK11062,Melanie Yanina Peña Silva,melanie.silva@buk.example,F,1995-06-25,Chilena,CL,CL,Remoto,Tecnología,Product Manager,Producto,IC2,False,2024-08-12,Indefinido,False,Prefiero no responder,BUK12283,Activo
BUK11063,Mario Carretero Macías,mario.macías@buk.example,M,1993-06-06,Italiana,CO,CO,Híbrido,Operaciones,Agente de Soporte Semi Senior,Soporte,IC3,False,2025-07-24,Indefinido,False,,BUK11881,Activo
BUK11064,Rosario Herrera,rosario.herrera@buk.example,F,1983-09-19,Mexicana,CL,CL,Híbrido,Administración,Talent Acquisition,Personas,IC2,False,2026-05-20,Indefinido,False,,BUK10921,Activo
BUK11065,María Mónica Rubio Hernández,maría.hernández@buk.example,F,1993-01-29,Chilena,CL,CL,Remoto,Operaciones,Especialista Payroll Ops Senior,Operaciones,IC4,False,2026-03-15,Indefinido,False,,BUK10714,Activo
BUK11066,Srita. Blanca Robles,srita..robles@buk.example,F,1997-07-17,Mexicana,PE,PE,Remoto,Operaciones,Agente de Soporte,Soporte,IC2,False,2026-04-11,Indefinido,False,Prefiero no responder,BUK12632,Activo
BUK11067,Kenneth Espinoza,kenneth.espinoza@buk.example,M,1991-02-16,Canadiense,CL,CL,Presencial,Comercial,Líder de Ventas,Ventas,M1,True,2023-05-22,Indefinido,False,,BUK11185,Activo
BUK11068,Amelia Itzel Ybarra,amelia.ybarra@buk.example,F,1994-08-18,Mexicana,CL,CL,Híbrido,Administración,Líder de Finanzas,Finanzas,M1,True,2023-02-07,Plazo fijo,False,,BUK12127,Activo
BUK11069,Jessica Núñez Arancibia,jessica.arancibia@buk.example,F,1983-05-09,Chilena,CL,CL,Híbrido,Comercial,Especialista de Renovaciones,Customer Success,IC2,False,2025-07-30,Indefinido,True,,BUK10970,Desvinculado
BUK11070,Darío Perales,darío.perales@buk.example,M,1994-11-07,Mexicana,CL,CL,Híbrido,Comercial,Líder de Customer Success,Customer Success,M1,True,2024-01-27,Indefinido,False,,BUK10612,Activo
BUK11071,Josue Felipe Veas Vega,josue.vega@buk.example,M,1992-09-17,Boliviana,CL,AR,Remoto,Comercial,Customer Success Manager,Customer Success,IC2,False,2026-06-05,Indefinido,False,,BUK12537,Activo
BUK11072,Emilly das Neves,emilly.neves@buk.example,F,1996-01-17,Brasileña,CL,CL,Remoto,Comercial,Especialista de Renovaciones,Customer Success,IC2,False,2026-01-11,Indefinido,False,Prefiero no responder,BUK10623,Desvinculado
BUK11073,Lívia Vieira,lívia.vieira@buk.example,F,1990-05-05,Brasileña,PE,PE,Híbrido,Tecnología,Product Manager Semi Senior,Producto,IC3,False,2024-02-11,Plazo fijo,False,Prefiero no responder,BUK10708,Activo
BUK11074,Fernanda Camila Vergara Contreras,fernanda.contreras@buk.example,F,1992-03-09,Chilena,MX,MX,Remoto,Administración,Abogado Corporativo Semi Senior,Legal,IC3,False,2024-04-11,Indefinido,False,,BUK10442,Activo
BUK11075,Sabina Sofía Vera Soto,sabina.soto@buk.example,F,1993-10-08,Paraguaya,CL,AR,Remoto,Administración,Abogado Corporativo Aprendiz,Legal,IC1,False,2024-09-18,Indefinido,False,Prefiero no responder,BUK10159,Activo
BUK11076,Lupe Perera,lupe.perera@buk.example,F,2000-08-15,Alemana,CL,CL,Híbrido,Operaciones,Analista de Operaciones Senior,Operaciones,IC4,False,2017-01-01,Indefinido,False,,BUK12151,Activo
BUK11077,Nicanor Rodolfo Hermosilla Soto,nicanor.soto@buk.example,M,1994-11-25,Chilena,CO,CO,Híbrido,Comercial,Especialista de Renovaciones Semi Senior,Customer Success,IC3,False,2026-06-07,Indefinido,False,Prefiero no responder,BUK10950,Activo
BUK11078,Eulogio Camilo Acosta Olave,eulogio.olave@buk.example,M,1990-11-04,Ecuatoriana,MX,MX,Híbrido,Administración,Control de Gestión Semi Senior,Finanzas,IC3,False,2022-01-01,Indefinido,False,Prefiero no responder,BUK11747,Activo
BUK11079,Daniela Valentina Valdés Prieto,daniela.prieto@buk.example,F,1975-09-06,Peruana,MX,MX,Híbrido,Comercial,Ejecutivo Comercial Semi Senior,Ventas,IC3,False,2025-08-09,Indefinido,False,,BUK10061,Activo
BUK11080,María Maritza Correa Suárez,maría.suárez@buk.example,F,1993-08-29,Colombiana,CL,CL,Híbrido,Administración,Talent Acquisition Senior,Personas,IC4,False,2023-02-10,Indefinido,False,,BUK11691,Activo
BUK11081,Eduardo Edinson Pinilla Garrido,eduardo.garrido@buk.example,M,1997-09-16,Chilena,CL,CL,Remoto,Operaciones,Especialista Payroll Ops,Operaciones,IC2,False,2021-07-17,Indefinido,False,,BUK11964,Activo
BUK11082,María Díaz Espinoza,maría.espinoza@buk.example,F,2000-11-09,Chilena,CL,CL,Híbrido,Tecnología,Security Engineer,Ingeniería,IC2,False,2025-06-04,Indefinido,False,,BUK11557,Activo
BUK11083,Joel Marcelo Bustamante Quinteros,joel.quinteros@buk.example,M,1979-03-08,Paraguaya,BR,BR,Presencial,Tecnología,QA Engineer Semi Senior,Ingeniería,IC3,False,2026-04-03,Indefinido,False,Prefiero no responder,BUK12311,Activo
BUK11084,Maximiliano Espartaco Becerra Rivera,maximiliano.rivera@buk.example,No binario / No informa,2001-01-08,Mexicana,CL,CL,Híbrido,Tecnología,People Analytics Semi Senior,Datos,IC3,False,2025-09-07,Indefinido,False,,BUK10928,Activo
BUK11085,Alexander Bastidas Rubio,alexander.rubio@buk.example,M,1995-01-28,Colombiana,CO,CO,Híbrido,Administración,People Happiness Manager Senior,Personas,IC4,False,2022-09-16,Indefinido,False,,BUK10780,Activo
BUK11086,Manuel Correa Pulido,manuel.pulido@buk.example,M,1993-10-25,Colombiana,CO,CO,Híbrido,Operaciones,Subgerente de Soporte,Soporte,M2,True,2023-09-27,Plazo fijo,False,,BUK11342,Activo
BUK11087,Andrés Óscar Contreras Pérez,andrés.pérez@buk.example,M,1993-11-01,Colombiana,BR,BR,Híbrido,Operaciones,Consultor de Implementación Semi Senior,Implementación,IC3,False,2025-12-23,Indefinido,False,,BUK10949,Activo
BUK11088,Sra. Maria Fernanda da Cunha,sra..cunha@buk.example,F,2002-01-08,Brasileña,PE,PE,Remoto,Comercial,Growth Marketer Semi Senior,Marketing,IC3,False,2022-05-01,Plazo fijo,False,,BUK10910,Activo
BUK11089,Timoteo Terrazas,timoteo.terrazas@buk.example,M,1977-04-03,Mexicana,CL,CL,Remoto,Comercial,SDR Senior,Ventas,IC4,False,2026-06-28,Indefinido,False,,BUK11546,Activo
BUK11090,João Lucas da Cruz,joão.cruz@buk.example,M,1996-04-23,Brasileña,PE,PE,Híbrido,Comercial,Especialista de Renovaciones,Customer Success,IC2,False,2025-12-28,Indefinido,False,,BUK11487,Desvinculado
BUK11091,Margarita Rojas,margarita.rojas@buk.example,F,2000-04-06,Chilena,CL,CL,Remoto,Administración,Especialista de Formación Aprendiz,Personas,IC1,False,2026-02-23,Indefinido,False,,BUK10844,Desvinculado
BUK11092,Antonio Arteaga Gómez,antonio.gómez@buk.example,M,2005-08-31,Colombiana,PE,PE,Híbrido,Operaciones,Agente de Soporte Semi Senior,Soporte,IC3,False,2025-04-30,Indefinido,False,,BUK11780,Activo
BUK11093,Tomás Santiago Espinoza Abarca,tomás.abarca@buk.example,M,2000-08-02,Cubana,CL,CL,Híbrido,Comercial,Account Executive,Ventas,IC2,False,2024-03-19,Indefinido,False,,BUK10233,Activo
BUK11094,Carmen Durán Herrera,carmen.herrera@buk.example,F,2005-06-27,Colombiana,CL,CL,Remoto,Tecnología,Product Designer Senior,Producto,IC4,False,2023-12-08,Indefinido,False,,BUK11058,Desvinculado
BUK11095,Christian Ignacio Pino Hernández,christian.hernández@buk.example,M,1995-09-05,Argentina,CO,CO,Híbrido,Operaciones,Agente de Soporte Especialista,Soporte,IC5,False,2021-11-12,Indefinido,False,,BUK10150,Activo
BUK11096,Magdalena Isidora Vargas Navarro,magdalena.navarro@buk.example,F,2001-06-07,Chilena,CL,CL,Remoto,Tecnología,Data Engineer Aprendiz,Ingeniería,IC1,False,2019-11-26,Indefinido,False,,BUK10928,Desvinculado
BUK11097,Elisa Natividad Ornelas Mena,elisa.mena@buk.example,F,1993-05-22,Mexicana,CO,CO,Híbrido,Comercial,Líder de Marketing,Marketing,M1,True,2026-02-27,Indefinido,False,,BUK11314,Activo
BUK11098,Estefanía Amalia Carreón,estefanía.carreón@buk.example,F,1998-04-20,Mexicana,PE,PE,Híbrido,Comercial,Account Executive Senior,Ventas,IC4,False,2024-11-20,Indefinido,False,Sí,BUK11177,Desvinculado
BUK11099,Benjamín Bastián Gatica Valdés,benjamín.valdés@buk.example,M,1996-03-27,Boliviana,CO,CO,Presencial,Operaciones,Consultor de Implementación Aprendiz,Implementación,IC1,False,2025-09-08,Indefinido,False,Prefiero no responder,BUK12229,Desvinculado
BUK11100,Carlos Rodríguez Vargas,carlos.vargas@buk.example,M,1994-01-14,Chilena,CL,CL,Presencial,Comercial,SDR Semi Senior,Ventas,IC3,False,2024-03-24,Indefinido,False,Prefiero no responder,BUK10181,Activo
BUK11101,Javiera Sofía Jofré Pinto,javiera.pinto@buk.example,F,2005-03-12,Chilena,CO,CO,Híbrido,Operaciones,Agente de Soporte,Soporte,IC2,False,2025-05-11,Indefinido,False,,BUK12338,Activo
BUK11102,Pascual Orozco Tirado,pascual.tirado@buk.example,M,1988-03-13,Mexicana,CO,CO,Híbrido,Operaciones,Consultor de Implementación Senior,Implementación,IC4,False,2025-08-24,Indefinido,False,,BUK12632,Activo
BUK11103,Lorena Villegas Cepeda,lorena.cepeda@buk.example,F,1992-10-05,Mexicana,BR,BR,Híbrido,Tecnología,QA Engineer Aprendiz,Ingeniería,IC1,False,2025-01-01,Indefinido,True,Sí,BUK12311,Activo
BUK11104,Carlos Eduardo Álvarez,carlos.álvarez@buk.example,No binario / No informa,1994-01-04,Colombiana,CL,CL,Híbrido,Administración,Abogado Corporativo Senior,Legal,IC4,False,2026-05-10,Indefinido,False,,BUK10122,Desvinculado
BUK11105,Clara González Madariaga,clara.madariaga@buk.example,F,2005-08-31,Chilena,CL,CL,Híbrido,Comercial,Growth Marketer,Marketing,IC2,False,2025-02-06,Indefinido,False,,BUK10696,Activo
BUK11106,Estefanía María Pérez Manríquez,estefanía.manríquez@buk.example,F,1986-05-31,Chilena,CL,CL,Híbrido,Tecnología,People Analytics,Datos,IC2,False,2025-07-03,Indefinido,False,Sí,BUK11656,Activo
BUK11107,Javier Carlos Palacios,javier.palacios@buk.example,M,1996-06-01,Colombiana,CL,CL,Remoto,Operaciones,Project Manager de Implementación Senior,Implementación,IC4,False,2025-12-18,Indefinido,False,,BUK10714,Activo
BUK11108,Oscar Rojas Inostroza,oscar.inostroza@buk.example,M,1996-02-27,Peruana,CL,CL,Presencial,Tecnología,Security Engineer Senior,Ingeniería,IC4,False,2023-09-23,Indefinido,False,,BUK12615,Activo
BUK11109,Adriana Viviana Cortés Riveros,adriana.riveros@buk.example,F,1997-08-16,Chilena,CO,CO,Híbrido,Administración,Abogado Corporativo,Legal,IC2,False,2026-01-08,Indefinido,False,,BUK11373,Activo
BUK11110,Hernán Andrés Ojeda,hernán.ojeda@buk.example,M,1985-10-17,Mexicana,CO,CO,Remoto,Comercial,Especialista de Renovaciones,Customer Success,IC2,False,2026-03-18,Indefinido,False,Prefiero no responder,BUK11009,Activo
BUK11111,Candelas Blázquez-Rivas,candelas.blázquez-rivas@buk.example,F,1991-03-15,Española,CO,CO,Remoto,Administración,Analista de Cobranza Aprendiz,Finanzas,IC1,False,2023-11-24,Indefinido,False,,BUK11691,Activo
BUK11112,Alexandra Garcia,alexandra.garcia@buk.example,F,1997-05-13,Neozelandesa,CL,CL,Remoto,Operaciones,Especialista de Soporte Payroll Aprendiz,Soporte,IC1,False,2019-11-06,Indefinido,False,,BUK11717,Desvinculado
BUK11113,Aida Judith Villalpando,aida.villalpando@buk.example,F,1998-06-26,Mexicana,CO,CO,Híbrido,Tecnología,SRE Aprendiz,Ingeniería,IC1,False,2024-03-27,Indefinido,False,,BUK12590,Activo
BUK11114,Sophia Barbosa,sophia.barbosa@buk.example,F,2005-02-06,Brasileña,CL,CL,Híbrido,Comercial,Customer Success Manager Especialista,Customer Success,IC5,False,2025-01-09,Indefinido,False,,BUK10317,Activo
BUK11115,María Moraga Jorquera,maría.jorquera@buk.example,F,2000-06-22,Venezolana,CL,CL,Híbrido,Operaciones,Especialista de Soporte,Soporte,IC2,False,2022-11-20,Indefinido,False,,BUK10478,Activo
BUK11116,Alfredo Henry Mena,alfredo.mena@buk.example,M,1997-05-10,Colombiana,MX,MX,Remoto,Tecnología,People Analytics Senior,Datos,IC4,False,2022-01-01,Indefinido,False,,BUK10627,Desvinculado
BUK11117,Ana Catalina Baeza Valenzuela,ana.valenzuela@buk.example,F,1986-06-03,Chilena,CO,CO,Híbrido,Comercial,Account Manager,Customer Success,IC2,False,2025-09-30,Indefinido,False,,BUK11676,Activo
BUK11118,Claudia Victoria Madrigal,claudia.madrigal@buk.example,F,2005-08-31,Mexicana,CL,CL,Híbrido,Tecnología,Security Engineer,Ingeniería,IC2,False,2024-10-10,Indefinido,False,,BUK11345,Activo
BUK11119,Cristian César Acosta,cristian.acosta@buk.example,M,2000-05-30,Colombiana,CL,CL,Remoto,Comercial,Especialista de Renovaciones,Customer Success,IC2,False,2021-03-02,Indefinido,False,,BUK11407,Activo
BUK11120,Paola Parra Concha,paola.concha@buk.example,F,1987-10-08,Ecuatoriana,CL,CL,Híbrido,Tecnología,Security Engineer Semi Senior,Ingeniería,IC3,False,2026-04-16,Indefinido,False,,BUK10796,Activo
BUK11121,Benjamín Moraga Parra,benjamín.parra@buk.example,M,1995-02-11,Chilena,CL,CL,Híbrido,Administración,Analista Contable Semi Senior,Finanzas,IC3,False,2024-11-30,Indefinido,False,,BUK10122,Activo
BUK11122,Oscar Soto,oscar.soto@buk.example,M,1989-03-22,Chilena,CL,CL,Híbrido,Operaciones,Project Manager de Implementación Semi Senior,Implementación,IC3,False,2021-10-30,Indefinido,False,,BUK11543,Activo
BUK11123,Eduardo Patricio Ibáñez Cuevas,eduardo.cuevas@buk.example,M,2002-11-07,Peruana,CL,CL,Híbrido,Comercial,Líder de Customer Success,Customer Success,M1,True,2026-04-04,Indefinido,False,Prefiero no responder,BUK11054,Activo
BUK11124,Luis José Castro,luis.castro@buk.example,M,1994-08-24,Colombiana,PE,PE,Híbrido,Comercial,Especialista de Renovaciones,Customer Success,IC2,False,2020-12-02,Indefinido,False,Sí,BUK11177,Activo
BUK11125,Enrique Santos Mejía,enrique.mejía@buk.example,M,1993-07-22,Colombiana,CL,CL,Híbrido,Operaciones,Project Manager de Implementación,Implementación,IC2,False,2021-01-27,Indefinido,False,,BUK11027,Activo
BUK11126,María Alvarez,maría.alvarez@buk.example,F,1998-02-10,Chilena,CL,CL,Remoto,Comercial,Account Executive,Ventas,IC2,False,2025-07-01,Indefinido,False,,BUK10181,Activo
BUK11127,Susana Natalia Bravo Saavedra,susana.saavedra@buk.example,F,1990-04-26,Peruana,MX,MX,Remoto,Comercial,Brand Manager,Marketing,IC2,False,2025-10-19,Indefinido,False,Prefiero no responder,BUK12641,Activo
BUK11128,Armando Sepúlveda Núñez,armando.núñez@buk.example,M,1990-01-17,Chilena,CL,CL,Híbrido,Comercial,SDR,Ventas,IC2,False,2022-02-09,Indefinido,False,,BUK11731,Desvinculado
BUK11129,Liliana Sandra García González,liliana.gonzález@buk.example,F,2001-08-02,Colombiana,CL,CO,Remoto,Operaciones,Especialista Payroll Ops Senior,Operaciones,IC4,False,2025-12-09,Indefinido,False,,BUK12554,Desvinculado
BUK11130,Juan Benjamín Cornejo Bravo,juan.bravo@buk.example,M,1992-10-26,Chilena,PE,PE,Remoto,Comercial,Content Manager Semi Senior,Marketing,IC3,False,2025-01-10,Indefinido,False,,BUK11240,Desvinculado
BUK11131,Mónica Luisa Abarca Cancino,mónica.cancino@buk.example,F,1991-07-28,Peruana,CL,CL,Remoto,Administración,Talent Acquisition Aprendiz,Personas,IC1,False,2024-02-09,Indefinido,False,,BUK11691,Activo
BUK11132,Helena Alta  Gracia Blanco Arguello,helena.arguello@buk.example,F,1987-05-01,Mexicana,MX,PT,Remoto,Comercial,Customer Success Manager Semi Senior,Customer Success,IC3,False,2025-05-11,Indefinido,False,Sí,BUK10950,Desvinculado
BUK11133,Roxana Santos,roxana.santos@buk.example,F,1994-03-11,Chilena,CL,CL,Híbrido,Comercial,Account Executive Senior,Ventas,IC4,False,2024-01-05,Indefinido,False,,BUK11040,Activo
BUK11134,Isaac Patricio Sierra Abarca,isaac.abarca@buk.example,M,1995-12-15,Venezolana,CL,CL,Híbrido,Comercial,Account Manager,Customer Success,IC2,False,2025-09-08,Indefinido,False,,BUK10812,Activo
BUK11135,Lucía Correa,lucía.correa@buk.example,F,1997-07-22,Chilena,PE,PE,Híbrido,Tecnología,UX Researcher Semi Senior,Producto,IC3,False,2025-05-04,Indefinido,False,,BUK11557,Activo
BUK11136,Jorge Matías Oliva Sánchez,jorge.sánchez@buk.example,M,1996-01-25,Venezolana,CL,CL,Híbrido,Administración,Abogado Corporativo Semi Senior,Legal,IC3,False,2026-05-11,Indefinido,False,,BUK11409,Activo
BUK11137,Lorena Bolívar,lorena.bolívar@buk.example,F,1997-01-24,Colombiana,CL,CL,Remoto,Tecnología,People Analytics Aprendiz,Datos,IC1,False,2025-02-08,Indefinido,False,,BUK10250,Activo
BUK11138,Francisco Mauricio González Ulloa,francisco.ulloa@buk.example,M,1991-12-31,Venezolana,CL,CL,Híbrido,Comercial,Account Executive,Ventas,IC2,False,2026-04-29,Indefinido,False,Sí,BUK10376,Activo
BUK11139,Sara Pamela Rodríguez Madrid,sara.madrid@buk.example,F,1997-05-23,Chilena,MX,MX,Remoto,Tecnología,UX Researcher Semi Senior,Producto,IC3,False,2025-01-08,Indefinido,False,Sí,BUK11305,Activo
BUK11140,Karen Clara Ramírez Soto,karen.soto@buk.example,F,1990-05-19,Chilena,BR,BR,Híbrido,Tecnología,SRE Semi Senior,Ingeniería,IC3,False,2025-08-21,Indefinido,False,,BUK12165,Desvinculado
BUK11141,Patricio César Aguilera Faúndez,patricio.faúndez@buk.example,M,1998-12-19,Chilena,MX,MX,Híbrido,Comercial,Ejecutivo Comercial Aprendiz,Ventas,IC1,False,2022-01-01,Indefinido,False,,BUK10061,Desvinculado
BUK11142,Ema Sánchez,ema.sánchez@buk.example,F,1988-06-20,Boliviana,CO,CO,Remoto,Tecnología,Software Engineer Semi Senior,Ingeniería,IC3,False,2025-07-19,Indefinido,False,,BUK10547,Activo
BUK11143,Fabián Luis Carvajal Araya,fabián.araya@buk.example,M,1998-04-12,Chilena,MX,MX,Remoto,Administración,Especialista de Formación,Personas,IC2,False,2026-02-05,Indefinido,False,,BUK10122,Desvinculado
BUK11144,Florencia Erna Lizana Urrutia,florencia.urrutia@buk.example,F,1996-05-28,Peruana,CL,CL,Híbrido,Operaciones,Especialista de Soporte Payroll Semi Senior,Soporte,IC3,False,2025-07-24,Indefinido,False,,BUK10019,Activo
BUK11145,Esteban Óscar Palacios,esteban.palacios@buk.example,M,1989-06-07,Colombiana,MX,MX,Híbrido,Tecnología,SRE Senior,Ingeniería,IC4,False,2025-03-12,Indefinido,False,,BUK10752,Desvinculado
BUK11146,Mamen Campillo Doménech,mamen.doménech@buk.example,F,1990-12-28,Francesa,CL,CL,Remoto,Operaciones,Gerente de Implementación,Implementación,M3,True,2026-06-24,Indefinido,False,,,Activo
BUK11147,Daniela Pérez,daniela.pérez@buk.example,F,1991-10-10,Chilena,CL,CL,Presencial,Comercial,Growth Marketer Aprendiz,Marketing,IC1,False,2026-05-24,Indefinido,False,,BUK11731,Desvinculado
BUK11148,Romina Carol Campos Gálvez,romina.gálvez@buk.example,F,2004-02-07,Peruana,CL,PT,Remoto,Tecnología,Analytics Engineer Senior,Datos,IC4,False,2024-08-18,Indefinido,False,,BUK10114,Activo
BUK11149,Pascuala Gámez,pascuala.gámez@buk.example,F,1989-07-25,Española,CO,CO,Híbrido,Administración,Abogado Corporativo Semi Senior,Legal,IC3,False,2026-01-26,Indefinido,False,,BUK10442,Activo
BUK11150,Clara Iris García Tapia,clara.tapia@buk.example,F,1991-02-26,Chilena,CL,CL,Remoto,Operaciones,Analista de Operaciones Semi Senior,Operaciones,IC3,False,2025-04-04,Indefinido,False,Prefiero no responder,BUK12554,Activo
BUK11151,Carmen Sofía Castillo Parra,carmen.parra@buk.example,F,1994-11-14,Chilena,CL,CL,Híbrido,Comercial,SDR Semi Senior,Ventas,IC3,False,2024-08-03,Indefinido,False,Prefiero no responder,BUK10376,Desvinculado
BUK11152,Severino Bautista Mármol,severino.mármol@buk.example,M,1997-11-24,Española,MX,MX,Remoto,Tecnología,Líder de Producto,Producto,M1,True,2022-01-01,Indefinido,False,,BUK11539,Desvinculado
BUK11153,Teresa Benavides Paredes,teresa.paredes@buk.example,F,1997-01-16,Chilena,CL,CL,Remoto,Operaciones,Consultor de Implementación,Implementación,IC2,False,2022-12-09,Indefinido,False,,BUK11563,Activo
BUK11154,Clotilde González Martínez,clotilde.martínez@buk.example,F,1997-08-25,Chilena,CL,CL,Remoto,Tecnología,Líder de Ingeniería,Ingeniería,M1,True,2023-10-29,Indefinido,False,,BUK10786,Activo
BUK11155,Cecilia Rosa Guzmán Uribe,cecilia.uribe@buk.example,F,1982-09-02,Argentina,CL,CL,Remoto,Comercial,Customer Success Manager Semi Senior,Customer Success,IC3,False,2020-10-07,Indefinido,False,Prefiero no responder,BUK10248,Activo
BUK11156,Renata Pino,renata.pino@buk.example,F,1994-07-19,Chilena,BR,BR,Híbrido,Administración,Control de Gestión Semi Senior,Finanzas,IC3,False,2025-01-01,Indefinido,False,,BUK11747,Activo
BUK11157,Sr. Marcos Aguirre,sr..aguirre@buk.example,M,1998-07-26,Mexicana,CL,ES,Híbrido,Comercial,Content Manager Especialista,Marketing,IC5,False,2025-12-12,Indefinido,False,,BUK10950,Activo
BUK11158,María Ulloa González,maría.gonzález@buk.example,F,2005-08-31,Paraguaya,CL,CL,Híbrido,Comercial,Growth Marketer Semi Senior,Marketing,IC3,False,2024-04-08,Indefinido,False,Sí,BUK12606,Activo
BUK11159,Wilma Arroyo Castillo,wilma.castillo@buk.example,F,1997-08-06,Chilena,CL,CL,Híbrido,Comercial,Brand Manager Semi Senior,Marketing,IC3,False,2025-10-09,Indefinido,False,,BUK12104,Activo
BUK11160,Ignacio Hernán Montes Leyton,ignacio.leyton@buk.example,M,1988-10-21,Chilena,CL,ES,Híbrido,Tecnología,People Analytics Senior,Datos,IC4,False,2023-07-11,Indefinido,False,Prefiero no responder,BUK10250,Activo
BUK11161,Claudio Zacarías Girón,claudio.girón@buk.example,M,2000-09-26,Mexicana,CO,CO,Remoto,Tecnología,Software Engineer Senior,Ingeniería,IC4,False,2025-02-03,Plazo fijo,False,,BUK12615,Activo
BUK11162,Gabriela Ámbar Astorga Castillo,gabriela.castillo@buk.example,F,1996-04-20,Boliviana,CL,CL,Remoto,Operaciones,Agente de Soporte Senior,Soporte,IC4,False,2025-09-10,Indefinido,False,,BUK10093,Desvinculado
BUK11163,Artemio Badía Malo,artemio.malo@buk.example,M,1993-04-26,Española,CL,CL,Presencial,Administración,Control de Gestión,Finanzas,IC2,False,2025-10-25,Indefinido,False,Sí,BUK10900,Desvinculado
BUK11164,José Gabriel Gatica Troncoso,josé.troncoso@buk.example,M,1993-01-25,Chilena,CL,CL,Híbrido,Tecnología,Software Engineer Aprendiz,Ingeniería,IC1,False,2019-05-12,Indefinido,False,,BUK10881,Activo
BUK11165,Macario Salamanca Salgado,macario.salgado@buk.example,M,1985-06-17,Española,CL,CL,Híbrido,Comercial,Especialista de Renovaciones Senior,Customer Success,IC4,False,2026-07-14,Indefinido,False,,BUK11746,Activo
BUK11166,Luis Alfonso Ulloa,luis.ulloa@buk.example,M,2002-03-25,Mexicana,MX,CO,Híbrido,Comercial,Account Executive Senior,Ventas,IC4,False,2023-06-08,Indefinido,False,,BUK11267,Activo
BUK11167,Benjamín Rosendo Bahamondes Briceño,benjamín.briceño@buk.example,M,2001-12-27,Chilena,CL,CL,Remoto,Operaciones,Especialista Payroll Ops,Operaciones,IC2,False,2026-07-17,Indefinido,False,Prefiero no responder,BUK10453,Desvinculado
BUK11168,Ana Araya Bobadilla,ana.bobadilla@buk.example,F,2005-02-28,Chilena,CO,CO,Presencial,Tecnología,SRE Especialista,Ingeniería,IC5,False,2024-09-30,Plazo fijo,False,,BUK10804,Activo
BUK11169,Carolina Rafaela Ramírez Alvarez,carolina.alvarez@buk.example,F,1991-01-24,Chilena,PE,PE,Presencial,Tecnología,Product Designer Senior,Producto,IC4,False,2025-04-14,Indefinido,False,Sí,BUK12529,Desvinculado
BUK11170,Juan Oliveira,juan.oliveira@buk.example,M,1988-11-17,Brasileña,PE,PE,Remoto,Comercial,Account Manager Senior,Customer Success,IC4,False,2024-04-29,Indefinido,False,,BUK11123,Desvinculado
BUK11171,Benjamin Miguel Cerda Osorio,benjamin.osorio@buk.example,M,2004-03-31,Venezolana,CO,CO,Presencial,Comercial,Customer Success Manager Senior,Customer Success,IC4,False,2020-12-23,Indefinido,False,Prefiero no responder,BUK11676,Desvinculado
BUK11172,Anel Lucero,anel.lucero@buk.example,F,1990-07-03,Mexicana,CL,CL,Remoto,Comercial,Growth Marketer Senior,Marketing,IC4,False,2026-02-22,Indefinido,False,,BUK10408,Activo
BUK11173,Walter Cabrera,walter.cabrera@buk.example,M,2001-08-08,Chilena,MX,MX,Híbrido,Comercial,Ejecutivo Comercial,Ventas,IC2,False,2024-07-19,Indefinido,False,Prefiero no responder,BUK10233,Activo
BUK11174,Ángela Daniela Pozo Cáceres,ángela.cáceres@buk.example,F,1990-12-23,Costarricense,CL,CL,Remoto,Comercial,SDR,Ventas,IC2,False,2025-08-18,Indefinido,False,,BUK10792,Activo
BUK11175,Angélica Claudia González Román,angélica.román@buk.example,F,1989-02-28,Argentina,CO,CO,Híbrido,Comercial,Ejecutivo Comercial Semi Senior,Ventas,IC3,False,2025-12-26,Plazo fijo,False,,BUK12081,Desvinculado
BUK11176,Jaime Arroyo Jerez,jaime.jerez@buk.example,No binario / No informa,1996-03-31,Chilena,CL,CL,Híbrido,Operaciones,Especialista de Soporte Payroll Especialista,Soporte,IC5,False,2023-01-06,Indefinido,False,Prefiero no responder,BUK10322,Activo
BUK11177,Sofía Catherine Galaz Roa,sofía.roa@buk.example,F,1994-11-17,Chilena,CL,PE,Remoto,Comercial,Líder de Ventas,Ventas,M1,True,2024-07-07,Indefinido,False,,BUK10845,Desvinculado
BUK11178,Pilar Andrade Galleguillos,pilar.galleguillos@buk.example,F,2000-11-29,Peruana,CL,CL,Híbrido,Operaciones,Agente de Soporte Senior,Soporte,IC4,False,2024-11-28,Indefinido,False,Prefiero no responder,BUK10607,Activo
BUK11179,Natividad de Anda Cano,natividad.cano@buk.example,F,1997-09-29,Mexicana,CL,CL,Remoto,Administración,Talent Acquisition Semi Senior,Personas,IC3,False,2024-08-30,Indefinido,False,,BUK11884,Activo
BUK11180,Marcela Carmen Caicedo,marcela.caicedo@buk.example,F,1996-05-29,Colombiana,CL,CL,Híbrido,Tecnología,Data Engineer Aprendiz,Ingeniería,IC1,False,2026-02-11,Indefinido,False,,BUK11573,Desvinculado
BUK11181,Valeria Diana Martínez,valeria.martínez@buk.example,F,1985-12-10,Colombiana,MX,MX,Híbrido,Tecnología,SRE Semi Senior,Ingeniería,IC3,False,2023-10-03,Indefinido,False,,BUK10250,Activo
BUK11182,Alexis Santiago Gutiérrez Castillo,alexis.castillo@buk.example,M,1998-08-27,Peruana,CL,CL,Híbrido,Administración,Control de Gestión Semi Senior,Finanzas,IC3,False,2026-07-06,Indefinido,False,,BUK11691,Activo
BUK11183,Milena Buitrago Gómez,milena.gómez@buk.example,F,1999-02-14,Colombiana,CL,CL,Híbrido,Tecnología,Líder de Ingeniería,Ingeniería,M1,True,2020-03-09,Indefinido,False,,BUK10282,Activo
BUK11184,Carlos Benjamín Caballero García,carlos.garcía@buk.example,M,1988-08-17,Uruguaya,PE,PE,Presencial,Comercial,Ejecutivo Comercial Aprendiz,Ventas,IC1,False,2020-03-22,Indefinido,False,Sí,BUK10327,Activo
BUK11185,Gabriel Navarro Ramos,gabriel.ramos@buk.example,M,1990-10-30,Argentina,MX,MX,Remoto,Comercial,Subgerente de Customer Success,Customer Success,M2,True,2024-03-23,Indefinido,False,Prefiero no responder,BUK10292,Activo
BUK11186,Jos Zacarías Feliciano Rendón,jos.rendón@buk.example,M,2005-08-31,Mexicana,CL,CL,Híbrido,Tecnología,Líder de Ingeniería,Ingeniería,M1,True,2025-04-19,Indefinido,False,,BUK11309,Activo
BUK11187,Karen Marta Díaz Mendoza,karen.mendoza@buk.example,F,1988-03-07,Chilena,MX,MX,Híbrido,Tecnología,SRE Semi Senior,Ingeniería,IC3,False,2025-02-28,Indefinido,False,Prefiero no responder,BUK12472,Activo
BUK11188,Juana Salazar,juana.salazar@buk.example,F,1997-07-02,Mexicana,MX,MX,Híbrido,Comercial,Especialista de Renovaciones,Customer Success,IC2,False,2025-10-06,Indefinido,False,,BUK10798,Desvinculado
BUK11189,Camilo Daniel Olate Ormeño,camilo.ormeño@buk.example,M,1991-12-26,Chilena,PE,PE,Híbrido,Tecnología,Software Engineer Senior,Ingeniería,IC4,False,2026-06-07,Indefinido,False,,BUK10289,Activo
BUK11190,Mariana Ruby Urrutia,mariana.urrutia@buk.example,F,1987-06-09,Mexicana,CO,CO,Híbrido,Tecnología,QA Engineer Semi Senior,Ingeniería,IC3,False,2026-03-30,Indefinido,False,,BUK10708,Desvinculado
BUK11191,Salvador Jiménez,salvador.jiménez@buk.example,M,1994-12-23,Colombiana,CL,CL,Remoto,Operaciones,Analista de Operaciones,Operaciones,IC2,False,2022-05-12,Indefinido,False,,BUK10710,Desvinculado
BUK11192,Lic. Mauricio Piña,lic..piña@buk.example,M,1992-01-28,Mexicana,CL,CL,Remoto,Tecnología,Software Engineer Semi Senior,Ingeniería,IC3,False,2020-02-14,Indefinido,False,,BUK10708,Activo
BUK11193,Pamela Solange Droguett Mercado,pamela.mercado@buk.example,F,1995-11-30,Venezolana,BR,BR,Presencial,Comercial,Account Executive Aprendiz,Ventas,IC1,False,2025-12-28,Indefinido,False,,BUK11407,Activo
BUK11194,Javiera Maldonado,javiera.maldonado@buk.example,F,1989-01-29,Peruana,CL,CL,Híbrido,Comercial,SDR Semi Senior,Ventas,IC3,False,2023-03-12,Plazo fijo,False,Prefiero no responder,BUK10766,Activo
BUK11195,Claudia Hilda Guajardo,claudia.guajardo@buk.example,F,1990-05-14,Mexicana,CO,CO,Remoto,Comercial,Customer Success Manager Semi Senior,Customer Success,IC3,False,2025-06-06,Indefinido,False,,BUK11009,Activo
BUK11196,Rosa Isabel Muñoz Romero,rosa.romero@buk.example,F,1993-12-10,Peruana,BR,BR,Remoto,Comercial,Account Manager Semi Senior,Customer Success,IC3,False,2025-01-03,Plazo fijo,False,,BUK11177,Activo
BUK11197,Jean Luis Pastén Rodríguez,jean.rodríguez@buk.example,M,1984-08-11,Chilena,CO,CO,Remoto,Operaciones,Especialista de Soporte Payroll Semi Senior,Soporte,IC3,False,2025-07-05,Indefinido,False,Sí,BUK11001,Activo
BUK11198,Bryan González Fuentealba,bryan.fuentealba@buk.example,M,2000-03-10,Argentina,CO,CO,Híbrido,Administración,Control de Gestión Semi Senior,Finanzas,IC3,False,2025-07-04,Indefinido,False,,BUK10122,Activo
BUK11199,Luz Judith Durán Jiménez,luz.jiménez@buk.example,F,1996-01-11,Colombiana,CO,CO,Remoto,Tecnología,Gerente de Ingeniería,Ingeniería,M3,True,2024-12-21,Indefinido,False,,,Desvinculado
BUK11200,Priscilla Marina Méndez Moreno,priscilla.moreno@buk.example,F,2000-12-05,Chilena,CL,CL,Híbrido,Tecnología,QA Engineer Semi Senior,Ingeniería,IC3,False,2025-06-24,Indefinido,False,,BUK12615,Activo
BUK11201,Consuelo Anahí Araya Aguirre,consuelo.aguirre@buk.example,F,2002-09-02,Chilena,CL,CL,Remoto,Comercial,Ejecutivo Comercial Aprendiz,Ventas,IC1,False,2022-10-23,Indefinido,False,Prefiero no responder,BUK12094,Desvinculado
BUK11202,Sr. Diego Gamez,sr..gamez@buk.example,M,1990-04-24,Mexicana,CL,CL,Remoto,Operaciones,Agente de Soporte Semi Senior,Soporte,IC3,False,2026-06-04,Indefinido,True,,BUK11964,Activo
BUK11203,Zoila Claudia Rivera Mendoza,zoila.mendoza@buk.example,F,1998-04-20,Peruana,MX,MX,Remoto,Comercial,Account Executive,Ventas,IC2,False,2022-09-23,Indefinido,False,,BUK10140,Activo
BUK11204,Orfelina Johana Lagos Suazo,orfelina.suazo@buk.example,F,1990-04-23,Chilena,CL,CL,Híbrido,Comercial,SDR,Ventas,IC2,False,2025-12-15,Indefinido,False,,BUK10297,Desvinculado
BUK11205,Omaira Barbosa,omaira.barbosa@buk.example,F,1994-11-02,Colombiana,CL,CL,Híbrido,Administración,Analista de Cobranza Especialista,Finanzas,IC5,False,2026-01-13,Indefinido,False,Prefiero no responder,BUK11409,Activo
BUK11206,Rodrigo Salinas Ruiz,rodrigo.ruiz@buk.example,M,1994-03-05,Chilena,CL,CL,Híbrido,Administración,Control de Gestión,Finanzas,IC2,False,2025-09-25,Indefinido,False,Prefiero no responder,BUK10331,Activo
BUK11207,José Francisco Díaz Rojas,josé.rojas@buk.example,M,2002-02-21,Chilena,CL,CL,Remoto,Operaciones,Subgerente de Implementación,Implementación,M2,True,2026-02-06,Indefinido,False,,BUK10437,Activo
BUK11208,Lic. Lucas Garica,lic..garica@buk.example,No binario / No informa,1990-11-29,Mexicana,MX,PE,Remoto,Comercial,Ejecutivo Comercial Aprendiz,Ventas,IC1,False,2023-09-14,Indefinido,False,,BUK10297,Activo
BUK11209,John Juan Reyes,john.reyes@buk.example,M,1992-11-06,Colombiana,MX,MX,Híbrido,Operaciones,Gerente de Implementación,Implementación,M3,True,2026-06-02,Indefinido,False,,,Desvinculado
BUK11210,Vanessa Natalia Mejía Flórez,vanessa.flórez@buk.example,F,1994-09-22,Colombiana,CO,PE,Híbrido,Tecnología,SRE,Ingeniería,IC2,False,2026-03-07,Indefinido,False,,BUK10804,Activo
BUK11211,Esmeralda Ocampo,esmeralda.ocampo@buk.example,F,1993-04-09,Colombiana,PE,PE,Presencial,Tecnología,QA Engineer,Ingeniería,IC2,False,2023-08-15,Indefinido,False,,BUK12615,Activo
BUK11212,Isabel Claudia León Osorio,isabel.osorio@buk.example,F,1984-05-30,Argentina,CL,CL,Híbrido,Operaciones,Consultor de Implementación Semi Senior,Implementación,IC3,False,2026-05-20,Indefinido,False,,BUK12554,Desvinculado
BUK11213,Jorge Fierro Meneses,jorge.meneses@buk.example,M,1994-11-21,Chilena,MX,MX,Presencial,Administración,People Happiness Manager Senior,Personas,IC4,False,2025-03-28,Indefinido,False,,BUK11691,Activo
BUK11214,Ana María Gajardo Sanhueza,ana.sanhueza@buk.example,F,1994-12-09,Peruana,CL,CL,Remoto,Operaciones,Especialista de Soporte Especialista,Soporte,IC5,False,2024-07-24,Indefinido,False,,BUK10867,Desvinculado
BUK11215,Daniela Alexia Ruiz Araya,daniela.araya@buk.example,F,1988-11-07,Uruguaya,MX,MX,Remoto,Comercial,Especialista de Renovaciones Semi Senior,Customer Success,IC3,False,2024-09-27,Indefinido,False,,BUK11070,Desvinculado
BUK11216,Diana Pavez,diana.pavez@buk.example,F,1994-07-31,Chilena,CO,CO,Híbrido,Operaciones,Consultor de Implementación Especialista,Implementación,IC5,False,2025-10-20,Indefinido,False,,BUK12151,Desvinculado
BUK11217,María Teresa Silva Peña,maría.peña@buk.example,F,1985-06-09,Peruana,CO,CO,Híbrido,Operaciones,Project Manager de Implementación,Implementación,IC2,False,2026-07-06,Plazo fijo,False,,BUK10326,Activo
BUK11218,Wilfrido Espino Padrón,wilfrido.padrón@buk.example,M,2001-07-17,Mexicana,PE,PE,Híbrido,Administración,People Happiness Manager,Personas,IC2,False,2025-10-30,Indefinido,False,,BUK12496,Activo
BUK11219,Mario Vera,mario.vera@buk.example,M,1988-02-03,Chilena,PE,PE,Remoto,Administración,Especialista de Formación Aprendiz,Personas,IC1,False,2020-01-01,Plazo fijo,False,Prefiero no responder,BUK12496,Activo
BUK11220,Marcela Restrepo,marcela.restrepo@buk.example,F,2001-05-13,Colombiana,CO,CO,Remoto,Tecnología,Data Analyst,Datos,IC2,False,2024-08-02,Indefinido,False,,BUK12529,Activo
BUK11221,Ignacio Jara Díaz,ignacio.díaz@buk.example,M,1996-10-24,Argentina,MX,MX,Híbrido,Operaciones,Project Manager de Implementación Aprendiz,Implementación,IC1,False,2026-03-21,Indefinido,False,,BUK10453,Desvinculado
BUK11222,Belén Palma,belén.palma@buk.example,F,1996-04-19,Chilena,CL,CL,Presencial,Administración,Talent Acquisition Senior,Personas,IC4,False,2025-03-26,Indefinido,False,,BUK10900,Activo
BUK11223,Leidy Pineda Barrios,leidy.barrios@buk.example,F,1986-06-24,Colombiana,PE,PE,Híbrido,Comercial,Especialista de Renovaciones Senior,Customer Success,IC4,False,2023-12-28,Indefinido,False,Sí,BUK10619,Activo
BUK11224,Melissa Pires,melissa.pires@buk.example,F,2001-02-03,Brasileña,CL,CL,Remoto,Operaciones,Especialista Payroll Ops,Operaciones,IC2,False,2026-01-25,Indefinido,False,Prefiero no responder,BUK11563,Activo
BUK11225,Eduardo Rufino Estévez Melgar,eduardo.melgar@buk.example,M,1996-01-10,Mexicana,CL,CL,Híbrido,Administración,Talent Acquisition Semi Senior,Personas,IC3,False,2026-01-01,Indefinido,False,,BUK11068,Activo
BUK11226,Fabián Fernández,fabián.fernández@buk.example,M,2000-11-16,Chilena,CL,CL,Remoto,Operaciones,Especialista Payroll Ops Semi Senior,Operaciones,IC3,False,2022-08-29,Plazo fijo,False,,BUK10714,Activo
BUK11227,Atilio Torrijos Hernandez,atilio.hernandez@buk.example,M,2005-08-31,Italiana,CO,CO,Remoto,Tecnología,Gerente de Producto,Producto,M3,True,2024-10-23,Indefinido,False,,,Activo
BUK11228,José Sebastián Briones Reyes,josé.reyes@buk.example,M,1998-06-10,Peruana,CO,CO,Remoto,Operaciones,Analista de Operaciones Senior,Operaciones,IC4,False,2022-03-18,Indefinido,False,,BUK11964,Desvinculado
BUK11229,Jaime Cristhofer Contreras Rodríguez,jaime.rodríguez@buk.example,M,1999-05-27,Argentina,CL,CO,Híbrido,Operaciones,Especialista de Soporte Especialista,Soporte,IC5,False,2022-01-07,Indefinido,False,,BUK11717,Activo
BUK11230,Edgar Guerrero Serrano,edgar.serrano@buk.example,M,2005-08-31,Chilena,CL,CL,Remoto,Comercial,SDR Especialista,Ventas,IC5,False,2024-10-29,Indefinido,False,,BUK11307,Activo
BUK11231,Antonia Ruby Solorio Pineda,antonia.pineda@buk.example,F,1997-07-27,Mexicana,CL,CL,Remoto,Tecnología,SRE,Ingeniería,IC2,False,2023-11-21,Indefinido,False,,BUK10650,Desvinculado
BUK11232,Marisol Esquivel,marisol.esquivel@buk.example,F,2001-04-30,Mexicana,CO,CO,Híbrido,Comercial,Account Manager,Customer Success,IC2,False,2026-02-12,Indefinido,False,,BUK10689,Desvinculado
BUK11233,Ana Vega,ana.vega@buk.example,F,1996-02-01,Colombiana,PE,AR,Híbrido,Comercial,Content Manager Semi Senior,Marketing,IC3,False,2022-09-06,Indefinido,False,,BUK10181,Desvinculado
BUK11234,Courtney Adams,courtney.adams@buk.example,F,2003-08-31,Australiana,CL,CL,Híbrido,Comercial,Customer Success Manager,Customer Success,IC2,False,2026-07-18,Indefinido,False,,BUK12218,Activo
BUK11235,Fernanda Diana Tapia Vidal,fernanda.vidal@buk.example,F,1984-06-22,Chilena,CL,CL,Híbrido,Operaciones,Especialista de Soporte Payroll Semi Senior,Soporte,IC3,False,2025-03-01,Indefinido,False,Prefiero no responder,BUK11001,Activo
BUK11236,Amalia Marisol Correa Marín,amalia.marín@buk.example,F,1991-03-28,Argentina,CL,CL,Presencial,Operaciones,Especialista Payroll Ops Senior,Operaciones,IC4,False,2026-05-06,Indefinido,False,,BUK10302,Activo
BUK11237,Macarena González Flores,macarena.flores@buk.example,F,1987-08-10,Chilena,CL,CL,Remoto,Tecnología,SRE Semi Senior,Ingeniería,IC3,False,2025-02-11,Plazo fijo,False,Prefiero no responder,BUK12590,Activo
BUK11238,Manuel Córdova Hernández,manuel.hernández@buk.example,M,1989-11-28,Guatemalteca,PE,PE,Remoto,Operaciones,Especialista de Soporte Aprendiz,Soporte,IC1,False,2025-10-17,Indefinido,False,,BUK11964,Activo
BUK11239,Gustavo Froilán Araya Sánchez,gustavo.sánchez@buk.example,M,1999-01-09,Ecuatoriana,CL,CL,Híbrido,Comercial,Ejecutivo Comercial Aprendiz,Ventas,IC1,False,2026-01-03,Indefinido,False,Prefiero no responder,BUK10665,Desvinculado
BUK11240,Felipe Araya Berríos,felipe.berríos@buk.example,M,1994-06-09,Chilena,MX,MX,Híbrido,Comercial,Líder de Customer Success,Customer Success,M1,True,2025-06-17,Indefinido,False,,BUK11185,Activo
BUK11241,Fortunata Montalbán Abella,fortunata.abella@buk.example,F,1984-11-08,Española,BR,BR,Remoto,Operaciones,Project Manager de Implementación Semi Senior,Implementación,IC3,False,2025-10-11,Indefinido,False,,BUK10800,Activo
BUK11242,Marcos Luis Cortés Gaete,marcos.gaete@buk.example,M,1996-08-26,Dominicana,CL,CL,Híbrido,Tecnología,Data Engineer,Ingeniería,IC2,False,2025-09-19,Indefinido,False,,BUK10289,Activo
BUK11243,Dominga Contreras Pino,dominga.pino@buk.example,F,1996-04-22,Venezolana,CL,CL,Híbrido,Operaciones,Consultor de Implementación,Implementación,IC2,False,2025-06-10,Indefinido,False,,BUK11901,Activo
BUK11244,Salvador Barajas Anguiano,salvador.anguiano@buk.example,M,1997-08-28,Mexicana,CO,CO,Presencial,Comercial,Líder de Customer Success,Customer Success,M1,True,2026-01-23,Indefinido,False,,BUK11468,Activo
BUK11245,René Eduardo Cabrera Arriagada,rené.arriagada@buk.example,M,1998-07-19,Peruana,CO,CO,Presencial,Tecnología,Gerente de Ingeniería,Ingeniería,M3,True,2026-03-25,Indefinido,False,,,Activo
BUK11246,Luiz Miguel Macedo,luiz.macedo@buk.example,M,1995-06-06,Brasileña,CO,CO,Híbrido,Comercial,SDR,Ventas,IC2,False,2025-12-01,Indefinido,False,,BUK10405,Activo
BUK11247,Sra. Anabel Henríquez,sra..henríquez@buk.example,F,1986-05-14,Mexicana,CL,CL,Híbrido,Operaciones,Analista de Operaciones Senior,Operaciones,IC4,False,2023-02-25,Indefinido,False,,BUK11780,Activo
BUK11248,Carlos Sergio González Vidal,carlos.vidal@buk.example,M,1987-02-07,Venezolana,BR,BR,Híbrido,Tecnología,Data Engineer,Ingeniería,IC2,False,2025-01-01,Indefinido,False,,BUK10455,Activo
BUK11249,Camila Bustos,camila.bustos@buk.example,F,1991-12-02,Chilena,CO,CO,Remoto,Comercial,Customer Success Manager Semi Senior,Customer Success,IC3,False,2025-08-12,Indefinido,False,,BUK10945,Activo
BUK11250,Edita Robles Meza,edita.meza@buk.example,F,1995-01-23,Argentina,CO,CO,Híbrido,Administración,Abogado Corporativo Aprendiz,Legal,IC1,False,2026-03-19,Indefinido,False,,BUK12394,Activo
BUK11251,Dra. Nicole Macedo,dra..macedo@buk.example,F,1996-05-01,Brasileña,CO,CO,Híbrido,Operaciones,Consultor de Implementación,Implementación,IC2,False,2024-04-14,Indefinido,False,,BUK10949,Activo
BUK11252,Laís Moraes,laís.moraes@buk.example,F,2002-06-06,Brasileña,BR,AR,Remoto,Operaciones,Consultor de Implementación Senior,Implementación,IC4,False,2025-01-01,Plazo fijo,False,,BUK10019,Desvinculado
BUK11253,Vicente Hugo Marín Barrientos,vicente.barrientos@buk.example,M,1983-02-09,Chilena,CL,CL,Híbrido,Tecnología,UX Researcher Aprendiz,Producto,IC1,False,2025-01-22,Indefinido,False,,BUK11474,Activo
BUK11254,Catalina Lidia Soto Quispe,catalina.quispe@buk.example,F,1997-01-25,Chilena,MX,MX,Remoto,Tecnología,Subgerente de Ingeniería,Ingeniería,M2,True,2025-12-14,Indefinido,False,,BUK12603,Activo
BUK11255,Lucas Lee,lucas.lee@buk.example,M,2005-08-31,Australiana,MX,MX,Remoto,Operaciones,Analista de Operaciones,Operaciones,IC2,False,2022-01-29,Indefinido,False,Sí,BUK10800,Activo
BUK11256,Fabiola Francesca Salas Carrasco,fabiola.carrasco@buk.example,F,1986-10-21,Chilena,CL,CL,Híbrido,Comercial,Account Manager Semi Senior,Customer Success,IC3,False,2024-10-06,Indefinido,False,,BUK10317,Desvinculado
BUK11257,Matteo Campos,matteo.campos@buk.example,M,2005-08-31,Brasileña,CL,CL,Híbrido,Administración,People Happiness Manager,Personas,IC2,False,2023-10-11,Plazo fijo,False,,BUK10844,Activo
BUK11258,María Valenzuela,maría.valenzuela@buk.example,F,1991-08-11,Venezolana,BR,BR,Remoto,Comercial,Growth Marketer Senior,Marketing,IC4,False,2025-10-12,Indefinido,False,,BUK12537,Activo
BUK11259,Maria Helena Pacheco,maria.pacheco@buk.example,F,2002-04-21,Brasileña,CL,CL,Híbrido,Comercial,Brand Manager Semi Senior,Marketing,IC3,False,2023-08-13,Indefinido,False,Prefiero no responder,BUK12606,Activo
BUK11260,Rodrigo Adán Velásquez Mesa,rodrigo.mesa@buk.example,M,1980-11-27,Mexicana,BR,AR,Remoto,Comercial,Account Manager Semi Senior,Customer Success,IC3,False,2025-09-20,Indefinido,False,,BUK11070,Activo
BUK11261,Jorge Cristian Sepúlveda Hernández,jorge.hernández@buk.example,M,1983-09-28,Chilena,MX,MX,Híbrido,Tecnología,Analytics Engineer Semi Senior,Datos,IC3,False,2022-01-01,Indefinido,False,Prefiero no responder,BUK11183,Desvinculado
BUK11262,Luis Gonzalo Roa Silva,luis.silva@buk.example,M,1981-05-11,Ecuatoriana,MX,MX,Remoto,Comercial,Líder de Customer Success,Customer Success,M1,True,2022-11-23,Indefinido,False,,BUK11623,Activo
BUK11263,Ramón Alvarado,ramón.alvarado@buk.example,M,2003-03-11,Argentina,CO,CO,Híbrido,Tecnología,QA Engineer,Ingeniería,IC2,False,2024-12-11,Indefinido,False,,BUK11154,Activo
BUK11264,Albertina Marcela Lizana Galdames,albertina.galdames@buk.example,F,1990-01-24,Argentina,CO,CO,Híbrido,Operaciones,Agente de Soporte Especialista,Soporte,IC5,False,2025-10-04,Indefinido,False,,BUK12151,Activo
BUK11265,Héctor Celso Barraza Gallardo,héctor.gallardo@buk.example,M,1989-08-04,Uruguaya,CO,CO,Híbrido,Operaciones,Especialista de Soporte Senior,Soporte,IC4,False,2023-05-22,Indefinido,False,,BUK11001,Activo
BUK11266,Patricio Quiroga,patricio.quiroga@buk.example,No binario / No informa,1990-02-22,Chilena,PE,PE,Presencial,Operaciones,Agente de Soporte Senior,Soporte,IC4,False,2026-01-21,Indefinido,False,,BUK12338,Activo
BUK11267,Carlos Tulio Pérez Luna,carlos.luna@buk.example,M,2004-02-05,Colombiana,MX,MX,Híbrido,Comercial,Líder de Ventas,Ventas,M1,True,2025-07-22,Indefinido,False,Sí,BUK11552,Activo
BUK11268,Misael Rafael González Tapia,misael.tapia@buk.example,M,1996-11-13,Peruana,CL,PE,Presencial,Operaciones,Consultor de Implementación Aprendiz,Implementación,IC1,False,2026-06-14,Indefinido,False,,BUK10789,Activo
BUK11269,Jairo Martínez,jairo.martínez@buk.example,M,1998-03-25,Colombiana,PE,PE,Remoto,Comercial,Account Executive Senior,Ventas,IC4,False,2025-12-22,Indefinido,False,,BUK10312,Activo
BUK11270,Isidora Tatiana Jiménez Cisterna,isidora.cisterna@buk.example,F,2002-02-05,Chilena,MX,MX,Presencial,Operaciones,Project Manager de Implementación Semi Senior,Implementación,IC3,False,2024-12-10,Indefinido,False,Sí,BUK11993,Activo
BUK11271,Herminia Silvia Palacios Vidal,herminia.vidal@buk.example,F,1991-08-27,Chilena,CL,CL,Híbrido,Operaciones,Especialista de Soporte Especialista,Soporte,IC5,False,2025-03-27,Indefinido,False,,BUK12632,Activo
BUK11272,Vicente Cárcamo Cancino,vicente.cancino@buk.example,M,1999-12-19,Peruana,BR,BR,Remoto,Administración,Control de Gestión Semi Senior,Finanzas,IC3,False,2025-08-12,Indefinido,False,,BUK10122,Activo
BUK11273,Constanza Rojas,constanza.rojas@buk.example,F,1992-02-17,Chilena,MX,MX,Híbrido,Tecnología,Software Engineer Semi Senior,Ingeniería,IC3,False,2022-01-01,Indefinido,False,Prefiero no responder,BUK12458,Activo
BUK11274,Ryan Casa Grande,ryan.grande@buk.example,M,1999-01-20,Brasileña,CO,CO,Híbrido,Comercial,Content Manager Senior,Marketing,IC4,False,2025-10-31,Indefinido,False,,BUK10044,Activo
BUK11275,Eloy Jorge Pérez Cifuentes,eloy.cifuentes@buk.example,M,1984-07-16,Guatemalteca,CL,CL,Remoto,Operaciones,Especialista Payroll Ops Aprendiz,Operaciones,IC1,False,2025-10-07,Indefinido,False,,BUK10302,Activo
BUK11276,Trinidad Barreto Escobar,trinidad.escobar@buk.example,F,1996-07-09,Mexicana,MX,MX,Remoto,Administración,Gerente de Personas,Personas,M3,True,2026-01-28,Indefinido,False,,,Activo
BUK11277,Sara Diana Girón Vigil,sara.vigil@buk.example,F,2003-04-10,Mexicana,CL,CL,Híbrido,Operaciones,Gerente de Soporte,Soporte,M3,True,2025-09-27,Indefinido,False,,,Activo
BUK11278,Antonia Rita López Márquez,antonia.márquez@buk.example,F,1992-04-11,Peruana,CL,CL,Remoto,Operaciones,Especialista Payroll Ops,Operaciones,IC2,False,2021-07-27,Indefinido,False,,BUK10478,Activo
BUK11279,María Cindy Valdivia Alarcón,maría.alarcón@buk.example,F,1990-02-16,Guatemalteca,CL,CL,Remoto,Administración,Control de Gestión,Finanzas,IC2,False,2023-01-20,Indefinido,False,,BUK10746,Activo
BUK11280,Florencia Evelyn Peña Cortés,florencia.cortés@buk.example,F,1989-03-22,Chilena,CL,CL,Híbrido,Tecnología,QA Engineer Semi Senior,Ingeniería,IC3,False,2026-01-05,Indefinido,False,,BUK12254,Desvinculado
BUK11281,María Margarita Galindo Ospina,maría.ospina@buk.example,F,1992-03-06,Colombiana,BR,BR,Híbrido,Operaciones,Agente de Soporte,Soporte,IC2,False,2026-03-29,Indefinido,False,,BUK11473,Activo
BUK11282,Nancy Vásquez,nancy.vásquez@buk.example,F,1995-06-01,Argentina,CL,CL,Remoto,Administración,Control de Gestión Aprendiz,Finanzas,IC1,False,2026-01-20,Indefinido,False,Sí,BUK12266,Activo
BUK11283,Joel Tomás Barahona Henríquez,joel.henríquez@buk.example,M,2002-04-09,Chilena,CL,CL,Híbrido,Operaciones,Project Manager de Implementación Semi Senior,Implementación,IC3,False,2025-02-03,Indefinido,False,,BUK10800,Activo
BUK11284,Adelaida Alvarez,adelaida.alvarez@buk.example,F,2000-07-09,Chilena,BR,BR,Presencial,Operaciones,Analista de Operaciones,Operaciones,IC2,False,2025-01-01,Indefinido,False,,BUK11964,Activo
BUK11285,Daniela Maldonado López,daniela.lópez@buk.example,F,1993-06-22,Chilena,CL,CL,Híbrido,Tecnología,Software Engineer,Ingeniería,IC2,False,2025-10-04,Indefinido,False,,BUK11186,Activo
BUK11286,Gustavo Víctor Corvalán Robles,gustavo.robles@buk.example,M,1992-01-11,Chilena,CL,CL,Híbrido,Administración,People Happiness Manager,Personas,IC2,False,2025-12-09,Indefinido,False,,BUK10348,Activo
BUK11287,Marcelo Gregorio Donoso Castro,marcelo.castro@buk.example,M,1990-11-17,Venezolana,CL,CL,Híbrido,Operaciones,Analista de Operaciones Aprendiz,Operaciones,IC1,False,2023-06-03,Indefinido,False,Prefiero no responder,BUK10150,Activo
BUK11288,Mónica Espinoza Muñoz,mónica.muñoz@buk.example,F,1991-09-04,Chilena,PE,PE,Híbrido,Tecnología,Subgerente de Ingeniería,Ingeniería,M2,True,2026-05-18,Indefinido,False,,BUK11245,Activo
BUK11289,Eliecer Luna,eliecer.luna@buk.example,M,1995-01-12,Colombiana,MX,MX,Remoto,Administración,Control de Gestión Senior,Finanzas,IC4,False,2025-12-05,Plazo fijo,False,,BUK11409,Activo
BUK11290,Lorenzo David Méndez Pérez,lorenzo.pérez@buk.example,M,2004-12-20,Chilena,CL,CL,Híbrido,Administración,Especialista de Formación Senior,Personas,IC4,False,2022-11-23,Indefinido,False,,BUK10900,Activo
BUK11291,Edith Rosa Velásquez Rojas,edith.rojas@buk.example,F,1995-02-17,Colombiana,MX,MX,Híbrido,Tecnología,Software Engineer Semi Senior,Ingeniería,IC3,False,2026-03-04,Indefinido,False,Prefiero no responder,BUK10241,Activo
BUK11292,Ángela María Fuentes Ibarra,ángela.ibarra@buk.example,F,1986-10-24,Chilena,CO,CO,Presencial,Administración,People Happiness Manager Semi Senior,Personas,IC3,False,2025-02-07,Indefinido,False,Sí,BUK10331,Activo
BUK11293,Gary Gilmore,gary.gilmore@buk.example,M,1986-11-27,Canadiense,PE,MX,Remoto,Operaciones,Consultor de Implementación Semi Senior,Implementación,IC3,False,2025-02-21,Indefinido,False,,BUK12151,Desvinculado
BUK11294,Evelio Benjamín Barragán,evelio.barragán@buk.example,M,1997-03-10,Mexicana,CL,CL,Híbrido,Comercial,Content Manager Especialista,Marketing,IC5,False,2025-12-20,Indefinido,False,,BUK10595,Activo
BUK11295,Emilia Ramírez Salinas,emilia.salinas@buk.example,F,1986-10-10,Mexicana,CL,CL,Híbrido,Comercial,SDR Semi Senior,Ventas,IC3,False,2025-11-22,Indefinido,False,,BUK10910,Desvinculado
BUK11296,Aurora Estela Almanza,aurora.almanza@buk.example,F,1996-07-16,Mexicana,CL,CL,Presencial,Operaciones,Especialista de Soporte Payroll Aprendiz,Soporte,IC1,False,2026-02-12,Indefinido,False,,BUK11901,Activo
BUK11297,Javier Villagra García,javier.garcía@buk.example,M,1995-04-21,Argentina,CL,BR,Híbrido,Tecnología,Security Engineer,Ingeniería,IC2,False,2023-01-19,Indefinido,False,,BUK10796,Activo
BUK11298,Martina Morales Garcés,martina.garcés@buk.example,F,2002-08-22,Uruguaya,CO,CO,Remoto,Comercial,Especialista de Renovaciones,Customer Success,IC2,False,2025-10-24,Indefinido,False,,BUK12263,Activo
BUK11299,Cristóbal Órdenes,cristóbal.órdenes@buk.example,M,2005-08-31,Chilena,CL,CL,Híbrido,Operaciones,Especialista de Soporte Payroll Semi Senior,Soporte,IC3,False,2023-07-07,Indefinido,False,,BUK12515,Activo
BUK11300,Javier Coronado Gómez,javier.gómez@buk.example,M,1997-01-09,Uruguaya,CO,CO,Híbrido,Tecnología,UX Researcher,Producto,IC2,False,2022-10-16,Indefinido,False,,BUK11656,Activo
BUK11301,Luis Guerrero Gaviria,luis.gaviria@buk.example,M,1994-05-08,Colombiana,PE,PE,Remoto,Operaciones,Subgerente de Implementación,Implementación,M2,True,2025-03-29,Indefinido,False,Prefiero no responder,BUK11398,Activo
BUK11302,Holly Brooks,holly.brooks@buk.example,F,1991-02-13,Británica,CL,CL,Remoto,Comercial,Customer Success Manager,Customer Success,IC2,False,2026-03-08,Indefinido,False,,BUK12310,Activo
BUK11303,José Acevedo Ayala,josé.ayala@buk.example,M,1990-06-10,Peruana,CO,CO,Remoto,Administración,Abogado Corporativo Semi Senior,Legal,IC3,False,2026-05-27,Indefinido,False,,BUK10921,Desvinculado
BUK11304,Luis Farías,luis.farías@buk.example,M,1994-08-18,Guatemalteca,CL,CL,Remoto,Operaciones,Agente de Soporte Semi Senior,Soporte,IC3,False,2026-04-25,Indefinido,False,,BUK10019,Desvinculado
BUK11305,Felipe Darío Téllez Rosas,felipe.rosas@buk.example,M,1993-03-07,Mexicana,CO,CO,Remoto,Tecnología,Líder de Ingeniería,Ingeniería,M1,True,2023-11-20,Indefinido,False,Sí,BUK10155,Activo
BUK11306,Claudio Víctor Muñoz Fuentealba,claudio.fuentealba@buk.example,M,1996-01-27,Argentina,CL,CL,Remoto,Tecnología,Data Engineer Senior,Ingeniería,IC4,False,2026-06-09,Indefinido,False,,BUK11573,Activo
BUK11307,Michael Carlos Pacheco Ramírez,michael.ramírez@buk.example,M,1990-04-17,Paraguaya,MX,MX,Híbrido,Comercial,Líder de Ventas,Ventas,M1,True,2025-08-29,Indefinido,False,Sí,BUK11463,Desvinculado
BUK11308,Andrea Nancy Bermúdez,andrea.bermúdez@buk.example,F,1987-04-02,Mexicana,CO,CO,Híbrido,Tecnología,SRE Senior,Ingeniería,IC4,False,2024-05-19,Indefinido,False,,BUK12165,Activo
BUK11309,Milena Ortiz,milena.ortiz@buk.example,F,1995-05-05,Colombiana,CL,ES,Remoto,Tecnología,Subgerente de Ingeniería,Ingeniería,M2,True,2024-01-12,Indefinido,False,Sí,BUK11227,Activo
BUK11310,Irma Figueroa Zepeda,irma.zepeda@buk.example,F,1985-11-15,Chilena,CL,CL,Remoto,Comercial,Ejecutivo Comercial,Ventas,IC2,False,2026-05-19,Indefinido,False,,BUK10029,Desvinculado
BUK11311,Luz María Campos-Rojas Cortés,luz.cortés@buk.example,F,1989-02-10,Peruana,CL,CL,Híbrido,Operaciones,Analista de Operaciones Senior,Operaciones,IC4,False,2022-01-12,Indefinido,False,Prefiero no responder,BUK12515,Activo
BUK11312,Tomas Carlos Veloso Romero,tomas.romero@buk.example,M,1994-01-17,Argentina,CL,CL,Híbrido,Operaciones,Especialista de Soporte Payroll Senior,Soporte,IC4,False,2023-07-30,Indefinido,False,,BUK10302,Activo
BUK11313,Arturo Pérez-Ramírez,arturo.pérez-ramírez@buk.example,M,1992-11-15,Boliviana,MX,MX,Híbrido,Comercial,Account Executive Aprendiz,Ventas,IC1,False,2022-01-01,Indefinido,False,,BUK10044,Activo
BUK11314,Amelia Esperanza Rosas Garrido,amelia.garrido@buk.example,F,2000-07-09,Mexicana,CL,CL,Híbrido,Comercial,Subgerente de Ventas,Ventas,M2,True,2026-05-13,Indefinido,False,,BUK10292,Desvinculado
BUK11315,Diego Figueroa,diego.figueroa@buk.example,M,1997-08-15,Chilena,CL,CL,Remoto,Tecnología,Security Engineer Semi Senior,Ingeniería,IC3,False,2025-11-06,Indefinido,False,,BUK10183,Activo
BUK11316,Patricio Sebastián Núñez Muñoz,patricio.muñoz@buk.example,M,2000-10-05,Chilena,CL,ES,Híbrido,Tecnología,SRE Semi Senior,Ingeniería,IC3,False,2025-11-15,Indefinido,False,Prefiero no responder,BUK10059,Desvinculado
BUK11317,Edith Cantillo,edith.cantillo@buk.example,F,1994-06-23,Colombiana,CL,CL,Remoto,Operaciones,Especialista Payroll Ops Semi Senior,Operaciones,IC3,False,2026-01-20,Indefinido,False,Prefiero no responder,BUK10019,Activo
BUK11318,Victoria Olga Monsalve Belmar,victoria.belmar@buk.example,F,2005-01-13,Chilena,CL,PT,Presencial,Tecnología,Product Manager Senior,Producto,IC4,False,2017-01-01,Plazo fijo,False,Prefiero no responder,BUK10241,Activo
BUK11319,Antonia Teresa Castro Roa,antonia.roa@buk.example,F,1992-01-17,Chilena,CL,CL,Remoto,Administración,Abogado Corporativo Especialista,Legal,IC5,False,2025-09-04,Indefinido,False,,BUK10844,Activo
BUK11320,Obdulia Melero Linares,obdulia.linares@buk.example,F,1980-06-18,Española,CL,CL,Híbrido,Tecnología,UX Researcher,Producto,IC2,False,2022-03-14,Indefinido,False,Sí,BUK10708,Activo
BUK11321,Gregory Muñoz,gregory.muñoz@buk.example,M,2002-07-29,Chilena,CL,CL,Híbrido,Comercial,Customer Success Manager Senior,Customer Success,IC4,False,2025-05-01,Indefinido,False,,BUK10619,Activo
BUK11322,Claudia Carrasco-Rodríguez,claudia.carrasco-rodríguez@buk.example,F,1988-01-16,Chilena,CL,CL,Remoto,Comercial,Especialista de Renovaciones Semi Senior,Customer Success,IC3,False,2023-09-18,Indefinido,False,Prefiero no responder,BUK10995,Activo
BUK11323,Lucas Matías Ponce Muñoz,lucas.muñoz@buk.example,M,1992-09-17,Chilena,PE,PE,Híbrido,Tecnología,Security Engineer,Ingeniería,IC2,False,2026-03-24,Indefinido,False,,BUK10118,Desvinculado
BUK11324,César Vergara,césar.vergara@buk.example,M,1988-04-16,Chilena,CL,CL,Híbrido,Comercial,Ejecutivo Comercial Semi Senior,Ventas,IC3,False,2025-01-02,Plazo fijo,False,Prefiero no responder,BUK11262,Activo
BUK11325,Davi Luiz Aparecida,davi.aparecida@buk.example,M,2001-10-03,Brasileña,BR,BR,Remoto,Tecnología,Subgerente de Producto,Producto,M2,True,2025-01-01,Indefinido,False,,BUK11227,Activo
BUK11326,Alonso Villalobos Lagos,alonso.lagos@buk.example,M,1997-11-22,Chilena,CL,CL,Híbrido,Operaciones,Project Manager de Implementación Semi Senior,Implementación,IC3,False,2021-05-02,Indefinido,False,Sí,BUK10691,Activo
BUK11327,Lautaro Kevin Morán Pérez,lautaro.pérez@buk.example,No binario / No informa,1986-11-18,Chilena,CL,CL,Híbrido,Tecnología,SRE Semi Senior,Ingeniería,IC3,False,2026-01-04,Indefinido,False,Sí,BUK11152,Desvinculado
BUK11328,Luiz Felipe Vasconcelos,luiz.vasconcelos@buk.example,M,1990-05-11,Brasileña,CL,CL,Híbrido,Comercial,Especialista de Renovaciones Semi Senior,Customer Success,IC3,False,2022-04-24,Indefinido,False,Sí,BUK11307,Activo
BUK11329,Aldonza Inés Meza Cotto,aldonza.cotto@buk.example,F,1999-01-05,Mexicana,CL,CL,Remoto,Operaciones,Project Manager de Implementación Semi Senior,Implementación,IC3,False,2024-10-06,Indefinido,False,,BUK10150,Activo
BUK11330,Iván Javier Rojas-Brito López,iván.lópez@buk.example,M,1995-01-25,Uruguaya,CL,CL,Remoto,Comercial,Growth Marketer,Marketing,IC2,False,2024-06-22,Indefinido,False,Prefiero no responder,BUK12218,Activo
BUK11331,Pascal Lara Núñez,pascal.núñez@buk.example,F,1992-11-17,Peruana,CL,CL,Remoto,Operaciones,Especialista de Soporte,Soporte,IC2,False,2025-05-17,Indefinido,False,,BUK11001,Activo
BUK11332,Anahí Valencia Muñoz,anahí.muñoz@buk.example,F,1992-09-13,Argentina,MX,MX,Remoto,Tecnología,SRE,Ingeniería,IC2,False,2026-03-06,Indefinido,False,,BUK12472,Activo
BUK11333,Diego Roberto Luna,diego.luna@buk.example,M,1992-09-01,Colombiana,PE,PE,Híbrido,Tecnología,Data Engineer,Ingeniería,IC2,False,2024-01-15,Indefinido,False,Sí,BUK11580,Desvinculado
BUK11334,Martín Reyes Barrera,martín.barrera@buk.example,M,1999-07-18,Mexicana,BR,BR,Remoto,Tecnología,Security Engineer Semi Senior,Ingeniería,IC3,False,2025-01-01,Indefinido,False,,BUK10963,Activo
BUK11335,Ana Barahona,ana.barahona@buk.example,F,1993-11-07,Guatemalteca,MX,MX,Presencial,Administración,Abogado Corporativo Senior,Legal,IC4,False,2025-05-22,Indefinido,False,,BUK10921,Activo
BUK11336,Antonio Sierra Forero,antonio.forero@buk.example,M,1998-04-08,Colombiana,PE,PE,Híbrido,Operaciones,Consultor de Implementación Semi Senior,Implementación,IC3,False,2024-03-14,Indefinido,False,Prefiero no responder,BUK12049,Desvinculado
BUK11337,Manuel Chávez Gómez,manuel.gómez@buk.example,M,1991-09-17,Chilena,CL,CL,Híbrido,Comercial,Account Manager,Customer Success,IC2,False,2025-09-27,Indefinido,False,,BUK11244,Activo
BUK11338,Brayan Orellana,brayan.orellana@buk.example,M,1994-12-30,Chilena,CL,CL,Remoto,Comercial,Account Manager Semi Senior,Customer Success,IC3,False,2025-08-23,Indefinido,False,,BUK12606,Activo
BUK11339,Julia Vega Ríos,julia.ríos@buk.example,F,1989-03-04,Colombiana,CL,CL,Remoto,Operaciones,Consultor de Implementación,Implementación,IC2,False,2026-02-28,Indefinido,False,,BUK11001,Activo
BUK11340,Eduardo Ramírez Venegas,eduardo.venegas@buk.example,M,1995-03-22,Mexicana,MX,MX,Híbrido,Operaciones,Analista de Operaciones Semi Senior,Operaciones,IC3,False,2025-05-17,Indefinido,False,,BUK11901,Desvinculado
BUK11341,Patricia Inostroza Mellado,patricia.mellado@buk.example,F,1992-11-22,Venezolana,BR,BR,Híbrido,Operaciones,Especialista de Soporte Semi Senior,Soporte,IC3,False,2025-01-01,Indefinido,False,,BUK11001,Desvinculado
BUK11342,Cristian Edward Monroy,cristian.monroy@buk.example,M,2000-10-03,Colombiana,CL,CL,Híbrido,Operaciones,Gerente de Soporte,Soporte,M3,True,2024-08-16,Indefinido,False,Prefiero no responder,,Activo
BUK11343,María Bárbara Solís González,maría.gonzález@buk.example,F,2004-11-24,Chilena,CL,CL,Híbrido,Tecnología,Data Engineer,Ingeniería,IC2,False,2023-03-27,Indefinido,False,,BUK11058,Activo
BUK11344,Adoración Baró,adoración.baró@buk.example,F,1992-12-13,Francesa,CL,CL,Remoto,Operaciones,Project Manager de Implementación,Implementación,IC2,False,2026-03-21,Indefinido,False,,BUK10453,Activo
BUK11345,Rosa Moreno Castillo,rosa.castillo@buk.example,F,1988-02-27,Peruana,CL,CL,Híbrido,Tecnología,Líder de Datos,Datos,M1,True,2026-03-29,Indefinido,False,,BUK11254,Desvinculado
BUK11346,Felipe José Paredes Poblete,felipe.poblete@buk.example,M,1992-01-02,Argentina,CL,CL,Remoto,Administración,Analista de Cobranza Aprendiz,Finanzas,IC1,False,2025-04-27,Indefinido,False,,BUK11409,Desvinculado
BUK11347,Pedro Nuñez Ponce,pedro.ponce@buk.example,M,1993-06-10,Italiana,CL,CL,Híbrido,Tecnología,QA Engineer,Ingeniería,IC2,False,2025-04-14,Indefinido,False,,BUK10627,Activo
BUK11348,Ariadna Yolanda Paz Saavedra,ariadna.saavedra@buk.example,F,2005-08-31,Mexicana,CL,CL,Remoto,Operaciones,Analista de Operaciones Semi Senior,Operaciones,IC3,False,2022-11-19,Indefinido,False,,BUK12151,Desvinculado
BUK11349,Sandra Lira Avilés,sandra.avilés@buk.example,F,1997-12-07,Peruana,CO,BR,Híbrido,Comercial,SDR Semi Senior,Ventas,IC3,False,2024-07-29,Plazo fijo,False,,BUK10144,Activo
BUK11350,María Hernádez Galarza,maría.galarza@buk.example,F,1996-03-14,Mexicana,CL,CL,Remoto,Tecnología,Security Engineer,Ingeniería,IC2,False,2025-11-25,Indefinido,False,,BUK11183,Activo
BUK11351,Constanza Claudia Muñoz Gajardo,constanza.gajardo@buk.example,F,1976-05-08,Chilena,CL,CL,Híbrido,Operaciones,Especialista Payroll Ops Aprendiz,Operaciones,IC1,False,2025-10-02,Indefinido,False,Sí,BUK10453,Activo
BUK11352,Daniela Martina Cofré Palma,daniela.palma@buk.example,F,2005-08-31,Argentina,MX,MX,Remoto,Comercial,Content Manager Semi Senior,Marketing,IC3,False,2022-08-04,Indefinido,False,Sí,BUK10376,Activo
BUK11353,Baltazar Carlos Espinoza Acevedo,baltazar.acevedo@buk.example,M,1997-06-07,Peruana,BR,BR,Presencial,Operaciones,Consultor de Implementación,Implementación,IC2,False,2025-01-01,Indefinido,False,Prefiero no responder,BUK12338,Desvinculado
BUK11354,Miguel Nelson Ramírez Ríos,miguel.ríos@buk.example,No binario / No informa,1991-10-27,Chilena,MX,MX,Remoto,Comercial,Account Manager,Customer Success,IC2,False,2025-01-17,Indefinido,False,,BUK11307,Activo
BUK11355,Carlos Mateo Pineda Mora,carlos.mora@buk.example,M,2002-02-07,Chilena,MX,MX,Remoto,Operaciones,Agente de Soporte Aprendiz,Soporte,IC1,False,2024-11-15,Indefinido,False,Prefiero no responder,BUK11027,Activo
BUK11356,Juana Josefina Vallejos-Flores Espinoza,juana.espinoza@buk.example,F,1991-06-24,Chilena,CL,CL,Híbrido,Tecnología,Software Engineer,Ingeniería,IC2,False,2025-03-17,Indefinido,False,,BUK10455,Desvinculado
BUK11357,Guadalupe Ricarda Arranz Zabaleta,guadalupe.zabaleta@buk.example,F,1993-07-19,Alemana,CL,CL,Remoto,Comercial,Especialista de Renovaciones Senior,Customer Success,IC4,False,2024-11-28,Indefinido,False,,BUK10083,Activo
BUK11358,Benito Benavídez,benito.benavídez@buk.example,M,1995-04-05,Mexicana,MX,MX,Híbrido,Tecnología,Data Engineer,Ingeniería,IC2,False,2024-01-15,Indefinido,False,,BUK10289,Activo
BUK11359,Maira Francisca Rodríguez Olave,maira.olave@buk.example,F,1995-06-19,Peruana,CL,AR,Híbrido,Operaciones,Especialista de Soporte Payroll Semi Senior,Soporte,IC3,False,2020-10-28,Indefinido,False,Prefiero no responder,BUK12229,Activo
BUK11360,Mrs. Michelle Craig MD,mrs..md@buk.example,F,1992-09-02,Estadounidense,CL,CL,Híbrido,Tecnología,SRE,Ingeniería,IC2,False,2025-02-22,Indefinido,False,Prefiero no responder,BUK10118,Activo
BUK11361,Amanda Patricia López Cortés,amanda.cortés@buk.example,F,1997-06-23,Chilena,CL,CL,Remoto,Tecnología,Product Manager,Producto,IC2,False,2024-06-02,Indefinido,False,,BUK10833,Activo
BUK11362,Héctor Luis Henao Cuéllar,héctor.cuéllar@buk.example,No binario / No informa,1998-03-22,Colombiana,CL,CL,Híbrido,Operaciones,Especialista de Soporte,Soporte,IC2,False,2025-09-05,Indefinido,False,,BUK11001,Activo
BUK11363,Sofía Barrientos,sofía.barrientos@buk.example,F,2002-01-30,Chilena,PE,PE,Híbrido,Administración,Analista de Cobranza,Finanzas,IC2,False,2020-09-22,Indefinido,False,Sí,BUK12266,Activo
BUK11364,Anahí Osorio Osorio,anahí.osorio@buk.example,F,1996-02-27,Chilena,CL,CL,Híbrido,Operaciones,Agente de Soporte,Soporte,IC2,False,2024-03-07,Indefinido,False,,BUK12572,Desvinculado
BUK11365,Krishna Javiera Loyola Guerrero,krishna.guerrero@buk.example,F,1993-03-02,Chilena,BR,BR,Híbrido,Comercial,Ejecutivo Comercial,Ventas,IC2,False,2025-07-17,Indefinido,False,,BUK10595,Desvinculado
BUK11366,Pedro Julio Fuentes Arroyo,pedro.arroyo@buk.example,M,1993-04-09,Chilena,CO,CO,Remoto,Tecnología,Security Engineer Especialista,Ingeniería,IC5,False,2026-07-05,Indefinido,False,,BUK10991,Activo
BUK11367,Ana Esperanza Gómez,ana.gómez@buk.example,F,1990-01-09,Colombiana,CL,CL,Remoto,Operaciones,Consultor de Implementación,Implementación,IC2,False,2023-11-28,Indefinido,False,,BUK10949,Activo
BUK11368,Mayte Salma Bueno,mayte.bueno@buk.example,F,1994-08-17,Mexicana,MX,MX,Remoto,Comercial,Ejecutivo Comercial Semi Senior,Ventas,IC3,False,2025-11-06,Indefinido,False,Prefiero no responder,BUK11067,Activo
BUK11369,María Castro Herrera,maría.herrera@buk.example,F,1994-01-07,Chilena,PE,PT,Híbrido,Tecnología,Analytics Engineer Aprendiz,Datos,IC1,False,2025-10-03,Indefinido,False,,BUK11152,Activo
BUK11370,Martha Flor Guevara Ordóñez,martha.ordóñez@buk.example,F,2000-05-14,Colombiana,CL,CL,Remoto,Operaciones,Especialista de Soporte Payroll,Soporte,IC2,False,2025-05-16,Indefinido,False,,BUK12151,Desvinculado
BUK11371,Antonio Baeza Girón,antonio.girón@buk.example,M,2000-05-30,Española,MX,MX,Remoto,Comercial,Ejecutivo Comercial,Ventas,IC2,False,2025-08-25,Indefinido,False,,BUK10600,Desvinculado
BUK11372,Rafaella Pérez,rafaella.pérez@buk.example,F,2005-08-31,Chilena,CL,CL,Remoto,Comercial,Account Executive,Ventas,IC2,False,2025-11-19,Indefinido,False,Sí,BUK12027,Activo
BUK11373,Carolina González Díaz,carolina.díaz@buk.example,F,2000-07-24,Colombiana,CL,CO,Remoto,Administración,Líder de Personas,Personas,M1,True,2026-04-20,Indefinido,False,,BUK12156,Activo
BUK11374,Thiago Veas Contreras,thiago.contreras@buk.example,M,1999-11-19,Chilena,CL,CL,Presencial,Tecnología,Data Engineer Aprendiz,Ingeniería,IC1,False,2025-07-07,Indefinido,False,,BUK10183,Activo
BUK11375,Joselyn Medina,joselyn.medina@buk.example,F,1989-08-22,Chilena,MX,MX,Remoto,Tecnología,Product Designer,Producto,IC2,False,2024-12-19,Plazo fijo,False,Sí,BUK10183,Activo
BUK11376,Alejandra Álvarez Flores,alejandra.flores@buk.example,F,1996-04-05,Chilena,CL,CL,Híbrido,Comercial,Brand Manager,Marketing,IC2,False,2025-04-12,Indefinido,False,,BUK10233,Activo
BUK11377,Claudia Bustamante Sáez,claudia.sáez@buk.example,F,1997-06-30,Chilena,CL,CL,Remoto,Comercial,Customer Success Manager Aprendiz,Customer Success,IC1,False,2026-04-25,Indefinido,False,Sí,BUK11796,Activo
BUK11378,Bradley Hall,bradley.hall@buk.example,M,1990-02-15,Estadounidense,CL,CL,Remoto,Operaciones,Consultor de Implementación Semi Senior,Implementación,IC3,False,2026-06-16,Indefinido,False,,BUK10093,Activo
BUK11379,Luis Meneses-Albornoz,luis.meneses-albornoz@buk.example,M,1996-10-09,Uruguaya,MX,MX,Híbrido,Administración,Control de Gestión Senior,Finanzas,IC4,False,2026-04-19,Indefinido,False,Prefiero no responder,BUK11068,Desvinculado
BUK11380,Jessica Arriagada Garcés,jessica.garcés@buk.example,F,2002-10-16,Chilena,CL,CL,Híbrido,Tecnología,Data Engineer Semi Senior,Ingeniería,IC3,False,2025-12-16,Indefinido,False,,BUK11345,Activo
BUK11381,Andrea María García,andrea.garcía@buk.example,F,2001-04-04,Colombiana,PE,PE,Presencial,Tecnología,Data Engineer,Ingeniería,IC2,False,2024-07-28,Indefinido,False,,BUK10991,Activo
BUK11382,Eloísa Ester González Romero,eloísa.romero@buk.example,F,2005-08-31,Ecuatoriana,CO,CO,Remoto,Tecnología,Data Engineer Especialista,Ingeniería,IC5,False,2021-04-17,Indefinido,False,Prefiero no responder,BUK11058,Activo
BUK11383,Diego Muñoz Castro,diego.castro@buk.example,M,1987-09-24,Peruana,CL,CL,Híbrido,Operaciones,Project Manager de Implementación,Implementación,IC2,False,2024-10-25,Indefinido,False,Sí,BUK10691,Activo
BUK11384,Rosalía Hidalgo Vergara,rosalía.vergara@buk.example,F,1994-07-31,Uruguaya,CO,CO,Presencial,Tecnología,Software Engineer,Ingeniería,IC2,False,2024-11-07,Indefinido,False,,BUK12615,Activo
BUK11385,Oscar Matheo Contreras Aguayo,oscar.aguayo@buk.example,M,1999-05-26,Peruana,CL,CL,Híbrido,Comercial,Account Executive,Ventas,IC2,False,2024-10-11,Indefinido,False,,BUK12245,Activo
BUK11386,Diane Duran,diane.duran@buk.example,F,1996-02-03,Británica,CL,CL,Presencial,Comercial,Growth Marketer,Marketing,IC2,False,2024-07-28,Indefinido,False,Prefiero no responder,BUK11796,Activo
BUK11387,Marco Marambio Mendoza,marco.mendoza@buk.example,M,1996-09-08,Venezolana,CO,CO,Remoto,Tecnología,Security Engineer Semi Senior,Ingeniería,IC3,False,2025-01-21,Indefinido,False,,BUK11186,Activo
BUK11388,Diego Rodolfo Mena Candelaria,diego.candelaria@buk.example,M,2001-11-11,Mexicana,BR,BR,Remoto,Administración,Analista de Cobranza Semi Senior,Finanzas,IC3,False,2025-01-01,Indefinido,False,,BUK10442,Activo
BUK11389,Leonel Reynaldo Mata,leonel.mata@buk.example,M,2005-08-31,Mexicana,CO,CO,Remoto,Operaciones,Especialista Payroll Ops Semi Senior,Operaciones,IC3,False,2021-05-21,Indefinido,False,Prefiero no responder,BUK11901,Activo
BUK11390,Juan Gutiérrez Peña,juan.peña@buk.example,M,1995-10-05,Chilena,CL,CL,Híbrido,Comercial,Customer Success Manager Senior,Customer Success,IC4,False,2024-05-16,Indefinido,False,Prefiero no responder,BUK10595,Activo
BUK11391,Genoveva Machuca Lara,genoveva.lara@buk.example,F,2002-03-15,Venezolana,MX,MX,Remoto,Tecnología,People Analytics,Datos,IC2,False,2025-01-01,Indefinido,False,,BUK10118,Activo
BUK11392,Martín Fabián Garay Urra,martín.urra@buk.example,M,1990-08-02,Chilena,CL,CL,Remoto,Operaciones,Consultor de Implementación,Implementación,IC2,False,2025-06-26,Indefinido,False,,BUK11607,Activo
BUK11393,Andrea Barrios Astete,andrea.astete@buk.example,F,1995-12-02,Chilena,CL,CL,Remoto,Tecnología,Software Engineer Semi Senior,Ingeniería,IC3,False,2025-09-10,Indefinido,False,,BUK10118,Desvinculado
BUK11394,Jaime Negrón,jaime.negrón@buk.example,M,1989-11-24,Mexicana,CL,BR,Híbrido,Comercial,Account Manager Semi Senior,Customer Success,IC3,False,2019-09-26,Plazo fijo,False,,BUK11262,Activo
BUK11395,Pascuala Sacristán Urrutia,pascuala.urrutia@buk.example,F,1992-02-15,Francesa,CL,CL,Presencial,Operaciones,Project Manager de Implementación,Implementación,IC2,False,2026-02-22,Indefinido,False,,BUK10478,Activo
BUK11396,Agustín Baeza Mateo,agustín.mateo@buk.example,M,2000-12-12,Mexicana,PE,PE,Remoto,Tecnología,Líder de Ingeniería,Ingeniería,M1,True,2026-03-22,Indefinido,False,Sí,BUK10786,Desvinculado
BUK11397,Víctor Luis Lira Villegas,víctor.villegas@buk.example,M,1993-01-17,Chilena,CO,CO,Híbrido,Tecnología,SRE,Ingeniería,IC2,False,2025-12-08,Indefinido,False,Sí,BUK11186,Activo
BUK11398,Alicia María Garrido Ávila,alicia.ávila@buk.example,F,1988-08-12,Ecuatoriana,MX,PE,Híbrido,Operaciones,Gerente de Operaciones,Operaciones,M3,True,2026-02-09,Indefinido,False,,,Desvinculado
BUK11399,Andrés Lobos,andrés.lobos@buk.example,M,1990-05-25,Peruana,PE,PE,Híbrido,Comercial,Account Manager Especialista,Customer Success,IC5,False,2026-04-12,Indefinido,False,,BUK12070,Desvinculado
BUK11400,Jeff Marshall,jeff.marshall@buk.example,M,1995-04-20,Británica,CL,CL,Remoto,Administración,Especialista de Formación Semi Senior,Personas,IC3,False,2025-10-20,Indefinido,False,,BUK10159,Activo
BUK11401,José Brandon Velásquez Bustos,josé.bustos@buk.example,M,1996-12-03,Ecuatoriana,CL,CL,Híbrido,Comercial,Content Manager Semi Senior,Marketing,IC3,False,2024-09-04,Indefinido,False,,BUK10248,Activo
BUK11402,Salomón Araneda Maldonado,salomón.maldonado@buk.example,No binario / No informa,1992-02-09,Argentina,CO,PE,Presencial,Tecnología,Security Engineer Especialista,Ingeniería,IC5,False,2023-11-03,Indefinido,False,,BUK10059,Activo
BUK11403,Alberto Rodríguez,alberto.rodríguez@buk.example,M,2001-10-03,Chilena,CL,CL,Híbrido,Tecnología,Software Engineer Senior,Ingeniería,IC4,False,2020-03-15,Indefinido,False,,BUK12165,Activo
BUK11404,Julia Vera Valdés,julia.valdés@buk.example,F,1993-06-16,Chilena,CL,CL,Híbrido,Operaciones,Especialista de Soporte Payroll Especialista,Soporte,IC5,False,2024-07-07,Plazo fijo,False,Prefiero no responder,BUK10714,Desvinculado
BUK11405,Ana Acevedo Moya,ana.moya@buk.example,F,2005-08-31,Chilena,CL,CL,Híbrido,Tecnología,QA Engineer Semi Senior,Ingeniería,IC3,False,2022-05-10,Indefinido,True,,BUK10833,Activo
BUK11406,Tatiana Moreno,tatiana.moreno@buk.example,F,1998-03-26,Colombiana,CL,CL,Remoto,Operaciones,Project Manager de Implementación Aprendiz,Implementación,IC1,False,2020-07-07,Indefinido,False,Prefiero no responder,BUK12515,Activo
BUK11407,Francisco Santander León,francisco.león@buk.example,M,1990-09-16,Chilena,CL,CL,Remoto,Comercial,Líder de Marketing,Marketing,M1,True,2025-02-19,Indefinido,False,,BUK10471,Activo
BUK11408,María Flores,maría.flores@buk.example,F,1999-01-01,Peruana,CL,CL,Híbrido,Tecnología,SRE Semi Senior,Ingeniería,IC3,False,2026-08-05,Indefinido,False,Sí,BUK12590,Activo
BUK11409,Paulina Gabriela Peña Sánchez,paulina.sánchez@buk.example,F,1995-08-19,Chilena,CL,CL,Remoto,Administración,Líder de Legal,Legal,M1,True,2020-04-20,Indefinido,False,Prefiero no responder,BUK11768,Activo
BUK11410,Tiare Katherine Silva Campos,tiare.campos@buk.example,F,1998-08-02,Argentina,CO,CO,Híbrido,Tecnología,QA Engineer,Ingeniería,IC2,False,2025-11-29,Indefinido,False,,BUK12590,Activo
BUK11411,Viviana Ríos,viviana.ríos@buk.example,F,1998-12-17,Argentina,CL,CO,Remoto,Operaciones,Líder de Implementación,Implementación,M1,True,2025-10-12,Indefinido,False,,BUK12316,Activo
BUK11412,Julia Palma Díaz,julia.díaz@buk.example,F,1990-01-25,Ecuatoriana,CL,CL,Remoto,Tecnología,Data Engineer,Ingeniería,IC2,False,2023-08-02,Plazo fijo,False,,BUK11396,Activo
BUK11413,Elizabeth Karla Martínez Carvajal,elizabeth.carvajal@buk.example,F,1993-05-30,Costarricense,CL,CL,Remoto,Operaciones,Especialista de Soporte Semi Senior,Soporte,IC3,False,2024-11-01,Indefinido,False,,BUK10093,Activo
BUK11414,Mary Bradley,mary.bradley@buk.example,F,2004-08-30,Canadiense,CO,CO,Presencial,Operaciones,Analista de Operaciones Semi Senior,Operaciones,IC3,False,2024-05-23,Indefinido,False,,BUK12170,Desvinculado
BUK11415,Doris Antonella Arenas Godoy,doris.godoy@buk.example,F,1982-04-15,Peruana,CL,CL,Remoto,Operaciones,Agente de Soporte,Soporte,IC2,False,2026-06-17,Indefinido,False,Sí,BUK10019,Activo
BUK11416,Catherine Bravo Alarcón,catherine.alarcón@buk.example,F,1993-05-13,Argentina,CL,CL,Remoto,Operaciones,Especialista de Soporte Payroll Senior,Soporte,IC4,False,2026-05-03,Indefinido,False,,BUK10710,Activo
BUK11417,Emilia Michelle Márquez Herrera,emilia.herrera@buk.example,F,1986-08-07,Chilena,CL,CL,Remoto,Comercial,Account Manager Especialista,Customer Success,IC5,False,2026-05-05,Indefinido,False,Prefiero no responder,BUK12104,Activo
BUK11418,Emiliano Mario Araya Guzmán,emiliano.guzmán@buk.example,M,1998-01-30,Peruana,CL,CL,Híbrido,Comercial,Ejecutivo Comercial Senior,Ventas,IC4,False,2025-01-18,Indefinido,False,,BUK12441,Activo
BUK11419,Amanda Hernandez,amanda.hernandez@buk.example,F,1991-12-13,Británica,CL,CL,Híbrido,Tecnología,Data Engineer Aprendiz,Ingeniería,IC1,False,2023-11-29,Indefinido,False,Sí,BUK10881,Activo
BUK11420,Rodrigo Cristian Osorio Cuevas,rodrigo.cuevas@buk.example,M,1994-08-12,Chilena,MX,MX,Presencial,Operaciones,Agente de Soporte,Soporte,IC2,False,2025-08-22,Plazo fijo,False,,BUK10302,Activo
BUK11421,Valentina María Castro Mancilla,valentina.mancilla@buk.example,F,1998-11-11,Peruana,CL,CL,Remoto,Administración,Especialista de Formación Senior,Personas,IC4,False,2025-04-27,Indefinido,False,,BUK12496,Activo
BUK11422,Carmen Fernanda Rodríguez Restrepo,carmen.restrepo@buk.example,F,1989-04-29,Colombiana,CL,CL,Remoto,Operaciones,Especialista de Soporte Payroll,Soporte,IC2,False,2026-05-24,Indefinido,False,,BUK11964,Desvinculado
BUK11423,Ramón Enrique Ayala Vilches,ramón.vilches@buk.example,M,2003-03-05,Dominicana,CL,CL,Presencial,Comercial,Ejecutivo Comercial,Ventas,IC2,False,2023-10-29,Indefinido,False,,BUK10595,Desvinculado
BUK11424,Mary Oyarzo,mary.oyarzo@buk.example,F,2002-01-27,Chilena,CL,CL,Híbrido,Tecnología,Product Designer Especialista,Producto,IC5,False,2026-05-12,Indefinido,False,,BUK11656,Activo
BUK11425,Claudia Nataly Zúñiga Muñoz,claudia.muñoz@buk.example,F,1992-10-11,Peruana,CL,CL,Híbrido,Tecnología,SRE Semi Senior,Ingeniería,IC3,False,2026-03-29,Indefinido,False,Prefiero no responder,BUK10289,Desvinculado
BUK11426,Sofía Andrea Sandoval Riquelme,sofía.riquelme@buk.example,F,1995-08-27,Uruguaya,CL,CL,Presencial,Operaciones,Project Manager de Implementación Senior,Implementación,IC4,False,2026-05-12,Indefinido,False,Prefiero no responder,BUK12515,Activo
BUK11427,Wilma Saavedra Orellana,wilma.orellana@buk.example,F,1992-04-06,Venezolana,CO,CO,Híbrido,Administración,Control de Gestión Semi Senior,Finanzas,IC3,False,2025-09-20,Indefinido,False,,BUK12266,Desvinculado
BUK11428,Jacqueline Guzmán,jacqueline.guzmán@buk.example,F,2002-07-09,Chilena,MX,MX,Híbrido,Comercial,Account Executive Senior,Ventas,IC4,False,2025-10-30,Indefinido,False,,BUK10665,Activo
BUK11429,Yolanda Delia Rojas Gálvez,yolanda.gálvez@buk.example,F,1995-06-18,Española,CL,CL,Híbrido,Operaciones,Especialista Payroll Ops Semi Senior,Operaciones,IC3,False,2026-02-21,Indefinido,False,,BUK11473,Desvinculado
BUK11430,Josefa Sandoval-San Martín,josefa.martín@buk.example,F,1995-05-18,Venezolana,CL,CL,Remoto,Tecnología,Product Manager Semi Senior,Producto,IC3,False,2025-06-09,Indefinido,False,,BUK10455,Activo
BUK11431,Allana Marques,allana.marques@buk.example,F,1990-10-25,Brasileña,PE,PE,Híbrido,Tecnología,QA Engineer Especialista,Ingeniería,IC5,False,2026-04-05,Indefinido,False,,BUK10881,Activo
BUK11432,Soledad Palma Hernández,soledad.hernández@buk.example,F,1999-12-23,Chilena,MX,PT,Híbrido,Operaciones,Especialista de Soporte Aprendiz,Soporte,IC1,False,2025-10-30,Indefinido,False,,BUK11901,Desvinculado
BUK11433,Miguel Ángel Emilio Guajardo Estrada,miguel.estrada@buk.example,M,1985-07-02,Mexicana,BR,BR,Híbrido,Comercial,Especialista de Renovaciones Semi Senior,Customer Success,IC3,False,2025-01-01,Indefinido,False,,BUK10910,Activo
BUK11434,Jordana Lastra Luque,jordana.luque@buk.example,F,1993-05-21,Francesa,CL,CL,Híbrido,Comercial,Ejecutivo Comercial Senior,Ventas,IC4,False,2025-05-14,Indefinido,False,Prefiero no responder,BUK10910,Activo
BUK11435,Eduardo Mateo Gatica Matus,eduardo.matus@buk.example,M,1999-03-22,Peruana,CL,CL,Híbrido,Administración,Líder de Personas,Personas,M1,True,2026-06-05,Indefinido,False,,BUK10394,Activo
BUK11436,Héctor Mondaca-Espinoza,héctor.mondaca-espinoza@buk.example,M,2001-02-28,Ecuatoriana,PE,PE,Remoto,Tecnología,Software Engineer Senior,Ingeniería,IC4,False,2023-09-01,Indefinido,False,Prefiero no responder,BUK11580,Activo
BUK11437,Ernesto Rojas,ernesto.rojas@buk.example,M,1999-02-03,Cubana,MX,MX,Remoto,Operaciones,Project Manager de Implementación Aprendiz,Implementación,IC1,False,2023-03-22,Indefinido,False,,BUK10949,Desvinculado
BUK11438,Roberto Patricio Cifuentes Blanco,roberto.blanco@buk.example,M,1986-05-17,Uruguaya,CL,CL,Remoto,Comercial,Growth Marketer Semi Senior,Marketing,IC3,False,2026-03-15,Indefinido,False,Prefiero no responder,BUK10147,Activo
BUK11439,Benito de la O Adame,benito.adame@buk.example,M,2000-11-29,Mexicana,MX,MX,Híbrido,Comercial,Growth Marketer Aprendiz,Marketing,IC1,False,2026-02-14,Indefinido,False,Prefiero no responder,BUK10140,Desvinculado
BUK11440,Margarita Barría,margarita.barría@buk.example,F,1992-04-17,Chilena,MX,MX,Híbrido,Operaciones,Consultor de Implementación Semi Senior,Implementación,IC3,False,2025-05-02,Indefinido,False,,BUK10326,Activo
BUK11441,María Morales,maría.morales@buk.example,F,1997-08-17,Chilena,CO,CO,Presencial,Comercial,Customer Success Manager Semi Senior,Customer Success,IC3,False,2025-11-02,Indefinido,False,,BUK11097,Desvinculado
BUK11442,Edgar Vargas,edgar.vargas@buk.example,M,1993-12-28,Colombiana,CL,CL,Remoto,Tecnología,QA Engineer Senior,Ingeniería,IC4,False,2025-02-10,Indefinido,False,,BUK10987,Desvinculado
BUK11443,Mauricio Baca Dávila,mauricio.dávila@buk.example,M,1996-07-07,Mexicana,BR,BR,Remoto,Operaciones,Project Manager de Implementación,Implementación,IC2,False,2025-09-14,Indefinido,False,Sí,BUK11001,Desvinculado
BUK11444,Rubén de Villalonga,rubén.villalonga@buk.example,M,2004-03-29,Española,MX,MX,Híbrido,Administración,Subgerente de Personas,Personas,M2,True,2025-01-14,Indefinido,False,Sí,BUK12452,Desvinculado
BUK11445,Jean Soto Herrera,jean.herrera@buk.example,M,1986-06-19,Chilena,CL,CL,Remoto,Tecnología,Analytics Engineer,Datos,IC2,False,2024-12-16,Indefinido,False,Sí,BUK10796,Activo
BUK11446,Claudio David Barría Pérez,claudio.pérez@buk.example,M,1999-08-30,Chilena,MX,MX,Remoto,Tecnología,Data Engineer,Ingeniería,IC2,False,2025-06-06,Indefinido,False,Sí,BUK12446,Activo
BUK11447,María del Carmen Beatriz Rodarte,maría.rodarte@buk.example,F,1995-04-02,Mexicana,BR,BR,Remoto,Tecnología,Software Engineer Semi Senior,Ingeniería,IC3,False,2025-05-30,Indefinido,False,,BUK12529,Activo
BUK11448,Flor Núñez Gómez,flor.gómez@buk.example,F,1996-01-15,Colombiana,CL,CL,Presencial,Administración,Analista Contable Senior,Finanzas,IC4,False,2024-11-04,Indefinido,False,,BUK11435,Desvinculado
BUK11449,Marco Claudio Troncoso Iturra,marco.iturra@buk.example,M,1992-12-25,Chilena,CL,CL,Híbrido,Administración,Analista Contable Senior,Finanzas,IC4,False,2025-12-07,Indefinido,False,Sí,BUK11409,Activo
BUK11450,Laura Bonilla Torres,laura.torres@buk.example,F,2000-07-15,Mexicana,CL,CL,Presencial,Comercial,Ejecutivo Comercial Senior,Ventas,IC4,False,2025-01-12,Indefinido,False,,BUK12027,Activo
BUK11451,Ricardo Oyarce Vilches,ricardo.vilches@buk.example,M,2000-01-19,Venezolana,CL,CL,Remoto,Administración,Talent Acquisition,Personas,IC2,False,2023-04-27,Indefinido,False,,BUK10462,Activo
BUK11452,Víctor Aracena,víctor.aracena@buk.example,M,1992-06-07,Venezolana,PE,PT,Remoto,Comercial,SDR,Ventas,IC2,False,2025-08-18,Indefinido,False,,BUK10694,Activo
BUK11453,Constanza Ahumada Castillo,constanza.castillo@buk.example,F,1990-04-02,Chilena,CL,CL,Remoto,Administración,Especialista de Formación,Personas,IC2,False,2021-01-07,Indefinido,False,,BUK10900,Activo
BUK11454,Isabelly Moraes,isabelly.moraes@buk.example,F,1990-06-04,Brasileña,MX,MX,Presencial,Comercial,Account Manager Aprendiz,Customer Success,IC1,False,2025-01-21,Indefinido,False,Prefiero no responder,BUK12104,Desvinculado
BUK11455,Marcos Navarro Olave,marcos.olave@buk.example,M,1985-05-28,Venezolana,CL,CL,Remoto,Operaciones,Especialista de Soporte Payroll Aprendiz,Soporte,IC1,False,2026-05-16,Indefinido,False,,BUK12632,Activo
BUK11456,Salvador Alejandro Muñoz Berríos,salvador.berríos@buk.example,M,1984-04-12,Peruana,PE,PE,Híbrido,Comercial,Ejecutivo Comercial Semi Senior,Ventas,IC3,False,2026-05-16,Indefinido,False,,BUK12094,Activo
BUK11457,María Teresa Gómez,maría.gómez@buk.example,F,1992-09-15,Colombiana,CO,CO,Remoto,Tecnología,Product Designer Semi Senior,Producto,IC3,False,2025-07-05,Indefinido,False,,BUK10114,Activo
BUK11458,Camila Catalina Soto Morales,camila.morales@buk.example,F,2003-07-27,Argentina,CL,CL,Remoto,Operaciones,Analista de Operaciones,Operaciones,IC2,False,2023-07-28,Indefinido,False,,BUK10326,Activo
BUK11459,Silvia Elisabeth Pérez Cárdenas,silvia.cárdenas@buk.example,F,2003-07-14,Chilena,CL,CL,Remoto,Operaciones,Agente de Soporte Aprendiz,Soporte,IC1,False,2024-06-08,Indefinido,False,,BUK12049,Activo
BUK11460,Ester Cortés González,ester.gonzález@buk.example,F,1994-03-24,Chilena,MX,MX,Remoto,Operaciones,Project Manager de Implementación,Implementación,IC2,False,2023-04-17,Indefinido,False,,BUK12151,Desvinculado
BUK11461,Sergio Liam Urra Ponce,sergio.ponce@buk.example,M,2000-05-31,Paraguaya,PE,PE,Híbrido,Comercial,SDR Semi Senior,Ventas,IC3,False,2023-11-19,Indefinido,False,,BUK10812,Activo
BUK11462,Elías Varas,elías.varas@buk.example,M,1992-02-29,Ecuatoriana,CO,CO,Remoto,Comercial,Customer Success Manager Semi Senior,Customer Success,IC3,False,2025-08-02,Indefinido,False,Sí,BUK10995,Activo
BUK11463,Arturo López Arteaga,arturo.arteaga@buk.example,M,1997-12-01,Colombiana,CL,CL,Híbrido,Comercial,Subgerente de Customer Success,Customer Success,M2,True,2024-03-08,Indefinido,False,,BUK12586,Activo
BUK11464,Francisco Javier Meléndez Ferrándiz,francisco.ferrándiz@buk.example,M,1990-02-05,Alemana,MX,MX,Híbrido,Operaciones,Especialista de Soporte Payroll,Soporte,IC2,False,2026-01-08,Indefinido,False,,BUK10867,Activo
BUK11465,Corona Yaiza Madrid Galvez,corona.galvez@buk.example,F,1987-10-01,Española,CL,CL,Híbrido,Operaciones,Consultor de Implementación Especialista,Implementación,IC5,False,2026-04-04,Indefinido,False,Sí,BUK10302,Desvinculado
BUK11466,Ernesto Jorge Bravo Venegas,ernesto.venegas@buk.example,M,1995-04-15,Chilena,CL,CL,Híbrido,Tecnología,Security Engineer,Ingeniería,IC2,False,2025-12-16,Indefinido,False,,BUK10852,Desvinculado
BUK11467,José Bustamante Faúndez,josé.faúndez@buk.example,M,1993-07-12,Chilena,CL,CL,Presencial,Tecnología,People Analytics Semi Senior,Datos,IC3,False,2025-01-01,Indefinido,False,,BUK12499,Activo
BUK11468,María Rose Venegas Rivera,maría.rivera@buk.example,F,1999-04-23,Peruana,BR,BR,Híbrido,Comercial,Subgerente de Ventas,Ventas,M2,True,2025-12-13,Indefinido,False,,BUK11756,Activo
BUK11469,Celeste Viviana Cabezas García,celeste.garcía@buk.example,F,1996-09-03,Chilena,CL,CL,Híbrido,Comercial,Customer Success Manager,Customer Success,IC2,False,2026-02-19,Indefinido,False,,BUK10405,Activo
BUK11470,Francesca Briones-Pérez Arancibia,francesca.arancibia@buk.example,F,2005-08-31,Chilena,CL,CL,Híbrido,Comercial,Especialista de Renovaciones,Customer Success,IC2,False,2021-08-05,Indefinido,False,,BUK12606,Activo
BUK11471,Claudia Castillo,claudia.castillo@buk.example,F,1991-11-16,Chilena,CL,CL,Híbrido,Operaciones,Project Manager de Implementación Semi Senior,Implementación,IC3,False,2025-02-14,Indefinido,False,Prefiero no responder,BUK12632,Activo
BUK11472,Juan Osvaldo Salas Palma,juan.palma@buk.example,M,1983-06-13,Chilena,CL,CL,Remoto,Operaciones,Especialista de Soporte Payroll,Soporte,IC2,False,2026-07-21,Indefinido,False,Sí,BUK11780,Desvinculado
BUK11473,Rebeca Luz Concha Toro,rebeca.toro@buk.example,F,1993-01-03,Argentina,CL,CL,Híbrido,Operaciones,Líder de Implementación,Implementación,M1,True,2026-06-12,Indefinido,True,,BUK11859,Desvinculado
BUK11474,Sofía Candia Valenzuela,sofía.valenzuela@buk.example,F,2002-07-05,Peruana,PE,PE,Remoto,Tecnología,Líder de Ingeniería,Ingeniería,M1,True,2026-03-03,Indefinido,False,Prefiero no responder,BUK11816,Activo
BUK11475,Cauã Aragão,cauã.aragão@buk.example,M,1989-03-13,Brasileña,CL,CL,Remoto,Administración,People Happiness Manager,Personas,IC2,False,2026-07-07,Indefinido,False,,BUK12465,Desvinculado
BUK11476,Leonardo Ayala Burgos,leonardo.burgos@buk.example,No binario / No informa,1988-04-07,Mexicana,CL,CL,Remoto,Tecnología,Product Manager,Producto,IC2,False,2024-01-17,Indefinido,False,,BUK10118,Activo
BUK11477,Concepción Victoria Carreón,concepción.carreón@buk.example,F,2005-08-31,Mexicana,CL,CL,Híbrido,Comercial,SDR,Ventas,IC2,False,2024-07-24,Indefinido,False,,BUK11546,Activo
BUK11478,Claudia Javiera López Contreras,claudia.contreras@buk.example,F,2002-07-19,Peruana,MX,MX,Remoto,Comercial,Customer Success Manager Aprendiz,Customer Success,IC1,False,2023-12-08,Indefinido,False,,BUK11407,Activo
BUK11479,Isabela Jesus,isabela.jesus@buk.example,F,1997-04-07,Brasileña,BR,BR,Híbrido,Operaciones,Analista de Operaciones Aprendiz,Operaciones,IC1,False,2026-01-30,Indefinido,False,,BUK12170,Activo
BUK11480,Juan Christopher Henríquez Maldonado,juan.maldonado@buk.example,M,2000-08-20,Venezolana,CL,CL,Remoto,Operaciones,Especialista de Soporte Payroll Aprendiz,Soporte,IC1,False,2025-09-01,Indefinido,False,,BUK11993,Desvinculado
BUK11481,Jhonny Páez,jhonny.páez@buk.example,M,1994-08-09,Colombiana,BR,BR,Híbrido,Operaciones,Consultor de Implementación,Implementación,IC2,False,2025-01-01,Indefinido,False,,BUK10478,Activo
BUK11482,Teresa Marcela Torres Rodríguez,teresa.rodríguez@buk.example,F,1993-01-02,Chilena,CO,CO,Remoto,Comercial,Ejecutivo Comercial Semi Senior,Ventas,IC3,False,2022-07-02,Indefinido,False,Sí,BUK11600,Activo
BUK11483,Isis Pinto,isis.pinto@buk.example,F,1999-12-23,Brasileña,CL,CL,Remoto,Comercial,SDR Semi Senior,Ventas,IC3,False,2026-02-13,Indefinido,False,,BUK11244,Activo
BUK11484,Sara Castro Vergara,sara.vergara@buk.example,F,1997-06-23,Argentina,CL,CL,Remoto,Operaciones,Consultor de Implementación,Implementación,IC2,False,2026-03-07,Indefinido,False,,BUK11607,Activo
BUK11485,Juan Enrique Riffo Vergara,juan.vergara@buk.example,M,2000-09-14,Peruana,MX,MX,Remoto,Comercial,Account Manager Semi Senior,Customer Success,IC3,False,2025-07-30,Indefinido,False,,BUK10248,Activo
BUK11486,Shawn Smith,shawn.smith@buk.example,M,1999-05-20,Canadiense,CL,CL,Híbrido,Comercial,Account Executive Especialista,Ventas,IC5,False,2026-05-10,Indefinido,False,,BUK10376,Desvinculado
BUK11487,Dr. Samuel Montenegro,dr..montenegro@buk.example,M,1987-06-17,Brasileña,MX,MX,Híbrido,Comercial,Líder de Customer Success,Customer Success,M1,True,2024-12-14,Indefinido,False,,BUK10398,Activo
BUK11488,Nicol Bravo,nicol.bravo@buk.example,F,1998-10-30,Dominicana,CL,CL,Remoto,Comercial,Líder de Customer Success,Customer Success,M1,True,2024-12-11,Indefinido,False,,BUK12318,Desvinculado
BUK11489,Yaneth Luz Arrieta Pabón,yaneth.pabón@buk.example,F,1987-07-12,Colombiana,CO,CO,Híbrido,Operaciones,Agente de Soporte Semi Senior,Soporte,IC3,False,2025-03-07,Indefinido,False,,BUK11827,Desvinculado
BUK11490,Amanda Peña Rodríguez,amanda.rodríguez@buk.example,F,2002-12-30,Chilena,CL,CL,Híbrido,Comercial,Especialista de Renovaciones Semi Senior,Customer Success,IC3,False,2025-08-11,Indefinido,False,Prefiero no responder,BUK11240,Activo
BUK11491,Neftalí León Ampuero Olmedo,neftalí.olmedo@buk.example,M,2005-08-31,Costarricense,MX,MX,Híbrido,Tecnología,SRE Semi Senior,Ingeniería,IC3,False,2024-02-25,Indefinido,False,,BUK10991,Activo
BUK11492,Patricia Alvarado-Santibáñez,patricia.alvarado-santibáñez@buk.example,F,2000-03-02,Chilena,CL,CO,Híbrido,Operaciones,Agente de Soporte Semi Senior,Soporte,IC3,False,2025-11-26,Indefinido,False,Prefiero no responder,BUK12151,Desvinculado
BUK11493,Diego Contreras,diego.contreras@buk.example,M,2001-08-05,Venezolana,MX,MX,Híbrido,Operaciones,Especialista de Soporte Payroll,Soporte,IC2,False,2025-05-22,Indefinido,False,Prefiero no responder,BUK10789,Desvinculado
BUK11494,Diego Alfredo Collao Rebolledo,diego.rebolledo@buk.example,M,1991-08-15,Peruana,CL,CL,Remoto,Operaciones,Agente de Soporte Semi Senior,Soporte,IC3,False,2025-04-12,Indefinido,False,,BUK11827,Activo
BUK11495,Patricio Duarte Ramón,patricio.ramón@buk.example,M,1991-01-27,Mexicana,CL,CL,Presencial,Comercial,Account Executive Senior,Ventas,IC4,False,2026-05-29,Indefinido,False,,BUK11921,Activo
BUK11496,Angie Rita Parraguez Soto,angie.soto@buk.example,F,2005-05-17,Chilena,CL,CL,Remoto,Comercial,Especialista de Renovaciones Semi Senior,Customer Success,IC3,False,2025-06-15,Indefinido,False,,BUK10970,Activo
BUK11497,María Lorena Durán,maría.durán@buk.example,F,1992-09-26,Colombiana,BR,PT,Híbrido,Comercial,Growth Marketer Aprendiz,Marketing,IC1,False,2025-01-01,Indefinido,False,Prefiero no responder,BUK10694,Activo
BUK11498,Helena Ordóñez,helena.ordóñez@buk.example,F,1996-11-03,Mexicana,CL,CL,Híbrido,Tecnología,SRE Senior,Ingeniería,IC4,False,2025-04-23,Indefinido,False,Prefiero no responder,BUK10241,Activo
BUK11499,Dr. Jacobo Tello,dr..tello@buk.example,M,1997-06-09,Mexicana,MX,MX,Híbrido,Tecnología,UX Researcher,Producto,IC2,False,2025-04-08,Indefinido,False,,BUK12499,Desvinculado
BUK11500,Javier Víctor Arévalo Galdames,javier.galdames@buk.example,M,2005-08-31,Peruana,BR,BR,Híbrido,Comercial,Account Manager Semi Senior,Customer Success,IC3,False,2025-01-01,Indefinido,False,,BUK11070,Desvinculado
BUK11501,Enrique Facundo Lira Domínguez,enrique.domínguez@buk.example,M,2005-08-31,Chilena,PE,PE,Híbrido,Comercial,Customer Success Manager Senior,Customer Success,IC4,False,2023-06-20,Indefinido,False,,BUK10327,Activo
BUK11502,Ramón Segura Suárez,ramón.suárez@buk.example,M,1994-07-25,Venezolana,CL,CL,Híbrido,Comercial,Account Manager Semi Senior,Customer Success,IC3,False,2026-02-10,Indefinido,False,,BUK10405,Activo
BUK11503,Sra. Raquel Maldonado,sra..maldonado@buk.example,F,1986-06-14,Mexicana,CL,CL,Remoto,Comercial,Account Manager Senior,Customer Success,IC4,False,2020-10-31,Indefinido,False,Prefiero no responder,BUK10792,Activo
BUK11504,Cecilia María Hernández Riveros,cecilia.riveros@buk.example,F,1987-05-15,Peruana,CL,CL,Remoto,Administración,Subgerente de Personas,Personas,M2,True,2022-05-21,Indefinido,False,Prefiero no responder,BUK11276,Activo
BUK11505,Isidora Sofía Bravo Henríquez,isidora.henríquez@buk.example,F,1986-11-26,Chilena,CL,CL,Híbrido,Operaciones,Especialista de Soporte,Soporte,IC2,False,2023-04-02,Indefinido,False,,BUK10710,Desvinculado
BUK11506,Cristina Urbina Rodríguez,cristina.rodríguez@buk.example,F,1999-05-06,Chilena,BR,BR,Remoto,Tecnología,UX Researcher Aprendiz,Producto,IC1,False,2025-01-26,Indefinido,False,,BUK11396,Desvinculado
BUK11507,Pamela Clark PhD,pamela.phd@buk.example,F,1992-08-31,Británica,CL,CL,Presencial,Tecnología,Product Designer,Producto,IC2,False,2025-03-29,Plazo fijo,False,,BUK12311,Activo
BUK11508,Javiera Angélica Zamora Carrasco,javiera.carrasco@buk.example,F,2000-03-26,Peruana,MX,MX,Remoto,Operaciones,Consultor de Implementación Senior,Implementación,IC4,False,2023-03-02,Indefinido,False,Sí,BUK10478,Activo
BUK11509,Patricia Reyes,patricia.reyes@buk.example,F,1986-07-03,Venezolana,CL,CL,Presencial,Tecnología,Product Manager Senior,Producto,IC4,False,2022-06-14,Indefinido,False,,BUK11474,Activo
BUK11510,Rubiela Paula Ochoa,rubiela.ochoa@buk.example,F,1995-02-23,Colombiana,CL,CL,Híbrido,Comercial,Content Manager,Marketing,IC2,False,2025-12-19,Indefinido,False,,BUK11123,Activo
BUK11511,Karina Catalina Molina Vidal,karina.vidal@buk.example,F,1986-06-11,Chilena,MX,MX,Híbrido,Comercial,Brand Manager,Marketing,IC2,False,2025-09-10,Indefinido,False,Sí,BUK11177,Activo
BUK11512,Sofía Gómez Gallardo,sofía.gallardo@buk.example,F,1988-06-10,Chilena,PE,PE,Híbrido,Operaciones,Agente de Soporte Aprendiz,Soporte,IC1,False,2023-12-06,Indefinido,False,Sí,BUK10302,Activo
BUK11513,Laura Díaz,laura.díaz@buk.example,F,1995-05-17,Boliviana,CL,CL,Remoto,Tecnología,QA Engineer Semi Senior,Ingeniería,IC3,False,2025-12-11,Indefinido,False,,BUK10866,Activo
BUK11514,Mauricio Joel Pineda Cortés,mauricio.cortés@buk.example,M,1995-09-22,Chilena,CL,PT,Remoto,Operaciones,Especialista Payroll Ops Senior,Operaciones,IC4,False,2022-08-21,Indefinido,False,,BUK12229,Activo
BUK11515,Constanza Natalia Olea Dinamarca,constanza.dinamarca@buk.example,F,2002-10-09,Peruana,CL,CL,Híbrido,Tecnología,Software Engineer,Ingeniería,IC2,False,2026-04-15,Indefinido,False,,BUK11154,Activo
BUK11516,Valentín David Guajardo Guerrero,valentín.guerrero@buk.example,M,1993-05-30,Boliviana,CL,CL,Remoto,Tecnología,Data Engineer,Ingeniería,IC2,False,2026-03-18,Indefinido,False,,BUK12283,Activo
BUK11517,Dra. Bianca Segovia,dra..segovia@buk.example,F,1987-10-24,Mexicana,CL,CL,Híbrido,Administración,Especialista de Formación Semi Senior,Personas,IC3,False,2025-06-11,Indefinido,False,,BUK11373,Activo
BUK11518,Alcira Angie Vargas,alcira.vargas@buk.example,F,2004-03-24,Colombiana,CL,CL,Remoto,Comercial,Subgerente de Ventas,Ventas,M2,True,2025-08-05,Indefinido,False,,BUK10361,Activo
BUK11519,José José Ramos,josé.ramos@buk.example,M,1990-06-02,Colombiana,CL,CL,Híbrido,Operaciones,Project Manager de Implementación Semi Senior,Implementación,IC3,False,2025-04-10,Indefinido,False,Prefiero no responder,BUK10691,Activo
BUK11520,David Giraldo,david.giraldo@buk.example,M,2003-01-26,Colombiana,PE,PE,Remoto,Tecnología,Software Engineer Aprendiz,Ingeniería,IC1,False,2026-05-01,Indefinido,False,,BUK12615,Activo
BUK11521,Camila Rocío Pérez Castro,camila.castro@buk.example,F,1991-05-21,Venezolana,CL,CL,Híbrido,Tecnología,Data Engineer,Ingeniería,IC2,False,2026-01-13,Indefinido,False,,BUK12529,Desvinculado
BUK11522,Maricel Flores García,maricel.garcía@buk.example,F,1990-06-20,Chilena,CO,CO,Remoto,Operaciones,Analista de Operaciones Aprendiz,Operaciones,IC1,False,2026-04-14,Indefinido,False,,BUK11543,Activo
BUK11523,Sergio Albornoz,sergio.albornoz@buk.example,M,2001-04-09,Argentina,CL,CL,Presencial,Administración,Analista Contable Senior,Finanzas,IC4,False,2024-01-14,Indefinido,False,,BUK10159,Activo
BUK11524,María Pamela Aliaga Vergara,maría.vergara@buk.example,F,2005-08-31,Paraguaya,CL,CL,Híbrido,Operaciones,Especialista de Soporte Payroll Senior,Soporte,IC4,False,2026-06-23,Indefinido,False,Prefiero no responder,BUK12229,Activo
BUK11525,Marta Fuentes Castillo,marta.castillo@buk.example,F,1996-05-26,Chilena,CL,CL,Presencial,Operaciones,Consultor de Implementación Semi Senior,Implementación,IC3,False,2026-05-19,Indefinido,False,Prefiero no responder,BUK10019,Desvinculado
BUK11526,Alejandro Hernán Mora,alejandro.mora@buk.example,M,2000-10-16,Colombiana,CL,CL,Híbrido,Tecnología,SRE Semi Senior,Ingeniería,IC3,False,2025-09-25,Indefinido,False,,BUK10963,Desvinculado
BUK11527,Paulo Aragão,paulo.aragão@buk.example,M,2005-08-31,Portuguesa,CL,CL,Híbrido,Operaciones,Especialista de Soporte Payroll,Soporte,IC2,False,2025-12-03,Indefinido,False,,BUK10093,Activo
BUK11528,Vanessa Inostroza Moreno,vanessa.moreno@buk.example,F,1988-04-16,Chilena,PE,PE,Híbrido,Comercial,Account Manager Aprendiz,Customer Success,IC1,False,2024-08-27,Indefinido,False,,BUK10327,Activo
BUK11529,Alfredo Jorge Pérez González,alfredo.gonzález@buk.example,M,1985-04-04,Chilena,CL,CL,Remoto,Operaciones,Especialista de Soporte Payroll Senior,Soporte,IC4,False,2024-10-25,Indefinido,False,Prefiero no responder,BUK12515,Desvinculado
BUK11530,Mariano Ángel Muñoz Zavala,mariano.zavala@buk.example,M,1995-05-16,Mexicana,CL,CL,Híbrido,Operaciones,Especialista Payroll Ops Semi Senior,Operaciones,IC3,False,2026-04-18,Plazo fijo,False,Sí,BUK12170,Activo
BUK11531,Ingrid Tatiana Jiménez Lobos,ingrid.lobos@buk.example,F,1993-07-26,Chilena,CL,CL,Remoto,Comercial,Account Executive Semi Senior,Ventas,IC3,False,2026-03-22,Indefinido,False,,BUK12441,Activo
BUK11532,Andrés Ernesto Naranjo-Espinoza Droguett,andrés.droguett@buk.example,M,1995-11-04,Peruana,MX,MX,Presencial,Comercial,Especialista de Renovaciones Aprendiz,Customer Success,IC1,False,2023-08-26,Indefinido,False,,BUK10477,Desvinculado
BUK11533,Jonathan Bravo,jonathan.bravo@buk.example,M,1978-06-29,Argentina,CL,CO,Remoto,Operaciones,Agente de Soporte,Soporte,IC2,False,2026-01-14,Indefinido,False,,BUK11411,Activo
BUK11534,Erika Matilde Correa Guzmán,erika.guzmán@buk.example,F,1996-07-20,Argentina,MX,MX,Remoto,Comercial,Account Executive Senior,Ventas,IC4,False,2024-12-08,Indefinido,False,,BUK10233,Activo
BUK11535,Óscar Alcides Gutiérrez Ramírez,óscar.ramírez@buk.example,M,1993-05-31,Colombiana,BR,BR,Híbrido,Comercial,Customer Success Manager Aprendiz,Customer Success,IC1,False,2026-05-19,Indefinido,False,,BUK10029,Activo
BUK11536,Jennifer Beck,jennifer.beck@buk.example,F,1992-06-10,Australiana,CO,CO,Remoto,Comercial,SDR Aprendiz,Ventas,IC1,False,2026-05-26,Indefinido,False,,BUK11123,Desvinculado
BUK11537,Luis Ruiz Arias,luis.arias@buk.example,M,1995-11-28,Colombiana,MX,MX,Remoto,Tecnología,Data Engineer,Ingeniería,IC2,False,2025-11-09,Indefinido,False,,BUK11580,Activo
BUK11538,Herminia Rebeca Soto Maldonado,herminia.maldonado@buk.example,F,1996-04-09,Chilena,MX,MX,Remoto,Operaciones,Analista de Operaciones Aprendiz,Operaciones,IC1,False,2024-11-08,Indefinido,False,Prefiero no responder,BUK10019,Desvinculado
BUK11539,Cecilia Angie Sierra Quiroga,cecilia.quiroga@buk.example,F,1990-12-03,Colombiana,CL,CL,Remoto,Tecnología,Subgerente de Producto,Producto,M2,True,2025-09-08,Indefinido,False,,BUK12219,Activo
BUK11540,Javier Vega Miranda,javier.miranda@buk.example,M,1997-03-22,Chilena,PE,PE,Remoto,Comercial,Especialista de Renovaciones Semi Senior,Customer Success,IC3,False,2025-12-15,Indefinido,False,,BUK12104,Activo
BUK11541,Camilo Cares Parraguez,camilo.parraguez@buk.example,M,2002-04-07,Argentina,MX,MX,Híbrido,Administración,Control de Gestión Aprendiz,Finanzas,IC1,False,2025-04-12,Indefinido,False,,BUK10900,Activo
BUK11542,Verónica Aida Candelaria,verónica.candelaria@buk.example,F,1989-02-07,Mexicana,CL,CL,Híbrido,Operaciones,Analista de Operaciones Semi Senior,Operaciones,IC3,False,2024-11-28,Indefinido,False,,BUK10478,Activo
BUK11543,Colomba Reyes Ávila,colomba.ávila@buk.example,F,2002-10-06,Dominicana,CL,CL,Remoto,Operaciones,Líder de Operaciones,Operaciones,M1,True,2025-11-12,Indefinido,False,,BUK11599,Desvinculado
BUK11544,Sonia Pacheco,sonia.pacheco@buk.example,F,1994-12-12,Colombiana,CO,CO,Remoto,Comercial,SDR Semi Senior,Ventas,IC3,False,2026-07-06,Indefinido,False,,BUK11837,Activo
BUK11545,Felipe Barragán,felipe.barragán@buk.example,M,1996-11-10,Colombiana,CL,CL,Híbrido,Operaciones,Especialista de Soporte Payroll Semi Senior,Soporte,IC3,False,2026-02-25,Indefinido,False,Prefiero no responder,BUK11717,Activo
BUK11546,Andrea Fernández Fuentealba,andrea.fuentealba@buk.example,F,1996-06-07,Chilena,PE,PE,Remoto,Comercial,Líder de Ventas,Ventas,M1,True,2025-11-30,Indefinido,False,,BUK12279,Activo
BUK11547,Fabiola Maite Guerra Bustamante,fabiola.bustamante@buk.example,F,1995-07-16,Peruana,CL,CL,Híbrido,Tecnología,Product Manager,Producto,IC2,False,2024-04-03,Indefinido,False,Prefiero no responder,BUK11154,Activo
BUK11548,Manuela Salinas Rivera,manuela.rivera@buk.example,F,2003-02-26,Cubana,CL,CL,Híbrido,Operaciones,Analista de Operaciones,Operaciones,IC2,False,2026-04-17,Indefinido,False,,BUK12049,Activo
BUK11549,Luis Carlos Muñoz Bravo,luis.bravo@buk.example,M,1989-01-17,Venezolana,CL,CL,Híbrido,Tecnología,SRE,Ingeniería,IC2,False,2026-01-27,Indefinido,False,Prefiero no responder,BUK10708,Activo
BUK11550,Anel Leticia Montero Barajas,anel.barajas@buk.example,F,2000-01-12,Mexicana,CL,CO,Híbrido,Comercial,Ejecutivo Comercial,Ventas,IC2,False,2026-03-03,Indefinido,False,,BUK11890,Activo
BUK11551,Hugo Mariano Urzúa Barahona,hugo.barahona@buk.example,M,1994-10-30,Chilena,CL,CL,Remoto,Tecnología,Security Engineer Semi Senior,Ingeniería,IC3,False,2019-08-16,Indefinido,False,Prefiero no responder,BUK11152,Desvinculado
BUK11552,María Fernández Gómez,maría.gómez@buk.example,F,2001-01-26,Chilena,PE,PE,Remoto,Comercial,Subgerente de Ventas,Ventas,M2,True,2026-03-04,Indefinido,False,,BUK10604,Activo
BUK11553,Alicia Denisse Rojas Muñoz,alicia.muñoz@buk.example,F,2003-07-17,Venezolana,MX,MX,Remoto,Comercial,SDR Aprendiz,Ventas,IC1,False,2025-12-02,Plazo fijo,False,,BUK10327,Activo
BUK11554,Lorenzo Cristian Patiño,lorenzo.patiño@buk.example,M,1990-06-13,Mexicana,CO,CO,Híbrido,Comercial,Account Executive Semi Senior,Ventas,IC3,False,2019-01-01,Indefinido,False,,BUK11746,Activo
BUK11555,Henrique Cavalcanti,henrique.cavalcanti@buk.example,M,1981-08-14,Brasileña,MX,MX,Híbrido,Tecnología,Software Engineer Senior,Ingeniería,IC4,False,2022-03-24,Indefinido,False,,BUK12005,Activo
BUK11556,Natalie Aracena,natalie.aracena@buk.example,F,1980-07-11,Chilena,PE,PE,Híbrido,Tecnología,Gerente de Producto,Producto,M3,True,2024-11-15,Indefinido,False,,,Activo
BUK11557,Maura María Hermosilla Reyes,maura.reyes@buk.example,F,1985-03-10,Chilena,MX,MX,Remoto,Tecnología,Líder de Ingeniería,Ingeniería,M1,True,2022-01-01,Indefinido,False,Prefiero no responder,BUK10262,Activo
BUK11558,Milena Yolanda Martínez Martínez,milena.martínez@buk.example,F,1997-08-25,Colombiana,CL,CL,Remoto,Operaciones,Analista de Operaciones Senior,Operaciones,IC4,False,2026-04-02,Plazo fijo,False,Sí,BUK10800,Desvinculado
BUK11559,María Valdivia Quiroga,maría.quiroga@buk.example,F,1997-11-08,Chilena,CO,CO,Híbrido,Tecnología,Data Engineer,Ingeniería,IC2,False,2025-04-08,Indefinido,False,Prefiero no responder,BUK10289,Activo
BUK11560,Catalina María Donoso Valencia,catalina.valencia@buk.example,F,2001-04-08,Chilena,PE,PE,Remoto,Comercial,SDR,Ventas,IC2,False,2025-07-10,Indefinido,False,,BUK11596,Activo
BUK11561,Diego Ulloa,diego.ulloa@buk.example,M,1991-06-21,Chilena,CO,PT,Híbrido,Administración,Control de Gestión Semi Senior,Finanzas,IC3,False,2026-08-02,Plazo fijo,False,,BUK12496,Activo
BUK11562,Pedro Abraham Guardado,pedro.guardado@buk.example,M,1997-02-28,Mexicana,CL,CL,Remoto,Comercial,Customer Success Manager Aprendiz,Customer Success,IC1,False,2023-04-21,Indefinido,False,,BUK12641,Desvinculado
BUK11563,Jorge Mardones-Gallegos Montecinos,jorge.montecinos@buk.example,M,1989-01-16,Chilena,CL,CL,Híbrido,Operaciones,Líder de Soporte,Soporte,M1,True,2022-10-27,Indefinido,False,Prefiero no responder,BUK11301,Desvinculado
BUK11564,Inés Mariela Contreras,inés.contreras@buk.example,F,2002-04-06,Colombiana,CL,CL,Remoto,Comercial,SDR Aprendiz,Ventas,IC1,False,2025-03-09,Indefinido,False,,BUK10950,Activo
BUK11565,Francisco Jean Lagos-Díaz Lorca,francisco.lorca@buk.example,M,2003-12-18,Ecuatoriana,MX,CL,Híbrido,Comercial,SDR,Ventas,IC2,False,2024-09-11,Indefinido,False,,BUK10910,Activo
BUK11566,Noemí Stephanie Araya Ramírez,noemí.ramírez@buk.example,F,2005-08-31,Venezolana,CL,CL,Remoto,Comercial,Customer Success Manager Semi Senior,Customer Success,IC3,False,2025-06-15,Indefinido,False,,BUK12310,Activo
BUK11567,Davi Lucas Vargas,davi.vargas@buk.example,M,1988-10-13,Brasileña,CL,CL,Híbrido,Tecnología,Security Engineer,Ingeniería,IC2,False,2025-02-19,Plazo fijo,False,,BUK10241,Activo
BUK11568,Carla Marie Rebolledo-Gallardo Quinteros,carla.quinteros@buk.example,F,2000-08-04,Argentina,CO,CO,Híbrido,Tecnología,SRE Semi Senior,Ingeniería,IC3,False,2025-12-31,Plazo fijo,False,,BUK11186,Activo
BUK11569,Lic. Fidel Nieto,lic..nieto@buk.example,M,1994-12-03,Mexicana,MX,MX,Híbrido,Operaciones,Agente de Soporte Semi Senior,Soporte,IC3,False,2025-08-16,Indefinido,False,,BUK10019,Activo
BUK11570,Carmen Alejandra Acuña Marchant,carmen.marchant@buk.example,F,1997-02-04,Chilena,PE,PE,Presencial,Comercial,Content Manager Semi Senior,Marketing,IC3,False,2026-03-25,Indefinido,False,,BUK11746,Desvinculado
BUK11571,Manuel Ronaldo Villa Arancibia,manuel.arancibia@buk.example,M,1995-04-22,Peruana,CL,CL,Remoto,Tecnología,Software Engineer Semi Senior,Ingeniería,IC3,False,2025-03-10,Indefinido,False,,BUK12499,Activo
BUK11572,Yohana Carmen Correa Rincón,yohana.rincón@buk.example,F,2005-04-29,Colombiana,CL,CL,Presencial,Operaciones,Especialista Payroll Ops Semi Senior,Operaciones,IC3,False,2025-05-26,Indefinido,False,,BUK10019,Desvinculado
BUK11573,Valentina Acuña Vargas,valentina.vargas@buk.example,F,1996-01-07,Peruana,CL,CL,Híbrido,Tecnología,Líder de Ingeniería,Ingeniería,M1,True,2025-03-01,Plazo fijo,False,,BUK11816,Activo
BUK11574,Antonella María Rojas Soto,antonella.soto@buk.example,F,1998-09-03,Chilena,CO,CO,Remoto,Tecnología,Data Analyst Aprendiz,Datos,IC1,False,2025-06-29,Indefinido,False,Prefiero no responder,BUK11580,Activo
BUK11575,Ignacia Bárbara Navarro Torres,ignacia.torres@buk.example,F,2005-04-07,Venezolana,CL,CO,Híbrido,Operaciones,Consultor de Implementación Senior,Implementación,IC4,False,2025-10-17,Indefinido,False,Sí,BUK10478,Activo
BUK11576,Yuliana Cecilia Jiménez,yuliana.jiménez@buk.example,F,1993-09-11,Colombiana,CL,CL,Remoto,Operaciones,Especialista de Soporte Senior,Soporte,IC4,False,2024-07-01,Indefinido,False,Sí,BUK11543,Activo
BUK11577,Jeannette López,jeannette.lópez@buk.example,F,1997-07-15,Chilena,PE,PE,Híbrido,Tecnología,Data Engineer Semi Senior,Ingeniería,IC3,False,2025-10-29,Indefinido,False,,BUK10928,Activo
BUK11578,Sara Córdova Ruiz,sara.ruiz@buk.example,F,1995-04-26,Chilena,MX,MX,Híbrido,Tecnología,Software Engineer Senior,Ingeniería,IC4,False,2024-05-02,Indefinido,False,,BUK10118,Activo
BUK11579,Mario Joaquín Becerra,mario.becerra@buk.example,M,2003-08-16,Mexicana,CL,ES,Remoto,Tecnología,SRE,Ingeniería,IC2,False,2025-06-11,Plazo fijo,False,,BUK10250,Activo
BUK11580,Gladys Sofía Riquelme Contreras,gladys.contreras@buk.example,F,2004-10-05,Chilena,CL,CL,Presencial,Tecnología,Líder de Ingeniería,Ingeniería,M1,True,2023-12-24,Indefinido,False,Sí,BUK11816,Activo
BUK11581,Luis James Celis Cuevas,luis.cuevas@buk.example,M,1995-11-06,Uruguaya,MX,MX,Remoto,Administración,Analista Contable,Finanzas,IC2,False,2025-10-30,Indefinido,False,,BUK11068,Desvinculado
BUK11582,Ana Luiza Macedo,ana.macedo@buk.example,F,1995-12-18,Brasileña,MX,CO,Remoto,Tecnología,Subgerente de Ingeniería,Ingeniería,M2,True,2023-05-06,Indefinido,False,Prefiero no responder,BUK11686,Activo
BUK11583,Bianca Jara,bianca.jara@buk.example,F,2000-07-08,Venezolana,CL,CL,Híbrido,Operaciones,Project Manager de Implementación Aprendiz,Implementación,IC1,False,2023-05-22,Indefinido,False,,BUK12151,Activo
BUK11584,María Nadia Reyes Castillo,maría.castillo@buk.example,F,1996-02-29,Chilena,CL,CL,Presencial,Operaciones,Agente de Soporte Especialista,Soporte,IC5,False,2026-06-21,Indefinido,False,,BUK10302,Desvinculado
BUK11585,Facundo Vladimir Saavedra Lobos,facundo.lobos@buk.example,M,1996-06-01,Venezolana,PE,PE,Híbrido,Tecnología,Product Designer Aprendiz,Producto,IC1,False,2025-10-16,Indefinido,False,,BUK12472,Activo
BUK11586,Rhavi Monteiro,rhavi.monteiro@buk.example,M,1999-10-03,Brasileña,CL,CL,Híbrido,Comercial,SDR Semi Senior,Ventas,IC3,False,2025-06-09,Indefinido,False,Sí,BUK10665,Desvinculado
BUK11587,Simón Valdebenito,simón.valdebenito@buk.example,No binario / No informa,1989-12-10,Chilena,CL,BR,Híbrido,Tecnología,Subgerente de Ingeniería,Ingeniería,M2,True,2025-12-20,Indefinido,False,Prefiero no responder,BUK12219,Activo
BUK11588,María Alicia Troncoso Muñoz,maría.muñoz@buk.example,F,1990-01-27,Chilena,CO,CO,Híbrido,Administración,Analista de Cobranza Semi Senior,Finanzas,IC3,False,2024-08-16,Plazo fijo,False,Prefiero no responder,BUK12496,Activo
BUK11589,Moisés Jorge Benítez Lobos,moisés.lobos@buk.example,M,2000-03-22,Chilena,CL,CL,Híbrido,Comercial,Customer Success Manager,Customer Success,IC2,False,2025-10-05,Indefinido,False,,BUK11676,Desvinculado
BUK11590,Nelly Jennifer Villamil Gil,nelly.gil@buk.example,F,1986-12-25,Colombiana,MX,MX,Remoto,Tecnología,Data Engineer Aprendiz,Ingeniería,IC1,False,2023-03-15,Indefinido,False,Sí,BUK12165,Activo
BUK11591,José Mauricio Núñez Cisterna,josé.cisterna@buk.example,M,1985-08-17,Chilena,BR,BR,Híbrido,Operaciones,Agente de Soporte,Soporte,IC2,False,2026-02-08,Indefinido,False,,BUK11001,Activo
BUK11592,Alexandra Carmen Hormazábal Bravo,alexandra.bravo@buk.example,F,2000-09-18,Argentina,MX,MX,Híbrido,Tecnología,QA Engineer Aprendiz,Ingeniería,IC1,False,2026-06-29,Indefinido,False,,BUK10547,Activo
BUK11593,José Gerald Mora Lazcano,josé.lazcano@buk.example,M,1994-06-28,Chilena,CL,CL,Híbrido,Operaciones,Agente de Soporte Semi Senior,Soporte,IC3,False,2026-01-23,Indefinido,False,,BUK12049,Activo
BUK11594,Pedro Cristhian Díaz Rincón,pedro.rincón@buk.example,M,1990-11-09,Colombiana,BR,BR,Remoto,Tecnología,Product Designer Senior,Producto,IC4,False,2025-01-01,Indefinido,False,Prefiero no responder,BUK11345,Activo
BUK11595,Richard Peña Madrid,richard.madrid@buk.example,M,2000-10-24,Chilena,CL,CL,Híbrido,Tecnología,Data Analyst,Datos,IC2,False,2025-12-09,Indefinido,False,,BUK11345,Desvinculado
BUK11596,Lic. Débora Candelaria,lic..candelaria@buk.example,F,1992-07-14,Mexicana,CL,CL,Remoto,Comercial,Líder de Marketing,Marketing,M1,True,2021-03-23,Indefinido,False,,BUK10630,Activo
BUK11597,Cayetana Cornejo Valentín,cayetana.valentín@buk.example,F,1988-05-21,Francesa,CL,CL,Remoto,Operaciones,Consultor de Implementación,Implementación,IC2,False,2020-09-15,Indefinido,False,,BUK10789,Activo
BUK11598,Elio Fernández,elio.fernández@buk.example,M,1995-04-24,Peruana,MX,MX,Híbrido,Tecnología,UX Researcher Semi Senior,Producto,IC3,False,2025-05-15,Plazo fijo,False,,BUK10963,Activo
BUK11599,Jaime Javier Sánchez Hernández,jaime.hernández@buk.example,M,1982-07-26,Chilena,CL,CL,Híbrido,Operaciones,Subgerente de Operaciones,Operaciones,M2,True,2019-08-02,Indefinido,False,,BUK11875,Desvinculado
BUK11600,Juan Eugenio Tapia Lagos,juan.lagos@buk.example,M,1997-01-31,Chilena,MX,MX,Remoto,Comercial,Líder de Marketing,Marketing,M1,True,2022-01-01,Indefinido,False,Sí,BUK10845,Activo
BUK11601,Maximiliano Muñoz Valenzuela,maximiliano.valenzuela@buk.example,M,1990-04-16,Chilena,BR,BR,Híbrido,Tecnología,Data Engineer,Ingeniería,IC2,False,2025-01-01,Indefinido,False,Sí,BUK10627,Activo
BUK11602,Carlos Martínez,carlos.martínez@buk.example,M,1992-08-21,Colombiana,MX,MX,Híbrido,Tecnología,Data Engineer Semi Senior,Ingeniería,IC3,False,2022-01-01,Indefinido,False,,BUK10250,Activo
BUK11603,Constanza Fabiana Ibáñez Morales,constanza.morales@buk.example,F,1993-10-27,Venezolana,CL,CL,Híbrido,Operaciones,Project Manager de Implementación Semi Senior,Implementación,IC3,False,2026-04-03,Indefinido,False,,BUK10800,Activo
BUK11604,Leyla Claudia Escobar Medina,leyla.medina@buk.example,F,1997-03-19,Chilena,CO,CO,Híbrido,Operaciones,Analista de Operaciones Senior,Operaciones,IC4,False,2022-10-07,Indefinido,False,,BUK10351,Activo
BUK11605,Ana Elena Vera Cáceres,ana.cáceres@buk.example,F,1999-10-02,Argentina,PE,PE,Remoto,Tecnología,Security Engineer Semi Senior,Ingeniería,IC3,False,2021-08-09,Indefinido,False,,BUK11396,Activo
BUK11606,Ximena Benavides Maureira,ximena.maureira@buk.example,F,1991-06-30,Argentina,CL,CL,Híbrido,Administración,Especialista de Formación Senior,Personas,IC4,False,2025-10-04,Indefinido,False,,BUK12496,Desvinculado
BUK11607,María Martina Pérez Urrutia,maría.urrutia@buk.example,F,1989-03-26,Peruana,MX,MX,Presencial,Operaciones,Líder de Implementación,Implementación,M1,True,2026-04-07,Indefinido,False,,BUK11625,Activo
BUK11608,Jhonny Flórez,jhonny.flórez@buk.example,M,1993-10-18,Colombiana,CL,CL,Remoto,Comercial,Customer Success Manager,Customer Success,IC2,False,2023-09-30,Indefinido,False,,BUK10248,Activo
BUK11609,Luan Moreira,luan.moreira@buk.example,M,1993-04-24,Brasileña,CL,CL,Híbrido,Administración,People Happiness Manager Aprendiz,Personas,IC1,False,2024-10-19,Indefinido,False,,BUK10348,Activo
BUK11610,Margarita Lourdes Chandía Navarro,margarita.navarro@buk.example,F,1984-11-11,Peruana,BR,BR,Presencial,Comercial,Account Executive Aprendiz,Ventas,IC1,False,2025-01-01,Indefinido,False,Prefiero no responder,BUK10812,Desvinculado
BUK11611,Benjamín Moreno Sáez,benjamín.sáez@buk.example,M,1987-12-11,Argentina,CL,CL,Híbrido,Tecnología,QA Engineer,Ingeniería,IC2,False,2024-10-13,Indefinido,False,,BUK10906,Activo
BUK11612,José Luis Vega Espinoza,josé.espinoza@buk.example,M,1995-10-24,Chilena,CL,CL,Remoto,Operaciones,Especialista de Soporte Senior,Soporte,IC4,False,2021-02-08,Indefinido,True,,BUK10789,Activo
BUK11613,Santiago Armando Echeverría,santiago.echeverría@buk.example,M,2002-10-05,Mexicana,CL,CL,Remoto,Comercial,Brand Manager,Marketing,IC2,False,2024-01-29,Indefinido,False,,BUK11487,Activo
BUK11614,Héctor Atilio Guevara González,héctor.gonzález@buk.example,M,1995-09-15,Chilena,CL,PE,Híbrido,Comercial,SDR Senior,Ventas,IC4,False,2023-10-07,Indefinido,False,,BUK10083,Activo
BUK11615,Gabriel Anselmo Figueroa Vidal,gabriel.vidal@buk.example,M,1989-10-05,Chilena,CL,CL,Remoto,Tecnología,Security Engineer Aprendiz,Ingeniería,IC1,False,2025-02-10,Indefinido,False,,BUK10961,Desvinculado
BUK11616,Agustina Teresa Gómez Poblete,agustina.poblete@buk.example,F,2005-08-31,Uruguaya,MX,PT,Híbrido,Administración,Abogado Corporativo Aprendiz,Legal,IC1,False,2025-12-11,Indefinido,False,Prefiero no responder,BUK10159,Desvinculado
BUK11617,Abigail Droguett Urrutia,abigail.urrutia@buk.example,F,2001-04-23,Chilena,CL,CL,Remoto,Comercial,Especialista de Renovaciones Especialista,Customer Success,IC5,False,2026-03-14,Indefinido,False,,BUK10798,Activo
BUK11618,Claudio Jaime Acuña Ortega,claudio.ortega@buk.example,M,1995-01-14,Venezolana,CL,CL,Remoto,Administración,Analista de Cobranza Semi Senior,Finanzas,IC3,False,2025-01-11,Indefinido,False,,BUK10921,Activo
BUK11619,Raquel Vasconcelos,raquel.vasconcelos@buk.example,F,2005-08-31,Brasileña,CL,CL,Remoto,Tecnología,QA Engineer Semi Senior,Ingeniería,IC3,False,2022-08-11,Indefinido,False,,BUK11152,Desvinculado
BUK11620,Patricia María Tello Trujillo,patricia.trujillo@buk.example,F,2002-07-24,Ecuatoriana,CL,CL,Remoto,Comercial,Account Executive Semi Senior,Ventas,IC3,False,2026-05-29,Indefinido,False,,BUK11890,Activo
BUK11621,Gonzalo Sergio Reyes Cubillos,gonzalo.cubillos@buk.example,M,2005-08-31,Chilena,CL,CL,Presencial,Comercial,Ejecutivo Comercial Semi Senior,Ventas,IC3,False,2019-08-31,Indefinido,True,,BUK10029,Activo
BUK11622,Cristian Valenzuela,cristian.valenzuela@buk.example,M,2004-04-06,Argentina,BR,BR,Presencial,Administración,Abogado Corporativo Especialista,Legal,IC5,False,2025-07-30,Indefinido,False,,BUK11435,Activo
BUK11623,Julia Marisol Fuentes Inostroza,julia.inostroza@buk.example,F,1998-06-21,Dominicana,PE,PE,Remoto,Comercial,Subgerente de Ventas,Ventas,M2,True,2025-04-11,Indefinido,False,,BUK10292,Activo
BUK11624,Claudia Fuentes,claudia.fuentes@buk.example,F,1990-04-25,Argentina,MX,MX,Remoto,Tecnología,SRE Semi Senior,Ingeniería,IC3,False,2023-03-16,Indefinido,False,,BUK10250,Activo
BUK11625,Martín Ahumada,martín.ahumada@buk.example,M,1996-04-30,Ecuatoriana,CL,CL,Remoto,Operaciones,Subgerente de Implementación,Implementación,M2,True,2025-10-03,Indefinido,False,,BUK12611,Activo
BUK11626,Paola Vega,paola.vega@buk.example,F,1981-07-17,Peruana,MX,MX,Híbrido,Operaciones,Consultor de Implementación Aprendiz,Implementación,IC1,False,2025-11-07,Indefinido,False,Sí,BUK10800,Activo
BUK11627,María Josefa Soto Cortés,maría.cortés@buk.example,F,1999-09-20,Chilena,PE,PE,Remoto,Administración,People Happiness Manager Semi Senior,Personas,IC3,False,2025-10-27,Indefinido,False,Prefiero no responder,BUK11815,Desvinculado
BUK11628,Horacio Flavio Reyes Prado,horacio.prado@buk.example,M,1986-11-22,Mexicana,CL,CO,Híbrido,Operaciones,Consultor de Implementación Semi Senior,Implementación,IC3,False,2023-08-22,Indefinido,False,,BUK12554,Activo
BUK11629,Marta Martinez,marta.martinez@buk.example,F,2005-08-31,Chilena,CO,CO,Remoto,Tecnología,Security Engineer Semi Senior,Ingeniería,IC3,False,2025-01-16,Indefinido,False,Prefiero no responder,BUK11557,Activo
BUK11630,Adela de Morales,adela.morales@buk.example,F,1993-05-13,Francesa,CL,PT,Híbrido,Comercial,Account Manager Semi Senior,Customer Success,IC3,False,2025-03-09,Indefinido,False,Prefiero no responder,BUK10376,Activo
BUK11631,María Yohana Muñoz Marín,maría.marín@buk.example,F,1993-01-07,Chilena,PE,AR,Híbrido,Operaciones,Agente de Soporte,Soporte,IC2,False,2025-04-04,Indefinido,False,,BUK10607,Activo
BUK11632,Magaly López Giraldo,magaly.giraldo@buk.example,F,2002-03-11,Colombiana,CL,CL,Remoto,Tecnología,Software Engineer Aprendiz,Ingeniería,IC1,False,2025-12-28,Indefinido,False,,BUK11154,Activo
BUK11633,Albertina Marambio Pérez,albertina.pérez@buk.example,F,1988-02-10,Chilena,CO,CO,Híbrido,Operaciones,Especialista de Soporte Payroll Aprendiz,Soporte,IC1,False,2022-11-16,Indefinido,False,Prefiero no responder,BUK11543,Activo
BUK11634,Carmen Muñoz Cáceres,carmen.cáceres@buk.example,F,1996-08-09,Chilena,PE,PE,Remoto,Operaciones,Consultor de Implementación,Implementación,IC2,False,2025-09-06,Indefinido,False,,BUK12170,Activo
BUK11635,Felipe Alejandro Figueroa González,felipe.gonzález@buk.example,M,2002-11-12,Chilena,CL,CL,Híbrido,Comercial,Especialista de Renovaciones,Customer Success,IC2,False,2024-11-17,Indefinido,False,Sí,BUK10910,Activo
BUK11636,Adolfo Joaquín Guzmán Vergara,adolfo.vergara@buk.example,M,1994-08-02,Boliviana,CL,CL,Híbrido,Operaciones,Subgerente de Soporte,Soporte,M2,True,2023-05-10,Indefinido,False,,BUK12611,Desvinculado
BUK11637,Nicole da Mota,nicole.mota@buk.example,F,1989-11-21,Brasileña,CL,CL,Remoto,Administración,People Happiness Manager Semi Senior,Personas,IC3,False,2026-05-24,Indefinido,False,,BUK10122,Activo
BUK11638,Amalia Camila Lobos López,amalia.lópez@buk.example,F,1987-04-15,Argentina,CL,CL,Remoto,Operaciones,Agente de Soporte,Soporte,IC2,False,2024-06-25,Plazo fijo,False,,BUK11001,Activo
BUK11639,María Toro,maría.toro@buk.example,F,1989-03-14,Peruana,CL,CL,Remoto,Operaciones,Agente de Soporte Aprendiz,Soporte,IC1,False,2021-06-08,Indefinido,False,,BUK12572,Activo
BUK11640,María Valentina Rivera Silva,maría.silva@buk.example,F,1993-10-21,Chilena,CO,MX,Híbrido,Comercial,Ejecutivo Comercial,Ventas,IC2,False,2025-09-27,Indefinido,False,,BUK11921,Activo
BUK11641,Andrea Patricia López,andrea.lópez@buk.example,F,2000-07-08,Colombiana,CL,CL,Presencial,Tecnología,QA Engineer Senior,Ingeniería,IC4,False,2026-03-13,Indefinido,False,,BUK12499,Activo
BUK11642,María Anaís Barrientos Silva,maría.silva@buk.example,F,1993-01-04,Boliviana,BR,BR,Híbrido,Tecnología,Data Engineer,Ingeniería,IC2,False,2025-03-30,Indefinido,False,,BUK12472,Desvinculado
BUK11643,Marcelino Tolosa Solera,marcelino.solera@buk.example,M,1993-12-16,Italiana,CO,CO,Híbrido,Comercial,Especialista de Renovaciones Senior,Customer Success,IC4,False,2025-11-16,Indefinido,False,,BUK12606,Activo
BUK11644,José Luis Toledo González,josé.gonzález@buk.example,M,1999-04-02,Chilena,MX,MX,Híbrido,Operaciones,Consultor de Implementación Aprendiz,Implementación,IC1,False,2024-11-04,Indefinido,False,Sí,BUK10150,Activo
BUK11645,Patricia Alegría,patricia.alegría@buk.example,F,2005-08-31,Chilena,CL,CL,Híbrido,Operaciones,Especialista de Soporte,Soporte,IC2,False,2021-01-10,Indefinido,False,,BUK10867,Desvinculado
BUK11646,Gabriel Villagra Ceballos,gabriel.ceballos@buk.example,M,1997-08-26,Chilena,BR,BR,Híbrido,Tecnología,Security Engineer,Ingeniería,IC2,False,2025-04-03,Indefinido,False,Prefiero no responder,BUK10708,Activo
BUK11647,Elizabeth Bravo,elizabeth.bravo@buk.example,F,2005-08-31,Chilena,CO,CO,Remoto,Comercial,Ejecutivo Comercial,Ventas,IC2,False,2024-03-10,Indefinido,False,,BUK10970,Desvinculado
BUK11648,Gonzalo José Emilio Reyes Salazar,gonzalo.salazar@buk.example,M,1999-01-21,Mexicana,BR,BR,Remoto,Operaciones,Especialista de Soporte Semi Senior,Soporte,IC3,False,2025-01-01,Indefinido,False,,BUK10867,Activo
BUK11649,Eduardo Rodríguez Rojas,eduardo.rojas@buk.example,No binario / No informa,2005-08-31,Colombiana,CL,CL,Híbrido,Tecnología,QA Engineer Senior,Ingeniería,IC4,False,2024-10-18,Indefinido,False,Sí,BUK11396,Activo
BUK11650,Liam Cardoso,liam.cardoso@buk.example,M,1987-09-03,Brasileña,BR,BR,Híbrido,Tecnología,SRE,Ingeniería,IC2,False,2025-01-01,Indefinido,False,,BUK10250,Activo
BUK11651,Fernanda Rodríguez Catalán,fernanda.catalán@buk.example,F,1987-04-03,Peruana,CL,CL,Híbrido,Tecnología,Product Designer,Producto,IC2,False,2018-12-04,Indefinido,False,,BUK11573,Activo
BUK11652,Amelia Vergara Olguín,amelia.olguín@buk.example,F,1988-02-06,Chilena,CL,CL,Híbrido,Tecnología,Analytics Engineer Semi Senior,Datos,IC3,False,2024-03-03,Indefinido,False,,BUK12590,Activo
BUK11653,Benito Darío Gamboa Guardado,benito.guardado@buk.example,M,1998-06-11,Mexicana,CO,CO,Híbrido,Operaciones,Analista de Operaciones Senior,Operaciones,IC4,False,2025-10-06,Indefinido,False,Prefiero no responder,BUK12572,Activo
BUK11654,Anahí Ortega Alfaro,anahí.alfaro@buk.example,F,1996-12-27,Chilena,CL,CL,Híbrido,Administración,People Happiness Manager Aprendiz,Personas,IC1,False,2024-08-27,Indefinido,False,,BUK10462,Activo
BUK11655,Joaquín Daniel Valenzuela,joaquín.valenzuela@buk.example,M,1985-09-21,Mexicana,CL,CL,Híbrido,Tecnología,Software Engineer Senior,Ingeniería,IC4,False,2023-03-28,Indefinido,False,Prefiero no responder,BUK10708,Activo
BUK11656,Demian Martín Díaz Soto,demian.soto@buk.example,M,1994-08-25,Peruana,BR,BR,Remoto,Tecnología,Líder de Ingeniería,Ingeniería,M1,True,2026-02-24,Indefinido,False,,BUK10156,Activo
BUK11657,Ing. Esparta Preciado,ing..preciado@buk.example,F,1986-12-30,Mexicana,CL,BR,Híbrido,Tecnología,Product Designer Semi Senior,Producto,IC3,False,2025-11-27,Indefinido,False,Prefiero no responder,BUK11345,Desvinculado
BUK11658,Norman Troncoso Ramos,norman.ramos@buk.example,M,2005-08-31,Chilena,PE,PE,Remoto,Tecnología,Product Manager Aprendiz,Producto,IC1,False,2025-05-29,Indefinido,False,,BUK10852,Activo
BUK11659,Julio Rojas Silva,julio.silva@buk.example,M,1995-09-25,Venezolana,CO,MX,Híbrido,Operaciones,Analista de Operaciones,Operaciones,IC2,False,2019-04-19,Indefinido,False,,BUK11473,Activo
BUK11660,Eloy Ramón Montaño,eloy.montaño@buk.example,M,1994-10-24,Mexicana,CL,CL,Híbrido,Tecnología,QA Engineer Senior,Ingeniería,IC4,False,2024-07-27,Indefinido,False,Sí,BUK11058,Activo
BUK11661,Concha Plana-Huerta,concha.plana-huerta@buk.example,F,1997-04-18,Española,MX,MX,Híbrido,Operaciones,Especialista Payroll Ops Semi Senior,Operaciones,IC3,False,2025-12-30,Plazo fijo,False,Prefiero no responder,BUK10949,Activo
BUK11662,Jorge Sanhueza Farías,jorge.farías@buk.example,M,1988-02-18,Venezolana,CL,CL,Híbrido,Tecnología,Product Manager Semi Senior,Producto,IC3,False,2026-03-05,Indefinido,False,,BUK12458,Activo
BUK11663,Katherine Washington,katherine.washington@buk.example,F,1992-05-26,Británica,MX,MX,Remoto,Operaciones,Analista de Operaciones Semi Senior,Operaciones,IC3,False,2025-03-15,Indefinido,False,,BUK12572,Activo
BUK11664,Cristobal Ramiro Mendoza,cristobal.mendoza@buk.example,M,2000-01-14,Mexicana,CL,AR,Remoto,Tecnología,Software Engineer,Ingeniería,IC2,False,2026-02-19,Indefinido,False,,BUK11058,Activo
BUK11665,Troy Phillips,troy.phillips@buk.example,M,1995-09-23,Estadounidense,CO,CO,Híbrido,Comercial,SDR Senior,Ventas,IC4,False,2026-06-24,Indefinido,False,Sí,BUK10970,Activo
BUK11666,Manuel Estrada Gatica,manuel.gatica@buk.example,No binario / No informa,1995-08-25,Chilena,CL,CL,Remoto,Comercial,SDR Senior,Ventas,IC4,False,2026-02-22,Indefinido,False,,BUK10812,Activo
BUK11667,Srita. Hilda Guajardo,srita..guajardo@buk.example,F,1989-03-29,Mexicana,CL,CL,Presencial,Comercial,Customer Success Manager Especialista,Customer Success,IC5,False,2024-04-21,Indefinido,False,,BUK12310,Activo
BUK11668,Cristian Uriel Amaya,cristian.amaya@buk.example,M,1994-02-21,Colombiana,CL,CL,Híbrido,Comercial,Account Manager,Customer Success,IC2,False,2025-03-28,Indefinido,False,,BUK11730,Activo
BUK11669,Amelia Arredondo,amelia.arredondo@buk.example,F,1984-02-16,Mexicana,BR,BR,Remoto,Operaciones,Especialista Payroll Ops Aprendiz,Operaciones,IC1,False,2025-06-06,Indefinido,False,,BUK10326,Activo
BUK11670,Antonia Paz Godoy Velásquez,antonia.velásquez@buk.example,F,1998-11-24,Chilena,MX,MX,Híbrido,Administración,People Happiness Manager Semi Senior,Personas,IC3,False,2025-06-12,Indefinido,False,,BUK12266,Desvinculado
BUK11671,José Angelo Campos Solís,josé.solís@buk.example,M,2005-08-31,Chilena,CO,CO,Híbrido,Comercial,Ejecutivo Comercial Semi Senior,Ventas,IC3,False,2019-01-01,Indefinido,False,Prefiero no responder,BUK10910,Desvinculado
BUK11672,Víctor Ignacio Galaz Vásquez,víctor.vásquez@buk.example,M,2005-08-31,Chilena,CL,CL,Remoto,Tecnología,Security Engineer Semi Senior,Ingeniería,IC3,False,2026-05-25,Indefinido,False,Prefiero no responder,BUK12311,Activo
BUK11673,Christian Riquelme Inostroza,christian.inostroza@buk.example,M,2003-12-05,Costarricense,CL,CL,Remoto,Operaciones,Analista de Operaciones,Operaciones,IC2,False,2025-04-28,Indefinido,False,,BUK11607,Activo
BUK11674,Óscar Duván Álvarez Carvajal,óscar.carvajal@buk.example,M,1990-01-06,Colombiana,CL,PT,Híbrido,Comercial,Ejecutivo Comercial Semi Senior,Ventas,IC3,False,2025-08-06,Indefinido,False,,BUK10574,Activo
BUK11675,Lilian Norma Fernández Campos,lilian.campos@buk.example,F,1997-05-24,Peruana,CL,CL,Remoto,Tecnología,Security Engineer Aprendiz,Ingeniería,IC1,False,2025-12-29,Indefinido,False,,BUK12499,Desvinculado
BUK11676,Andrés Vargas Parra,andrés.parra@buk.example,M,1991-06-06,Colombiana,MX,MX,Remoto,Comercial,Líder de Customer Success,Customer Success,M1,True,2022-01-01,Indefinido,False,,BUK12563,Desvinculado
BUK11677,Freddy César Saldías Castro,freddy.castro@buk.example,M,1997-12-21,Chilena,CL,CL,Remoto,Comercial,Account Executive Aprendiz,Ventas,IC1,False,2026-03-06,Indefinido,False,,BUK11730,Desvinculado
BUK11678,Maribel Katherine Sepúlveda Fuentes,maribel.fuentes@buk.example,F,1994-01-16,Paraguaya,CL,CL,Presencial,Comercial,SDR Senior,Ventas,IC4,False,2025-12-12,Indefinido,False,,BUK10403,Activo
BUK11679,Verónica Ortega Aguirre,verónica.aguirre@buk.example,F,1988-10-25,Mexicana,MX,MX,Híbrido,Comercial,Account Executive,Ventas,IC2,False,2025-10-12,Indefinido,False,Sí,BUK10140,Activo
BUK11680,Jean Gonzalo Marín Albornoz,jean.albornoz@buk.example,M,1995-04-02,Chilena,CO,CO,Remoto,Comercial,Account Manager Semi Senior,Customer Success,IC3,False,2025-12-23,Indefinido,False,,BUK10181,Activo
BUK11681,Marcia Soto Guzmán,marcia.guzmán@buk.example,F,1987-08-21,Chilena,CL,CL,Remoto,Tecnología,Product Designer Senior,Producto,IC4,False,2022-09-06,Indefinido,False,,BUK10650,Activo
BUK11682,Paulina Rosales Pérez,paulina.pérez@buk.example,F,1990-01-01,Peruana,CL,CL,Híbrido,Tecnología,SRE Senior,Ingeniería,IC4,False,2026-01-14,Indefinido,False,,BUK10627,Desvinculado
BUK11683,Leidy Jaimes,leidy.jaimes@buk.example,F,1975-01-13,Colombiana,BR,BR,Híbrido,Tecnología,Product Designer,Producto,IC2,False,2026-05-07,Indefinido,False,Prefiero no responder,BUK12590,Activo
BUK11684,Rafael Alegría Valenzuela,rafael.valenzuela@buk.example,M,2004-07-30,Chilena,MX,MX,Remoto,Operaciones,Project Manager de Implementación Aprendiz,Implementación,IC1,False,2026-02-04,Indefinido,True,,BUK10302,Activo
BUK11685,Gloria Arroyo,gloria.arroyo@buk.example,F,2000-02-01,Colombiana,MX,MX,Remoto,Tecnología,People Analytics Senior,Datos,IC4,False,2024-04-12,Indefinido,False,,BUK11580,Activo
BUK11686,Reina Andrea Barela,reina.barela@buk.example,F,1994-12-21,Mexicana,CL,CL,Remoto,Tecnología,Gerente de Ingeniería,Ingeniería,M3,True,2023-03-01,Indefinido,False,,,Activo
BUK11687,Jacqueline Claudia Pérez Hernández,jacqueline.hernández@buk.example,F,1996-02-16,Venezolana,PE,PE,Híbrido,Tecnología,Product Manager Aprendiz,Producto,IC1,False,2024-12-20,Indefinido,False,Prefiero no responder,BUK10804,Activo
BUK11688,Andrea María Romero,andrea.romero@buk.example,F,1995-06-13,Colombiana,CL,CL,Remoto,Operaciones,Especialista de Soporte Payroll,Soporte,IC2,False,2021-06-16,Indefinido,False,,BUK10949,Activo
BUK11689,Andrés Vega,andrés.vega@buk.example,M,1995-12-25,Chilena,BR,BR,Híbrido,Administración,Especialista de Formación Senior,Personas,IC4,False,2025-01-01,Indefinido,False,,BUK11373,Activo
BUK11690,Cindy Aguilar,cindy.aguilar@buk.example,F,2001-06-04,Británica,CO,CO,Remoto,Tecnología,Product Designer Semi Senior,Producto,IC3,False,2023-01-22,Indefinido,False,,BUK12458,Activo
BUK11691,Michael Hudson,michael.hudson@buk.example,M,2000-01-03,Estadounidense,CL,CL,Remoto,Administración,Líder de Finanzas,Finanzas,M1,True,2025-06-03,Plazo fijo,False,Prefiero no responder,BUK10394,Activo
BUK11692,Mirna Maritza Díaz Palma,mirna.palma@buk.example,F,1984-03-13,Argentina,CL,CL,Remoto,Comercial,Especialista de Renovaciones Semi Senior,Customer Success,IC3,False,2026-02-04,Indefinido,False,,BUK11837,Desvinculado
BUK11693,Vicente Pascual Fajardo Perales,vicente.perales@buk.example,M,1986-05-08,Mexicana,CL,CL,Remoto,Comercial,Account Executive Senior,Ventas,IC4,False,2025-10-22,Indefinido,False,,BUK10950,Activo
BUK11694,Karina Carmen Salazar Pinto,karina.pinto@buk.example,F,1986-06-28,Chilena,BR,BR,Remoto,Operaciones,Project Manager de Implementación Semi Senior,Implementación,IC3,False,2025-01-01,Indefinido,False,,BUK10478,Activo
BUK11695,Walter Enrique González Calderón,walter.calderón@buk.example,M,1993-03-31,Venezolana,CL,CL,Híbrido,Tecnología,Software Engineer Semi Senior,Ingeniería,IC3,False,2021-12-25,Indefinido,False,Prefiero no responder,BUK12529,Desvinculado
BUK11696,María Guzmán,maría.guzmán@buk.example,F,2003-07-30,Peruana,CO,CO,Remoto,Tecnología,Security Engineer Aprendiz,Ingeniería,IC1,False,2024-10-30,Indefinido,False,,BUK11573,Activo
BUK11697,Juan Camilo Gutiérrez Torres,juan.torres@buk.example,M,1992-07-09,Venezolana,CO,CO,Híbrido,Operaciones,Especialista de Soporte Semi Senior,Soporte,IC3,False,2022-11-15,Indefinido,False,Sí,BUK12170,Activo
BUK11698,Bruno Marín Madrid,bruno.madrid@buk.example,M,2002-07-15,Boliviana,CL,CL,Remoto,Tecnología,SRE Semi Senior,Ingeniería,IC3,False,2025-10-12,Indefinido,False,,BUK10250,Activo
BUK11699,Emanuella Ferreira,emanuella.ferreira@buk.example,F,1993-10-15,Brasileña,CL,CL,Presencial,Tecnología,Data Engineer,Ingeniería,IC2,False,2024-04-06,Indefinido,False,,BUK10796,Activo
BUK11700,Alexander Molina-Aguilera Montecinos,alexander.montecinos@buk.example,M,2002-05-21,Venezolana,MX,MX,Remoto,Comercial,Account Manager Aprendiz,Customer Success,IC1,False,2024-10-11,Indefinido,False,,BUK11731,Activo
BUK11701,Víctor Ayala Díaz,víctor.díaz@buk.example,M,1998-06-23,Chilena,PE,PE,Híbrido,Comercial,Growth Marketer Senior,Marketing,IC4,False,2025-02-09,Indefinido,False,,BUK12218,Desvinculado
BUK11702,Dr. Isaac Espinosa,dr..espinosa@buk.example,M,1990-12-11,Mexicana,PE,PE,Presencial,Operaciones,Analista de Operaciones Semi Senior,Operaciones,IC3,False,2020-08-27,Indefinido,False,,BUK10800,Activo
BUK11703,Andrea Matilde Sepúlveda Pinto,andrea.pinto@buk.example,F,2004-12-16,Chilena,CL,CL,Remoto,Operaciones,Especialista de Soporte Payroll Senior,Soporte,IC4,False,2024-11-22,Indefinido,False,,BUK11881,Activo
BUK11704,Romina Nicole Muñoz Garrido,romina.garrido@buk.example,F,2005-03-24,Chilena,CL,CL,Remoto,Comercial,Ejecutivo Comercial Aprendiz,Ventas,IC1,False,2025-06-15,Indefinido,False,Prefiero no responder,BUK12537,Activo
BUK11705,Maribel Cid Moyano,maribel.moyano@buk.example,F,2004-10-30,Chilena,CO,CO,Híbrido,Comercial,Account Manager Aprendiz,Customer Success,IC1,False,2026-03-24,Indefinido,False,,BUK10623,Activo
BUK11706,Ada Molina,ada.molina@buk.example,F,1990-03-03,Chilena,CL,CL,Remoto,Comercial,Account Manager,Customer Success,IC2,False,2026-01-27,Indefinido,False,,BUK11009,Activo
BUK11707,Daniela Antonella Aedo Parra,daniela.parra@buk.example,F,1986-09-28,Boliviana,CL,CL,Remoto,Tecnología,Product Designer Semi Senior,Producto,IC3,False,2024-06-17,Indefinido,False,Prefiero no responder,BUK10906,Activo
BUK11708,Gustavo Pedro Mora,gustavo.mora@buk.example,M,1987-11-04,Colombiana,CO,CO,Remoto,Tecnología,Software Engineer,Ingeniería,IC2,False,2026-07-18,Indefinido,False,Sí,BUK10059,Activo
BUK11709,Luis Ángel Mondaca Mena,luis.mena@buk.example,M,1995-06-24,Chilena,CL,CL,Presencial,Comercial,SDR Semi Senior,Ventas,IC3,False,2025-11-27,Indefinido,False,,BUK12081,Activo
BUK11710,Arturo Francisco Páez Oyarce,arturo.oyarce@buk.example,M,2002-01-21,Venezolana,CL,CL,Híbrido,Administración,Abogado Corporativo Aprendiz,Legal,IC1,False,2026-04-22,Indefinido,False,,BUK10921,Activo
BUK11711,María Mena Alvarado,maría.alvarado@buk.example,F,1995-02-19,Colombiana,CO,CO,Híbrido,Operaciones,Analista de Operaciones Especialista,Operaciones,IC5,False,2024-08-24,Indefinido,False,,BUK11827,Activo
BUK11712,Pablo Alexander Vanegas,pablo.vanegas@buk.example,M,1999-04-03,Colombiana,CO,CL,Híbrido,Operaciones,Especialista de Soporte,Soporte,IC2,False,2025-04-29,Indefinido,False,,BUK10714,Activo
BUK11713,Rubén Javi Girón Campos,rubén.campos@buk.example,M,1989-04-27,Italiana,CL,ES,Remoto,Operaciones,Project Manager de Implementación,Implementación,IC2,False,2023-12-09,Indefinido,False,,BUK11027,Activo
BUK11714,Claudia Trinidad Opazo Badilla,claudia.badilla@buk.example,F,2004-11-17,Peruana,BR,BR,Híbrido,Operaciones,Especialista de Soporte Payroll Semi Senior,Soporte,IC3,False,2025-09-17,Indefinido,False,,BUK11881,Activo
BUK11715,Claudia Ivonne Andrade Castillo,claudia.castillo@buk.example,F,1987-11-26,Chilena,CL,CL,Remoto,Tecnología,Software Engineer Semi Senior,Ingeniería,IC3,False,2025-01-20,Indefinido,False,,BUK11154,Activo
BUK11716,Juan Arturo Encina Díaz,juan.díaz@buk.example,M,1994-08-06,Chilena,PE,PE,Presencial,Comercial,Especialista de Renovaciones Semi Senior,Customer Success,IC3,False,2025-10-08,Indefinido,False,,BUK10140,Activo
BUK11717,Soledad María Arias Muñoz,soledad.muñoz@buk.example,F,2004-05-03,Chilena,CO,CO,Remoto,Operaciones,Líder de Implementación,Implementación,M1,True,2024-08-05,Indefinido,False,,BUK10684,Desvinculado
BUK11718,Valeria Soto,valeria.soto@buk.example,F,1985-07-23,Chilena,CL,CL,Presencial,Comercial,Account Executive,Ventas,IC2,False,2025-05-14,Indefinido,False,,BUK11267,Activo
BUK11719,Luis Ibáñez Vergara,luis.vergara@buk.example,M,1986-02-09,Argentina,CL,CL,Presencial,Comercial,Account Executive Aprendiz,Ventas,IC1,False,2021-04-01,Indefinido,False,,BUK11244,Desvinculado
BUK11720,Héctor Molina Marambio,héctor.marambio@buk.example,M,1999-08-15,Chilena,CL,CL,Remoto,Operaciones,Agente de Soporte Semi Senior,Soporte,IC3,False,2022-09-18,Indefinido,False,,BUK11993,Desvinculado
BUK11721,Maritza Álvarez Acosta,maritza.acosta@buk.example,F,2000-04-23,Venezolana,CL,CL,Híbrido,Comercial,Account Manager Semi Senior,Customer Success,IC3,False,2021-10-20,Plazo fijo,False,,BUK10975,Activo
BUK11722,Natália Pimenta,natália.pimenta@buk.example,F,2005-08-31,Brasileña,CL,PE,Híbrido,Tecnología,Security Engineer,Ingeniería,IC2,False,2025-04-08,Indefinido,False,,BUK11573,Activo
BUK11723,Benjamín Moreno Pérez,benjamín.pérez@buk.example,M,1989-06-09,Argentina,CL,CL,Remoto,Comercial,Especialista de Renovaciones,Customer Success,IC2,False,2025-12-11,Indefinido,False,,BUK10248,Activo
BUK11724,Maribel Rosa Silva Valencia,maribel.valencia@buk.example,F,1999-05-02,Ecuatoriana,CL,CO,Remoto,Operaciones,Analista de Operaciones Senior,Operaciones,IC4,False,2025-09-30,Indefinido,False,,BUK12572,Activo
BUK11725,Ramiro Sánchez Rentería,ramiro.rentería@buk.example,M,1993-02-19,Colombiana,CL,CL,Remoto,Administración,Analista Contable Semi Senior,Finanzas,IC3,False,2020-03-03,Indefinido,False,,BUK10122,Activo
BUK11726,Jorge Samir Rodríguez,jorge.rodríguez@buk.example,M,2005-08-31,Colombiana,CL,CL,Híbrido,Comercial,Account Manager Aprendiz,Customer Success,IC1,False,2025-11-05,Plazo fijo,False,,BUK12218,Desvinculado
BUK11727,Felipe Fernández Castro,felipe.castro@buk.example,M,1998-07-05,Venezolana,CL,CL,Remoto,Administración,Abogado Corporativo Senior,Legal,IC4,False,2025-11-30,Indefinido,False,,BUK10780,Activo
BUK11728,Jennifer Zimmerman,jennifer.zimmerman@buk.example,F,1998-08-25,Australiana,CL,CL,Remoto,Tecnología,SRE,Ingeniería,IC2,False,2025-04-19,Indefinido,False,,BUK11396,Desvinculado
BUK11729,Luis Nelson Andrade Muñoz,luis.muñoz@buk.example,M,2001-07-19,Dominicana,CL,CL,Híbrido,Operaciones,Consultor de Implementación Aprendiz,Implementación,IC1,False,2025-08-20,Indefinido,False,Prefiero no responder,BUK12049,Activo
BUK11730,Aurora Leonor Botello Velasco,aurora.velasco@buk.example,F,1986-05-20,Mexicana,CL,PT,Híbrido,Comercial,Líder de Customer Success,Customer Success,M1,True,2026-04-09,Indefinido,False,,BUK10115,Activo
BUK11731,Oscar Herrera,oscar.herrera@buk.example,M,1998-03-27,Chilena,CL,CL,Híbrido,Comercial,Líder de Marketing,Marketing,M1,True,2026-02-14,Indefinido,False,,BUK12566,Desvinculado
BUK11732,Yesenia Maite Estay Olate,yesenia.olate@buk.example,F,2001-09-08,Chilena,CO,CO,Remoto,Tecnología,Security Engineer Aprendiz,Ingeniería,IC1,False,2026-05-14,Indefinido,False,,BUK10796,Desvinculado
BUK11733,Amelia Sepúlveda Durán,amelia.durán@buk.example,F,1999-03-23,Chilena,CL,CL,Remoto,Administración,Especialista de Formación Especialista,Personas,IC5,False,2019-10-12,Indefinido,False,,BUK10331,Activo
BUK11734,Jimena Camila Valdés Miranda,jimena.miranda@buk.example,F,2001-04-04,Venezolana,CO,CO,Remoto,Comercial,Brand Manager Semi Senior,Marketing,IC3,False,2019-12-23,Indefinido,False,,BUK11070,Activo
BUK11735,Raquel Bustamante,raquel.bustamante@buk.example,F,1999-08-14,Peruana,CO,CO,Híbrido,Comercial,Especialista de Renovaciones Aprendiz,Customer Success,IC1,False,2019-01-01,Indefinido,False,,BUK12278,Activo
BUK11736,Marcela Magdalena Mendoza Acevedo,marcela.acevedo@buk.example,F,1994-05-17,Chilena,CL,CL,Híbrido,Administración,Control de Gestión,Finanzas,IC2,False,2024-01-23,Indefinido,False,Prefiero no responder,BUK10900,Activo
BUK11737,Rosa Palma,rosa.palma@buk.example,F,1992-03-21,Chilena,CO,CO,Híbrido,Operaciones,Analista de Operaciones Semi Senior,Operaciones,IC3,False,2023-03-18,Indefinido,False,,BUK10453,Activo
BUK11738,Constanza Araya,constanza.araya@buk.example,F,2001-02-21,Chilena,CL,CL,Híbrido,Comercial,Account Executive Senior,Ventas,IC4,False,2022-06-11,Indefinido,False,,BUK10667,Activo
BUK11739,Ismael Gabriel Pineda Pérez,ismael.pérez@buk.example,M,1989-04-13,Colombiana,CL,CL,Remoto,Administración,Analista de Cobranza Senior,Finanzas,IC4,False,2018-08-30,Indefinido,False,Prefiero no responder,BUK10844,Activo
BUK11740,Paulina Molina Gallardo,paulina.gallardo@buk.example,F,1988-06-13,Mexicana,CL,CL,Presencial,Operaciones,Agente de Soporte,Soporte,IC2,False,2026-06-30,Indefinido,False,Prefiero no responder,BUK12338,Desvinculado
BUK11741,Raquel Lilia Cisneros,raquel.cisneros@buk.example,F,1987-06-22,Mexicana,MX,MX,Híbrido,Operaciones,Analista de Operaciones Aprendiz,Operaciones,IC1,False,2025-12-18,Indefinido,False,,BUK11717,Desvinculado
BUK11742,Paola Valentina Solís Sanhueza,paola.sanhueza@buk.example,F,1997-10-13,Peruana,PE,PE,Híbrido,Tecnología,Data Engineer,Ingeniería,IC2,False,2025-04-10,Indefinido,False,Prefiero no responder,BUK12283,Activo
BUK11743,Marco Antonio Henríquez,marco.henríquez@buk.example,M,1996-01-26,Mexicana,MX,MX,Híbrido,Tecnología,SRE,Ingeniería,IC2,False,2024-12-01,Indefinido,False,,BUK10250,Desvinculado
BUK11744,Regina Salvador Perez,regina.perez@buk.example,F,1992-07-17,Francesa,CO,CO,Híbrido,Operaciones,Project Manager de Implementación Senior,Implementación,IC4,False,2023-01-21,Indefinido,False,,BUK10019,Activo
BUK11745,Celia Soledad Orrego Escobar,celia.escobar@buk.example,F,2005-08-31,Peruana,CL,CL,Remoto,Comercial,Account Manager Aprendiz,Customer Success,IC1,False,2026-05-16,Indefinido,False,,BUK11244,Activo
BUK11746,Sergio Matías Iturra Castro,sergio.castro@buk.example,M,1989-04-03,Peruana,CL,CL,Remoto,Comercial,Líder de Customer Success,Customer Success,M1,True,2026-03-15,Indefinido,False,,BUK12566,Activo
BUK11747,Michael Kane,michael.kane@buk.example,M,1998-08-26,Australiana,MX,MX,Remoto,Administración,Líder de Finanzas,Finanzas,M1,True,2026-03-14,Indefinido,False,,BUK10394,Desvinculado
BUK11748,María Guillermina Contreras Silva,maría.silva@buk.example,F,1997-09-01,Chilena,CL,CL,Híbrido,Tecnología,QA Engineer Aprendiz,Ingeniería,IC1,False,2022-12-12,Indefinido,False,,BUK12254,Desvinculado
BUK11749,Francisca Rojas,francisca.rojas@buk.example,F,1990-01-29,Chilena,CL,CL,Remoto,Operaciones,Especialista de Soporte Payroll Semi Senior,Soporte,IC3,False,2026-05-17,Indefinido,False,,BUK10351,Activo
BUK11750,Gonzalo Mauricio Navarrete Valdés,gonzalo.valdés@buk.example,M,2005-08-31,Venezolana,CL,CL,Híbrido,Tecnología,Software Engineer Semi Senior,Ingeniería,IC3,False,2024-08-28,Indefinido,False,Prefiero no responder,BUK10866,Activo
BUK11751,Manuelita Torres Ramis,manuelita.ramis@buk.example,F,2002-02-15,Española,MX,MX,Presencial,Administración,People Happiness Manager Senior,Personas,IC4,False,2024-07-10,Indefinido,False,,BUK11747,Activo
BUK11752,Sra. Georgina Mercado,sra..mercado@buk.example,F,1985-06-24,Mexicana,CL,CL,Híbrido,Tecnología,SRE,Ingeniería,IC2,False,2022-01-09,Indefinido,False,Prefiero no responder,BUK10883,Activo
BUK11753,Brayan Chacón,brayan.chacón@buk.example,No binario / No informa,2002-10-24,Colombiana,CL,CL,Remoto,Tecnología,Software Engineer Senior,Ingeniería,IC4,False,2025-06-06,Plazo fijo,False,,BUK12590,Activo
BUK11754,Nelson Oscar López Opazo,nelson.opazo@buk.example,M,1990-08-24,Chilena,PE,PE,Híbrido,Comercial,SDR Especialista,Ventas,IC5,False,2022-03-27,Indefinido,False,,BUK11546,Activo
BUK11755,Carla Elba Carrasco Álvarez,carla.álvarez@buk.example,F,1996-02-02,Chilena,CL,CL,Remoto,Operaciones,Analista de Operaciones Semi Senior,Operaciones,IC3,False,2025-08-06,Indefinido,False,,BUK10093,Desvinculado
BUK11756,Sr. Calebe Barbosa,sr..barbosa@buk.example,M,1998-06-15,Brasileña,MX,MX,Híbrido,Comercial,Gerente de Ventas,Ventas,M3,True,2026-01-27,Indefinido,False,,,Activo
BUK11757,Víctor Marcelo Casanova Castro,víctor.castro@buk.example,M,2004-08-26,Venezolana,BR,BR,Remoto,Tecnología,SRE,Ingeniería,IC2,False,2025-01-01,Indefinido,False,Sí,BUK11656,Activo
BUK11758,Didier Diego Ávila Cifuentes,didier.cifuentes@buk.example,M,2005-07-18,Colombiana,BR,BR,Híbrido,Operaciones,Project Manager de Implementación Semi Senior,Implementación,IC3,False,2025-01-01,Indefinido,False,,BUK12554,Desvinculado
BUK11759,Guillermina María Apablaza Jerez,guillermina.jerez@buk.example,F,2005-08-31,Chilena,MX,MX,Híbrido,Administración,Abogado Corporativo Aprendiz,Legal,IC1,False,2022-01-01,Indefinido,False,,BUK10442,Activo
BUK11760,Guillermo Carrero Zaragoza,guillermo.zaragoza@buk.example,M,1994-08-12,Mexicana,CL,CL,Híbrido,Comercial,Especialista de Renovaciones,Customer Success,IC2,False,2024-10-19,Indefinido,False,,BUK10248,Activo
BUK11761,Jhonny Durán Meza,jhonny.meza@buk.example,M,2005-06-18,Peruana,CL,CL,Remoto,Comercial,Ejecutivo Comercial,Ventas,IC2,False,2021-02-23,Indefinido,False,,BUK11177,Activo
BUK11762,Luis Gabriel Núñez Bahamondes,luis.bahamondes@buk.example,M,1989-09-29,Chilena,MX,MX,Remoto,Tecnología,SRE Aprendiz,Ingeniería,IC1,False,2026-06-12,Indefinido,False,,BUK12165,Activo
BUK11763,Elena Londoño,elena.londoño@buk.example,F,1998-03-12,Colombiana,CL,CL,Presencial,Comercial,Customer Success Manager Senior,Customer Success,IC4,False,2021-10-30,Indefinido,False,,BUK11487,Activo
BUK11764,Tomás Mario Muñoz Arias,tomás.arias@buk.example,M,1988-05-15,Uruguaya,MX,MX,Híbrido,Tecnología,Security Engineer Semi Senior,Ingeniería,IC3,False,2026-01-26,Plazo fijo,False,,BUK10866,Activo
BUK11765,Sara Molina Lara,sara.lara@buk.example,F,1993-02-09,Peruana,CL,PT,Híbrido,Comercial,Content Manager Semi Senior,Marketing,IC3,False,2023-07-07,Indefinido,False,,BUK11746,Desvinculado
BUK11766,Manuel Dylan Saavedra Espinosa,manuel.espinosa@buk.example,M,1993-03-12,Chilena,CL,CO,Presencial,Comercial,Account Executive Semi Senior,Ventas,IC3,False,2025-08-18,Indefinido,False,,BUK10689,Activo
BUK11767,Dra. Yeni Aparicio,dra..aparicio@buk.example,F,1999-01-01,Mexicana,PE,PE,Remoto,Tecnología,Product Designer Semi Senior,Producto,IC3,False,2024-09-05,Indefinido,False,,BUK10963,Activo
BUK11768,Katalina Patricia Ávalos Arriagada,katalina.arriagada@buk.example,F,1992-12-19,Chilena,CL,PE,Remoto,Administración,Subgerente de Legal,Legal,M2,True,2021-12-17,Indefinido,False,,BUK11276,Activo
BUK11769,Bento Marques,bento.marques@buk.example,M,2000-07-17,Brasileña,CL,CL,Remoto,Tecnología,Software Engineer Aprendiz,Ingeniería,IC1,False,2025-07-05,Indefinido,False,,BUK11557,Desvinculado
BUK11770,Dr. Francisco Javier Villanueva,dr..villanueva@buk.example,M,1991-06-30,Mexicana,CO,CO,Remoto,Tecnología,Software Engineer Semi Senior,Ingeniería,IC3,False,2026-02-18,Indefinido,False,,BUK12590,Desvinculado
BUK11771,Stella Johana Ortiz,stella.ortiz@buk.example,F,1982-11-14,Colombiana,BR,BR,Presencial,Comercial,SDR Semi Senior,Ventas,IC3,False,2025-01-01,Indefinido,False,Sí,BUK10317,Activo
BUK11772,Luis Palma Silva,luis.silva@buk.example,M,1995-01-15,Dominicana,CL,CL,Remoto,Operaciones,Consultor de Implementación,Implementación,IC2,False,2026-02-06,Indefinido,False,,BUK11543,Activo
BUK11773,Caridad Gaytán Valladares,caridad.valladares@buk.example,F,2005-08-31,Mexicana,CL,CL,Híbrido,Comercial,Ejecutivo Comercial Aprendiz,Ventas,IC1,False,2025-10-04,Indefinido,False,,BUK12218,Activo
BUK11774,Javier Ulloa Garica,javier.garica@buk.example,M,2000-02-01,Mexicana,CL,CL,Híbrido,Comercial,SDR Semi Senior,Ventas,IC3,False,2024-12-14,Indefinido,False,,BUK11070,Activo
BUK11775,Benjamín Lorenzo Romero López,benjamín.lópez@buk.example,M,1992-09-19,Chilena,MX,MX,Híbrido,Operaciones,Agente de Soporte Senior,Soporte,IC4,False,2025-07-15,Indefinido,False,Prefiero no responder,BUK12632,Activo
BUK11776,Julián Juan Yáñez Sánchez,julián.sánchez@buk.example,M,1995-08-31,Boliviana,PE,PE,Remoto,Administración,Talent Acquisition Especialista,Personas,IC5,False,2026-03-06,Indefinido,False,Prefiero no responder,BUK11884,Activo
BUK11777,Antonio Yesid Zapata,antonio.zapata@buk.example,M,1993-10-12,Colombiana,CL,CL,Remoto,Comercial,SDR,Ventas,IC2,False,2026-06-26,Indefinido,False,Sí,BUK10233,Desvinculado
BUK11778,Carolina Martina Moreno Cárdenas,carolina.cárdenas@buk.example,F,1992-05-01,Chilena,PE,CL,Híbrido,Comercial,Ejecutivo Comercial Semi Senior,Ventas,IC3,False,2023-02-26,Indefinido,False,Sí,BUK12537,Activo
BUK11779,Alvaro Humberto Montoya,alvaro.montoya@buk.example,M,1988-04-27,Mexicana,MX,MX,Híbrido,Operaciones,Especialista de Soporte Aprendiz,Soporte,IC1,False,2022-01-01,Indefinido,False,,BUK10607,Activo
BUK11780,Raúl Leonardo Videla García,raúl.garcía@buk.example,No binario / No informa,1997-02-28,Chilena,PE,PE,Remoto,Operaciones,Líder de Soporte,Soporte,M1,True,2026-05-03,Indefinido,False,Sí,BUK10357,Activo
BUK11781,Dr. Enzo Gabriel Rodrigues,dr..rodrigues@buk.example,M,1997-05-16,Brasileña,CL,CL,Híbrido,Comercial,Ejecutivo Comercial,Ventas,IC2,False,2025-07-23,Indefinido,False,Sí,BUK11262,Activo
BUK11782,Patricio Modesto Montalvo,patricio.montalvo@buk.example,M,1988-06-11,Mexicana,CL,CL,Híbrido,Comercial,Account Executive Aprendiz,Ventas,IC1,False,2024-04-14,Indefinido,False,Sí,BUK10327,Desvinculado
BUK11783,Paola Véliz Miranda,paola.miranda@buk.example,F,1984-11-20,Argentina,PE,PE,Remoto,Operaciones,Especialista de Soporte Payroll Semi Senior,Soporte,IC3,False,2025-11-30,Indefinido,False,,BUK11001,Activo
BUK11784,Carolina Andrea Sáez Pizarro,carolina.pizarro@buk.example,F,1993-09-11,Venezolana,MX,MX,Remoto,Operaciones,Especialista de Soporte Semi Senior,Soporte,IC3,False,2025-08-31,Indefinido,False,,BUK10691,Activo
BUK11785,María Daniela Arriagada Muñoz,maría.muñoz@buk.example,F,1988-12-03,Peruana,CL,PT,Híbrido,Comercial,Especialista de Renovaciones Semi Senior,Customer Success,IC3,False,2026-03-06,Indefinido,False,,BUK11070,Desvinculado
BUK11786,Valentina Pelayo Fábregas,valentina.fábregas@buk.example,F,1990-01-11,Italiana,CL,CL,Remoto,Operaciones,Agente de Soporte Semi Senior,Soporte,IC3,False,2026-01-10,Indefinido,False,Prefiero no responder,BUK12170,Activo
BUK11787,Paola Erika Mosquera Méndez,paola.méndez@buk.example,F,1991-08-28,Colombiana,BR,BR,Remoto,Operaciones,Especialista de Soporte Senior,Soporte,IC4,False,2026-04-23,Indefinido,False,,BUK10607,Activo
BUK11788,Nelson Bonilla,nelson.bonilla@buk.example,M,1984-05-03,Colombiana,CL,CL,Híbrido,Tecnología,UX Researcher,Producto,IC2,False,2025-11-24,Indefinido,False,,BUK10881,Activo
BUK11789,Luis Jhonatan Alarcón Olivares,luis.olivares@buk.example,M,1988-10-01,Uruguaya,CL,CL,Híbrido,Comercial,Account Executive Semi Senior,Ventas,IC3,False,2025-11-08,Indefinido,False,,BUK12218,Activo
BUK11790,Lucas Valdivia,lucas.valdivia@buk.example,M,2005-08-31,Boliviana,CO,CO,Híbrido,Tecnología,SRE Aprendiz,Ingeniería,IC1,False,2023-11-20,Indefinido,False,,BUK10833,Activo
BUK11791,Raquel Riquelme Hernández,raquel.hernández@buk.example,F,1991-05-13,Argentina,MX,MX,Híbrido,Tecnología,SRE Semi Senior,Ingeniería,IC3,False,2024-06-05,Plazo fijo,False,Sí,BUK10650,Activo
BUK11792,Patricio Gonzalo Aranda Lizama,patricio.lizama@buk.example,M,1998-06-30,Peruana,CO,CO,Remoto,Tecnología,QA Engineer Senior,Ingeniería,IC4,False,2025-07-19,Indefinido,False,,BUK10241,Activo
BUK11793,Dr. Breno Cassiano,dr..cassiano@buk.example,M,1990-02-09,Brasileña,CL,CL,Híbrido,Administración,Talent Acquisition Semi Senior,Personas,IC3,False,2026-03-27,Indefinido,False,,BUK10462,Desvinculado
BUK11794,Blanca Carmona,blanca.carmona@buk.example,F,2000-12-17,Chilena,CO,ES,Híbrido,Tecnología,Security Engineer Semi Senior,Ingeniería,IC3,False,2025-08-29,Indefinido,False,,BUK11186,Activo
BUK11795,Hugo Pantoja Rojas,hugo.rojas@buk.example,M,1992-08-15,Mexicana,CO,CO,Híbrido,Tecnología,Data Analyst Especialista,Datos,IC5,False,2026-04-17,Indefinido,False,Prefiero no responder,BUK12458,Activo
BUK11796,Manuel Domingo Blanco Narváez,manuel.narváez@buk.example,M,1994-07-25,Colombiana,BR,BR,Híbrido,Comercial,Líder de Customer Success,Customer Success,M1,True,2025-01-01,Indefinido,False,,BUK10398,Desvinculado
BUK11797,María Silva Cuevas,maría.cuevas@buk.example,F,1988-08-05,Chilena,MX,MX,Híbrido,Tecnología,SRE Senior,Ingeniería,IC4,False,2022-01-01,Indefinido,False,,BUK10866,Desvinculado
BUK11798,Amparo Emma Sánchez Morales,amparo.morales@buk.example,F,1993-01-21,Peruana,CL,CL,Remoto,Tecnología,Software Engineer Senior,Ingeniería,IC4,False,2025-02-15,Indefinido,False,,BUK12311,Activo
BUK11799,Nadia Antonella Moraga Escalona,nadia.escalona@buk.example,F,1990-08-18,Chilena,MX,BR,Remoto,Comercial,Especialista de Renovaciones Senior,Customer Success,IC4,False,2022-01-01,Indefinido,False,,BUK10147,Activo
BUK11800,Artemio Olivera Abellán,artemio.abellán@buk.example,M,1995-06-22,Italiana,CL,CL,Híbrido,Tecnología,QA Engineer Semi Senior,Ingeniería,IC3,False,2025-10-12,Indefinido,False,,BUK10059,Activo
BUK11801,César Reyes Guzmán,césar.guzmán@buk.example,M,1989-06-17,Argentina,CL,CL,Remoto,Tecnología,Product Manager Semi Senior,Producto,IC3,False,2025-01-03,Plazo fijo,False,,BUK11580,Activo
BUK11802,Amanda Victoria Arévalo-Cifuentes Navarro,amanda.navarro@buk.example,F,1990-04-27,Paraguaya,CL,CL,Remoto,Comercial,Especialista de Renovaciones,Customer Success,IC2,False,2020-05-21,Indefinido,False,,BUK10665,Activo
BUK11803,Breno Casa Grande,breno.grande@buk.example,M,2002-03-31,Brasileña,CL,CL,Híbrido,Administración,People Happiness Manager,Personas,IC2,False,2025-12-21,Indefinido,False,,BUK10442,Activo
BUK11804,Mónica Aura Galeano Ávila,mónica.ávila@buk.example,F,2000-07-25,Colombiana,CO,ES,Remoto,Comercial,Account Executive Especialista,Ventas,IC5,False,2026-08-07,Indefinido,False,,BUK11244,Activo
BUK11805,Flor Arias,flor.arias@buk.example,F,1997-05-17,Colombiana,MX,MX,Híbrido,Operaciones,Project Manager de Implementación Senior,Implementación,IC4,False,2023-05-09,Plazo fijo,False,,BUK10478,Activo
BUK11806,María Sara Acosta Choque,maría.choque@buk.example,F,1992-01-27,Peruana,CL,BR,Híbrido,Comercial,Ejecutivo Comercial Aprendiz,Ventas,IC1,False,2025-07-12,Indefinido,False,,BUK12218,Activo
BUK11807,Indira Nazario del Valle,indira.valle@buk.example,F,1994-05-24,Mexicana,BR,BR,Híbrido,Operaciones,Especialista de Soporte,Soporte,IC2,False,2025-01-02,Indefinido,False,,BUK11717,Activo
BUK11808,Raquel Freitas,raquel.freitas@buk.example,F,1988-12-28,Brasileña,MX,MX,Remoto,Comercial,Account Manager Senior,Customer Success,IC4,False,2025-11-28,Indefinido,False,,BUK11796,Desvinculado
BUK11809,Patricio Briceño,patricio.briceño@buk.example,M,1997-04-15,Argentina,CL,CL,Remoto,Administración,People Happiness Manager Senior,Personas,IC4,False,2022-01-27,Indefinido,False,,BUK11409,Activo
BUK11810,Jessica María Castro Velásquez,jessica.velásquez@buk.example,F,1996-12-08,Uruguaya,CL,CL,Presencial,Operaciones,Analista de Operaciones Semi Senior,Operaciones,IC3,False,2025-12-09,Plazo fijo,False,,BUK12515,Desvinculado
BUK11811,César Castro Rivas,césar.rivas@buk.example,M,1988-05-31,Colombiana,BR,BR,Híbrido,Tecnología,Product Manager Semi Senior,Producto,IC3,False,2026-04-12,Indefinido,False,,BUK10804,Desvinculado
BUK11812,Katalina Fuentes Lara,katalina.lara@buk.example,F,1994-07-20,Peruana,CO,CO,Híbrido,Operaciones,Project Manager de Implementación Senior,Implementación,IC4,False,2026-06-22,Plazo fijo,False,,BUK10478,Activo
BUK11813,Paula María López Meza,paula.meza@buk.example,F,1993-12-27,Guatemalteca,CL,CL,Remoto,Tecnología,Security Engineer Especialista,Ingeniería,IC5,False,2025-09-14,Indefinido,False,,BUK10796,Activo
BUK11814,Dr. Pedro Henrique Pimenta,dr..pimenta@buk.example,M,1998-01-23,Brasileña,BR,BR,Remoto,Tecnología,Data Engineer Semi Senior,Ingeniería,IC3,False,2025-01-01,Indefinido,False,,BUK10833,Activo
BUK11815,Ignacio Gastón Salas Sepúlveda,ignacio.sepúlveda@buk.example,M,1990-09-09,Chilena,CL,CL,Híbrido,Administración,Líder de Personas,Personas,M1,True,2025-11-13,Indefinido,False,Prefiero no responder,BUK10890,Desvinculado
BUK11816,Carmen Cárdenas Morales,carmen.morales@buk.example,F,1994-04-27,Colombiana,CL,CL,Remoto,Tecnología,Subgerente de Producto,Producto,M2,True,2025-12-15,Indefinido,False,,BUK12219,Activo
BUK11817,Ángeles Calderón Baquero,ángeles.baquero@buk.example,F,1988-10-07,Italiana,MX,MX,Remoto,Administración,Subgerente de Finanzas,Finanzas,M2,True,2023-12-14,Indefinido,False,Sí,BUK12452,Activo
BUK11818,Cristina Guerrero Osorio,cristina.osorio@buk.example,F,2000-09-23,Colombiana,MX,MX,Híbrido,Tecnología,SRE,Ingeniería,IC2,False,2026-05-14,Indefinido,False,,BUK10804,Activo
BUK11819,Claudia Prado,claudia.prado@buk.example,F,1980-06-30,Mexicana,CO,CO,Presencial,Administración,Especialista de Formación Semi Senior,Personas,IC3,False,2024-06-15,Indefinido,False,Sí,BUK10844,Activo
BUK11820,Ronald Esteban Flórez Riascos,ronald.riascos@buk.example,M,1993-10-11,Colombiana,CL,CL,Remoto,Tecnología,Software Engineer Semi Senior,Ingeniería,IC3,False,2025-10-23,Indefinido,False,Prefiero no responder,BUK11152,Activo
BUK11821,Rafaela Palma Delgado,rafaela.delgado@buk.example,F,2003-02-23,Cubana,CO,CO,Remoto,Tecnología,UX Researcher,Producto,IC2,False,2025-10-09,Plazo fijo,False,,BUK10289,Desvinculado
BUK11822,Lukas Salas Lobos,lukas.lobos@buk.example,M,1997-01-10,Chilena,CL,CL,Presencial,Comercial,Account Manager Semi Senior,Customer Success,IC3,False,2026-07-09,Indefinido,False,,BUK11307,Activo
BUK11823,Hans Fabián Araya San Martín,hans.martín@buk.example,M,1998-08-24,Chilena,CL,CL,Remoto,Operaciones,Consultor de Implementación,Implementación,IC2,False,2025-05-25,Plazo fijo,False,,BUK11027,Activo
BUK11824,Gonzalo Marrero Limón,gonzalo.limón@buk.example,M,2002-05-27,Mexicana,PE,PE,Híbrido,Operaciones,Especialista Payroll Ops Aprendiz,Operaciones,IC1,False,2025-11-12,Indefinido,False,Prefiero no responder,BUK11827,Activo
BUK11825,Omaira Mary Herrera,omaira.herrera@buk.example,F,1993-11-14,Colombiana,CL,CL,Híbrido,Administración,People Happiness Manager Semi Senior,Personas,IC3,False,2023-01-14,Indefinido,False,Prefiero no responder,BUK12465,Activo
BUK11826,José Alexis Mena Méndez,josé.méndez@buk.example,M,2000-05-16,Colombiana,MX,MX,Híbrido,Administración,Subgerente de Finanzas,Finanzas,M2,True,2026-03-27,Indefinido,False,Prefiero no responder,BUK11276,Activo
BUK11827,Verónica María Toledo Bustamante,verónica.bustamante@buk.example,F,1999-09-19,Chilena,CL,CL,Híbrido,Operaciones,Líder de Operaciones,Operaciones,M1,True,2022-11-23,Indefinido,False,,BUK11207,Desvinculado
BUK11828,Rosario Marisol Arévalo Arango,rosario.arango@buk.example,F,1991-03-26,Colombiana,CL,CL,Remoto,Operaciones,Consultor de Implementación Aprendiz,Implementación,IC1,False,2025-07-12,Indefinido,False,Sí,BUK10710,Activo
BUK11829,Isaque Souza,isaque.souza@buk.example,M,1993-02-25,Brasileña,CL,CL,Remoto,Comercial,Content Manager Senior,Marketing,IC4,False,2017-12-24,Indefinido,False,,BUK10327,Desvinculado
BUK11830,Manuel Cristóbal Ramírez Silva,manuel.silva@buk.example,M,1993-02-18,Peruana,CL,CL,Presencial,Administración,People Happiness Manager Aprendiz,Personas,IC1,False,2025-04-28,Indefinido,False,Sí,BUK10780,Activo
BUK11831,María Guajardo Silva,maría.silva@buk.example,F,1994-02-12,Chilena,MX,MX,Híbrido,Administración,Talent Acquisition Especialista,Personas,IC5,False,2024-07-24,Indefinido,False,,BUK11068,Activo
BUK11832,Ángela Alondra Rojas Cortés,ángela.cortés@buk.example,F,1983-11-13,Chilena,CL,ES,Híbrido,Tecnología,Data Analyst,Datos,IC2,False,2026-04-08,Indefinido,False,Sí,BUK10883,Desvinculado
BUK11833,Ana Clara Peixoto,ana.peixoto@buk.example,F,2005-01-21,Brasileña,CL,CL,Híbrido,Operaciones,Gerente de Implementación,Implementación,M3,True,2020-10-30,Indefinido,False,Prefiero no responder,,Activo
BUK11834,Rosa Campos Ojeda,rosa.ojeda@buk.example,F,1996-04-17,Chilena,CL,CL,Híbrido,Comercial,Customer Success Manager Aprendiz,Customer Success,IC1,False,2025-03-10,Indefinido,False,,BUK11244,Activo
BUK11835,Susana Correa,susana.correa@buk.example,F,2005-08-31,Chilena,MX,MX,Remoto,Tecnología,Data Analyst,Datos,IC2,False,2024-08-05,Plazo fijo,False,,BUK10963,Activo
BUK11836,Gerardo Felipe Navarrete Millán,gerardo.millán@buk.example,M,2003-10-07,Chilena,CL,CL,Híbrido,Tecnología,Security Engineer Semi Senior,Ingeniería,IC3,False,2024-03-04,Indefinido,False,,BUK10906,Activo
BUK11837,Orlando Villalobos,orlando.villalobos@buk.example,M,2005-08-31,Argentina,CL,CL,Híbrido,Comercial,Líder de Ventas,Ventas,M1,True,2024-03-07,Indefinido,False,Sí,BUK12377,Activo
BUK11838,Eloah Costela,eloah.costela@buk.example,F,1998-08-03,Brasileña,PE,PE,Híbrido,Comercial,Growth Marketer,Marketing,IC2,False,2026-06-10,Indefinido,False,Sí,BUK11177,Desvinculado
BUK11839,Amaro Giancarlo Castillo Luengo,amaro.luengo@buk.example,M,2002-04-03,Peruana,CL,CL,Híbrido,Operaciones,Especialista de Soporte Payroll Aprendiz,Soporte,IC1,False,2026-05-07,Indefinido,False,Prefiero no responder,BUK11023,Activo
BUK11840,Enrique Matías Navarrete Rivas,enrique.rivas@buk.example,M,1984-10-09,Argentina,CL,CL,Híbrido,Administración,Analista Contable Semi Senior,Finanzas,IC3,False,2026-06-15,Indefinido,False,,BUK10780,Activo
BUK11841,Estefanía Albina Marín Adadia,estefanía.adadia@buk.example,F,1994-04-02,Española,CL,CL,Remoto,Tecnología,QA Engineer Aprendiz,Ingeniería,IC1,False,2025-11-01,Indefinido,False,,BUK10289,Activo
BUK11842,Ema Rebolledo Vera,ema.vera@buk.example,F,1987-07-18,Peruana,CL,CL,Híbrido,Operaciones,Especialista de Soporte,Soporte,IC2,False,2025-03-02,Indefinido,False,,BUK10949,Activo
BUK11843,Hernando Guerrero,hernando.guerrero@buk.example,M,1998-07-14,Colombiana,CL,CL,Híbrido,Operaciones,Agente de Soporte Semi Senior,Soporte,IC3,False,2024-12-10,Indefinido,False,,BUK10302,Activo
BUK11844,Josué Garcia,josué.garcia@buk.example,M,2000-02-15,Brasileña,CL,CL,Remoto,Administración,Subgerente de Finanzas,Finanzas,M2,True,2025-06-12,Indefinido,False,,BUK11276,Desvinculado
BUK11845,Eugenia Dolores Verdugo Armas,eugenia.armas@buk.example,F,1986-06-23,Mexicana,CL,CL,Híbrido,Operaciones,Project Manager de Implementación Senior,Implementación,IC4,False,2025-07-09,Indefinido,False,,BUK11827,Activo
BUK11846,Iris Nataly Arce Navarrete,iris.navarrete@buk.example,F,1994-03-21,Venezolana,MX,MX,Híbrido,Operaciones,Especialista Payroll Ops,Operaciones,IC2,False,2022-01-01,Indefinido,False,,BUK12554,Activo
BUK11847,María Gómez,maría.gómez@buk.example,F,1992-07-12,Colombiana,MX,MX,Híbrido,Operaciones,Especialista de Soporte Semi Senior,Soporte,IC3,False,2026-07-23,Plazo fijo,False,,BUK10326,Desvinculado
BUK11848,Fermín Acero Río,fermín.río@buk.example,M,1986-06-02,Española,CL,CL,Híbrido,Comercial,Ejecutivo Comercial Semi Senior,Ventas,IC3,False,2026-07-14,Plazo fijo,False,Prefiero no responder,BUK10297,Activo
BUK11849,Robert Luis Silva Zúñiga,robert.zúñiga@buk.example,M,2004-04-22,Peruana,CL,CL,Remoto,Tecnología,UX Researcher,Producto,IC2,False,2025-11-07,Indefinido,False,,BUK10289,Activo
BUK11850,Heriberto Ruz,heriberto.ruz@buk.example,M,1992-12-25,Ecuatoriana,PE,PE,Híbrido,Operaciones,Especialista de Soporte,Soporte,IC2,False,2026-03-30,Indefinido,True,,BUK10607,Activo
BUK11851,Mario Arancibia,mario.arancibia@buk.example,M,2005-08-31,Peruana,CO,CO,Híbrido,Operaciones,Project Manager de Implementación,Implementación,IC2,False,2025-04-27,Plazo fijo,False,,BUK10800,Desvinculado
BUK11852,Carolina Elizabeth Osorio Moya,carolina.moya@buk.example,F,2000-11-08,Peruana,CL,CL,Remoto,Comercial,SDR Senior,Ventas,IC4,False,2026-04-11,Indefinido,False,Prefiero no responder,BUK10574,Activo
BUK11853,Sofía Beatriz Galdames Plaza,sofía.plaza@buk.example,F,1996-01-05,Chilena,CO,CO,Remoto,Comercial,Especialista de Renovaciones,Customer Success,IC2,False,2025-04-30,Indefinido,False,Prefiero no responder,BUK12537,Activo
BUK11854,Alvaro Ignacio Acevedo,alvaro.acevedo@buk.example,M,2002-02-07,Mexicana,CO,PE,Remoto,Tecnología,Software Engineer Semi Senior,Ingeniería,IC3,False,2026-05-14,Indefinido,False,,BUK11656,Desvinculado
BUK11855,Pedro Víctor Estrada,pedro.estrada@buk.example,M,1980-04-19,Colombiana,CL,CL,Remoto,Comercial,Especialista de Renovaciones Senior,Customer Success,IC4,False,2020-06-17,Indefinido,False,,BUK12537,Activo
BUK11856,Marly Gloria Hoyos Mena,marly.mena@buk.example,F,2000-06-02,Colombiana,CL,CL,Híbrido,Tecnología,Product Manager Aprendiz,Producto,IC1,False,2023-07-03,Indefinido,False,,BUK11305,Desvinculado
BUK11857,Ximena Daniela Inostroza Cruz,ximena.cruz@buk.example,F,1996-12-20,Peruana,CL,CL,Híbrido,Tecnología,Software Engineer Semi Senior,Ingeniería,IC3,False,2025-10-31,Plazo fijo,False,Prefiero no responder,BUK11656,Activo
BUK11858,Juan José Núñez Montero,juan.montero@buk.example,M,1997-05-17,Chilena,PE,PE,Híbrido,Comercial,Ejecutivo Comercial,Ventas,IC2,False,2024-10-04,Indefinido,False,,BUK10975,Activo
BUK11859,Diego Óscar Arias Navarro,diego.navarro@buk.example,M,1999-07-01,Colombiana,CL,CL,Híbrido,Operaciones,Subgerente de Operaciones,Operaciones,M2,True,2024-10-01,Indefinido,False,,BUK10286,Activo
BUK11860,Jesus Nelson Núñez Ibarra,jesus.ibarra@buk.example,M,1996-02-26,Argentina,CL,CL,Híbrido,Comercial,SDR,Ventas,IC2,False,2025-09-07,Indefinido,False,,BUK10029,Activo
BUK11861,Modesto Porfirio Sanches,modesto.sanches@buk.example,M,2005-03-19,Mexicana,CL,CL,Híbrido,Comercial,Brand Manager Especialista,Marketing,IC5,False,2024-10-06,Indefinido,False,Prefiero no responder,BUK12310,Desvinculado
BUK11862,Calebe Cassiano,calebe.cassiano@buk.example,No binario / No informa,2002-03-13,Brasileña,CL,CL,Remoto,Tecnología,Software Engineer,Ingeniería,IC2,False,2025-12-09,Indefinido,False,,BUK10881,Activo
BUK11863,Sergio Parraguez,sergio.parraguez@buk.example,M,1981-06-03,Ecuatoriana,CO,CO,Híbrido,Operaciones,Agente de Soporte Aprendiz,Soporte,IC1,False,2025-08-23,Indefinido,False,,BUK12151,Desvinculado
BUK11864,Nancy Frida Montero,nancy.montero@buk.example,F,1992-10-03,Mexicana,PE,AR,Híbrido,Operaciones,Especialista de Soporte Payroll Semi Senior,Soporte,IC3,False,2026-04-17,Indefinido,False,,BUK10478,Activo
BUK11865,Nilda Javiera Rojas Riveros,nilda.riveros@buk.example,F,1996-06-19,Argentina,BR,BR,Híbrido,Comercial,Ejecutivo Comercial Especialista,Ventas,IC5,False,2025-01-01,Indefinido,False,,BUK11487,Activo
BUK11866,Victoria Orosco Roque,victoria.roque@buk.example,F,1989-08-26,Mexicana,CL,CL,Remoto,Comercial,Account Manager,Customer Success,IC2,False,2026-03-04,Indefinido,False,Prefiero no responder,BUK10408,Desvinculado
BUK11867,Manuel Muñoz Pérez,manuel.pérez@buk.example,M,1999-09-01,Colombiana,CL,CL,Híbrido,Operaciones,Especialista de Soporte,Soporte,IC2,False,2023-08-23,Indefinido,False,,BUK12337,Desvinculado
BUK11868,Carmen Luciana González Ibáñez,carmen.ibáñez@buk.example,F,2003-02-07,Chilena,CL,CL,Híbrido,Tecnología,SRE,Ingeniería,IC2,False,2023-10-14,Indefinido,False,,BUK10961,Activo
BUK11869,Jorge Daniel Robles Pérez,jorge.pérez@buk.example,M,1994-12-25,Cubana,CO,CO,Híbrido,Comercial,Growth Marketer,Marketing,IC2,False,2025-02-26,Indefinido,False,,BUK11596,Desvinculado
BUK11870,Marcela Gloria Carvajal Fuentes,marcela.fuentes@buk.example,F,1996-02-19,Chilena,CO,CO,Remoto,Comercial,SDR Semi Senior,Ventas,IC3,False,2024-12-18,Indefinido,False,,BUK10689,Activo
BUK11871,Clementina Ángela Contreras Moreno,clementina.moreno@buk.example,F,1998-07-24,Peruana,CL,ES,Híbrido,Comercial,Growth Marketer Aprendiz,Marketing,IC1,False,2025-03-14,Indefinido,False,Prefiero no responder,BUK12641,Desvinculado
BUK11872,Ferney Álvarez,ferney.álvarez@buk.example,M,1993-08-21,Colombiana,CL,CL,Presencial,Operaciones,Analista de Operaciones,Operaciones,IC2,False,2026-07-12,Indefinido,False,,BUK11607,Activo
BUK11873,Ricardo Carlos Farías Cáceres,ricardo.cáceres@buk.example,M,2004-07-10,Chilena,CL,CL,Híbrido,Tecnología,Product Manager Aprendiz,Producto,IC1,False,2026-04-17,Indefinido,False,Prefiero no responder,BUK12472,Activo
BUK11874,Pablo Oscar Rojas Gutiérrez,pablo.gutiérrez@buk.example,M,1994-02-04,Ecuatoriana,CL,CL,Híbrido,Tecnología,Data Engineer Semi Senior,Ingeniería,IC3,False,2023-08-09,Indefinido,False,,BUK10114,Desvinculado
BUK11875,César Martínez Montecinos,césar.montecinos@buk.example,M,1997-11-22,Chilena,BR,BR,Remoto,Operaciones,Gerente de Implementación,Implementación,M3,True,2026-03-18,Indefinido,False,Prefiero no responder,,Activo
BUK11876,Natividad Ibarra Alfaro,natividad.alfaro@buk.example,F,2000-06-12,Chilena,CL,CL,Presencial,Administración,People Happiness Manager,Personas,IC2,False,2025-07-29,Indefinido,False,,BUK12266,Activo
BUK11877,Gerardo Torres,gerardo.torres@buk.example,M,1998-01-29,Argentina,CL,BR,Híbrido,Tecnología,QA Engineer,Ingeniería,IC2,False,2025-02-27,Indefinido,False,,BUK10852,Activo
BUK11878,Luz Ramírez Calderón,luz.calderón@buk.example,F,2004-12-20,Colombiana,CL,CO,Remoto,Tecnología,QA Engineer Semi Senior,Ingeniería,IC3,False,2022-06-09,Indefinido,False,,BUK10963,Desvinculado
BUK11879,María Viviana Matus Cabello,maría.cabello@buk.example,F,1988-11-26,Chilena,CO,CO,Remoto,Comercial,Content Manager,Marketing,IC2,False,2024-05-04,Indefinido,False,,BUK12641,Activo
BUK11880,Thomas Iván Arriagada Garcés,thomas.garcés@buk.example,M,1991-12-24,Costarricense,PE,PE,Presencial,Administración,Abogado Corporativo Semi Senior,Legal,IC3,False,2025-01-30,Indefinido,False,,BUK11409,Activo
BUK11881,John Wilson Pedraza,john.pedraza@buk.example,M,2002-05-08,Colombiana,CO,MX,Remoto,Operaciones,Líder de Implementación,Implementación,M1,True,2026-05-08,Indefinido,False,,BUK11636,Activo
BUK11882,Cecilia Pamela Valdebenito Cabezas,cecilia.cabezas@buk.example,F,1989-07-20,Venezolana,MX,AR,Remoto,Comercial,Growth Marketer Aprendiz,Marketing,IC1,False,2022-01-01,Indefinido,False,,BUK10233,Desvinculado
BUK11883,Marisol Menchaca Lebrón,marisol.lebrón@buk.example,F,1995-05-24,Mexicana,CL,CL,Presencial,Tecnología,Data Analyst Semi Senior,Datos,IC3,False,2024-06-10,Indefinido,False,,BUK10987,Activo
BUK11884,Stephanie Jara-Mamani Mardones,stephanie.mardones@buk.example,F,1987-11-19,Chilena,MX,ES,Híbrido,Administración,Líder de Legal,Legal,M1,True,2026-02-08,Indefinido,False,,BUK11844,Desvinculado
BUK11885,Alamiro Avilés,alamiro.avilés@buk.example,M,1994-03-03,Venezolana,CL,MX,Remoto,Tecnología,QA Engineer Aprendiz,Ingeniería,IC1,False,2020-03-04,Indefinido,False,,BUK10183,Activo
BUK11886,Julio Cortez Durán,julio.durán@buk.example,M,1991-08-21,Peruana,PE,PE,Híbrido,Tecnología,Data Engineer,Ingeniería,IC2,False,2025-01-24,Indefinido,False,,BUK10987,Activo
BUK11887,Hilda Francisca Torres Valdivia,hilda.valdivia@buk.example,F,2000-06-16,Argentina,CL,CL,Remoto,Comercial,Customer Success Manager Semi Senior,Customer Success,IC3,False,2026-06-27,Indefinido,False,,BUK10766,Activo
BUK11888,Lukas Jorge Parra Sepúlveda,lukas.sepúlveda@buk.example,M,1988-04-02,Chilena,MX,MX,Remoto,Operaciones,Especialista de Soporte Payroll Aprendiz,Soporte,IC1,False,2023-06-13,Indefinido,False,,BUK11901,Activo
BUK11889,Irma Josefina Vera Rebolledo,irma.rebolledo@buk.example,F,1993-02-16,Chilena,CL,CL,Híbrido,Operaciones,Especialista de Soporte Payroll,Soporte,IC2,False,2025-03-25,Indefinido,False,Sí,BUK10274,Activo
BUK11890,Manuel Claudio Cortés Manríquez,manuel.manríquez@buk.example,M,2003-04-06,Chilena,CL,CL,Híbrido,Comercial,Líder de Customer Success,Customer Success,M1,True,2020-11-29,Plazo fijo,False,,BUK12566,Activo
BUK11891,Gaspar Nelson Ulloa Gálvez,gaspar.gálvez@buk.example,M,1999-05-24,Guatemalteca,CO,CO,Híbrido,Administración,Analista de Cobranza,Finanzas,IC2,False,2025-12-23,Plazo fijo,False,,BUK10746,Activo
BUK11892,Gaspar Leonel Oñate Ortiz,gaspar.ortiz@buk.example,M,2004-02-23,Chilena,CO,CO,Híbrido,Comercial,Account Manager Semi Senior,Customer Success,IC3,False,2026-05-05,Plazo fijo,False,Sí,BUK12078,Activo
BUK11893,Silvia Sandra Vergara Troncoso,silvia.troncoso@buk.example,F,2005-08-31,Boliviana,CL,CL,Remoto,Tecnología,Data Engineer Especialista,Ingeniería,IC5,False,2025-07-22,Indefinido,False,,BUK12283,Desvinculado
BUK11894,Davi Lucas Albuquerque,davi.albuquerque@buk.example,M,1989-02-24,Brasileña,BR,BR,Remoto,Comercial,Account Manager Especialista,Customer Success,IC5,False,2025-10-07,Indefinido,False,,BUK10600,Activo
BUK11895,Simón José Neira Fuentes,simón.fuentes@buk.example,M,2005-08-31,Peruana,CO,CO,Híbrido,Operaciones,Project Manager de Implementación Semi Senior,Implementación,IC3,False,2025-04-05,Indefinido,False,Prefiero no responder,BUK12229,Desvinculado
BUK11896,Jacinto Abraham Badillo Sánchez,jacinto.sánchez@buk.example,M,1995-07-18,Mexicana,MX,MX,Remoto,Operaciones,Consultor de Implementación Senior,Implementación,IC4,False,2026-04-03,Indefinido,False,,BUK10714,Activo
BUK11897,Jaime Gracia,jaime.gracia@buk.example,M,2000-03-05,Mexicana,CL,CL,Híbrido,Operaciones,Especialista de Soporte Senior,Soporte,IC4,False,2025-12-24,Indefinido,False,,BUK12515,Activo
BUK11898,Cristian Quintana López,cristian.lópez@buk.example,M,1997-10-28,Chilena,CL,CL,Híbrido,Comercial,Account Executive Semi Senior,Ventas,IC3,False,2017-01-01,Indefinido,False,Prefiero no responder,BUK12441,Activo
BUK11899,Jenny Marisel Guerra Arancibia,jenny.arancibia@buk.example,F,1995-06-09,Chilena,CL,CL,Remoto,Operaciones,Especialista Payroll Ops Senior,Operaciones,IC4,False,2021-06-08,Indefinido,False,Sí,BUK10714,Activo
BUK11900,Andrea Ximena Ahumada Santander,andrea.santander@buk.example,F,2001-03-13,Chilena,CL,CL,Presencial,Tecnología,Software Engineer,Ingeniería,IC2,False,2023-04-06,Indefinido,False,,BUK10183,Activo
BUK11901,Francisco Jose Catalán Higueras,francisco.higueras@buk.example,M,1995-08-22,Francesa,CO,CO,Remoto,Operaciones,Líder de Operaciones,Operaciones,M1,True,2023-05-25,Indefinido,False,,BUK10359,Desvinculado
BUK11902,José Eduardo Gutiérrez Bernal,josé.bernal@buk.example,M,1996-06-11,Chilena,MX,MX,Remoto,Operaciones,Especialista Payroll Ops Especialista,Operaciones,IC5,False,2026-04-28,Indefinido,False,,BUK10710,Activo
BUK11903,Ignacio Alberto Miranda Paredes,ignacio.paredes@buk.example,M,1995-12-21,Chilena,CL,CL,Híbrido,Tecnología,Data Engineer,Ingeniería,IC2,False,2017-08-21,Indefinido,False,,BUK12311,Activo
BUK11904,Abigaíl María Cristina Hernandez Puerta,abigaíl.puerta@buk.example,F,2000-08-30,Alemana,CL,CL,Híbrido,Comercial,SDR,Ventas,IC2,False,2025-10-24,Indefinido,False,,BUK11796,Activo
BUK11905,Alfredo Serrano,alfredo.serrano@buk.example,M,1999-10-08,Mexicana,BR,BR,Remoto,Operaciones,Project Manager de Implementación Especialista,Implementación,IC5,False,2025-01-01,Indefinido,False,,BUK10867,Activo
BUK11906,Anthony Nichols,anthony.nichols@buk.example,M,1989-04-02,Estadounidense,CL,CL,Híbrido,Comercial,Account Executive,Ventas,IC2,False,2026-02-12,Indefinido,False,,BUK10792,Desvinculado
BUK11907,María Alarcón Carrasco,maría.carrasco@buk.example,F,2001-05-26,Paraguaya,CL,CL,Remoto,Operaciones,Especialista Payroll Ops Aprendiz,Operaciones,IC1,False,2025-09-03,Indefinido,True,,BUK10867,Desvinculado
BUK11908,Davi Camargo,davi.camargo@buk.example,M,1989-09-11,Brasileña,PE,PE,Híbrido,Comercial,Especialista de Renovaciones Semi Senior,Customer Success,IC3,False,2020-01-01,Indefinido,False,Prefiero no responder,BUK10403,Desvinculado
BUK11909,Sebastián Alexis Bello Torres,sebastián.torres@buk.example,M,1995-01-02,Peruana,CL,CL,Remoto,Administración,Talent Acquisition,Personas,IC2,False,2025-10-27,Indefinido,False,Sí,BUK10159,Desvinculado
BUK11910,Cándida Escalona Moliner,cándida.moliner@buk.example,F,1995-07-17,Italiana,CL,CL,Híbrido,Comercial,Account Executive Senior,Ventas,IC4,False,2020-03-25,Indefinido,False,,BUK10312,Activo
BUK11911,Ravi Ramos,ravi.ramos@buk.example,M,2002-08-16,Brasileña,CL,AR,Híbrido,Comercial,Account Manager Semi Senior,Customer Success,IC3,False,2023-08-28,Indefinido,False,,BUK10181,Activo
BUK11912,Waldo Marco Barraza Agurto,waldo.agurto@buk.example,M,1990-03-15,Chilena,MX,MX,Remoto,Operaciones,Especialista de Soporte Semi Senior,Soporte,IC3,False,2024-10-11,Indefinido,False,,BUK10710,Desvinculado
BUK11913,Mariela Pizarro Silva,mariela.silva@buk.example,F,1988-04-17,Venezolana,CL,CL,Remoto,Operaciones,Consultor de Implementación Aprendiz,Implementación,IC1,False,2024-04-21,Indefinido,False,Prefiero no responder,BUK10710,Activo
BUK11914,Margarita Bárbara Altamirano Oyarzún,margarita.oyarzún@buk.example,F,1995-01-28,Chilena,CL,CL,Remoto,Administración,Analista de Cobranza,Finanzas,IC2,False,2026-05-17,Indefinido,False,,BUK11815,Activo
BUK11915,Victoria Astudillo Tapia,victoria.tapia@buk.example,F,1999-05-21,Chilena,CL,CL,Híbrido,Operaciones,Consultor de Implementación Senior,Implementación,IC4,False,2025-07-17,Plazo fijo,False,,BUK10274,Activo
BUK11916,Luciana Fernandez-Pera,luciana.fernandez-pera@buk.example,F,1993-08-30,Española,CL,CL,Híbrido,Tecnología,People Analytics Semi Senior,Datos,IC3,False,2025-12-10,Indefinido,False,Sí,BUK10833,Activo
BUK11917,Milena Pamela Astorga Durán,milena.durán@buk.example,F,1996-10-07,Argentina,CL,CL,Remoto,Administración,Control de Gestión Senior,Finanzas,IC4,False,2026-01-02,Indefinido,False,,BUK12465,Activo
BUK11918,Abigail Georgina Griego,abigail.griego@buk.example,F,1998-01-26,Mexicana,PE,PE,Híbrido,Operaciones,Especialista de Soporte Payroll,Soporte,IC2,False,2026-02-15,Indefinido,False,,BUK11473,Activo
BUK11919,Karina Quezada,karina.quezada@buk.example,F,1989-07-20,Chilena,CL,CL,Híbrido,Administración,Especialista de Formación Senior,Personas,IC4,False,2026-02-16,Indefinido,False,Prefiero no responder,BUK10921,Activo
BUK11920,Óscar Dario Rincón,óscar.rincón@buk.example,M,1992-02-21,Colombiana,CL,CL,Híbrido,Tecnología,QA Engineer,Ingeniería,IC2,False,2026-03-24,Indefinido,False,,BUK10987,Activo
BUK11921,Johanna Rubio,johanna.rubio@buk.example,F,1990-02-06,Peruana,MX,MX,Remoto,Comercial,Líder de Ventas,Ventas,M1,True,2023-12-15,Indefinido,False,Prefiero no responder,BUK11463,Desvinculado
BUK11922,Genoveva Pulido,genoveva.pulido@buk.example,F,1997-09-23,Española,CL,CL,Híbrido,Tecnología,Software Engineer Semi Senior,Ingeniería,IC3,False,2025-10-06,Indefinido,False,,BUK12283,Activo
BUK11923,Rosa Díaz,rosa.díaz@buk.example,F,1996-01-26,Chilena,MX,MX,Híbrido,Operaciones,Subgerente de Implementación,Implementación,M2,True,2022-09-05,Indefinido,False,,BUK11991,Activo
BUK11924,Michael Veas Tapia,michael.tapia@buk.example,M,2004-10-13,Chilena,CL,CL,Híbrido,Comercial,Growth Marketer Senior,Marketing,IC4,False,2025-05-22,Indefinido,False,Prefiero no responder,BUK12218,Activo
BUK11925,Paul Segundo Valderrama Rodríguez,paul.rodríguez@buk.example,M,1997-08-23,Costarricense,CL,CL,Híbrido,Tecnología,Product Designer Semi Senior,Producto,IC3,False,2023-11-01,Indefinido,False,,BUK11557,Desvinculado
BUK11926,Francisco Muñoz,francisco.muñoz@buk.example,M,2002-06-26,Argentina,CL,CL,Remoto,Operaciones,Analista de Operaciones Semi Senior,Operaciones,IC3,False,2025-12-02,Indefinido,False,,BUK10949,Activo
BUK11927,Flor Marta Ariza,flor.ariza@buk.example,F,1999-09-07,Colombiana,CL,CL,Remoto,Comercial,SDR Senior,Ventas,IC4,False,2020-04-15,Indefinido,False,,BUK10408,Activo
BUK11928,Benjamín Mario Muñoz Silva,benjamín.silva@buk.example,M,1993-04-30,Argentina,CO,CO,Remoto,Tecnología,Security Engineer Aprendiz,Ingeniería,IC1,False,2023-10-04,Indefinido,False,,BUK10852,Activo
BUK11929,Carolina González Díaz,carolina.díaz@buk.example,F,1991-01-12,Colombiana,MX,MX,Remoto,Operaciones,Project Manager de Implementación Aprendiz,Implementación,IC1,False,2025-07-27,Indefinido,False,,BUK11027,Activo
BUK11930,Aida Bonilla Mosquera,aida.mosquera@buk.example,F,1998-01-22,Colombiana,MX,MX,Remoto,Comercial,Especialista de Renovaciones,Customer Success,IC2,False,2026-03-01,Indefinido,False,,BUK11596,Activo
BUK11931,Brenda Love,brenda.love@buk.example,F,2001-05-09,Canadiense,CL,CL,Remoto,Operaciones,Especialista de Soporte Aprendiz,Soporte,IC1,False,2025-08-29,Indefinido,False,,BUK10867,Desvinculado
BUK11932,Verónica Rodríguez Baez,verónica.baez@buk.example,F,1994-04-07,Venezolana,CL,CL,Híbrido,Comercial,Account Manager Senior,Customer Success,IC4,False,2025-09-26,Indefinido,False,,BUK12104,Activo
BUK11933,Héctor Medina,héctor.medina@buk.example,M,2001-10-14,Chilena,CL,CO,Remoto,Comercial,Account Manager,Customer Success,IC2,False,2023-03-20,Indefinido,False,,BUK11890,Activo
BUK11934,Nancy Elizabeth Navarrete-Chamorro Catalán,nancy.catalán@buk.example,F,1997-08-19,Boliviana,CO,ES,Híbrido,Comercial,Account Manager,Customer Success,IC2,False,2024-03-02,Indefinido,False,Prefiero no responder,BUK11487,Activo
BUK11935,Jorge Parada,jorge.parada@buk.example,M,1992-10-30,Argentina,CL,CL,Híbrido,Operaciones,Especialista de Soporte Payroll Aprendiz,Soporte,IC1,False,2025-06-02,Indefinido,False,,BUK10714,Activo
BUK11936,Valeria Arriagada Sandoval,valeria.sandoval@buk.example,F,1988-02-26,Ecuatoriana,PE,PE,Remoto,Comercial,SDR,Ventas,IC2,False,2026-02-25,Indefinido,False,,BUK11890,Desvinculado
BUK11937,Isolina Pérez,isolina.pérez@buk.example,F,1989-07-30,Paraguaya,CL,CL,Híbrido,Operaciones,Especialista de Soporte Semi Senior,Soporte,IC3,False,2025-11-21,Indefinido,False,,BUK11827,Activo
BUK11938,Jerry Patterson,jerry.patterson@buk.example,M,1993-11-19,Estadounidense,CO,CO,Híbrido,Tecnología,People Analytics Aprendiz,Datos,IC1,False,2026-03-28,Indefinido,False,,BUK11474,Desvinculado
BUK11939,Desiderio Segovia Oyarzún,desiderio.oyarzún@buk.example,M,1997-10-27,Peruana,CL,CL,Híbrido,Administración,Control de Gestión,Finanzas,IC2,False,2026-03-23,Indefinido,False,,BUK12394,Activo
BUK11940,Genaro del Río Berríos,genaro.berríos@buk.example,M,1994-06-15,Mexicana,PE,PE,Híbrido,Operaciones,Project Manager de Implementación Semi Senior,Implementación,IC3,False,2022-12-18,Indefinido,False,,BUK12515,Desvinculado
BUK11941,Olivia Lucía Amo Castilla,olivia.castilla@buk.example,F,1993-03-30,Española,CL,CL,Remoto,Operaciones,Especialista de Soporte Especialista,Soporte,IC5,False,2025-11-19,Indefinido,False,,BUK12151,Activo
BUK11942,Breno Correia,breno.correia@buk.example,M,1996-03-26,Brasileña,CL,CL,Remoto,Tecnología,SRE Senior,Ingeniería,IC4,False,2025-12-26,Indefinido,False,Prefiero no responder,BUK10650,Activo
BUK11943,Karina Campos Tapia,karina.tapia@buk.example,F,1996-05-09,Chilena,CL,CL,Híbrido,Tecnología,People Analytics Semi Senior,Datos,IC3,False,2025-08-20,Indefinido,False,,BUK11186,Activo
BUK11944,Juan Daniel Guerra Velásquez,juan.velásquez@buk.example,M,1994-04-03,Chilena,PE,PE,Híbrido,Administración,Especialista de Formación,Personas,IC2,False,2022-06-13,Indefinido,False,,BUK11884,Desvinculado
BUK11945,Eliana Sofía Martínez Jara,eliana.jara@buk.example,F,1993-05-11,Peruana,CL,CO,Híbrido,Tecnología,SRE,Ingeniería,IC2,False,2022-10-28,Indefinido,False,,BUK11152,Activo
BUK11946,Marcela Canales,marcela.canales@buk.example,F,2005-08-31,Argentina,BR,BR,Híbrido,Operaciones,Project Manager de Implementación Senior,Implementación,IC4,False,2025-11-05,Indefinido,False,,BUK12338,Activo
BUK11947,Sarah da Rosa,sarah.rosa@buk.example,F,2001-11-05,Brasileña,CL,CL,Híbrido,Administración,Talent Acquisition Semi Senior,Personas,IC3,False,2024-02-29,Indefinido,False,,BUK10462,Activo
BUK11948,Guillermo Ahumada Parada,guillermo.parada@buk.example,M,1998-02-10,Chilena,BR,BR,Remoto,Tecnología,SRE Senior,Ingeniería,IC4,False,2025-03-14,Indefinido,False,,BUK11154,Desvinculado
BUK11949,Elías Correa,elías.correa@buk.example,M,1999-06-16,Peruana,CL,CL,Remoto,Administración,Subgerente de Legal,Legal,M2,True,2025-01-14,Indefinido,False,Prefiero no responder,BUK10992,Activo
BUK11950,Rosa Vera,rosa.vera@buk.example,F,1986-05-20,Peruana,CL,CL,Remoto,Operaciones,Especialista de Soporte Aprendiz,Soporte,IC1,False,2020-12-18,Indefinido,False,,BUK10691,Desvinculado
BUK11951,Alejandra González,alejandra.gonzález@buk.example,F,1977-09-15,Chilena,PE,MX,Híbrido,Comercial,Customer Success Manager Semi Senior,Customer Success,IC3,False,2026-03-03,Indefinido,False,,BUK11097,Activo
BUK11952,Isabella Vidal,isabella.vidal@buk.example,F,2000-01-28,Chilena,PE,PE,Híbrido,Comercial,Ejecutivo Comercial,Ventas,IC2,False,2026-03-29,Indefinido,False,,BUK11837,Activo
BUK11953,María Gallego,maría.gallego@buk.example,F,2000-10-27,Colombiana,CL,CL,Híbrido,Operaciones,Consultor de Implementación Aprendiz,Implementación,IC1,False,2025-11-27,Indefinido,False,,BUK10800,Desvinculado
BUK11954,María Luz Sandoval Padilla,maría.padilla@buk.example,F,1990-11-02,Chilena,CL,CL,Remoto,Operaciones,Analista de Operaciones Semi Senior,Operaciones,IC3,False,2025-12-25,Indefinido,False,,BUK12229,Activo
BUK11955,Hermelinda Zoé Saavedra Alemán,hermelinda.alemán@buk.example,F,2005-04-05,Mexicana,PE,PE,Híbrido,Tecnología,Software Engineer,Ingeniería,IC2,False,2024-08-23,Indefinido,False,Sí,BUK11186,Desvinculado
BUK11956,Emilio César Betancur León,emilio.león@buk.example,M,1992-03-11,Colombiana,CL,ES,Híbrido,Comercial,Brand Manager,Marketing,IC2,False,2025-10-10,Indefinido,False,,BUK11097,Desvinculado
BUK11957,Jorge Benjamín Villalobos Ortega,jorge.ortega@buk.example,M,1996-06-14,Ecuatoriana,CL,CL,Remoto,Comercial,Content Manager Senior,Marketing,IC4,False,2026-06-08,Indefinido,False,Prefiero no responder,BUK10595,Activo
BUK11958,Juana María Marambio Ruiz,juana.ruiz@buk.example,F,1995-07-01,Chilena,CL,CL,Remoto,Tecnología,SRE Semi Senior,Ingeniería,IC3,False,2025-12-30,Indefinido,False,,BUK12615,Activo
BUK11959,Paco Ropero Gomila,paco.gomila@buk.example,M,2005-08-31,Española,CL,CL,Híbrido,Comercial,Account Executive Semi Senior,Ventas,IC3,False,2019-08-13,Indefinido,False,,BUK11040,Activo
BUK11960,Cecilia Alicia Villagrán Araya,cecilia.araya@buk.example,F,1995-01-10,Chilena,MX,MX,Híbrido,Administración,Abogado Corporativo Aprendiz,Legal,IC1,False,2026-07-07,Indefinido,False,,BUK11373,Desvinculado
BUK11961,Alejandro Demetrio Becerra Cabrera,alejandro.cabrera@buk.example,M,1992-01-05,Ecuatoriana,BR,BR,Híbrido,Comercial,Account Manager Semi Senior,Customer Success,IC3,False,2025-11-06,Indefinido,False,,BUK10995,Activo
BUK11962,Nicole Rosa Núñez Inostroza,nicole.inostroza@buk.example,F,1981-04-24,Peruana,CL,CL,Híbrido,Tecnología,Software Engineer,Ingeniería,IC2,False,2023-11-12,Indefinido,False,,BUK11154,Activo
BUK11963,Marco Álvarez Tapia,marco.tapia@buk.example,M,1996-07-11,Argentina,MX,MX,Híbrido,Comercial,Customer Success Manager Especialista,Customer Success,IC5,False,2022-04-24,Indefinido,False,Sí,BUK12218,Activo
BUK11964,Miguel José Muñoz Vargas,miguel.vargas@buk.example,M,1986-10-16,Chilena,PE,PE,Remoto,Operaciones,Líder de Implementación,Implementación,M1,True,2020-01-01,Indefinido,False,,BUK11923,Activo
BUK11965,Marcela Ximena Zapata Carreño,marcela.carreño@buk.example,F,2005-05-07,Ecuatoriana,CO,CO,Remoto,Operaciones,Especialista Payroll Ops,Operaciones,IC2,False,2025-03-02,Indefinido,False,,BUK10789,Desvinculado
BUK11966,Rosa Ulloa,rosa.ulloa@buk.example,F,2002-07-31,Ecuatoriana,MX,MX,Híbrido,Comercial,Growth Marketer Semi Senior,Marketing,IC3,False,2022-03-17,Indefinido,False,,BUK11600,Activo
BUK11967,Hans Cárcamo Catalán,hans.catalán@buk.example,M,1997-12-01,Ecuatoriana,CL,CL,Presencial,Comercial,Account Manager Aprendiz,Customer Success,IC1,False,2017-02-02,Indefinido,False,Sí,BUK10623,Activo
BUK11968,Pablo Alexander Carrasco Figueroa,pablo.figueroa@buk.example,M,1986-06-10,Venezolana,CL,CL,Híbrido,Operaciones,Especialista de Soporte Payroll Semi Senior,Soporte,IC3,False,2023-08-07,Indefinido,False,Sí,BUK10867,Activo
BUK11969,Felipe Roberto Allendes Escalona,felipe.escalona@buk.example,M,1996-01-07,Chilena,CL,CL,Híbrido,Comercial,SDR,Ventas,IC2,False,2025-06-30,Indefinido,False,Sí,BUK10696,Desvinculado
BUK11970,David Pedro Plaza Aranda,david.aranda@buk.example,M,1987-04-20,Chilena,MX,MX,Híbrido,Tecnología,Security Engineer Semi Senior,Ingeniería,IC3,False,2023-12-03,Indefinido,False,,BUK11183,Desvinculado
BUK11971,José Benjamín Jaramillo Mancilla,josé.mancilla@buk.example,M,2003-01-07,Chilena,CL,CL,Remoto,Operaciones,Agente de Soporte,Soporte,IC2,False,2026-01-08,Indefinido,False,Prefiero no responder,BUK11827,Activo
BUK11972,Mateo Salazar,mateo.salazar@buk.example,M,2002-12-17,Argentina,CO,CO,Híbrido,Comercial,Account Manager Senior,Customer Success,IC4,False,2026-04-01,Indefinido,False,Sí,BUK10667,Activo
BUK11973,Oscar Gallardo,oscar.gallardo@buk.example,M,2002-01-14,Chilena,CL,CL,Híbrido,Operaciones,Especialista Payroll Ops Especialista,Operaciones,IC5,False,2022-04-04,Indefinido,False,Prefiero no responder,BUK12337,Desvinculado
BUK11974,Theodoro Barros,theodoro.barros@buk.example,M,1998-09-21,Brasileña,MX,MX,Híbrido,Tecnología,QA Engineer Senior,Ingeniería,IC4,False,2026-03-06,Indefinido,False,Prefiero no responder,BUK11474,Activo
BUK11975,Mauricio Patricio Núñez Tapia,mauricio.tapia@buk.example,M,1985-05-29,Venezolana,CL,CL,Presencial,Comercial,Especialista de Renovaciones Especialista,Customer Success,IC5,False,2024-08-02,Indefinido,False,,BUK10297,Activo
BUK11976,Paola Romero Rodríguez,paola.rodríguez@buk.example,F,1991-06-21,Chilena,PE,PE,Remoto,Comercial,Account Executive,Ventas,IC2,False,2025-03-10,Indefinido,False,,BUK10181,Activo
BUK11977,José Ronald Valenzuela Castillo,josé.castillo@buk.example,M,2000-12-05,Chilena,PE,PE,Presencial,Operaciones,Project Manager de Implementación,Implementación,IC2,False,2023-12-31,Plazo fijo,False,,BUK10800,Activo
BUK11978,Rocío Scarlett Barraza Alvarado,rocío.alvarado@buk.example,F,2001-05-11,Chilena,CL,CL,Híbrido,Operaciones,Project Manager de Implementación Semi Senior,Implementación,IC3,False,2025-11-22,Indefinido,False,Prefiero no responder,BUK12338,Desvinculado
BUK11979,Fresia María Alarcón Cancino,fresia.cancino@buk.example,F,1993-11-29,Chilena,CL,PT,Remoto,Tecnología,SRE Senior,Ingeniería,IC4,False,2021-11-09,Indefinido,False,,BUK12615,Desvinculado
BUK11980,Sr. José Pedro Santos,sr..santos@buk.example,M,1992-05-22,Brasileña,CO,CO,Presencial,Comercial,Ejecutivo Comercial Senior,Ventas,IC4,False,2025-08-09,Indefinido,False,,BUK11731,Activo
BUK11981,Nicol Ana Paredes Toledo,nicol.toledo@buk.example,F,1996-08-02,Chilena,BR,BR,Remoto,Comercial,Account Manager Semi Senior,Customer Success,IC3,False,2026-02-22,Indefinido,False,Prefiero no responder,BUK11488,Desvinculado
BUK11982,María Rodríguez Rojas,maría.rojas@buk.example,F,1996-06-18,Chilena,CL,CL,Presencial,Comercial,Account Manager Senior,Customer Success,IC4,False,2025-06-12,Indefinido,False,,BUK10600,Activo
BUK11983,Rosa Martina Zúñiga Ulloa,rosa.ulloa@buk.example,F,1991-11-23,Chilena,CL,CL,Híbrido,Tecnología,Software Engineer Aprendiz,Ingeniería,IC1,False,2026-04-01,Indefinido,False,Prefiero no responder,BUK11154,Activo
BUK11984,Matías Mauricio Hidalgo Astudillo,matías.astudillo@buk.example,M,1997-08-11,Chilena,CL,CL,Remoto,Tecnología,Software Engineer,Ingeniería,IC2,False,2025-04-02,Indefinido,False,,BUK12472,Activo
BUK11985,Leticia Ariadna Jurado,leticia.jurado@buk.example,F,1991-05-17,Mexicana,CL,CL,Remoto,Tecnología,Security Engineer Aprendiz,Ingeniería,IC1,False,2022-03-08,Indefinido,False,,BUK10650,Desvinculado
BUK11986,Jerónimo César González,jerónimo.gonzález@buk.example,M,2005-08-31,Mexicana,CL,CL,Remoto,Tecnología,Software Engineer Semi Senior,Ingeniería,IC3,False,2023-07-21,Indefinido,False,,BUK10289,Activo
BUK11987,Claudio Oscar Bascuñán Troncoso,claudio.troncoso@buk.example,M,1988-07-01,Peruana,CL,CL,Híbrido,Tecnología,Software Engineer Aprendiz,Ingeniería,IC1,False,2023-06-27,Indefinido,False,,BUK10455,Activo
BUK11988,Edgar Alzate,edgar.alzate@buk.example,M,1988-08-30,Colombiana,CL,CL,Híbrido,Tecnología,Security Engineer Semi Senior,Ingeniería,IC3,False,2026-01-14,Indefinido,False,,BUK10987,Activo
BUK11989,Amaro Eduardo Vera Candia,amaro.candia@buk.example,M,1991-04-19,Chilena,CL,CL,Híbrido,Comercial,SDR,Ventas,IC2,False,2024-08-29,Indefinido,False,,BUK10181,Activo
BUK11990,Sr. René Arreola,sr..arreola@buk.example,M,1999-05-07,Mexicana,CL,CL,Híbrido,Tecnología,SRE,Ingeniería,IC2,False,2025-06-20,Indefinido,False,Sí,BUK10881,Activo
BUK11991,María Dayana Bermúdez Gómez,maría.gómez@buk.example,F,1996-11-27,Colombiana,CL,CL,Remoto,Operaciones,Gerente de Operaciones,Operaciones,M3,True,2024-01-03,Indefinido,False,,,Activo
BUK11992,Martín Aranda,martín.aranda@buk.example,M,1998-03-15,Mexicana,PE,AR,Híbrido,Operaciones,Agente de Soporte Aprendiz,Soporte,IC1,False,2026-08-03,Indefinido,False,,BUK12338,Activo
BUK11993,Ivonne Yaritza Oyarzún Álvarez,ivonne.álvarez@buk.example,F,2001-02-14,Argentina,CL,PE,Presencial,Operaciones,Líder de Soporte,Soporte,M1,True,2022-10-12,Indefinido,False,Sí,BUK11636,Activo
BUK11994,Franco Benjamín Cáceres Bahamondes,franco.bahamondes@buk.example,M,1988-08-06,Chilena,CL,CL,Presencial,Tecnología,Security Engineer,Ingeniería,IC2,False,2020-12-11,Indefinido,False,,BUK10852,Activo
BUK11995,Emma Cáceres,emma.cáceres@buk.example,F,1985-03-01,Argentina,CL,BR,Remoto,Operaciones,Especialista Payroll Ops,Operaciones,IC2,False,2024-07-04,Indefinido,False,,BUK12632,Activo
BUK11996,Diogo Albuquerque,diogo.albuquerque@buk.example,M,1984-05-29,Brasileña,CL,CL,Híbrido,Tecnología,Data Engineer,Ingeniería,IC2,False,2020-04-04,Plazo fijo,False,,BUK11183,Desvinculado
BUK11997,José Zamora Ramos,josé.ramos@buk.example,M,1996-10-27,Argentina,CL,CL,Híbrido,Operaciones,Project Manager de Implementación Aprendiz,Implementación,IC1,False,2026-04-07,Indefinido,False,,BUK12572,Activo
BUK11998,Heriberto Narváez,heriberto.narváez@buk.example,M,1987-02-20,Colombiana,PE,PE,Híbrido,Tecnología,SRE Semi Senior,Ingeniería,IC3,False,2024-10-03,Indefinido,False,Prefiero no responder,BUK10796,Activo
BUK11999,John Gaines,john.gaines@buk.example,M,1981-06-03,Canadiense,CL,CL,Híbrido,Comercial,Ejecutivo Comercial Especialista,Ventas,IC5,False,2025-12-30,Indefinido,False,,BUK11731,Activo
BUK12000,Yanara Lara Fernández,yanara.fernández@buk.example,F,2003-05-28,Chilena,CL,CL,Híbrido,Administración,Abogado Corporativo,Legal,IC2,False,2025-06-13,Indefinido,False,,BUK11691,Activo
BUK12001,Patrick Sebastián Espinoza Gómez,patrick.gómez@buk.example,M,1995-06-03,Peruana,CL,CL,Híbrido,Tecnología,UX Researcher Especialista,Producto,IC5,False,2022-07-27,Indefinido,False,,BUK11183,Desvinculado
BUK12002,Daniel Bustamante,daniel.bustamante@buk.example,M,1997-01-13,Peruana,CO,CO,Híbrido,Comercial,Brand Manager Senior,Marketing,IC4,False,2025-03-27,Indefinido,False,,BUK10950,Activo
BUK12003,Carmen Niño,carmen.niño@buk.example,F,1990-01-04,Mexicana,MX,MX,Remoto,Operaciones,Consultor de Implementación Aprendiz,Implementación,IC1,False,2025-04-26,Indefinido,False,,BUK10949,Activo
BUK12004,Bastián Silva Quezada,bastián.quezada@buk.example,M,1991-01-02,Dominicana,MX,MX,Híbrido,Comercial,SDR Semi Senior,Ventas,IC3,False,2025-07-30,Indefinido,False,,BUK10181,Activo
BUK12005,Osvaldo Manzanares Prado,osvaldo.prado@buk.example,M,1988-11-29,Alemana,MX,MX,Remoto,Tecnología,Líder de Ingeniería,Ingeniería,M1,True,2025-05-27,Indefinido,False,,BUK10262,Desvinculado
BUK12006,Mariela Ashley Pérez Ibarra,mariela.ibarra@buk.example,F,1991-03-23,Chilena,PE,MX,Remoto,Operaciones,Analista de Operaciones Especialista,Operaciones,IC5,False,2025-10-21,Indefinido,False,,BUK11027,Activo
BUK12007,Marcela da Conceição,marcela.conceição@buk.example,F,1992-08-16,Brasileña,MX,ES,Híbrido,Administración,Analista Contable Semi Senior,Finanzas,IC3,False,2024-06-19,Indefinido,False,,BUK10122,Desvinculado
BUK12008,Mónica Bustos,mónica.bustos@buk.example,F,2005-08-31,Venezolana,CL,CL,Remoto,Comercial,SDR,Ventas,IC2,False,2024-01-16,Indefinido,False,,BUK12278,Desvinculado
BUK12009,Mauricio Velásquez Díaz,mauricio.díaz@buk.example,M,1993-08-10,Chilena,BR,BR,Híbrido,Comercial,Ejecutivo Comercial Senior,Ventas,IC4,False,2025-10-14,Indefinido,True,,BUK11009,Desvinculado
BUK12010,Rafaela Arias López,rafaela.lópez@buk.example,F,2004-06-13,Peruana,MX,MX,Remoto,Tecnología,People Analytics Semi Senior,Datos,IC3,False,2022-01-01,Indefinido,False,,BUK10881,Activo
BUK12011,Antonella Rachel Cárdenas Pizarro,antonella.pizarro@buk.example,F,2000-08-31,Chilena,CL,CL,Híbrido,Administración,Especialista de Formación,Personas,IC2,False,2024-05-05,Indefinido,False,Sí,BUK11409,Desvinculado
BUK12012,Sara Victoria Orellana Casanova,sara.casanova@buk.example,F,1984-08-11,Chilena,BR,BR,Presencial,Tecnología,Data Engineer,Ingeniería,IC2,False,2025-03-30,Indefinido,False,,BUK12254,Activo
BUK12013,Alfredo Jorge Plaza Vega,alfredo.vega@buk.example,M,1994-02-20,Chilena,CL,CL,Híbrido,Tecnología,Security Engineer Senior,Ingeniería,IC4,False,2023-03-04,Indefinido,False,Prefiero no responder,BUK10961,Activo
BUK12014,Manuel Maturana,manuel.maturana@buk.example,M,1992-04-12,Chilena,PE,PE,Presencial,Administración,Control de Gestión Semi Senior,Finanzas,IC3,False,2022-12-01,Indefinido,False,,BUK10462,Activo
BUK12015,Victoria Órdenes Sáez,victoria.sáez@buk.example,F,1991-01-23,Costarricense,CL,BR,Híbrido,Operaciones,Project Manager de Implementación Semi Senior,Implementación,IC3,False,2025-08-18,Indefinido,False,,BUK11827,Activo
BUK12016,Alejandra Olga Machuca Poblete,alejandra.poblete@buk.example,F,1992-07-15,Cubana,CL,CL,Remoto,Administración,Analista de Cobranza Senior,Finanzas,IC4,False,2023-11-29,Indefinido,False,,BUK12266,Desvinculado
BUK12017,Jean Gómez,jean.gómez@buk.example,M,2001-12-03,Ecuatoriana,MX,MX,Híbrido,Comercial,Growth Marketer,Marketing,IC2,False,2023-04-14,Indefinido,False,,BUK11262,Activo
BUK12018,Clara Leyva,clara.leyva@buk.example,F,1998-03-19,Mexicana,CL,CL,Híbrido,Administración,Abogado Corporativo Aprendiz,Legal,IC1,False,2024-09-07,Indefinido,False,,BUK11409,Activo
BUK12019,Paola Ramírez Murcia,paola.murcia@buk.example,F,1993-02-06,Colombiana,CL,CL,Híbrido,Operaciones,Especialista de Soporte,Soporte,IC2,False,2020-09-14,Indefinido,False,,BUK10800,Activo
BUK12020,Valentina Paola Sánchez Choque,valentina.choque@buk.example,F,1998-04-23,Chilena,PE,PE,Remoto,Operaciones,Especialista de Soporte Payroll Semi Senior,Soporte,IC3,False,2023-11-11,Indefinido,False,Sí,BUK10351,Activo
BUK12021,Anthony Gabriel Borges,anthony.borges@buk.example,M,1992-03-19,Brasileña,CO,MX,Remoto,Operaciones,Especialista de Soporte Payroll,Soporte,IC2,False,2023-09-26,Indefinido,False,,BUK12632,Activo
BUK12022,Claudio José Rojas Morales,claudio.morales@buk.example,M,2005-01-31,Chilena,CL,CL,Híbrido,Tecnología,Data Analyst Aprendiz,Datos,IC1,False,2024-07-02,Indefinido,False,,BUK10852,Activo
BUK12023,Stephanie Angélica Gutiérrez Vargas,stephanie.vargas@buk.example,F,2005-08-31,Argentina,PE,PE,Híbrido,Operaciones,Especialista de Soporte Aprendiz,Soporte,IC1,False,2025-10-25,Indefinido,False,,BUK12151,Activo
BUK12024,Constanza Álvarez Céspedes,constanza.céspedes@buk.example,F,1998-04-12,Venezolana,CL,CL,Remoto,Tecnología,Analytics Engineer Semi Senior,Datos,IC3,False,2026-04-24,Indefinido,False,,BUK10852,Activo
BUK12025,Colomba Gallardo,colomba.gallardo@buk.example,F,1997-04-03,Chilena,MX,MX,Híbrido,Comercial,SDR Aprendiz,Ventas,IC1,False,2026-01-17,Indefinido,False,,BUK12070,Desvinculado
BUK12026,Maricel Romina Poblete Caballero,maricel.caballero@buk.example,F,1999-11-26,Boliviana,CL,AR,Remoto,Tecnología,Security Engineer Aprendiz,Ingeniería,IC1,False,2026-03-30,Indefinido,False,Prefiero no responder,BUK11186,Activo
BUK12027,Celia Rojas,celia.rojas@buk.example,F,1992-08-06,Venezolana,CL,CL,Híbrido,Comercial,Líder de Customer Success,Customer Success,M1,True,2022-10-25,Indefinido,False,,BUK12581,Activo
BUK12028,Eduardo Alex Quiroz Torres,eduardo.torres@buk.example,M,2003-06-06,Chilena,CL,CL,Híbrido,Operaciones,Especialista de Soporte Semi Senior,Soporte,IC3,False,2025-09-24,Indefinido,False,,BUK10949,Activo
BUK12029,Jorge Mateo Garica Sanches,jorge.sanches@buk.example,M,1993-07-09,Mexicana,MX,MX,Remoto,Comercial,Account Executive Aprendiz,Ventas,IC1,False,2023-02-24,Indefinido,False,,BUK10297,Activo
BUK12030,Lic. Wendolin Mascareñas,lic..mascareñas@buk.example,F,1994-08-19,Mexicana,CL,CL,Remoto,Tecnología,SRE Semi Senior,Ingeniería,IC3,False,2024-08-14,Indefinido,False,,BUK10963,Activo
BUK12031,Margot Gallardo Vidal,margot.vidal@buk.example,F,1994-09-06,Chilena,BR,CO,Híbrido,Comercial,SDR Semi Senior,Ventas,IC3,False,2025-10-15,Indefinido,False,Prefiero no responder,BUK10667,Desvinculado
BUK12032,Viviana Antonia Montoya Vásquez,viviana.vásquez@buk.example,F,1997-02-04,Uruguaya,MX,MX,Híbrido,Comercial,Account Executive Semi Senior,Ventas,IC3,False,2022-07-03,Indefinido,False,,BUK10140,Desvinculado
BUK12033,Maria Cecília Lima,maria.lima@buk.example,F,1987-04-02,Brasileña,CL,CL,Híbrido,Operaciones,Especialista de Soporte Aprendiz,Soporte,IC1,False,2025-04-28,Indefinido,False,,BUK10326,Desvinculado
BUK12034,Elvira Anabel Soliz Montemayor,elvira.montemayor@buk.example,F,1988-07-04,Mexicana,MX,MX,Remoto,Comercial,SDR,Ventas,IC2,False,2023-01-21,Plazo fijo,False,,BUK12027,Desvinculado
BUK12035,Anabel Madera Malave,anabel.malave@buk.example,F,1995-12-28,Mexicana,MX,MX,Híbrido,Tecnología,UX Researcher,Producto,IC2,False,2026-01-15,Indefinido,False,,BUK10796,Activo
BUK12036,Nancy Gloria Monsalve Carmona,nancy.carmona@buk.example,F,1994-12-06,Argentina,CL,CL,Presencial,Tecnología,UX Researcher Especialista,Producto,IC5,False,2026-06-01,Indefinido,False,,BUK12254,Desvinculado
BUK12037,Evita Matilde Flores Bosch,evita.bosch@buk.example,F,1989-11-14,Francesa,CO,CO,Híbrido,Tecnología,Subgerente de Datos,Datos,M2,True,2024-01-10,Indefinido,False,,BUK12603,Activo
BUK12038,Francisca Alma Moreno Sánchez,francisca.sánchez@buk.example,F,1996-06-28,Ecuatoriana,MX,MX,Híbrido,Operaciones,Especialista de Soporte Payroll,Soporte,IC2,False,2026-06-09,Indefinido,False,,BUK12515,Activo
BUK12039,Gabriela Patricia Arce Torres,gabriela.torres@buk.example,F,1996-11-26,Chilena,CL,CL,Remoto,Administración,Analista Contable Semi Senior,Finanzas,IC3,False,2025-11-17,Indefinido,True,Sí,BUK11068,Desvinculado
BUK12040,Beatriz Caridad Girón Campos,beatriz.campos@buk.example,F,1996-03-26,Mexicana,CL,PE,Remoto,Comercial,Customer Success Manager Semi Senior,Customer Success,IC3,False,2023-09-21,Indefinido,False,,BUK10317,Activo
BUK12041,Katherin Astorga,katherin.astorga@buk.example,F,2001-11-10,Chilena,BR,BR,Presencial,Operaciones,Agente de Soporte,Soporte,IC2,False,2025-01-01,Indefinido,False,,BUK10949,Activo
BUK12042,Rafael Augusto Rivera Méndez,rafael.méndez@buk.example,M,1996-08-07,Colombiana,CO,CO,Remoto,Administración,Abogado Corporativo Semi Senior,Legal,IC3,False,2025-06-18,Indefinido,False,,BUK12266,Activo
BUK12043,Sylvia Díaz Lazo,sylvia.lazo@buk.example,F,1997-07-24,Argentina,CL,PT,Remoto,Comercial,Ejecutivo Comercial Senior,Ventas,IC4,False,2025-11-15,Indefinido,False,,BUK12441,Activo
BUK12044,Carolina Valentina Vásquez Márquez,carolina.márquez@buk.example,F,2005-08-31,Guatemalteca,CL,CL,Presencial,Comercial,Especialista de Renovaciones,Customer Success,IC2,False,2026-02-07,Indefinido,False,,BUK10950,Activo
BUK12045,Fresia Pinto Guzmán,fresia.guzmán@buk.example,F,1994-11-06,Chilena,CL,CL,Remoto,Operaciones,Project Manager de Implementación Senior,Implementación,IC4,False,2025-10-25,Indefinido,False,Prefiero no responder,BUK10714,Activo
BUK12046,Jean Rodríguez-Cortés,jean.rodríguez-cortés@buk.example,M,1995-05-07,Argentina,CL,CL,Híbrido,Comercial,SDR Senior,Ventas,IC4,False,2025-09-05,Indefinido,False,,BUK11067,Activo
BUK12047,Aida Lugo Armas,aida.armas@buk.example,F,1986-11-30,Mexicana,CL,PT,Remoto,Operaciones,Project Manager de Implementación Senior,Implementación,IC4,False,2026-04-16,Indefinido,False,,BUK10800,Activo
BUK12048,José Jorge Moreno,josé.moreno@buk.example,M,1993-08-20,Colombiana,CO,CO,Híbrido,Operaciones,Especialista de Soporte Payroll Aprendiz,Soporte,IC1,False,2025-06-27,Indefinido,False,,BUK12229,Desvinculado
BUK12049,Yesenia Quintero Muñoz,yesenia.muñoz@buk.example,F,1994-07-02,Colombiana,PE,PE,Híbrido,Operaciones,Líder de Implementación,Implementación,M1,True,2023-04-21,Indefinido,False,,BUK10154,Activo
BUK12050,Victoria Magaly Santander Pérez,victoria.pérez@buk.example,F,1993-02-13,Ecuatoriana,CL,CL,Híbrido,Administración,People Happiness Manager,Personas,IC2,False,2021-10-08,Indefinido,False,,BUK10921,Activo
BUK12051,Ing. Luis Manuel de la Rosa,ing..rosa@buk.example,M,2001-12-04,Mexicana,CL,CL,Remoto,Operaciones,Especialista de Soporte Aprendiz,Soporte,IC1,False,2024-09-05,Indefinido,False,,BUK11993,Activo
BUK12052,Luis Meza Méndez,luis.méndez@buk.example,M,1999-02-11,Chilena,PE,PE,Híbrido,Administración,Analista Contable Senior,Finanzas,IC4,False,2025-09-02,Indefinido,False,,BUK11884,Activo
BUK12053,Nancy Aldonza Pantoja,nancy.pantoja@buk.example,F,2005-08-31,Mexicana,CL,CL,Remoto,Comercial,Ejecutivo Comercial Aprendiz,Ventas,IC1,False,2017-03-31,Indefinido,False,,BUK10619,Activo
BUK12054,Jaime Francisco Cid Martínez,jaime.martínez@buk.example,M,1988-09-27,Peruana,BR,BR,Remoto,Operaciones,Especialista de Soporte Semi Senior,Soporte,IC3,False,2025-11-26,Indefinido,False,,BUK10949,Activo
BUK12055,María Lagos,maría.lagos@buk.example,F,1982-01-09,Chilena,CL,AR,Remoto,Comercial,Ejecutivo Comercial,Ventas,IC2,False,2022-05-08,Indefinido,False,Prefiero no responder,BUK12094,Activo
BUK12056,Johana Graciela Duarte Baeza,johana.baeza@buk.example,F,1994-09-19,Chilena,MX,MX,Híbrido,Comercial,Customer Success Manager,Customer Success,IC2,False,2024-08-10,Indefinido,False,,BUK11731,Desvinculado
BUK12057,Alberto Luis Pinzón,alberto.pinzón@buk.example,M,1998-01-02,Colombiana,BR,BR,Remoto,Tecnología,Data Engineer Semi Senior,Ingeniería,IC3,False,2025-12-13,Indefinido,False,Prefiero no responder,BUK10114,Activo
BUK12058,Celinda Fernanda Sepúlveda Mansilla,celinda.mansilla@buk.example,F,1994-10-14,Chilena,CL,CL,Híbrido,Comercial,Customer Success Manager,Customer Success,IC2,False,2023-01-12,Indefinido,False,,BUK11009,Activo
BUK12059,Joaquín Pedro Marchant-Gamboa Hernández,joaquín.hernández@buk.example,M,1990-04-09,Chilena,CO,CO,Híbrido,Tecnología,Software Engineer Aprendiz,Ingeniería,IC1,False,2025-05-18,Indefinido,False,Prefiero no responder,BUK10289,Activo
BUK12060,Matías Méndez,matías.méndez@buk.example,M,1989-02-17,Peruana,MX,MX,Remoto,Operaciones,Project Manager de Implementación,Implementación,IC2,False,2025-10-17,Indefinido,False,Sí,BUK10691,Activo
BUK12061,Lic. Cristian Cervantes,lic..cervantes@buk.example,M,1998-03-06,Mexicana,BR,BR,Remoto,Tecnología,Software Engineer,Ingeniería,IC2,False,2026-05-12,Indefinido,False,,BUK10987,Activo
BUK12062,Edita Nélida Vidal Alarcón,edita.alarcón@buk.example,F,1993-06-06,Peruana,CL,BR,Híbrido,Operaciones,Agente de Soporte,Soporte,IC2,False,2025-11-02,Indefinido,False,,BUK11543,Activo
BUK12063,Martin Manuel Villegas Herrera,martin.herrera@buk.example,M,1995-12-23,Peruana,CO,CO,Remoto,Tecnología,Software Engineer Semi Senior,Ingeniería,IC3,False,2026-01-12,Indefinido,False,,BUK10708,Activo
BUK12064,Itzel Ana María Farías,itzel.farías@buk.example,F,2004-06-14,Mexicana,MX,MX,Remoto,Tecnología,SRE Aprendiz,Ingeniería,IC1,False,2026-01-10,Indefinido,False,Prefiero no responder,BUK12005,Activo
BUK12065,Baldomero Montes Cisneros,baldomero.cisneros@buk.example,M,1987-02-14,Italiana,CL,CL,Híbrido,Tecnología,QA Engineer Semi Senior,Ingeniería,IC3,False,2024-10-23,Indefinido,False,,BUK11557,Activo
BUK12066,Pedro Chapa,pedro.chapa@buk.example,M,2005-08-31,Mexicana,CO,CO,Híbrido,Operaciones,Especialista de Soporte Semi Senior,Soporte,IC3,False,2025-09-19,Indefinido,False,,BUK11993,Activo
BUK12067,Karina Pamela Aravena Contreras,karina.contreras@buk.example,F,2005-08-31,Chilena,CL,CL,Híbrido,Comercial,SDR Semi Senior,Ventas,IC3,False,2023-05-20,Indefinido,False,Prefiero no responder,BUK11244,Activo
BUK12068,Elena Paula Osorio Espinoza,elena.espinoza@buk.example,F,1997-12-29,Chilena,MX,MX,Híbrido,Comercial,Account Executive Aprendiz,Ventas,IC1,False,2025-07-07,Indefinido,False,Sí,BUK10798,Desvinculado
BUK12069,Héctor Josue Yáñez Sepúlveda,héctor.sepúlveda@buk.example,M,1992-05-03,Chilena,CL,CL,Remoto,Operaciones,Agente de Soporte Aprendiz,Soporte,IC1,False,2025-09-01,Indefinido,False,,BUK12572,Activo
BUK12070,Emperatriz Marín Benavent,emperatriz.benavent@buk.example,F,1991-08-16,Española,CL,CL,Híbrido,Comercial,Líder de Marketing,Marketing,M1,True,2026-01-10,Indefinido,False,,BUK12279,Activo
BUK12071,Sessa Escobedo,sessa.escobedo@buk.example,F,1992-02-17,Mexicana,MX,PT,Presencial,Operaciones,Agente de Soporte Semi Senior,Soporte,IC3,False,2026-05-15,Indefinido,False,,BUK11607,Activo
BUK12072,José Raúl Camacho Bautista,josé.bautista@buk.example,M,1997-10-21,Colombiana,BR,BR,Híbrido,Operaciones,Especialista Payroll Ops,Operaciones,IC2,False,2025-01-01,Indefinido,False,Sí,BUK10326,Activo
BUK12073,Juan Luis Farías Tapia,juan.tapia@buk.example,M,1996-09-29,Argentina,CL,CL,Presencial,Comercial,Ejecutivo Comercial Semi Senior,Ventas,IC3,False,2026-04-26,Indefinido,False,,BUK11746,Desvinculado
BUK12074,Petronila Ana Ojeda-Muñoz Ortega,petronila.ortega@buk.example,F,1988-05-04,Peruana,CL,CL,Presencial,Tecnología,Product Manager,Producto,IC2,False,2022-07-18,Indefinido,False,,BUK11154,Activo
BUK12075,Wilson Montoya,wilson.montoya@buk.example,M,1996-03-01,Colombiana,MX,MX,Híbrido,Operaciones,Especialista de Soporte Payroll Senior,Soporte,IC4,False,2025-03-15,Indefinido,False,Sí,BUK12337,Activo
BUK12076,Simón Osses,simón.osses@buk.example,M,1989-12-05,Peruana,MX,MX,Híbrido,Tecnología,QA Engineer Semi Senior,Ingeniería,IC3,False,2026-02-10,Indefinido,False,,BUK10118,Desvinculado
BUK12077,Yohana Amparo Granados Villamil,yohana.villamil@buk.example,F,1996-03-14,Colombiana,CO,CO,Híbrido,Tecnología,QA Engineer Senior,Ingeniería,IC4,False,2025-03-03,Plazo fijo,False,,BUK11152,Activo
BUK12078,Leslie Loreto Arriagada Palacios,leslie.palacios@buk.example,F,1991-05-02,Chilena,CL,CL,Híbrido,Comercial,Líder de Marketing,Marketing,M1,True,2026-05-31,Indefinido,False,,BUK12377,Desvinculado
BUK12079,Juan Alfaro García,juan.garcía@buk.example,M,2002-08-15,Chilena,PE,PE,Remoto,Operaciones,Agente de Soporte,Soporte,IC2,False,2023-06-19,Indefinido,False,,BUK12338,Desvinculado
BUK12080,César Castillo,césar.castillo@buk.example,M,1990-10-17,Boliviana,CL,CL,Híbrido,Operaciones,Project Manager de Implementación,Implementación,IC2,False,2022-01-08,Indefinido,False,,BUK11881,Activo
BUK12081,Katherine Emilia Flores Sanhueza,katherine.sanhueza@buk.example,F,1989-07-17,Chilena,CL,CL,Híbrido,Comercial,Líder de Marketing,Marketing,M1,True,2021-07-17,Indefinido,False,,BUK12566,Activo
BUK12082,Noelia Ruiz,noelia.ruiz@buk.example,F,1997-08-23,Peruana,CL,CL,Híbrido,Tecnología,Data Engineer Semi Senior,Ingeniería,IC3,False,2026-03-19,Indefinido,False,,BUK12283,Activo
BUK12083,Irma Castro Olivares,irma.olivares@buk.example,F,1987-06-05,Dominicana,CL,CL,Remoto,Comercial,SDR Especialista,Ventas,IC5,False,2025-09-20,Indefinido,False,,BUK11097,Activo
BUK12084,José Sergio Mondaca-González Jara,josé.jara@buk.example,M,2005-08-31,Venezolana,MX,MX,Híbrido,Comercial,SDR Senior,Ventas,IC4,False,2025-08-19,Indefinido,False,,BUK10327,Desvinculado
BUK12085,Alan Torres,alan.torres@buk.example,M,1998-03-02,Chilena,CL,CL,Híbrido,Tecnología,QA Engineer Aprendiz,Ingeniería,IC1,False,2021-04-07,Indefinido,False,,BUK10796,Activo
BUK12086,Carmen Muñoz Contreras,carmen.contreras@buk.example,F,1984-03-24,Peruana,MX,MX,Híbrido,Tecnología,Security Engineer,Ingeniería,IC2,False,2026-03-27,Indefinido,False,,BUK10883,Desvinculado
BUK12087,Javiera Olivia Olivares Zurita,javiera.zurita@buk.example,F,1998-02-17,Argentina,CL,CL,Remoto,Comercial,Especialista de Renovaciones,Customer Success,IC2,False,2025-05-08,Indefinido,False,,BUK12081,Activo
BUK12088,Luz Zúñiga Álvarez,luz.álvarez@buk.example,F,1988-10-30,Cubana,MX,MX,Híbrido,Comercial,SDR Semi Senior,Ventas,IC3,False,2024-09-24,Indefinido,False,,BUK10405,Activo
BUK12089,Isidora Andrea Flores Salgado,isidora.salgado@buk.example,F,1992-09-24,Argentina,CL,CL,Remoto,Tecnología,Product Manager Aprendiz,Producto,IC1,False,2026-03-02,Indefinido,False,Sí,BUK10796,Activo
BUK12090,Jacqueline Bell,jacqueline.bell@buk.example,F,2003-06-15,Neozelandesa,CL,CL,Remoto,Tecnología,Subgerente de Ingeniería,Ingeniería,M2,True,2024-12-29,Indefinido,False,,BUK11245,Desvinculado
BUK12091,Sra. Nadia Leyva,sra..leyva@buk.example,F,1990-06-27,Mexicana,CL,CL,Híbrido,Operaciones,Consultor de Implementación Especialista,Implementación,IC5,False,2023-10-24,Indefinido,False,,BUK10322,Desvinculado
BUK12092,Cecilia Rodríguez,cecilia.rodríguez@buk.example,F,1990-08-22,Colombiana,CO,CO,Híbrido,Tecnología,UX Researcher Senior,Producto,IC4,False,2022-06-27,Indefinido,False,,BUK12446,Activo
BUK12093,Gloria Mónica Vásquez Quintana,gloria.quintana@buk.example,F,2005-08-31,Chilena,CL,AR,Híbrido,Tecnología,Data Analyst,Datos,IC2,False,2026-02-17,Plazo fijo,False,,BUK10796,Activo
BUK12094,Clarisa del Vera,clarisa.vera@buk.example,F,1988-06-13,Italiana,CL,CL,Remoto,Comercial,Líder de Ventas,Ventas,M1,True,2025-02-09,Indefinido,False,,BUK11054,Activo
BUK12095,Juan Astorga,juan.astorga@buk.example,M,2005-08-31,Chilena,CL,CL,Híbrido,Operaciones,Project Manager de Implementación Especialista,Implementación,IC5,False,2025-02-24,Indefinido,False,,BUK11563,Activo
BUK12096,Rodrigo Guzmán,rodrigo.guzmán@buk.example,M,1991-08-21,Mexicana,MX,MX,Remoto,Operaciones,Especialista de Soporte Payroll Semi Senior,Soporte,IC3,False,2025-06-17,Indefinido,False,,BUK11901,Activo
BUK12097,Carlos Daniel Cornejo Muñoz,carlos.muñoz@buk.example,M,1990-11-18,Chilena,PE,PE,Remoto,Administración,Analista Contable Semi Senior,Finanzas,IC3,False,2024-10-20,Indefinido,False,Prefiero no responder,BUK10462,Desvinculado
BUK12098,Verónica Camila Monsalve Calderón,verónica.calderón@buk.example,F,1985-02-16,Venezolana,CL,CL,Híbrido,Operaciones,Consultor de Implementación,Implementación,IC2,False,2025-03-09,Indefinido,False,,BUK10867,Activo
BUK12099,Leonardo Ríos Gallegos,leonardo.gallegos@buk.example,M,2002-01-21,Uruguaya,MX,MX,Híbrido,Comercial,Especialista de Renovaciones Aprendiz,Customer Success,IC1,False,2022-01-01,Indefinido,False,,BUK11600,Activo
BUK12100,Hannah Wise,hannah.wise@buk.example,F,2001-07-31,Canadiense,CL,PT,Remoto,Administración,Control de Gestión,Finanzas,IC2,False,2025-07-30,Indefinido,False,,BUK10462,Activo
BUK12101,José Fredy Henao,josé.henao@buk.example,M,1980-09-05,Colombiana,PE,CO,Híbrido,Comercial,Content Manager,Marketing,IC2,False,2026-02-28,Indefinido,False,Sí,BUK10312,Activo
BUK12102,Marisol Acuña,marisol.acuña@buk.example,F,1999-10-27,Chilena,CO,CO,Híbrido,Comercial,Account Manager Semi Senior,Customer Success,IC3,False,2025-04-04,Indefinido,False,,BUK10061,Desvinculado
BUK12103,Diana Daniela Cardozo,diana.cardozo@buk.example,F,1997-03-29,Colombiana,CL,PT,Híbrido,Comercial,Customer Success Manager Aprendiz,Customer Success,IC1,False,2023-04-14,Indefinido,False,,BUK10694,Activo
BUK12104,Marco Muñoz Soto,marco.soto@buk.example,M,1998-05-13,Chilena,CL,CL,Híbrido,Comercial,Líder de Ventas,Ventas,M1,True,2024-07-14,Indefinido,True,,BUK10630,Desvinculado
BUK12105,Lino Luis Vásquez Soto,lino.soto@buk.example,M,1998-08-31,Uruguaya,CL,CL,Remoto,Comercial,Customer Success Manager Semi Senior,Customer Success,IC3,False,2022-01-22,Indefinido,False,,BUK12606,Activo
BUK12106,Ing. Alberto Carranza,ing..carranza@buk.example,M,1987-04-24,Mexicana,CL,CL,Híbrido,Tecnología,QA Engineer Semi Senior,Ingeniería,IC3,False,2025-12-02,Indefinido,True,,BUK12165,Activo
BUK12107,Benito de la O Aguayo,benito.aguayo@buk.example,M,1996-02-10,Mexicana,CO,CO,Remoto,Tecnología,Security Engineer Semi Senior,Ingeniería,IC3,False,2025-08-29,Indefinido,False,Sí,BUK10906,Activo
BUK12108,Fernando Molina Vicencio,fernando.vicencio@buk.example,M,1991-03-11,Peruana,CO,CO,Híbrido,Operaciones,Especialista Payroll Ops Senior,Operaciones,IC4,False,2025-05-15,Indefinido,False,,BUK11964,Activo
BUK12109,Juan Martínez Arboleda,juan.arboleda@buk.example,M,2001-03-08,Colombiana,CL,CL,Remoto,Tecnología,SRE Semi Senior,Ingeniería,IC3,False,2025-10-29,Indefinido,False,Sí,BUK10650,Desvinculado
BUK12110,Martín Gonzalo León Espinoza,martín.espinoza@buk.example,M,1987-02-27,Peruana,CL,CL,Presencial,Administración,Abogado Corporativo Aprendiz,Legal,IC1,False,2023-02-06,Indefinido,False,,BUK10780,Activo
BUK12111,Jessica Thomas,jessica.thomas@buk.example,F,1994-10-19,Británica,CL,CL,Remoto,Comercial,Ejecutivo Comercial,Ventas,IC2,False,2025-12-24,Indefinido,False,Prefiero no responder,BUK11596,Desvinculado
BUK12112,Ing. Daniela Gaitán,ing..gaitán@buk.example,F,1987-07-19,Mexicana,MX,MX,Híbrido,Tecnología,QA Engineer,Ingeniería,IC2,False,2025-06-05,Indefinido,False,,BUK11186,Activo
BUK12113,Samuel Abel Segura Chávez,samuel.chávez@buk.example,No binario / No informa,1997-07-22,Mexicana,CL,CL,Presencial,Administración,Abogado Corporativo,Legal,IC2,False,2026-01-01,Indefinido,False,,BUK11815,Activo
BUK12114,Jazmín Arce,jazmín.arce@buk.example,F,2005-08-31,Chilena,CL,CL,Híbrido,Operaciones,Especialista de Soporte,Soporte,IC2,False,2025-11-04,Indefinido,False,Prefiero no responder,BUK10714,Activo
BUK12115,Mery Carolina Bohórquez Orozco,mery.orozco@buk.example,F,1991-07-29,Colombiana,CO,CO,Híbrido,Comercial,Customer Success Manager Senior,Customer Success,IC4,False,2024-03-18,Indefinido,False,,BUK10029,Activo
BUK12116,Vicente Ricardo Vergara Garrido,vicente.garrido@buk.example,M,2005-08-31,Chilena,CL,CL,Híbrido,Comercial,Customer Success Manager Aprendiz,Customer Success,IC1,False,2024-01-26,Plazo fijo,False,,BUK10945,Activo
BUK12117,Rosa Cecilia Pizarro Fernández,rosa.fernández@buk.example,F,1996-03-26,Cubana,CL,CL,Remoto,Comercial,Ejecutivo Comercial,Ventas,IC2,False,2021-11-20,Indefinido,False,,BUK12081,Activo
BUK12118,Paola Solorzano,paola.solorzano@buk.example,F,1986-06-16,Mexicana,CL,CL,Híbrido,Comercial,Account Executive Senior,Ventas,IC4,False,2023-06-20,Indefinido,False,,BUK10248,Desvinculado
BUK12119,Paula Giraldo,paula.giraldo@buk.example,F,1992-07-14,Colombiana,MX,MX,Presencial,Operaciones,Project Manager de Implementación Aprendiz,Implementación,IC1,False,2023-09-27,Indefinido,False,Prefiero no responder,BUK11901,Activo
BUK12120,Vivian Cisternas-Tapia,vivian.cisternas-tapia@buk.example,F,1988-09-24,Peruana,CO,AR,Híbrido,Comercial,Customer Success Manager Aprendiz,Customer Success,IC1,False,2024-11-18,Plazo fijo,False,Prefiero no responder,BUK10910,Desvinculado
BUK12121,Paloma Patricia Romero Cid,paloma.cid@buk.example,F,2002-03-10,Chilena,CL,CL,Remoto,Tecnología,People Analytics Semi Senior,Datos,IC3,False,2025-08-23,Indefinido,False,Prefiero no responder,BUK11573,Activo
BUK12122,Yolanda Pilar Quintero,yolanda.quintero@buk.example,F,1994-04-16,Mexicana,MX,MX,Remoto,Tecnología,Software Engineer,Ingeniería,IC2,False,2022-01-01,Indefinido,False,,BUK10881,Desvinculado
BUK12123,José Juan Aguilar Zapata,josé.zapata@buk.example,M,1993-03-11,Chilena,CL,CL,Híbrido,Tecnología,Product Manager Senior,Producto,IC4,False,2023-08-17,Indefinido,False,,BUK10547,Activo
BUK12124,Vicente Araya Fuentes,vicente.fuentes@buk.example,M,1998-12-20,Chilena,CL,PE,Híbrido,Tecnología,Product Manager,Producto,IC2,False,2025-08-14,Indefinido,False,,BUK10250,Activo
BUK12125,Rodrigo Pedro Álvarez Araya,rodrigo.araya@buk.example,M,2005-08-31,Chilena,CL,CL,Remoto,Administración,Analista de Cobranza,Finanzas,IC2,False,2022-10-23,Indefinido,False,,BUK11435,Activo
BUK12126,Brandon Chandler,brandon.chandler@buk.example,M,2001-07-26,Estadounidense,BR,BR,Híbrido,Tecnología,Data Engineer Aprendiz,Ingeniería,IC1,False,2025-09-30,Indefinido,False,,BUK10183,Activo
BUK12127,Javiera Aravena Miranda,javiera.miranda@buk.example,F,2000-07-26,Chilena,MX,MX,Híbrido,Administración,Subgerente de Finanzas,Finanzas,M2,True,2022-01-01,Indefinido,False,,BUK10992,Activo
BUK12128,Lic. Felipe Angulo,lic..angulo@buk.example,M,1992-10-02,Mexicana,CL,CL,Híbrido,Tecnología,SRE Aprendiz,Ingeniería,IC1,False,2024-09-15,Indefinido,False,,BUK10852,Desvinculado
BUK12129,Isidora Saavedra,isidora.saavedra@buk.example,F,2001-07-13,Chilena,CL,CL,Híbrido,Tecnología,Software Engineer Aprendiz,Ingeniería,IC1,False,2025-10-27,Plazo fijo,False,,BUK10118,Activo
BUK12130,Edinson Jorge Bonilla Córdoba,edinson.córdoba@buk.example,M,1989-11-30,Colombiana,CL,CL,Híbrido,Comercial,Especialista de Renovaciones,Customer Success,IC2,False,2026-06-09,Indefinido,False,,BUK11837,Activo
BUK12131,María Claudia Verdugo Zúñiga,maría.zúñiga@buk.example,F,2004-02-20,Argentina,CO,CO,Remoto,Operaciones,Agente de Soporte,Soporte,IC2,False,2024-08-11,Indefinido,False,,BUK10351,Activo
BUK12132,Sr. Alejandro Ibarra,sr..ibarra@buk.example,M,2004-05-08,Mexicana,BR,BR,Híbrido,Administración,Especialista de Formación Aprendiz,Personas,IC1,False,2025-01-01,Indefinido,False,,BUK11815,Desvinculado
BUK12133,Lucía Jimínez,lucía.jimínez@buk.example,F,2005-08-31,Mexicana,CO,CO,Híbrido,Operaciones,Consultor de Implementación Semi Senior,Implementación,IC3,False,2022-02-25,Indefinido,False,,BUK11411,Activo
BUK12134,Miguel Duarte Niño,miguel.niño@buk.example,M,1997-02-26,Colombiana,PE,PE,Híbrido,Operaciones,Especialista de Soporte Senior,Soporte,IC4,False,2024-04-15,Indefinido,False,,BUK11993,Activo
BUK12135,Edith Reyes Durán,edith.durán@buk.example,F,1994-08-25,Chilena,PE,PE,Remoto,Operaciones,Especialista de Soporte Semi Senior,Soporte,IC3,False,2020-01-19,Indefinido,False,,BUK11993,Activo
BUK12136,Nataly González,nataly.gonzález@buk.example,F,1996-07-22,Peruana,MX,MX,Híbrido,Operaciones,Subgerente de Implementación,Implementación,M2,True,2022-03-21,Plazo fijo,False,,BUK12611,Activo
BUK12137,Alejandro Fuentes Gómez,alejandro.gómez@buk.example,M,1999-03-22,Venezolana,CL,CL,Remoto,Tecnología,Security Engineer,Ingeniería,IC2,False,2020-06-08,Indefinido,False,Prefiero no responder,BUK10833,Activo
BUK12138,Jose Ramón Montserrat Frutos,jose.frutos@buk.example,M,2002-12-09,Española,PE,PE,Híbrido,Tecnología,QA Engineer Especialista,Ingeniería,IC5,False,2025-08-11,Indefinido,False,,BUK10963,Activo
BUK12139,María Karina Herrera Bravo,maría.bravo@buk.example,F,1994-10-31,Peruana,CL,CL,Híbrido,Administración,Analista de Cobranza Senior,Finanzas,IC4,False,2024-09-02,Indefinido,False,,BUK11068,Activo
BUK12140,Luciano Luis Sepúlveda Bravo,luciano.bravo@buk.example,M,1991-10-02,Argentina,MX,MX,Remoto,Administración,People Happiness Manager,Personas,IC2,False,2026-01-03,Indefinido,False,,BUK11373,Activo
BUK12141,Constanza Díaz Varela,constanza.varela@buk.example,F,2005-08-31,Chilena,MX,MX,Híbrido,Tecnología,QA Engineer,Ingeniería,IC2,False,2025-07-07,Indefinido,False,,BUK11557,Activo
BUK12142,Miguel Serrano,miguel.serrano@buk.example,M,1991-01-22,Mexicana,CL,CL,Híbrido,Operaciones,Project Manager de Implementación Semi Senior,Implementación,IC3,False,2026-07-23,Indefinido,False,,BUK11964,Activo
BUK12143,Joaquín Ismael Herrera Moya,joaquín.moya@buk.example,M,1986-07-11,Peruana,CL,CL,Remoto,Administración,Analista de Cobranza Aprendiz,Finanzas,IC1,False,2026-02-17,Indefinido,False,,BUK10462,Activo
BUK12144,Lorena Barrera Aguilera,lorena.aguilera@buk.example,F,2003-11-11,Argentina,CL,CL,Híbrido,Operaciones,Consultor de Implementación,Implementación,IC2,False,2024-04-18,Indefinido,False,Prefiero no responder,BUK12554,Activo
BUK12145,José Figueroa Toro,josé.toro@buk.example,M,1998-05-11,Venezolana,CL,CL,Híbrido,Comercial,Account Executive Semi Senior,Ventas,IC3,False,2026-02-09,Indefinido,False,,BUK12094,Activo
BUK12146,Diana Diana Camargo,diana.camargo@buk.example,F,1997-10-13,Colombiana,CO,CO,Remoto,Tecnología,UX Researcher Semi Senior,Producto,IC3,False,2024-03-03,Indefinido,False,,BUK10796,Desvinculado
BUK12147,Alejandro Carlos Santander Alarcón,alejandro.alarcón@buk.example,M,1989-01-02,Chilena,MX,MX,Remoto,Comercial,Especialista de Renovaciones Aprendiz,Customer Success,IC1,False,2025-01-04,Plazo fijo,False,,BUK10792,Activo
BUK12148,Jeremy Valenzuela,jeremy.valenzuela@buk.example,M,2005-08-31,Argentina,CL,CL,Remoto,Tecnología,Product Designer Semi Senior,Producto,IC3,False,2025-08-06,Indefinido,False,,BUK10455,Desvinculado
BUK12149,Gil Bernal Muñoz,gil.muñoz@buk.example,M,2005-01-30,Francesa,CL,CL,Híbrido,Comercial,Especialista de Renovaciones Senior,Customer Success,IC4,False,2022-08-18,Plazo fijo,False,,BUK10995,Desvinculado
BUK12150,Francisco Benjamín Vivanco Flores,francisco.flores@buk.example,M,1994-02-11,Venezolana,MX,MX,Híbrido,Operaciones,Consultor de Implementación Senior,Implementación,IC4,False,2022-06-17,Indefinido,False,Prefiero no responder,BUK10691,Activo
BUK12151,Esperanza Olivares Reyes,esperanza.reyes@buk.example,F,1991-12-28,Peruana,CL,CL,Remoto,Operaciones,Líder de Soporte,Soporte,M1,True,2025-06-13,Indefinido,False,Sí,BUK12234,Desvinculado
BUK12152,Emiliano Ordóñez,emiliano.ordóñez@buk.example,M,1998-06-09,Mexicana,CL,PT,Remoto,Tecnología,Security Engineer Senior,Ingeniería,IC4,False,2023-10-16,Indefinido,False,,BUK11580,Activo
BUK12153,Mary Raquel Rebolledo Torres,mary.torres@buk.example,F,1986-10-09,Chilena,CL,CL,Remoto,Operaciones,Consultor de Implementación,Implementación,IC2,False,2025-11-19,Indefinido,False,,BUK12338,Activo
BUK12154,Héctor Sebastián Durán Méndez,héctor.méndez@buk.example,M,2000-07-16,Chilena,CL,CL,Presencial,Comercial,Customer Success Manager,Customer Success,IC2,False,2026-01-11,Indefinido,False,,BUK10950,Activo
BUK12155,Pedro Miguel Lima,pedro.lima@buk.example,M,2005-08-31,Brasileña,CO,CO,Presencial,Tecnología,Product Designer Senior,Producto,IC4,False,2025-06-07,Indefinido,False,,BUK10928,Activo
BUK12156,Francisco Sepúlveda Valenzuela,francisco.valenzuela@buk.example,M,1995-07-08,Chilena,CL,CL,Presencial,Administración,Subgerente de Finanzas,Finanzas,M2,True,2026-06-08,Indefinido,False,,BUK10992,Desvinculado
BUK12157,Rosa Paulina Jara Aranda,rosa.aranda@buk.example,F,2002-03-13,Peruana,CL,CL,Remoto,Operaciones,Especialista de Soporte Senior,Soporte,IC4,False,2025-05-29,Indefinido,False,,BUK11717,Activo
BUK12158,Alejandro Claudio Salas Rubio,alejandro.rubio@buk.example,M,2005-08-31,Chilena,CL,CL,Presencial,Administración,Abogado Corporativo,Legal,IC2,False,2022-11-18,Indefinido,False,,BUK11435,Activo
BUK12159,Mauricio Pedro Venegas Silva,mauricio.silva@buk.example,M,2004-12-17,Chilena,PE,PE,Remoto,Comercial,Ejecutivo Comercial,Ventas,IC2,False,2024-02-18,Indefinido,False,,BUK10766,Activo
BUK12160,Alejandro Luis Quispe García,alejandro.garcía@buk.example,M,1990-02-19,Peruana,CL,CL,Remoto,Comercial,Líder de Customer Success,Customer Success,M1,True,2025-09-13,Indefinido,False,,BUK10398,Activo
BUK12161,Salud Medina,salud.medina@buk.example,F,1994-08-15,Francesa,CL,CL,Híbrido,Operaciones,Project Manager de Implementación,Implementación,IC2,False,2025-11-17,Indefinido,False,,BUK10867,Activo
BUK12162,Sessa Ofelia Reyes Briones,sessa.briones@buk.example,F,2000-06-25,Mexicana,CL,CL,Presencial,Operaciones,Agente de Soporte Semi Senior,Soporte,IC3,False,2025-11-04,Indefinido,False,Prefiero no responder,BUK11717,Desvinculado
BUK12163,Julio César Elías Uriarte Adán,julio.adán@buk.example,M,1998-07-25,Francesa,CL,CL,Híbrido,Tecnología,Data Engineer Aprendiz,Ingeniería,IC1,False,2023-07-22,Indefinido,False,,BUK10804,Desvinculado
BUK12164,Milena Valeria Meza Osorio,milena.osorio@buk.example,F,1995-04-24,Colombiana,CL,CL,Híbrido,Comercial,Ejecutivo Comercial Senior,Ventas,IC4,False,2022-12-27,Indefinido,False,,BUK11307,Activo
BUK12165,Patricia Nelcy Delgado,patricia.delgado@buk.example,F,2005-08-31,Colombiana,CO,CO,Híbrido,Tecnología,Líder de Ingeniería,Ingeniería,M1,True,2025-10-30,Indefinido,False,,BUK12270,Desvinculado
BUK12166,Jairo Carrasco,jairo.carrasco@buk.example,M,1991-09-12,Chilena,CL,CL,Híbrido,Operaciones,Consultor de Implementación,Implementación,IC2,False,2020-10-18,Indefinido,False,,BUK10326,Activo
BUK12167,Gilberto Badía Ferrando,gilberto.ferrando@buk.example,M,1992-02-08,Española,MX,MX,Remoto,Operaciones,Especialista de Soporte Especialista,Soporte,IC5,False,2023-04-21,Indefinido,False,Sí,BUK11901,Activo
BUK12168,Maximiliano Figueroa,maximiliano.figueroa@buk.example,M,1993-04-20,Chilena,CL,PE,Remoto,Tecnología,Data Analyst Senior,Datos,IC4,False,2025-11-03,Indefinido,False,,BUK11186,Activo
BUK12169,Antonio Amador Alarcón Mayorga,antonio.mayorga@buk.example,M,1982-11-15,Mexicana,CL,CL,Remoto,Operaciones,Subgerente de Implementación,Implementación,M2,True,2023-04-08,Indefinido,False,,BUK12611,Desvinculado
BUK12170,Andrés Iván Mosquera Peña,andrés.peña@buk.example,M,2003-03-16,Colombiana,CL,CL,Híbrido,Operaciones,Líder de Implementación,Implementación,M1,True,2025-04-12,Indefinido,False,,BUK11859,Activo
BUK12171,Francisco Vargas,francisco.vargas@buk.example,M,1990-04-25,Chilena,MX,MX,Híbrido,Tecnología,Data Analyst Especialista,Datos,IC5,False,2026-01-04,Indefinido,False,,BUK11152,Activo
BUK12172,Joselyn Yesenia Opazo Salgado,joselyn.salgado@buk.example,F,1988-12-22,Argentina,CL,CL,Remoto,Tecnología,Product Designer Semi Senior,Producto,IC3,False,2026-06-30,Plazo fijo,False,,BUK12499,Desvinculado
BUK12173,Luis Órdenes Ruz,luis.ruz@buk.example,M,1993-11-09,Chilena,CO,CO,Remoto,Tecnología,Software Engineer,Ingeniería,IC2,False,2026-06-02,Indefinido,False,,BUK10833,Activo
BUK12174,Javier Jorge Guerrero González,javier.gonzález@buk.example,M,1990-06-11,Chilena,CO,CO,Remoto,Comercial,Customer Success Manager Senior,Customer Success,IC4,False,2024-06-28,Indefinido,False,,BUK10798,Activo
BUK12175,Brenda Lopes,brenda.lopes@buk.example,F,1994-01-14,Brasileña,CO,CO,Híbrido,Comercial,Account Manager,Customer Success,IC2,False,2026-03-29,Indefinido,False,,BUK10376,Activo
BUK12176,Fernanda Sofía Díaz Flores,fernanda.flores@buk.example,F,1996-08-05,Venezolana,CO,CO,Híbrido,Tecnología,Data Engineer,Ingeniería,IC2,False,2025-02-15,Indefinido,False,,BUK10906,Activo
BUK12177,Ernesto Oscar Montecinos Padilla,ernesto.padilla@buk.example,M,1998-07-18,Dominicana,CL,CL,Remoto,Comercial,Content Manager Semi Senior,Marketing,IC3,False,2020-03-29,Indefinido,False,Prefiero no responder,BUK12263,Desvinculado
BUK12178,Wilder Eder Montenegro Martínez,wilder.martínez@buk.example,M,1996-08-28,Colombiana,CL,CL,Remoto,Comercial,Especialista de Renovaciones,Customer Success,IC2,False,2022-02-23,Indefinido,False,,BUK12070,Desvinculado
BUK12179,Esther Carmen Pérez,esther.pérez@buk.example,F,1981-03-17,Colombiana,CL,CL,Remoto,Tecnología,SRE Semi Senior,Ingeniería,IC3,False,2024-12-30,Indefinido,False,Prefiero no responder,BUK10250,Activo
BUK12180,Paola Martínez Mellado,paola.mellado@buk.example,F,2002-10-23,Chilena,CL,CL,Remoto,Comercial,Customer Success Manager Semi Senior,Customer Success,IC3,False,2025-11-20,Indefinido,False,,BUK12441,Activo
BUK12181,Sr. Zeferino Meléndez,sr..meléndez@buk.example,M,2004-02-21,Mexicana,CL,CL,Remoto,Tecnología,Data Analyst Aprendiz,Datos,IC1,False,2025-12-16,Indefinido,False,,BUK11656,Activo
BUK12182,Antonio Rubén Huerta Cáceres,antonio.cáceres@buk.example,M,1988-09-19,Venezolana,CL,CL,Híbrido,Comercial,Ejecutivo Comercial Semi Senior,Ventas,IC3,False,2025-12-28,Indefinido,False,,BUK11177,Activo
BUK12183,Angélica Marisol Arenas Pérez,angélica.pérez@buk.example,F,2000-10-31,Chilena,CL,CL,Remoto,Tecnología,Software Engineer Semi Senior,Ingeniería,IC3,False,2018-07-05,Indefinido,False,,BUK10250,Activo
BUK12184,María Emilia Aguilera Aguilera,maría.aguilera@buk.example,F,2001-01-02,Dominicana,CL,CL,Presencial,Comercial,Account Manager Aprendiz,Customer Success,IC1,False,2026-01-20,Indefinido,False,Sí,BUK11546,Activo
BUK12185,Gonzalo Flores Lira,gonzalo.lira@buk.example,M,1998-10-01,Chilena,PE,PE,Presencial,Comercial,Growth Marketer,Marketing,IC2,False,2025-06-01,Indefinido,False,,BUK12027,Activo
BUK12186,Angie Monserrat Caro González,angie.gonzález@buk.example,F,1995-09-08,Peruana,CL,CL,Híbrido,Tecnología,Data Engineer Semi Senior,Ingeniería,IC3,False,2024-07-29,Indefinido,False,,BUK11305,Activo
BUK12187,Jhon Agudelo Gaviria,jhon.gaviria@buk.example,M,2002-05-30,Colombiana,CL,CL,Remoto,Comercial,Ejecutivo Comercial,Ventas,IC2,False,2026-07-05,Indefinido,False,Prefiero no responder,BUK10140,Desvinculado
BUK12188,Javier José Caro Ortega,javier.ortega@buk.example,M,1988-10-03,Chilena,PE,PE,Híbrido,Comercial,SDR Semi Senior,Ventas,IC3,False,2025-08-31,Indefinido,False,,BUK10405,Desvinculado
BUK12189,Marisol Zapata Arroyo,marisol.arroyo@buk.example,F,1997-09-16,Mexicana,CL,CL,Remoto,Comercial,Especialista de Renovaciones Aprendiz,Customer Success,IC1,False,2026-07-15,Indefinido,False,,BUK11267,Activo
BUK12190,Daniela Citlali Puente,daniela.puente@buk.example,F,1995-06-04,Mexicana,CL,CL,Remoto,Comercial,SDR,Ventas,IC2,False,2018-06-10,Indefinido,False,,BUK11487,Activo
BUK12191,Daniela Cisterna Briceño,daniela.briceño@buk.example,F,2001-11-03,Ecuatoriana,BR,BR,Híbrido,Operaciones,Consultor de Implementación,Implementación,IC2,False,2025-08-13,Indefinido,False,,BUK11964,Activo
BUK12192,Héctor Medel Céspedes,héctor.céspedes@buk.example,M,1989-10-07,Chilena,CL,CL,Remoto,Operaciones,Analista de Operaciones Semi Senior,Operaciones,IC3,False,2025-07-23,Indefinido,False,,BUK11881,Activo
BUK12193,Cornelio Bueno,cornelio.bueno@buk.example,M,1998-02-12,Mexicana,CL,CL,Híbrido,Tecnología,QA Engineer,Ingeniería,IC2,False,2026-04-09,Indefinido,False,,BUK10961,Activo
BUK12194,Benjamín Sebastián Hormazábal Castro,benjamín.castro@buk.example,M,2000-06-04,Chilena,CL,CL,Híbrido,Tecnología,SRE Semi Senior,Ingeniería,IC3,False,2026-05-17,Indefinido,False,,BUK11183,Activo
BUK12195,Génesis Pamela Cuevas Cisternas,génesis.cisternas@buk.example,F,1988-12-25,Peruana,CO,CO,Remoto,Comercial,Account Executive Semi Senior,Ventas,IC3,False,2026-05-17,Indefinido,False,,BUK10408,Desvinculado
BUK12196,Juan Felipe Gutiérrez Moreno,juan.moreno@buk.example,M,2005-08-31,Venezolana,CL,CL,Híbrido,Operaciones,Consultor de Implementación,Implementación,IC2,False,2022-10-31,Indefinido,False,Prefiero no responder,BUK12632,Desvinculado
BUK12197,Hermes Steven Montes,hermes.montes@buk.example,M,1991-04-28,Colombiana,MX,MX,Remoto,Comercial,Customer Success Manager Semi Senior,Customer Success,IC3,False,2026-06-26,Indefinido,False,,BUK11730,Desvinculado
BUK12198,Dra. Sophie Barbosa,dra..barbosa@buk.example,F,1994-12-24,Brasileña,PE,PE,Híbrido,Operaciones,Especialista Payroll Ops Aprendiz,Operaciones,IC1,False,2026-04-08,Indefinido,False,,BUK12572,Activo
BUK12199,Yago Siqueira,yago.siqueira@buk.example,M,2005-08-31,Brasileña,MX,MX,Híbrido,Comercial,Ejecutivo Comercial Semi Senior,Ventas,IC3,False,2024-06-13,Indefinido,False,,BUK10044,Activo
BUK12200,Ámbar García,ámbar.garcía@buk.example,F,1991-09-10,Cubana,CO,AR,Híbrido,Operaciones,Consultor de Implementación Aprendiz,Implementación,IC1,False,2024-04-24,Indefinido,False,Prefiero no responder,BUK12515,Activo
BUK12201,Rosa Flores Cortés,rosa.cortés@buk.example,F,1999-04-01,Chilena,CL,CL,Presencial,Operaciones,Agente de Soporte Semi Senior,Soporte,IC3,False,2026-03-22,Indefinido,False,,BUK12229,Desvinculado
BUK12202,Pedro Luis Díaz Morales,pedro.morales@buk.example,M,1989-03-25,Peruana,CL,CL,Presencial,Comercial,Account Executive Especialista,Ventas,IC5,False,2024-09-15,Indefinido,False,Prefiero no responder,BUK11009,Activo
BUK12203,Fabián Salazar,fabián.salazar@buk.example,M,2003-11-25,Colombiana,MX,MX,Presencial,Tecnología,Security Engineer Senior,Ingeniería,IC4,False,2022-01-01,Indefinido,False,,BUK12446,Activo
BUK12204,Omar Pérez Olivo,omar.olivo@buk.example,M,2005-08-31,Mexicana,CL,BR,Remoto,Comercial,Ejecutivo Comercial Senior,Ventas,IC4,False,2025-11-16,Indefinido,False,,BUK10792,Activo
BUK12205,Germán Escobar,germán.escobar@buk.example,No binario / No informa,1992-09-05,Mexicana,PE,PE,Remoto,Tecnología,SRE,Ingeniería,IC2,False,2026-05-03,Indefinido,False,Sí,BUK10059,Activo
BUK12206,Matías Esteban Morales Rojas,matías.rojas@buk.example,M,1996-04-09,Chilena,CL,CL,Híbrido,Administración,Analista Contable Semi Senior,Finanzas,IC3,False,2023-05-23,Indefinido,True,Prefiero no responder,BUK12496,Activo
BUK12207,Fabián Alex Pastén Mella,fabián.mella@buk.example,M,1990-09-12,Chilena,CL,CL,Remoto,Operaciones,Consultor de Implementación,Implementación,IC2,False,2022-06-11,Indefinido,False,Prefiero no responder,BUK11001,Activo
BUK12208,Rosa María Pizarro Guerra,rosa.guerra@buk.example,F,1996-05-13,Venezolana,CL,CL,Híbrido,Operaciones,Consultor de Implementación Semi Senior,Implementación,IC3,False,2024-02-21,Indefinido,False,,BUK10789,Desvinculado
BUK12209,Luara Duarte,luara.duarte@buk.example,F,1988-09-14,Brasileña,CL,PT,Presencial,Operaciones,Especialista de Soporte Payroll Semi Senior,Soporte,IC3,False,2026-04-08,Indefinido,False,Prefiero no responder,BUK11827,Activo
BUK12210,Augusto Porto,augusto.porto@buk.example,M,1991-11-24,Brasileña,MX,MX,Híbrido,Administración,Analista de Cobranza Semi Senior,Finanzas,IC3,False,2022-01-01,Indefinido,False,Sí,BUK10780,Activo
BUK12211,Andrés Roberto Montañez Uribe,andrés.uribe@buk.example,M,1997-12-17,Mexicana,CO,MX,Híbrido,Tecnología,People Analytics Especialista,Datos,IC5,False,2026-02-05,Plazo fijo,False,,BUK12499,Activo
BUK12212,Carolina Viviana Montero Peralta,carolina.peralta@buk.example,F,1989-06-05,Chilena,CL,CL,Presencial,Operaciones,Consultor de Implementación Aprendiz,Implementación,IC1,False,2024-03-12,Indefinido,False,,BUK10710,Activo
BUK12213,Pilar Marcia Vallejos Escalona,pilar.escalona@buk.example,F,2005-08-31,Chilena,CL,CL,Híbrido,Administración,Especialista de Formación,Personas,IC2,False,2024-08-17,Indefinido,False,,BUK12496,Activo
BUK12214,Espartaco Sergio Pizarro,espartaco.pizarro@buk.example,M,2002-12-16,Mexicana,CL,CL,Híbrido,Operaciones,Consultor de Implementación Semi Senior,Implementación,IC3,False,2026-02-22,Indefinido,False,,BUK10453,Activo
BUK12215,Ángel Vargas Ruiz,ángel.ruiz@buk.example,M,1981-12-04,Chilena,CO,CO,Híbrido,Comercial,SDR Especialista,Ventas,IC5,False,2025-06-27,Indefinido,False,,BUK10623,Activo
BUK12216,Sara Erices Navarro,sara.navarro@buk.example,F,1991-11-24,Venezolana,CL,CO,Híbrido,Operaciones,Analista de Operaciones Senior,Operaciones,IC4,False,2025-01-03,Indefinido,False,,BUK10478,Desvinculado
BUK12217,Julio Martínez Becerra,julio.becerra@buk.example,M,1991-04-11,Peruana,CL,CL,Híbrido,Comercial,Ejecutivo Comercial Aprendiz,Ventas,IC1,False,2023-04-20,Indefinido,False,Prefiero no responder,BUK11307,Activo
BUK12218,Marilyn Lorena Maldonado Meza,marilyn.meza@buk.example,F,1984-03-01,Ecuatoriana,CL,CL,Remoto,Comercial,Líder de Ventas,Ventas,M1,True,2024-12-05,Indefinido,False,Sí,BUK10845,Activo
BUK12219,Mauricio Rodríguez,mauricio.rodríguez@buk.example,M,1995-03-06,Colombiana,CO,CO,Híbrido,Tecnología,Gerente de Ingeniería,Ingeniería,M3,True,2025-04-18,Indefinido,False,,,Activo
BUK12220,Martha Fernanda Marín,martha.marín@buk.example,F,1990-04-27,Colombiana,CL,CL,Híbrido,Tecnología,QA Engineer,Ingeniería,IC2,False,2024-11-06,Indefinido,False,,BUK12590,Activo
BUK12221,Francisca Chávez,francisca.chávez@buk.example,F,1995-09-11,Mexicana,MX,MX,Híbrido,Comercial,Especialista de Renovaciones,Customer Success,IC2,False,2026-01-11,Indefinido,False,Sí,BUK10766,Desvinculado
BUK12222,James Cordova,james.cordova@buk.example,M,1997-07-17,Británica,CL,CL,Remoto,Comercial,Ejecutivo Comercial Especialista,Ventas,IC5,False,2023-12-25,Indefinido,False,,BUK11546,Activo
BUK12223,Wilfrido Quesada,wilfrido.quesada@buk.example,M,1995-12-21,Mexicana,MX,MX,Remoto,Tecnología,Product Designer Semi Senior,Producto,IC3,False,2025-08-17,Indefinido,False,,BUK11186,Activo
BUK12224,Paula Montenegro,paula.montenegro@buk.example,F,1994-07-15,Argentina,CO,CO,Híbrido,Tecnología,People Analytics Semi Senior,Datos,IC3,False,2026-03-30,Indefinido,False,,BUK12590,Desvinculado
BUK12225,Dolores Amaya Herrera García,dolores.garcía@buk.example,F,2005-08-31,Venezolana,MX,MX,Híbrido,Comercial,SDR Especialista,Ventas,IC5,False,2025-07-03,Indefinido,False,,BUK11487,Activo
BUK12226,Emilio José Gallardo Araneda,emilio.araneda@buk.example,M,1982-04-29,Peruana,CL,CL,Híbrido,Comercial,SDR Senior,Ventas,IC4,False,2026-01-14,Indefinido,False,,BUK10667,Activo
BUK12227,Nohora Gloria Calderón Gómez,nohora.gómez@buk.example,F,1994-01-12,Colombiana,CL,CL,Remoto,Comercial,Account Manager Semi Senior,Customer Success,IC3,False,2024-07-25,Indefinido,False,,BUK10312,Desvinculado
BUK12228,Vinicius Castro,vinicius.castro@buk.example,M,1990-10-14,Brasileña,CO,CO,Híbrido,Operaciones,Consultor de Implementación Especialista,Implementación,IC5,False,2024-12-21,Plazo fijo,False,,BUK11563,Activo
BUK12229,Bryan Câmara,bryan.câmara@buk.example,M,2002-03-31,Brasileña,CL,CL,Presencial,Operaciones,Líder de Soporte,Soporte,M1,True,2023-04-22,Indefinido,False,,BUK11859,Activo
BUK12230,Jacqueline Gálvez Bahamonde,jacqueline.bahamonde@buk.example,F,1994-06-29,Chilena,CL,CL,Híbrido,Comercial,Ejecutivo Comercial Senior,Ventas,IC4,False,2023-02-27,Indefinido,False,Prefiero no responder,BUK12245,Activo
BUK12231,Margarita Victoria González Santander,margarita.santander@buk.example,F,1996-04-16,Chilena,CL,CL,Híbrido,Operaciones,Especialista de Soporte Semi Senior,Soporte,IC3,False,2025-06-24,Indefinido,False,,BUK12229,Activo
BUK12232,Marco Márquez,marco.márquez@buk.example,M,1997-09-21,Chilena,CL,CL,Híbrido,Operaciones,Project Manager de Implementación Semi Senior,Implementación,IC3,False,2024-03-27,Indefinido,False,Prefiero no responder,BUK10150,Desvinculado
BUK12233,Ángel Fuentes Durán,ángel.durán@buk.example,M,1999-07-26,Argentina,CL,CL,Remoto,Comercial,Account Executive Aprendiz,Ventas,IC1,False,2025-12-03,Indefinido,False,,BUK11244,Activo
BUK12234,Carolina Luz Toro Riquelme,carolina.riquelme@buk.example,F,1992-03-19,Dominicana,CO,CO,Híbrido,Operaciones,Subgerente de Soporte,Soporte,M2,True,2026-02-07,Indefinido,False,,BUK11991,Activo
BUK12235,José Víctor Ortiz González,josé.gonzález@buk.example,M,1992-09-19,Argentina,CL,CL,Remoto,Operaciones,Project Manager de Implementación Aprendiz,Implementación,IC1,False,2023-10-19,Indefinido,False,,BUK11993,Activo
BUK12236,Gloria Ruiz Pizarro,gloria.pizarro@buk.example,F,1997-06-01,Chilena,CL,CL,Híbrido,Comercial,Ejecutivo Comercial Senior,Ventas,IC4,False,2025-06-05,Indefinido,False,,BUK10209,Activo
BUK12237,Sr. Luan Câmara,sr..câmara@buk.example,M,2004-12-31,Brasileña,CL,CL,Híbrido,Operaciones,Especialista de Soporte Aprendiz,Soporte,IC1,False,2026-03-08,Indefinido,False,,BUK11780,Activo
BUK12238,Delia Galván Lozano,delia.lozano@buk.example,F,1996-05-18,Mexicana,BR,BR,Remoto,Administración,Control de Gestión Senior,Finanzas,IC4,False,2025-10-13,Indefinido,False,,BUK10331,Activo
BUK12239,John Rangel,john.rangel@buk.example,M,1976-08-30,Colombiana,CL,AR,Híbrido,Operaciones,Consultor de Implementación Semi Senior,Implementación,IC3,False,2025-11-03,Indefinido,False,,BUK10949,Desvinculado
BUK12240,Camila Rosa Alegría Olivares,camila.olivares@buk.example,F,1989-05-21,Chilena,CL,CL,Híbrido,Tecnología,Data Analyst Aprendiz,Datos,IC1,False,2026-01-29,Indefinido,False,,BUK11152,Activo
BUK12241,Génesis Araya Quintanilla,génesis.quintanilla@buk.example,F,1998-05-18,Chilena,CL,CL,Presencial,Administración,People Happiness Manager,Personas,IC2,False,2025-07-29,Indefinido,False,Prefiero no responder,BUK10746,Activo
BUK12242,Eugenia Vargas,eugenia.vargas@buk.example,F,1990-06-27,Colombiana,CL,CO,Híbrido,Comercial,Customer Success Manager,Customer Success,IC2,False,2026-06-05,Indefinido,False,Sí,BUK10405,Activo
BUK12243,Pedro Gajardo Muñoz,pedro.muñoz@buk.example,M,1987-12-28,Chilena,PE,PE,Presencial,Administración,Control de Gestión,Finanzas,IC2,False,2025-01-30,Indefinido,False,Prefiero no responder,BUK11815,Activo
BUK12244,Elsa Aguirre,elsa.aguirre@buk.example,F,2002-04-12,Peruana,PE,PE,Híbrido,Administración,Talent Acquisition Semi Senior,Personas,IC3,False,2025-11-13,Indefinido,False,Sí,BUK11373,Activo
BUK12245,Benjamín Sebastián Moreno Espinoza,benjamín.espinoza@buk.example,M,1981-02-28,Peruana,PE,PE,Remoto,Comercial,Líder de Ventas,Ventas,M1,True,2024-11-23,Indefinido,False,Prefiero no responder,BUK10397,Activo
BUK12246,Juan Carlos Campos Farías,juan.farías@buk.example,M,1991-06-21,Boliviana,CL,CL,Remoto,Tecnología,Security Engineer Senior,Ingeniería,IC4,False,2025-06-04,Indefinido,False,,BUK10547,Activo
BUK12247,Srta. Sarah Vieira,srta..vieira@buk.example,F,2000-07-03,Brasileña,CL,CL,Híbrido,Tecnología,Software Engineer Senior,Ingeniería,IC4,False,2024-10-17,Indefinido,False,,BUK10455,Activo
BUK12248,María Rivas,maría.rivas@buk.example,F,2000-06-24,Chilena,CL,PT,Remoto,Comercial,Especialista de Renovaciones,Customer Success,IC2,False,2026-04-08,Indefinido,False,Prefiero no responder,BUK10667,Activo
BUK12249,Elena Carmona Olivera,elena.olivera@buk.example,F,1992-10-30,Mexicana,PE,CL,Híbrido,Operaciones,Agente de Soporte Semi Senior,Soporte,IC3,False,2025-10-21,Indefinido,False,,BUK10789,Activo
BUK12250,David Flores Moyano,david.moyano@buk.example,M,2001-01-28,Uruguaya,CL,CL,Híbrido,Tecnología,Security Engineer Semi Senior,Ingeniería,IC3,False,2023-10-30,Indefinido,False,,BUK11580,Desvinculado
BUK12251,Socorro Cardona,socorro.cardona@buk.example,F,1993-07-08,Alemana,MX,MX,Híbrido,Administración,Talent Acquisition Semi Senior,Personas,IC3,False,2024-09-30,Indefinido,False,,BUK10844,Activo
BUK12252,Marta Ávila Benavides,marta.benavides@buk.example,F,1992-08-14,Peruana,CO,CO,Híbrido,Administración,Analista de Cobranza,Finanzas,IC2,False,2025-12-30,Indefinido,False,,BUK10921,Activo
BUK12253,María Margarita Figueroa Fernández,maría.fernández@buk.example,F,2005-04-03,Colombiana,CL,CL,Remoto,Comercial,Especialista de Renovaciones,Customer Success,IC2,False,2024-05-13,Indefinido,False,,BUK12310,Activo
BUK12254,Armando Gonzalo Villablanca Romero,armando.romero@buk.example,M,2003-04-02,Chilena,CL,CL,Híbrido,Tecnología,Líder de Producto,Producto,M1,True,2026-06-01,Indefinido,False,,BUK12470,Activo
BUK12255,Jhon José Morales Castillo,jhon.castillo@buk.example,M,1987-05-24,Venezolana,CL,CL,Remoto,Tecnología,Data Engineer,Ingeniería,IC2,False,2026-02-19,Indefinido,False,Prefiero no responder,BUK10241,Activo
BUK12256,Ing. Liliana Moreno,ing..moreno@buk.example,F,1992-08-24,Mexicana,CL,ES,Híbrido,Operaciones,Project Manager de Implementación Semi Senior,Implementación,IC3,False,2026-05-10,Indefinido,False,,BUK11563,Desvinculado
BUK12257,Nicole Carla Hernández Reyes,nicole.reyes@buk.example,F,1985-11-15,Chilena,CL,CL,Remoto,Operaciones,Project Manager de Implementación,Implementación,IC2,False,2025-09-12,Indefinido,False,,BUK10691,Activo
BUK12258,Ruth Quispe,ruth.quispe@buk.example,F,1987-12-19,Venezolana,MX,MX,Remoto,Tecnología,SRE Semi Senior,Ingeniería,IC3,False,2025-12-11,Indefinido,False,,BUK12283,Activo
BUK12259,Carmen Sandoval Lillo,carmen.lillo@buk.example,F,1998-02-27,Chilena,BR,BR,Remoto,Operaciones,Consultor de Implementación Semi Senior,Implementación,IC3,False,2025-01-01,Indefinido,False,,BUK12049,Activo
BUK12260,Camilo Luis Suárez Arias,camilo.arias@buk.example,M,1994-10-06,Colombiana,CL,CL,Presencial,Operaciones,Especialista Payroll Ops,Operaciones,IC2,False,2024-03-08,Indefinido,False,,BUK12337,Activo
BUK12261,Benjamín Gallo Agullo,benjamín.agullo@buk.example,M,1992-08-30,Italiana,CL,CL,Remoto,Tecnología,SRE,Ingeniería,IC2,False,2021-09-24,Indefinido,False,,BUK11183,Activo
BUK12262,Ana Lívia Silveira,ana.silveira@buk.example,F,1994-09-08,Brasileña,MX,CO,Híbrido,Operaciones,Agente de Soporte Aprendiz,Soporte,IC1,False,2023-09-11,Indefinido,False,Prefiero no responder,BUK10302,Activo
BUK12263,Leticia Fernandez,leticia.fernandez@buk.example,F,1979-11-26,Alemana,CL,CL,Remoto,Comercial,Líder de Ventas,Ventas,M1,True,2024-04-01,Indefinido,False,Sí,BUK11463,Activo
BUK12264,Rocío Yenifer Vallejos-Miranda Villablanca,rocío.villablanca@buk.example,F,2000-11-11,Chilena,CL,CL,Remoto,Operaciones,Consultor de Implementación Aprendiz,Implementación,IC1,False,2025-12-25,Indefinido,False,Prefiero no responder,BUK11027,Activo
BUK12265,Catalina Constanza Seguel Leiva,catalina.leiva@buk.example,F,1996-12-02,Chilena,BR,BR,Híbrido,Comercial,Especialista de Renovaciones,Customer Success,IC2,False,2025-08-09,Indefinido,False,,BUK11731,Activo
BUK12266,Bryan Walter Torres Iturra,bryan.iturra@buk.example,M,2002-08-26,Venezolana,MX,MX,Híbrido,Administración,Líder de Finanzas,Finanzas,M1,True,2025-06-26,Indefinido,False,,BUK11817,Activo
BUK12267,Miguel García,miguel.garcía@buk.example,M,1998-02-17,Chilena,MX,ES,Híbrido,Operaciones,Analista de Operaciones Semi Senior,Operaciones,IC3,False,2022-01-01,Indefinido,False,,BUK11607,Desvinculado
BUK12268,Natalia Osorio,natalia.osorio@buk.example,F,1994-06-21,Mexicana,CL,CL,Híbrido,Tecnología,UX Researcher Senior,Producto,IC4,False,2024-11-26,Indefinido,False,,BUK11183,Activo
BUK12269,Susan Davis,susan.davis@buk.example,F,1998-05-04,Estadounidense,PE,PE,Remoto,Tecnología,SRE Semi Senior,Ingeniería,IC3,False,2025-07-31,Indefinido,False,,BUK12283,Desvinculado
BUK12270,Matías Héctor Pérez Ojeda,matías.ojeda@buk.example,M,1991-06-26,Chilena,MX,MX,Híbrido,Tecnología,Subgerente de Ingeniería,Ingeniería,M2,True,2023-09-16,Indefinido,False,Sí,BUK12219,Activo
BUK12271,Emma Marín Sepúlveda,emma.sepúlveda@buk.example,F,2000-08-18,Chilena,CL,CL,Híbrido,Comercial,SDR Semi Senior,Ventas,IC3,False,2025-05-14,Indefinido,False,Prefiero no responder,BUK11097,Activo
BUK12272,Lilian Medina Tobar,lilian.tobar@buk.example,F,1993-05-26,Chilena,CL,CL,Remoto,Administración,Analista de Cobranza Semi Senior,Finanzas,IC3,False,2024-06-22,Indefinido,False,,BUK10159,Activo
BUK12273,José da Luz,josé.luz@buk.example,M,1992-07-19,Brasileña,CL,CL,Remoto,Administración,Analista de Cobranza Semi Senior,Finanzas,IC3,False,2026-03-04,Indefinido,False,,BUK10921,Activo
BUK12274,Julio Madrigal,julio.madrigal@buk.example,M,1995-10-10,Mexicana,PE,PE,Presencial,Operaciones,Especialista de Soporte Payroll Semi Senior,Soporte,IC3,False,2026-03-08,Indefinido,False,Sí,BUK11901,Activo
BUK12275,Elisa Jiménez Vera,elisa.vera@buk.example,F,1996-02-19,Peruana,CL,CL,Híbrido,Operaciones,Project Manager de Implementación,Implementación,IC2,False,2024-03-15,Indefinido,False,,BUK11543,Desvinculado
BUK12276,Cristina Victoria Gajardo Yáñez,cristina.yáñez@buk.example,F,2003-12-24,Peruana,CL,CL,Híbrido,Operaciones,Especialista de Soporte Payroll Especialista,Soporte,IC5,False,2024-09-29,Plazo fijo,False,,BUK12338,Activo
BUK12277,Ágatha da Mata,ágatha.mata@buk.example,F,1992-11-24,Brasileña,PE,PE,Híbrido,Comercial,Especialista de Renovaciones Semi Senior,Customer Success,IC3,False,2025-01-09,Indefinido,False,,BUK10317,Activo
BUK12278,Murilo Barbosa,murilo.barbosa@buk.example,M,1990-10-27,Brasileña,CL,CL,Híbrido,Comercial,Líder de Ventas,Ventas,M1,True,2026-02-03,Indefinido,False,Prefiero no responder,BUK12563,Activo
BUK12279,Paula Leonor León Castillo,paula.castillo@buk.example,F,2001-03-27,Colombiana,CL,PE,Híbrido,Comercial,Subgerente de Customer Success,Customer Success,M2,True,2024-08-29,Indefinido,False,,BUK10621,Activo
BUK12280,Wilma Javiera Luengo Salas,wilma.salas@buk.example,F,1992-11-03,Peruana,MX,MX,Híbrido,Tecnología,Security Engineer Senior,Ingeniería,IC4,False,2026-06-29,Indefinido,False,,BUK10796,Activo
BUK12281,Cristal Úrsula Regalado Acevedo,cristal.acevedo@buk.example,F,2004-12-19,Mexicana,CL,CL,Remoto,Administración,Talent Acquisition Senior,Personas,IC4,False,2022-11-25,Indefinido,False,,BUK11815,Activo
BUK12282,Claudia Velásquez Torres,claudia.torres@buk.example,F,2001-04-25,Colombiana,BR,PT,Remoto,Comercial,Growth Marketer Senior,Marketing,IC4,False,2025-01-01,Indefinido,False,,BUK11731,Activo
BUK12283,Kevin Rosas Ponce,kevin.ponce@buk.example,M,2005-08-31,Chilena,CO,PE,Remoto,Tecnología,Líder de Ingeniería,Ingeniería,M1,True,2024-10-25,Indefinido,False,,BUK12090,Desvinculado
BUK12284,Emma María Silva Jara,emma.jara@buk.example,F,1999-08-20,Chilena,PE,PE,Remoto,Tecnología,Software Engineer Senior,Ingeniería,IC4,False,2025-02-14,Indefinido,False,Prefiero no responder,BUK10852,Activo
BUK12285,Eliana Fredes Silva,eliana.silva@buk.example,F,1988-02-11,Chilena,CL,CL,Híbrido,Operaciones,Consultor de Implementación Senior,Implementación,IC4,False,2026-02-03,Plazo fijo,False,Prefiero no responder,BUK10326,Activo
BUK12286,Sra. Elvia González,sra..gonzález@buk.example,F,1999-02-18,Mexicana,BR,BR,Híbrido,Comercial,Ejecutivo Comercial,Ventas,IC2,False,2025-09-25,Indefinido,False,Prefiero no responder,BUK10910,Desvinculado
BUK12287,Manuel Andrés Torres,manuel.torres@buk.example,M,1996-04-06,Colombiana,BR,BR,Híbrido,Operaciones,Especialista Payroll Ops Senior,Operaciones,IC4,False,2025-11-22,Indefinido,False,,BUK11543,Desvinculado
BUK12288,Felipe Zúñiga Estay,felipe.estay@buk.example,M,2000-11-01,Argentina,MX,MX,Remoto,Tecnología,Security Engineer Senior,Ingeniería,IC4,False,2022-09-24,Indefinido,False,,BUK11058,Activo
BUK12289,María Lía Zúñiga Cerda,maría.cerda@buk.example,F,1996-01-01,Venezolana,BR,BR,Híbrido,Operaciones,Project Manager de Implementación Aprendiz,Implementación,IC1,False,2025-01-01,Indefinido,False,,BUK10714,Desvinculado
BUK12290,Vicente Martín Monsalve Sepúlveda,vicente.sepúlveda@buk.example,M,1991-04-26,Guatemalteca,CL,CL,Híbrido,Comercial,Ejecutivo Comercial Semi Senior,Ventas,IC3,False,2024-02-03,Indefinido,False,,BUK11837,Activo
BUK12291,Benjamin da Paz,benjamin.paz@buk.example,M,1997-05-29,Brasileña,CL,CL,Híbrido,Comercial,SDR,Ventas,IC2,False,2024-04-23,Indefinido,False,,BUK10144,Activo
BUK12292,Marcela Marín,marcela.marín@buk.example,F,1996-10-09,Colombiana,MX,MX,Híbrido,Comercial,Account Executive Senior,Ventas,IC4,False,2024-06-23,Indefinido,False,,BUK10233,Desvinculado
BUK12293,Irene Ruiz,irene.ruiz@buk.example,F,1996-09-21,Chilena,CL,CL,Híbrido,Operaciones,Analista de Operaciones Semi Senior,Operaciones,IC3,False,2021-12-27,Indefinido,False,Sí,BUK10326,Desvinculado
BUK12294,José Ramírez,josé.ramírez@buk.example,M,1992-07-16,Chilena,MX,MX,Remoto,Tecnología,Data Engineer,Ingeniería,IC2,False,2026-05-03,Indefinido,False,,BUK11183,Activo
BUK12295,Elena Rosa Beltrán González,elena.gonzález@buk.example,F,1993-04-17,Colombiana,CO,CL,Remoto,Administración,People Happiness Manager Senior,Personas,IC4,False,2026-07-08,Indefinido,False,,BUK11409,Desvinculado
BUK12296,Carlos Jara,carlos.jara@buk.example,M,1999-08-08,Peruana,PE,PE,Remoto,Operaciones,Especialista de Soporte Payroll Especialista,Soporte,IC5,False,2020-01-01,Plazo fijo,False,,BUK11881,Activo
BUK12297,José Bastián Gutiérrez-Vera Contreras,josé.contreras@buk.example,M,1989-06-26,Peruana,MX,MX,Híbrido,Tecnología,SRE Senior,Ingeniería,IC4,False,2023-09-01,Indefinido,False,,BUK11152,Activo
BUK12298,Genoveva Susana Quiroz Huerta,genoveva.huerta@buk.example,F,1993-06-23,Venezolana,CL,CL,Remoto,Operaciones,Agente de Soporte Aprendiz,Soporte,IC1,False,2025-08-14,Indefinido,False,,BUK11027,Activo
BUK12299,Fernanda Carmen Poblete Quintanilla,fernanda.quintanilla@buk.example,F,1985-01-02,Guatemalteca,MX,MX,Remoto,Comercial,Customer Success Manager Semi Senior,Customer Success,IC3,False,2026-01-17,Indefinido,False,,BUK10595,Activo
BUK12300,Nicolas Ferreira,nicolas.ferreira@buk.example,M,1999-02-01,Brasileña,CL,CL,Híbrido,Tecnología,Software Engineer,Ingeniería,IC2,False,2024-10-14,Indefinido,False,,BUK10881,Activo
BUK12301,Jorge Lucero Herrera,jorge.herrera@buk.example,M,1992-01-22,Venezolana,BR,BR,Remoto,Comercial,Account Executive Semi Senior,Ventas,IC3,False,2025-01-01,Indefinido,False,,BUK10317,Activo
BUK12302,Luis Liam Gálvez Briceño,luis.briceño@buk.example,M,2001-02-23,Peruana,CL,CL,Remoto,Comercial,Especialista de Renovaciones,Customer Success,IC2,False,2025-08-30,Indefinido,False,,BUK11921,Desvinculado
BUK12303,Benjamín Salcedo Rivas,benjamín.rivas@buk.example,M,1992-09-28,Mexicana,MX,MX,Remoto,Comercial,Ejecutivo Comercial Aprendiz,Ventas,IC1,False,2026-02-10,Plazo fijo,False,,BUK11730,Activo
BUK12304,Margot Mella,margot.mella@buk.example,F,2000-06-25,Chilena,CO,CO,Remoto,Comercial,Account Manager Aprendiz,Customer Success,IC1,False,2023-07-03,Indefinido,False,Sí,BUK12104,Activo
BUK12305,Fernanda Muñoz Parraguez,fernanda.parraguez@buk.example,F,1994-12-04,Peruana,CL,CL,Híbrido,Comercial,Customer Success Manager,Customer Success,IC2,False,2023-10-16,Indefinido,False,,BUK10792,Activo
BUK12306,Cecilia Blanca Muñoz Valdebenito,cecilia.valdebenito@buk.example,F,1991-09-18,Chilena,PE,PE,Remoto,Operaciones,Especialista de Soporte Payroll Aprendiz,Soporte,IC1,False,2023-07-16,Indefinido,False,,BUK11964,Activo
BUK12307,Víctor Nicolás García Cardona,víctor.cardona@buk.example,M,1993-08-27,Colombiana,CO,CO,Remoto,Comercial,Growth Marketer Senior,Marketing,IC4,False,2025-03-30,Indefinido,False,,BUK11837,Desvinculado
BUK12308,Elías Bernardo Cornejo Rodríguez,elías.rodríguez@buk.example,M,1987-01-18,Argentina,CL,CL,Remoto,Comercial,Customer Success Manager,Customer Success,IC2,False,2025-12-12,Indefinido,False,,BUK11067,Desvinculado
BUK12309,Iván José Carlos Partida,iván.partida@buk.example,M,1989-12-05,Mexicana,CL,CL,Híbrido,Operaciones,Agente de Soporte Semi Senior,Soporte,IC3,False,2024-10-23,Indefinido,False,,BUK11473,Activo
BUK12310,Solange María Araya Núñez,solange.núñez@buk.example,F,2003-06-23,Chilena,MX,MX,Remoto,Comercial,Líder de Ventas,Ventas,M1,True,2024-12-11,Indefinido,False,,BUK11185,Activo
BUK12311,Nelly Torres Díaz,nelly.díaz@buk.example,F,1993-11-06,Colombiana,MX,MX,Híbrido,Tecnología,Líder de Ingeniería,Ingeniería,M1,True,2022-01-01,Indefinido,False,,BUK11325,Activo
BUK12312,Consuelo Ruiz,consuelo.ruiz@buk.example,F,1997-03-13,Peruana,CL,CL,Presencial,Operaciones,Especialista de Soporte Payroll Semi Senior,Soporte,IC3,False,2025-11-29,Plazo fijo,False,,BUK11543,Desvinculado
BUK12313,Rodolfo Cortés Jara,rodolfo.jara@buk.example,M,1993-04-11,Chilena,CL,CL,Remoto,Comercial,Account Manager Especialista,Customer Success,IC5,False,2025-05-06,Indefinido,False,,BUK11009,Desvinculado
BUK12314,Sara Ema Díaz Zúñiga,sara.zúñiga@buk.example,F,1995-08-15,Peruana,BR,MX,Híbrido,Administración,Analista Contable,Finanzas,IC2,False,2025-01-01,Indefinido,False,,BUK12266,Activo
BUK12315,Millaray Pérez Quiroz,millaray.quiroz@buk.example,F,1997-12-30,Chilena,CL,MX,Híbrido,Tecnología,Software Engineer Aprendiz,Ingeniería,IC1,False,2018-10-01,Indefinido,False,,BUK10650,Activo
BUK12316,Isabel Cassiano,isabel.cassiano@buk.example,F,2005-08-31,Brasileña,MX,MX,Híbrido,Operaciones,Subgerente de Implementación,Implementación,M2,True,2022-01-01,Indefinido,False,,BUK11209,Activo
BUK12317,Milena Silva,milena.silva@buk.example,F,1997-06-13,Chilena,CL,CL,Híbrido,Operaciones,Consultor de Implementación Semi Senior,Implementación,IC3,False,2025-08-23,Indefinido,False,,BUK10322,Desvinculado
BUK12318,María Mayra Vergara Ortega,maría.ortega@buk.example,F,2002-08-10,Chilena,CL,ES,Híbrido,Comercial,Subgerente de Customer Success,Customer Success,M2,True,2023-08-05,Indefinido,False,,BUK12387,Activo
BUK12319,Eladio Gómez Torrecilla,eladio.torrecilla@buk.example,M,1999-01-30,Italiana,CL,CL,Remoto,Operaciones,Analista de Operaciones Semi Senior,Operaciones,IC3,False,2022-10-03,Indefinido,False,,BUK10274,Activo
BUK12320,Víctor Rico,víctor.rico@buk.example,M,1990-03-10,Colombiana,CL,CL,Remoto,Tecnología,Product Designer Aprendiz,Producto,IC1,False,2025-09-21,Indefinido,False,,BUK11152,Activo
BUK12321,Edgar Carvajal Catalán,edgar.catalán@buk.example,M,1994-12-15,Chilena,PE,PE,Híbrido,Operaciones,Especialista de Soporte Payroll,Soporte,IC2,False,2025-06-07,Indefinido,False,Sí,BUK12229,Activo
BUK12322,Johan Fonseca Ramírez,johan.ramírez@buk.example,M,2000-11-08,Colombiana,CO,CO,Híbrido,Administración,Control de Gestión Semi Senior,Finanzas,IC3,False,2022-09-10,Indefinido,False,,BUK10746,Activo
BUK12323,Armando Orrego,armando.orrego@buk.example,M,1991-01-09,Ecuatoriana,CL,CL,Híbrido,Comercial,Customer Success Manager,Customer Success,IC2,False,2026-06-28,Indefinido,False,,BUK11676,Activo
BUK12324,Martina María Muñoz Calderón,martina.calderón@buk.example,F,1995-10-31,Paraguaya,CL,CL,Híbrido,Operaciones,Project Manager de Implementación Especialista,Implementación,IC5,False,2021-06-29,Indefinido,False,,BUK11473,Activo
BUK12325,Alan Bruno González Leal,alan.leal@buk.example,M,1995-01-21,Boliviana,CL,CL,Remoto,Tecnología,People Analytics Aprendiz,Datos,IC1,False,2025-08-25,Indefinido,False,Prefiero no responder,BUK10118,Activo
BUK12326,Ruth Nicol Guerra-Gálvez Díaz,ruth.díaz@buk.example,F,1989-02-08,Argentina,BR,BR,Remoto,Operaciones,Consultor de Implementación Aprendiz,Implementación,IC1,False,2026-03-13,Indefinido,False,Prefiero no responder,BUK10322,Activo
BUK12327,Daniela Nathaly González Astorga,daniela.astorga@buk.example,F,1993-08-26,Peruana,CL,CL,Híbrido,Administración,Abogado Corporativo Aprendiz,Legal,IC1,False,2025-06-27,Indefinido,False,,BUK10348,Activo
BUK12328,Laura Robles,laura.robles@buk.example,F,1995-11-02,Dominicana,CL,CL,Híbrido,Operaciones,Analista de Operaciones,Operaciones,IC2,False,2023-06-19,Indefinido,False,,BUK11901,Activo
BUK12329,Matheus Mendes,matheus.mendes@buk.example,M,1996-05-21,Brasileña,MX,MX,Remoto,Tecnología,Data Engineer Semi Senior,Ingeniería,IC3,False,2025-09-10,Indefinido,False,Prefiero no responder,BUK10455,Desvinculado
BUK12330,Jenny Ana Cancino Cuevas,jenny.cuevas@buk.example,F,1998-12-15,Chilena,MX,MX,Híbrido,Comercial,Account Manager Aprendiz,Customer Success,IC1,False,2024-03-05,Indefinido,False,,BUK10233,Desvinculado
BUK12331,Luz Patricia Bohórquez Morales,luz.morales@buk.example,F,2003-07-26,Colombiana,PE,CO,Híbrido,Operaciones,Especialista Payroll Ops,Operaciones,IC2,False,2023-02-21,Indefinido,False,Sí,BUK11881,Activo
BUK12332,Cristian Patricio Pardo Sanhueza,cristian.sanhueza@buk.example,M,2001-06-26,Chilena,CL,CL,Híbrido,Operaciones,Agente de Soporte Especialista,Soporte,IC5,False,2026-04-06,Indefinido,False,,BUK10093,Activo
BUK12333,Francisco Macedo,francisco.macedo@buk.example,M,1993-12-04,Portuguesa,CL,PT,Híbrido,Comercial,Account Executive Senior,Ventas,IC4,False,2025-11-28,Indefinido,False,Sí,BUK10405,Desvinculado
BUK12334,Juana Nidia González Fredes,juana.fredes@buk.example,F,2001-03-16,Ecuatoriana,CO,CO,Híbrido,Operaciones,Especialista de Soporte Especialista,Soporte,IC5,False,2025-04-05,Indefinido,False,Prefiero no responder,BUK11411,Activo
BUK12335,Bayron Juan López Romero,bayron.romero@buk.example,M,1998-11-19,Ecuatoriana,MX,MX,Presencial,Comercial,Customer Success Manager,Customer Success,IC2,False,2024-05-20,Indefinido,False,,BUK11307,Desvinculado
BUK12336,Anabel Castañeda,anabel.castañeda@buk.example,F,1999-09-30,Mexicana,MX,MX,Híbrido,Tecnología,Data Engineer Semi Senior,Ingeniería,IC3,False,2025-10-05,Indefinido,False,Sí,BUK11305,Activo
BUK12337,Patricio Retamal Ríos,patricio.ríos@buk.example,M,1989-01-14,Chilena,CL,CL,Remoto,Operaciones,Líder de Implementación,Implementación,M1,True,2023-04-28,Indefinido,False,,BUK11301,Desvinculado
BUK12338,Alicia Salgado,alicia.salgado@buk.example,F,1989-08-23,Peruana,CL,CL,Remoto,Operaciones,Líder de Implementación,Implementación,M1,True,2026-02-16,Indefinido,False,,BUK10359,Desvinculado
BUK12339,Dr. Josué Freitas,dr..freitas@buk.example,M,2005-08-31,Brasileña,MX,MX,Híbrido,Operaciones,Especialista de Soporte Payroll Senior,Soporte,IC4,False,2023-09-01,Indefinido,False,,BUK10789,Activo
BUK12340,Ferney Moreno Hernández,ferney.hernández@buk.example,M,1992-04-04,Colombiana,CO,CO,Remoto,Tecnología,Data Analyst,Datos,IC2,False,2026-01-05,Indefinido,False,,BUK10961,Desvinculado
BUK12341,Marcia Patricia Bravo Navarro,marcia.navarro@buk.example,F,2005-08-31,Chilena,CO,CO,Presencial,Comercial,Content Manager,Marketing,IC2,False,2022-07-01,Indefinido,False,,BUK10950,Activo
BUK12342,Alfredo Héctor Matus Pinilla,alfredo.pinilla@buk.example,M,1991-05-08,Venezolana,MX,MX,Remoto,Operaciones,Consultor de Implementación Semi Senior,Implementación,IC3,False,2025-09-24,Indefinido,False,,BUK11827,Activo
BUK12343,Daniela Isolina Villegas Rodríguez,daniela.rodríguez@buk.example,F,1982-10-15,Peruana,MX,MX,Remoto,Operaciones,Especialista Payroll Ops Semi Senior,Operaciones,IC3,False,2026-04-02,Indefinido,False,,BUK11543,Desvinculado
BUK12344,Martín Saucedo,martín.saucedo@buk.example,M,1993-09-13,Mexicana,CL,CL,Híbrido,Comercial,Account Executive Aprendiz,Ventas,IC1,False,2024-10-15,Indefinido,False,,BUK11796,Activo
BUK12345,Carlos Cristian Sáez Villalobos,carlos.villalobos@buk.example,M,1995-12-12,Chilena,CL,CL,Híbrido,Operaciones,Project Manager de Implementación Aprendiz,Implementación,IC1,False,2026-06-13,Indefinido,False,,BUK12170,Activo
BUK12346,Maritza Cano García,maritza.garcía@buk.example,F,1996-09-16,Colombiana,CL,CL,Remoto,Comercial,Customer Success Manager Semi Senior,Customer Success,IC3,False,2025-03-10,Indefinido,False,,BUK12263,Desvinculado
BUK12347,Alonso Adrián Jara Arancibia,alonso.arancibia@buk.example,M,1996-09-05,Uruguaya,BR,BR,Remoto,Administración,People Happiness Manager Aprendiz,Personas,IC1,False,2025-11-15,Indefinido,False,,BUK10331,Desvinculado
BUK12348,Daniel Erik Hernández Cáceres,daniel.cáceres@buk.example,M,2001-12-03,Venezolana,CL,CL,Híbrido,Tecnología,Data Engineer Semi Senior,Ingeniería,IC3,False,2022-01-16,Indefinido,False,,BUK10708,Desvinculado
BUK12349,Luis Fuentes,luis.fuentes@buk.example,M,1997-04-04,Chilena,CL,CL,Remoto,Operaciones,Especialista de Soporte,Soporte,IC2,False,2025-08-15,Indefinido,False,,BUK11993,Desvinculado
BUK12350,Juan Reyes Cid,juan.cid@buk.example,M,1994-09-01,Chilena,MX,BR,Remoto,Administración,Especialista de Formación,Personas,IC2,False,2024-04-22,Indefinido,False,Prefiero no responder,BUK10122,Activo
BUK12351,María Cazares,maría.cazares@buk.example,F,1987-09-12,Mexicana,CL,CL,Remoto,Tecnología,Product Designer Especialista,Producto,IC5,False,2023-07-09,Indefinido,False,,BUK11557,Activo
BUK12352,Jaime Jiménez Escobedo,jaime.escobedo@buk.example,M,2001-02-26,Mexicana,MX,MX,Remoto,Comercial,Account Executive Senior,Ventas,IC4,False,2024-11-24,Indefinido,False,Prefiero no responder,BUK11890,Desvinculado
BUK12353,Diana Báez,diana.báez@buk.example,F,1995-08-30,Mexicana,CO,CO,Híbrido,Administración,Talent Acquisition,Personas,IC2,False,2024-06-01,Indefinido,False,,BUK11409,Activo
BUK12354,Carlos Delgado Vilches,carlos.vilches@buk.example,M,1999-10-24,Chilena,CL,CL,Híbrido,Tecnología,Security Engineer,Ingeniería,IC2,False,2025-04-25,Indefinido,False,,BUK10650,Desvinculado
BUK12355,Scarleth Yaritza Muñoz Donoso,scarleth.donoso@buk.example,F,1998-06-12,Peruana,CO,CO,Remoto,Tecnología,Product Manager Aprendiz,Producto,IC1,False,2025-03-16,Indefinido,False,,BUK12529,Activo
BUK12356,Lino Perelló Gual,lino.gual@buk.example,M,1999-02-02,Alemana,BR,BR,Híbrido,Operaciones,Agente de Soporte Aprendiz,Soporte,IC1,False,2025-01-01,Indefinido,False,,BUK11780,Activo
BUK12357,Gary Johnson,gary.johnson@buk.example,M,1987-07-23,Canadiense,CL,CL,Remoto,Operaciones,Consultor de Implementación,Implementación,IC2,False,2024-09-25,Indefinido,False,,BUK11607,Activo
BUK12358,María Marisol Gutiérrez González,maría.gonzález@buk.example,F,1991-05-18,Chilena,CO,CO,Remoto,Tecnología,Software Engineer Aprendiz,Ingeniería,IC1,False,2025-07-05,Indefinido,False,,BUK12615,Activo
BUK12359,Isidora Aguilar Acuña,isidora.acuña@buk.example,F,1989-02-08,Venezolana,CO,CO,Híbrido,Operaciones,Analista de Operaciones Aprendiz,Operaciones,IC1,False,2025-06-22,Indefinido,False,,BUK10322,Activo
BUK12360,Sandra Ramos,sandra.ramos@buk.example,F,2001-03-28,Australiana,CL,CL,Híbrido,Comercial,Brand Manager Especialista,Marketing,IC5,False,2021-01-10,Indefinido,False,,BUK10376,Desvinculado
BUK12361,Verónica Quezada Suazo,verónica.suazo@buk.example,F,1993-03-08,Boliviana,PE,PE,Híbrido,Comercial,Account Manager Semi Senior,Customer Success,IC3,False,2026-05-08,Indefinido,False,,BUK10595,Desvinculado
BUK12362,Enrico Caldeira,enrico.caldeira@buk.example,M,1991-08-05,Brasileña,PE,PE,Remoto,Comercial,Content Manager Especialista,Marketing,IC5,False,2025-06-16,Plazo fijo,True,,BUK10477,Activo
BUK12363,Graciela Daniela López Silva,graciela.silva@buk.example,F,1998-05-30,Chilena,BR,BR,Híbrido,Operaciones,Agente de Soporte Aprendiz,Soporte,IC1,False,2025-01-01,Indefinido,False,,BUK12572,Activo
BUK12364,María Nicol Benítez Pérez,maría.pérez@buk.example,F,1997-04-07,Chilena,CL,CL,Híbrido,Administración,People Happiness Manager Senior,Personas,IC4,False,2026-01-20,Indefinido,False,,BUK11068,Activo
BUK12365,Aurora Meneses,aurora.meneses@buk.example,F,2005-08-31,Colombiana,CL,CL,Híbrido,Tecnología,QA Engineer Senior,Ingeniería,IC4,False,2025-09-27,Indefinido,False,,BUK10928,Activo
BUK12366,Magaly Caro Bustamante,magaly.bustamante@buk.example,F,1995-04-26,Chilena,CL,CL,Presencial,Comercial,Account Executive,Ventas,IC2,False,2025-05-04,Indefinido,False,,BUK11890,Activo
BUK12367,Lisa Mclaughlin,lisa.mclaughlin@buk.example,F,2005-08-31,Estadounidense,CL,CL,Remoto,Operaciones,Especialista de Soporte Semi Senior,Soporte,IC3,False,2026-03-15,Indefinido,False,Prefiero no responder,BUK11411,Desvinculado
BUK12368,Sra. Estela Casanova,sra..casanova@buk.example,F,1997-11-21,Mexicana,PE,PE,Híbrido,Administración,People Happiness Manager,Personas,IC2,False,2026-07-02,Indefinido,False,,BUK12266,Activo
BUK12369,Sebastián Alejandro Venegas Álvarez,sebastián.álvarez@buk.example,M,1997-02-11,Cubana,PE,PE,Híbrido,Operaciones,Analista de Operaciones Aprendiz,Operaciones,IC1,False,2021-04-16,Indefinido,False,,BUK10322,Activo
BUK12370,Amber Watkins,amber.watkins@buk.example,F,2005-08-31,Neozelandesa,CL,CL,Híbrido,Tecnología,Product Designer Especialista,Producto,IC5,False,2026-06-10,Indefinido,False,Prefiero no responder,BUK12005,Desvinculado
BUK12371,Ing. Diana Naranjo,ing..naranjo@buk.example,F,2001-08-25,Mexicana,PE,PE,Remoto,Tecnología,Product Designer Aprendiz,Producto,IC1,False,2025-11-05,Indefinido,False,,BUK10752,Activo
BUK12372,Verónica Silva,verónica.silva@buk.example,F,1997-12-10,Venezolana,BR,BR,Híbrido,Operaciones,Project Manager de Implementación Aprendiz,Implementación,IC1,False,2025-03-14,Indefinido,False,,BUK10710,Desvinculado
BUK12373,Verónica Barreto Lucio,verónica.lucio@buk.example,F,2005-08-31,Mexicana,CL,CL,Remoto,Operaciones,Project Manager de Implementación Senior,Implementación,IC4,False,2022-08-09,Indefinido,False,Sí,BUK12170,Desvinculado
BUK12374,Salvador Velasco Guzmán,salvador.guzmán@buk.example,M,1991-09-06,Francesa,PE,PE,Híbrido,Tecnología,People Analytics Senior,Datos,IC4,False,2026-06-09,Indefinido,False,Prefiero no responder,BUK10114,Activo
BUK12375,Nora Gómez Soto,nora.soto@buk.example,F,1993-04-08,Peruana,CL,PE,Híbrido,Tecnología,Product Designer,Producto,IC2,False,2026-03-28,Indefinido,False,Prefiero no responder,BUK10796,Activo
BUK12376,Michelle Elizabeth Elgueta Vergara,michelle.vergara@buk.example,F,1998-02-17,Chilena,PE,PE,Híbrido,Operaciones,Especialista de Soporte,Soporte,IC2,False,2025-10-29,Indefinido,False,,BUK11881,Desvinculado
BUK12377,Claudio Iturra Jara,claudio.jara@buk.example,M,1992-09-21,Chilena,CL,CL,Remoto,Comercial,Subgerente de Ventas,Ventas,M2,True,2025-10-22,Indefinido,False,,BUK10621,Activo
BUK12378,Wendy Ocampo,wendy.ocampo@buk.example,F,1987-09-29,Colombiana,PE,PE,Híbrido,Administración,Analista de Cobranza Semi Senior,Finanzas,IC3,False,2025-06-04,Indefinido,False,,BUK12496,Activo
BUK12379,Nelson Acosta,nelson.acosta@buk.example,M,1995-08-14,Colombiana,MX,ES,Remoto,Comercial,Account Executive Aprendiz,Ventas,IC1,False,2026-06-08,Indefinido,False,,BUK10147,Activo
BUK12380,Jeison Ricardo Hidalgo Hidalgo,jeison.hidalgo@buk.example,M,1996-12-28,Chilena,CO,CO,Híbrido,Tecnología,Data Engineer Senior,Ingeniería,IC4,False,2025-10-25,Indefinido,False,,BUK10991,Activo
BUK12381,Damaris Liliana Rodríguez,damaris.rodríguez@buk.example,F,1990-01-21,Colombiana,BR,BR,Remoto,Comercial,Ejecutivo Comercial Semi Senior,Ventas,IC3,False,2025-08-16,Plazo fijo,False,,BUK10766,Activo
BUK12382,Ing. Eugenia Henríquez,ing..henríquez@buk.example,F,1997-10-28,Mexicana,CO,CO,Remoto,Tecnología,Security Engineer Especialista,Ingeniería,IC5,False,2025-03-19,Indefinido,False,,BUK10796,Activo
BUK12383,María Claudia Riquelme Jerez,maría.jerez@buk.example,F,1997-08-28,Chilena,CO,CO,Híbrido,Tecnología,Data Analyst,Datos,IC2,False,2026-04-10,Indefinido,False,,BUK11183,Activo
BUK12384,Mónica Edith Cofré León,mónica.león@buk.example,F,1993-09-02,Ecuatoriana,CO,CO,Híbrido,Operaciones,Especialista de Soporte Senior,Soporte,IC4,False,2026-01-28,Indefinido,False,Prefiero no responder,BUK10949,Activo
BUK12385,Domingo Hernán Olmos Ceballos,domingo.ceballos@buk.example,M,1994-10-05,Chilena,CL,CL,Híbrido,Tecnología,SRE Senior,Ingeniería,IC4,False,2025-10-02,Indefinido,False,,BUK11305,Desvinculado
BUK12386,Julián Hidalgo Pereira,julián.pereira@buk.example,M,2001-07-09,Argentina,CL,CL,Remoto,Operaciones,Agente de Soporte Semi Senior,Soporte,IC3,False,2025-12-29,Plazo fijo,False,,BUK11780,Activo
BUK12387,Nilson Duván Tovar,nilson.tovar@buk.example,M,2000-12-18,Colombiana,MX,MX,Híbrido,Comercial,Gerente de Ventas,Ventas,M3,True,2022-01-01,Indefinido,False,Sí,,Desvinculado
BUK12388,Urbano Pazos Costa,urbano.costa@buk.example,M,2001-01-01,Italiana,MX,MX,Remoto,Operaciones,Agente de Soporte Especialista,Soporte,IC5,False,2024-11-14,Plazo fijo,False,,BUK10800,Desvinculado
BUK12389,Gladys María Tapia Segura,gladys.segura@buk.example,F,1995-06-13,Boliviana,MX,MX,Remoto,Tecnología,Analytics Engineer Senior,Datos,IC4,False,2022-01-01,Indefinido,False,,BUK11305,Desvinculado
BUK12390,Uberlinda Ana Lucero Vera,uberlinda.vera@buk.example,F,1987-12-17,Argentina,CL,CL,Híbrido,Comercial,Especialista de Renovaciones Semi Senior,Customer Success,IC3,False,2025-11-14,Indefinido,False,,BUK10975,Activo
BUK12391,Giselle López,giselle.lópez@buk.example,F,1994-04-10,Chilena,CL,CL,Híbrido,Comercial,SDR Aprendiz,Ventas,IC1,False,2026-01-04,Indefinido,False,,BUK10312,Activo
BUK12392,Juan González,juan.gonzález@buk.example,M,1993-07-17,Venezolana,CL,CL,Remoto,Operaciones,Project Manager de Implementación Aprendiz,Implementación,IC1,False,2026-01-08,Indefinido,False,,BUK11023,Activo
BUK12393,Ivonne Dulce María Villalobos,ivonne.villalobos@buk.example,F,1997-10-08,Mexicana,CL,CL,Remoto,Comercial,Account Manager,Customer Success,IC2,False,2026-04-18,Indefinido,False,,BUK10477,Activo
BUK12394,Jorge Víctor Flores Prado,jorge.prado@buk.example,M,1995-08-30,Peruana,CL,CL,Híbrido,Administración,Líder de Personas,Personas,M1,True,2025-09-23,Indefinido,False,,BUK11504,Activo
BUK12395,Jonathan Jorge Mancilla Pozo,jonathan.pozo@buk.example,M,1991-12-08,Argentina,CL,CL,Híbrido,Tecnología,Data Engineer Senior,Ingeniería,IC4,False,2025-09-16,Indefinido,False,,BUK10250,Desvinculado
BUK12396,Rosalia Elena Benavídez Valdez,rosalia.valdez@buk.example,F,2003-11-21,Mexicana,CL,CL,Presencial,Operaciones,Especialista Payroll Ops Aprendiz,Operaciones,IC1,False,2025-12-23,Indefinido,False,,BUK10789,Desvinculado
BUK12397,Demian Cristobal Ojeda Poblete,demian.poblete@buk.example,M,1990-01-25,Peruana,CL,CL,Remoto,Operaciones,Consultor de Implementación Senior,Implementación,IC4,False,2025-07-16,Indefinido,False,Prefiero no responder,BUK11411,Activo
BUK12398,Sebastián Arellano,sebastián.arellano@buk.example,M,1993-10-07,Boliviana,CL,CL,Remoto,Operaciones,Project Manager de Implementación,Implementación,IC2,False,2023-07-21,Indefinido,False,,BUK10326,Activo
BUK12399,Damaris Carmen Dinamarca Chávez,damaris.chávez@buk.example,F,1990-01-30,Venezolana,MX,MX,Presencial,Comercial,Especialista de Renovaciones Semi Senior,Customer Success,IC3,False,2026-06-07,Indefinido,False,Prefiero no responder,BUK10950,Activo
BUK12400,Eduarda Novais,eduarda.novais@buk.example,F,2001-06-02,Brasileña,MX,MX,Híbrido,Operaciones,Especialista de Soporte Payroll Semi Senior,Soporte,IC3,False,2026-04-28,Indefinido,False,Prefiero no responder,BUK10453,Activo
BUK12401,Sandra Bugueño Martínez,sandra.martínez@buk.example,F,1993-11-12,Chilena,MX,MX,Híbrido,Comercial,Growth Marketer Semi Senior,Marketing,IC3,False,2026-03-08,Indefinido,False,,BUK10233,Activo
BUK12402,Natalia Chávez Contreras,natalia.contreras@buk.example,F,2005-01-23,Venezolana,CL,CL,Remoto,Comercial,Account Executive,Ventas,IC2,False,2025-07-09,Indefinido,False,Sí,BUK10619,Activo
BUK12403,Aldo Cordero Figueroa,aldo.figueroa@buk.example,M,1996-07-15,Chilena,PE,PE,Remoto,Operaciones,Especialista de Soporte Semi Senior,Soporte,IC3,False,2025-10-23,Indefinido,False,Prefiero no responder,BUK12337,Activo
BUK12404,Cristian Manuel Zapata Córdova,cristian.córdova@buk.example,M,1995-01-22,Peruana,MX,MX,Híbrido,Operaciones,Especialista Payroll Ops,Operaciones,IC2,False,2022-01-01,Indefinido,False,,BUK11964,Desvinculado
BUK12405,Gonzalo Godoy,gonzalo.godoy@buk.example,M,1996-02-17,Venezolana,CL,CL,Presencial,Comercial,Account Executive Semi Senior,Ventas,IC3,False,2026-03-29,Plazo fijo,False,Prefiero no responder,BUK12641,Activo
BUK12406,Jose Miguel de Montesinos,jose.montesinos@buk.example,M,2005-08-31,Española,MX,MX,Remoto,Comercial,Account Manager,Customer Success,IC2,False,2025-01-30,Indefinido,False,,BUK10619,Desvinculado
BUK12407,Gabriel Rodrigo Morales Rojas,gabriel.rojas@buk.example,No binario / No informa,2004-07-17,Venezolana,PE,MX,Híbrido,Operaciones,Especialista de Soporte,Soporte,IC2,False,2025-12-13,Indefinido,False,Prefiero no responder,BUK11027,Activo
BUK12408,Doris Ortiz,doris.ortiz@buk.example,F,1993-10-22,Colombiana,MX,MX,Presencial,Tecnología,SRE Aprendiz,Ingeniería,IC1,False,2024-11-08,Indefinido,False,Sí,BUK10991,Desvinculado
BUK12409,Lorena Silva,lorena.silva@buk.example,F,2000-10-18,Portuguesa,CL,CL,Híbrido,Operaciones,Especialista de Soporte Semi Senior,Soporte,IC3,False,2026-04-25,Plazo fijo,False,,BUK10453,Desvinculado
BUK12410,Pablo Droguett Núñez,pablo.núñez@buk.example,M,1987-06-18,Argentina,CL,BR,Remoto,Comercial,Customer Success Manager Especialista,Customer Success,IC5,False,2025-08-23,Indefinido,False,,BUK10619,Activo
BUK12411,Romina Mariana Rosales Paredes,romina.paredes@buk.example,F,1990-03-15,Chilena,CO,CO,Remoto,Tecnología,Data Analyst,Datos,IC2,False,2025-12-03,Indefinido,False,Sí,BUK10183,Activo
BUK12412,Rodrigo Espinoza,rodrigo.espinoza@buk.example,M,1989-08-20,Chilena,CO,CO,Remoto,Tecnología,Software Engineer Senior,Ingeniería,IC4,False,2024-06-19,Indefinido,False,Sí,BUK12446,Activo
BUK12413,Adela Olvera Granado,adela.granado@buk.example,F,1997-03-05,Mexicana,BR,BR,Híbrido,Operaciones,Project Manager de Implementación,Implementación,IC2,False,2025-07-29,Indefinido,False,,BUK11027,Activo
BUK12414,Beatriz Rodríguez,beatriz.rodríguez@buk.example,F,1999-08-07,Colombiana,MX,MX,Híbrido,Comercial,Ejecutivo Comercial Aprendiz,Ventas,IC1,False,2025-08-02,Indefinido,False,,BUK11796,Desvinculado
BUK12415,Fresia Alvear,fresia.alvear@buk.example,F,1994-08-26,Chilena,CO,CO,Híbrido,Operaciones,Analista de Operaciones Semi Senior,Operaciones,IC3,False,2024-07-16,Indefinido,False,Prefiero no responder,BUK11607,Activo
BUK12416,Michael Carlos Rivas Avendaño,michael.avendaño@buk.example,M,1998-05-30,Peruana,CL,BR,Remoto,Tecnología,Data Engineer Semi Senior,Ingeniería,IC3,False,2026-06-06,Indefinido,False,,BUK10796,Activo
BUK12417,Thales Albuquerque,thales.albuquerque@buk.example,M,1995-02-18,Brasileña,CL,CL,Remoto,Tecnología,Security Engineer Semi Senior,Ingeniería,IC3,False,2026-03-14,Indefinido,False,,BUK10241,Activo
BUK12418,Diego Miranda Castro,diego.castro@buk.example,M,1997-02-01,Peruana,CL,CL,Híbrido,Tecnología,Data Analyst Aprendiz,Datos,IC1,False,2025-11-20,Indefinido,False,,BUK10708,Activo
BUK12419,José Venegas,josé.venegas@buk.example,M,1993-10-17,Chilena,CL,CL,Híbrido,Tecnología,Security Engineer Aprendiz,Ingeniería,IC1,False,2022-09-13,Indefinido,False,Prefiero no responder,BUK11474,Activo
BUK12420,Ivonne Romero,ivonne.romero@buk.example,F,1997-07-28,Colombiana,CL,CL,Híbrido,Tecnología,People Analytics Senior,Datos,IC4,False,2023-11-10,Indefinido,False,,BUK10455,Activo
BUK12421,Emiliano Olave Montenegro,emiliano.montenegro@buk.example,M,2000-10-01,Chilena,CO,CO,Remoto,Comercial,Brand Manager Senior,Marketing,IC4,False,2023-01-22,Indefinido,False,,BUK10408,Activo
BUK12422,Esperanza Herrera Osorio,esperanza.osorio@buk.example,F,2000-03-23,Colombiana,CL,CL,Híbrido,Tecnología,People Analytics,Datos,IC2,False,2024-10-04,Indefinido,False,Sí,BUK10796,Activo
BUK12423,Rafael Pineda,rafael.pineda@buk.example,M,2005-08-31,Venezolana,CL,CL,Remoto,Operaciones,Project Manager de Implementación Senior,Implementación,IC4,False,2026-04-16,Indefinido,False,,BUK10710,Activo
BUK12424,Alfonso Alexander González García,alfonso.garcía@buk.example,M,1990-11-07,Colombiana,CO,CO,Remoto,Tecnología,Product Manager,Producto,IC2,False,2023-10-25,Plazo fijo,False,,BUK10928,Desvinculado
BUK12425,Haydée Rodríguez Herrera,haydée.herrera@buk.example,F,1997-06-30,Paraguaya,MX,AR,Híbrido,Operaciones,Consultor de Implementación Aprendiz,Implementación,IC1,False,2023-05-30,Indefinido,False,,BUK11780,Activo
BUK12426,Manuel Ibarra Ayala,manuel.ayala@buk.example,M,1990-03-04,Venezolana,CL,CL,Híbrido,Comercial,Account Executive,Ventas,IC2,False,2026-01-27,Indefinido,False,Prefiero no responder,BUK10327,Desvinculado
BUK12427,Allana Barros,allana.barros@buk.example,F,1988-02-07,Brasileña,CL,CL,Presencial,Comercial,Account Manager Semi Senior,Customer Success,IC3,False,2025-05-21,Indefinido,False,,BUK10680,Desvinculado
BUK12428,Modesto Segura,modesto.segura@buk.example,M,1987-06-19,Mexicana,CL,CL,Remoto,Operaciones,Analista de Operaciones Semi Senior,Operaciones,IC3,False,2026-02-02,Indefinido,True,Sí,BUK11993,Activo
BUK12429,Giovanna Cirino,giovanna.cirino@buk.example,F,2005-08-31,Brasileña,CL,CL,Híbrido,Administración,Especialista de Formación Aprendiz,Personas,IC1,False,2022-04-30,Indefinido,False,Prefiero no responder,BUK11815,Activo
BUK12430,Susana Galván Narváez,susana.narváez@buk.example,F,1990-06-06,Alemana,PE,PE,Presencial,Operaciones,Consultor de Implementación,Implementación,IC2,False,2022-11-17,Indefinido,False,Prefiero no responder,BUK11881,Activo
BUK12431,María Tapia,maría.tapia@buk.example,F,1992-01-07,Chilena,CL,CL,Híbrido,Comercial,Account Executive,Ventas,IC2,False,2026-05-23,Indefinido,False,,BUK11262,Activo
BUK12432,Ana Laura da Rocha,ana.rocha@buk.example,F,1999-03-09,Brasileña,CL,BR,Híbrido,Comercial,SDR,Ventas,IC2,False,2026-01-20,Indefinido,True,Prefiero no responder,BUK10147,Activo
BUK12433,Manuela Paola Henríquez Pincheira,manuela.pincheira@buk.example,F,2005-07-19,Chilena,MX,MX,Híbrido,Operaciones,Agente de Soporte Senior,Soporte,IC4,False,2025-04-28,Indefinido,False,,BUK12554,Desvinculado
BUK12434,Ester Nicole Moreno Peña,ester.peña@buk.example,F,1990-10-12,Chilena,MX,MX,Híbrido,Comercial,Ejecutivo Comercial Aprendiz,Ventas,IC1,False,2024-08-04,Indefinido,False,Sí,BUK10477,Activo
BUK12435,Thomas Freitas,thomas.freitas@buk.example,M,2000-08-03,Brasileña,BR,BR,Remoto,Tecnología,Security Engineer Aprendiz,Ingeniería,IC1,False,2025-08-02,Plazo fijo,False,,BUK12615,Activo
BUK12436,Cristhian Milán Suazo Reyes,cristhian.reyes@buk.example,M,2000-12-07,Chilena,CL,CL,Híbrido,Operaciones,Project Manager de Implementación,Implementación,IC2,False,2025-10-22,Indefinido,False,,BUK10302,Activo
BUK12437,Graciela Elena Rodríquez Marrero,graciela.marrero@buk.example,F,1996-03-07,Mexicana,CL,CL,Presencial,Comercial,Ejecutivo Comercial,Ventas,IC2,False,2023-07-07,Indefinido,False,Prefiero no responder,BUK11307,Desvinculado
BUK12438,Eugenia Amparo García Osorio,eugenia.osorio@buk.example,F,1995-11-06,Colombiana,MX,MX,Remoto,Operaciones,Especialista de Soporte Payroll,Soporte,IC2,False,2022-01-01,Indefinido,True,,BUK12515,Activo
BUK12439,Carlos José Emilio Santana,carlos.santana@buk.example,M,1991-04-05,Mexicana,CL,BR,Remoto,Tecnología,Data Analyst Semi Senior,Datos,IC3,False,2019-04-13,Indefinido,False,,BUK10118,Activo
BUK12440,Fidel Benito Gaitán Arias,fidel.arias@buk.example,M,2003-01-03,Mexicana,CL,CL,Remoto,Operaciones,Especialista Payroll Ops Aprendiz,Operaciones,IC1,False,2017-05-11,Indefinido,False,Prefiero no responder,BUK10867,Desvinculado
BUK12441,Camila Barrientos Ramos,camila.ramos@buk.example,F,1987-10-20,Mexicana,CO,CO,Híbrido,Comercial,Líder de Ventas,Ventas,M1,True,2025-12-02,Indefinido,False,,BUK10630,Activo
BUK12442,David Kim,david.kim@buk.example,M,2000-11-04,Canadiense,CO,CO,Remoto,Comercial,Ejecutivo Comercial Semi Senior,Ventas,IC3,False,2024-03-22,Indefinido,False,,BUK11240,Activo
BUK12443,Luis René Alvarado Torres,luis.torres@buk.example,M,1990-01-08,Venezolana,BR,BR,Remoto,Administración,Control de Gestión Semi Senior,Finanzas,IC3,False,2025-01-01,Indefinido,False,Sí,BUK10844,Activo
BUK12444,Vitória Almeida,vitória.almeida@buk.example,F,2002-09-19,Brasileña,CL,CL,Híbrido,Tecnología,Software Engineer,Ingeniería,IC2,False,2019-11-13,Indefinido,False,,BUK12165,Desvinculado
BUK12445,Luz Kelly Rueda Díaz,luz.díaz@buk.example,F,2005-08-31,Colombiana,CL,CL,Remoto,Administración,Abogado Corporativo Semi Senior,Legal,IC3,False,2025-09-20,Indefinido,False,,BUK10921,Desvinculado
BUK12446,Darío Joaquín Ulibarri Orellana,darío.orellana@buk.example,M,1998-05-24,Mexicana,CL,CL,Remoto,Tecnología,Líder de Ingeniería,Ingeniería,M1,True,2026-02-23,Indefinido,False,,BUK11288,Desvinculado
BUK12447,Alfonso Vicente Campo González,alfonso.gonzález@buk.example,M,1999-04-03,Colombiana,CL,CL,Híbrido,Tecnología,Data Engineer Semi Senior,Ingeniería,IC3,False,2024-01-01,Indefinido,False,,BUK10866,Desvinculado
BUK12448,Anderson Sierra Martínez,anderson.martínez@buk.example,M,2005-08-31,Colombiana,CL,CL,Remoto,Tecnología,Data Engineer Semi Senior,Ingeniería,IC3,False,2025-01-17,Indefinido,False,Sí,BUK10963,Activo
BUK12449,María Florencia Díaz Tapia,maría.tapia@buk.example,F,1988-06-08,Venezolana,CL,CL,Híbrido,Comercial,SDR Semi Senior,Ventas,IC3,False,2026-03-23,Indefinido,False,Sí,BUK10144,Activo
BUK12450,Krishna María Ovalle Jiménez,krishna.jiménez@buk.example,F,1994-08-01,Chilena,MX,CL,Híbrido,Operaciones,Consultor de Implementación,Implementación,IC2,False,2022-12-08,Indefinido,False,,BUK11411,Activo
BUK12451,Gustavo Diego Bugueño Astudillo,gustavo.astudillo@buk.example,M,1997-04-22,Peruana,CL,CL,Remoto,Comercial,Content Manager Semi Senior,Marketing,IC3,False,2023-08-16,Indefinido,False,,BUK10694,Activo
BUK12452,Jenny Pereira,jenny.pereira@buk.example,F,1987-07-02,Peruana,MX,MX,Híbrido,Administración,Gerente de Personas,Personas,M3,True,2022-08-03,Indefinido,False,,,Desvinculado
BUK12453,Elian Adasme,elian.adasme@buk.example,M,2000-02-26,Chilena,MX,MX,Híbrido,Comercial,Ejecutivo Comercial Semi Senior,Ventas,IC3,False,2026-07-31,Indefinido,False,Prefiero no responder,BUK10600,Desvinculado
BUK12454,María Cecilia Guzmán Ayala,maría.ayala@buk.example,F,1999-07-18,Chilena,CO,CO,Híbrido,Comercial,Brand Manager Senior,Marketing,IC4,False,2020-12-16,Plazo fijo,False,,BUK10792,Activo
BUK12455,Jorge Julio Ponce Araya,jorge.araya@buk.example,M,1997-04-18,Peruana,CL,CL,Híbrido,Comercial,Account Manager Semi Senior,Customer Success,IC3,False,2025-08-14,Indefinido,False,Sí,BUK11407,Activo
BUK12456,Marjorie María Miranda Mora,marjorie.mora@buk.example,F,1995-08-21,Peruana,CL,CL,Híbrido,Operaciones,Especialista de Soporte Payroll,Soporte,IC2,False,2025-02-14,Indefinido,False,,BUK11607,Activo
BUK12457,Javiera María Toro Rodríguez,javiera.rodríguez@buk.example,F,2004-08-16,Chilena,CL,MX,Remoto,Operaciones,Analista de Operaciones Especialista,Operaciones,IC5,False,2024-12-11,Indefinido,False,Prefiero no responder,BUK11827,Desvinculado
BUK12458,Marco Cano,marco.cano@buk.example,M,2001-03-30,Colombiana,MX,MX,Remoto,Tecnología,Líder de Ingeniería,Ingeniería,M1,True,2026-05-10,Indefinido,False,Sí,BUK12037,Activo
BUK12459,Hermes Morales,hermes.morales@buk.example,M,1999-07-29,Chilena,CL,CL,Remoto,Operaciones,Especialista de Soporte Payroll Semi Senior,Soporte,IC3,False,2026-05-11,Indefinido,False,Prefiero no responder,BUK12632,Activo
BUK12460,Raquel Bárbara Riquelme Díaz,raquel.díaz@buk.example,F,1997-09-03,Peruana,CL,CL,Híbrido,Comercial,Account Manager Senior,Customer Success,IC4,False,2026-03-22,Plazo fijo,False,Prefiero no responder,BUK10680,Desvinculado
BUK12461,Margarita Vallejos,margarita.vallejos@buk.example,F,1998-02-08,Chilena,MX,MX,Remoto,Tecnología,QA Engineer Especialista,Ingeniería,IC5,False,2026-03-10,Indefinido,False,Sí,BUK10059,Desvinculado
BUK12462,Mercedes Vallejos,mercedes.vallejos@buk.example,F,2000-02-24,Chilena,CL,ES,Híbrido,Administración,Talent Acquisition,Personas,IC2,False,2024-11-28,Indefinido,False,,BUK10122,Activo
BUK12463,Andrés Jorge Luis Barrios Guzmán,andrés.guzmán@buk.example,M,2002-12-09,Mexicana,CL,CL,Presencial,Tecnología,Software Engineer Especialista,Ingeniería,IC5,False,2024-01-02,Indefinido,False,,BUK10752,Activo
BUK12464,Jeremy Dinamarca Martínez,jeremy.martínez@buk.example,M,1990-04-20,Chilena,MX,MX,Remoto,Administración,Analista Contable Aprendiz,Finanzas,IC1,False,2025-01-11,Indefinido,False,Sí,BUK11884,Activo
BUK12465,Socorro Ponce Elizondo,socorro.elizondo@buk.example,F,1987-09-14,Mexicana,CL,CL,Remoto,Administración,Líder de Personas,Personas,M1,True,2024-09-03,Indefinido,False,Prefiero no responder,BUK12127,Activo
BUK12466,Lic. Rosario Piña,lic..piña@buk.example,F,1988-10-05,Mexicana,CL,CL,Remoto,Comercial,SDR Especialista,Ventas,IC5,False,2025-07-03,Indefinido,True,Prefiero no responder,BUK11676,Activo
BUK12467,Jeannette Nadia Zúñiga Cofré,jeannette.cofré@buk.example,F,1996-09-13,Chilena,CL,BR,Remoto,Operaciones,Project Manager de Implementación Senior,Implementación,IC4,False,2021-01-24,Indefinido,False,,BUK11411,Activo
BUK12468,Javiera Peña,javiera.peña@buk.example,F,2005-08-31,Argentina,MX,MX,Híbrido,Operaciones,Consultor de Implementación Aprendiz,Implementación,IC1,False,2024-10-25,Indefinido,False,,BUK11964,Desvinculado
BUK12469,Marlon Medina Suárez,marlon.suárez@buk.example,M,2000-05-27,Colombiana,CL,PE,Híbrido,Comercial,Especialista de Renovaciones,Customer Success,IC2,False,2025-09-02,Indefinido,False,,BUK11070,Activo
BUK12470,Ana Clara Martins,ana.martins@buk.example,F,2000-10-28,Brasileña,CL,CL,Presencial,Tecnología,Subgerente de Ingeniería,Ingeniería,M2,True,2020-10-19,Indefinido,False,,BUK12603,Activo
BUK12471,Renata Ana Parra Ulloa,renata.ulloa@buk.example,F,2005-08-31,Peruana,CL,CL,Presencial,Tecnología,QA Engineer Aprendiz,Ingeniería,IC1,False,2026-05-05,Indefinido,False,Prefiero no responder,BUK10183,Activo
BUK12472,Verónica Aguirre Linares,verónica.linares@buk.example,F,1989-09-15,Mexicana,CL,CL,Híbrido,Tecnología,Líder de Producto,Producto,M1,True,2022-06-13,Indefinido,False,,BUK11582,Activo
BUK12473,Eliseo Ovalle-González Meneses,eliseo.meneses@buk.example,M,1988-11-04,Costarricense,MX,MX,Remoto,Comercial,SDR Senior,Ventas,IC4,False,2025-05-26,Indefinido,False,,BUK10233,Desvinculado
BUK12474,Marta Katherine Figueroa Hidalgo,marta.hidalgo@buk.example,F,1984-02-27,Chilena,BR,BR,Remoto,Comercial,SDR Semi Senior,Ventas,IC3,False,2025-11-26,Indefinido,False,Prefiero no responder,BUK10564,Desvinculado
BUK12475,Ignacio Marco Acosta Jiménez,ignacio.jiménez@buk.example,M,1987-12-22,Argentina,CL,CL,Híbrido,Comercial,Account Executive Semi Senior,Ventas,IC3,False,2024-08-11,Indefinido,False,,BUK10975,Activo
BUK12476,César Muñoz,césar.muñoz@buk.example,M,1996-01-10,Chilena,CL,CL,Híbrido,Administración,Control de Gestión Senior,Finanzas,IC4,False,2025-12-17,Indefinido,False,,BUK10746,Activo
BUK12477,María Orozco,maría.orozco@buk.example,F,1997-07-09,Colombiana,CL,CL,Híbrido,Tecnología,Product Manager Especialista,Producto,IC5,False,2026-03-23,Indefinido,False,,BUK11183,Desvinculado
BUK12478,Marjorie Constanza Poblete Moraga,marjorie.moraga@buk.example,F,1996-08-12,Chilena,CL,CL,Híbrido,Tecnología,Security Engineer,Ingeniería,IC2,False,2019-12-27,Plazo fijo,False,,BUK10455,Activo
BUK12479,Sebastián Lizama Hernández,sebastián.hernández@buk.example,M,2001-03-21,Chilena,CL,PT,Presencial,Administración,Especialista de Formación Semi Senior,Personas,IC3,False,2025-04-28,Plazo fijo,False,Sí,BUK12465,Activo
BUK12480,Pía Evelyn Cornejo Moraga,pía.moraga@buk.example,F,1992-04-28,Boliviana,CL,CL,Híbrido,Operaciones,Especialista de Soporte Payroll Semi Senior,Soporte,IC3,False,2026-05-27,Indefinido,False,,BUK11543,Activo
BUK12481,Marcela Quezada Soto,marcela.soto@buk.example,F,1998-01-02,Venezolana,CO,CO,Híbrido,Tecnología,Analytics Engineer Semi Senior,Datos,IC3,False,2025-12-03,Indefinido,False,,BUK10963,Activo
BUK12482,Tatiana Ema Castillo Pérez,tatiana.pérez@buk.example,F,1991-07-04,Chilena,CL,CL,Híbrido,Tecnología,SRE Semi Senior,Ingeniería,IC3,False,2025-10-07,Indefinido,False,,BUK12615,Activo
BUK12483,José Bruno Concha González,josé.gonzález@buk.example,M,1986-08-10,Chilena,CO,PE,Remoto,Tecnología,UX Researcher,Producto,IC2,False,2021-07-16,Indefinido,False,Sí,BUK10987,Activo
BUK12484,Juan Lucas Parra Morales,juan.morales@buk.example,M,1996-06-24,Chilena,CO,CO,Híbrido,Operaciones,Project Manager de Implementación,Implementación,IC2,False,2026-06-14,Indefinido,False,Prefiero no responder,BUK10351,Desvinculado
BUK12485,Dante López Ahumada,dante.ahumada@buk.example,M,1993-09-06,Chilena,CL,CL,Híbrido,Operaciones,Especialista de Soporte Senior,Soporte,IC4,False,2023-11-12,Indefinido,False,,BUK10019,Activo
BUK12486,Adriana Ramos-Lagos Marchant,adriana.marchant@buk.example,F,1982-05-30,Chilena,CL,CL,Remoto,Administración,Control de Gestión,Finanzas,IC2,False,2020-06-02,Plazo fijo,False,,BUK10442,Activo
BUK12487,Patricio Jorge Valenzuela Aravena,patricio.aravena@buk.example,M,1992-11-16,Chilena,PE,PE,Híbrido,Tecnología,Product Manager,Producto,IC2,False,2022-08-25,Indefinido,False,Sí,BUK11154,Activo
BUK12488,Diego Cáceres Campos,diego.campos@buk.example,M,1990-08-27,Chilena,CL,CL,Remoto,Operaciones,Analista de Operaciones Senior,Operaciones,IC4,False,2024-08-31,Indefinido,False,,BUK12170,Activo
BUK12489,Patricia Natalia Barrera Troncoso,patricia.troncoso@buk.example,F,1997-08-10,Venezolana,MX,MX,Remoto,Administración,Control de Gestión,Finanzas,IC2,False,2026-06-15,Plazo fijo,False,,BUK10442,Desvinculado
BUK12490,Jerónimo Samuel Vallejo,jerónimo.vallejo@buk.example,M,1997-02-05,Mexicana,PE,PE,Remoto,Administración,Especialista de Formación,Personas,IC2,False,2022-08-22,Plazo fijo,False,,BUK10900,Activo
BUK12491,Diego Ricardo Sánchez Gómez,diego.gómez@buk.example,M,1993-12-25,Chilena,PE,PE,Remoto,Comercial,Ejecutivo Comercial,Ventas,IC2,False,2026-03-13,Indefinido,False,Sí,BUK11546,Activo
BUK12492,Marcela Teresa Robles Ávila,marcela.ávila@buk.example,F,1996-07-13,Chilena,MX,MX,Presencial,Operaciones,Especialista de Soporte Payroll Semi Senior,Soporte,IC3,False,2022-06-06,Indefinido,False,,BUK12554,Activo
BUK12493,Sofía Pérez Ortiz,sofía.ortiz@buk.example,F,2001-02-26,Chilena,PE,PE,Remoto,Operaciones,Especialista de Soporte Payroll Aprendiz,Soporte,IC1,False,2021-01-12,Indefinido,False,Prefiero no responder,BUK11993,Activo
BUK12494,Juan Espinoza-Leiva,juan.espinoza-leiva@buk.example,M,1986-04-01,Costarricense,BR,BR,Presencial,Tecnología,SRE Semi Senior,Ingeniería,IC3,False,2025-01-01,Indefinido,False,,BUK10852,Activo
BUK12495,Rafael da Rocha,rafael.rocha@buk.example,M,2000-09-26,Portuguesa,PE,PE,Remoto,Administración,Control de Gestión Semi Senior,Finanzas,IC3,False,2025-08-24,Indefinido,False,,BUK10746,Activo
BUK12496,Manuel Ramón Tapia Aguilera,manuel.aguilera@buk.example,M,1992-07-12,Peruana,CL,CL,Híbrido,Administración,Líder de Finanzas,Finanzas,M1,True,2026-03-19,Indefinido,False,,BUK11844,Activo
BUK12497,Patricia Encina,patricia.encina@buk.example,F,1994-05-02,Chilena,CL,CL,Híbrido,Administración,Analista Contable Senior,Finanzas,IC4,False,2023-06-06,Indefinido,False,,BUK10442,Activo
BUK12498,Gonzalo Molina Aránguiz,gonzalo.aránguiz@buk.example,M,1999-09-12,Venezolana,CL,CL,Híbrido,Tecnología,Security Engineer Aprendiz,Ingeniería,IC1,False,2026-07-04,Indefinido,False,,BUK11183,Activo
BUK12499,Christopher Urzúa Avilés,christopher.avilés@buk.example,M,1996-06-26,Chilena,MX,MX,Híbrido,Tecnología,Líder de Ingeniería,Ingeniería,M1,True,2024-05-29,Indefinido,False,,BUK11587,Activo
BUK12500,Ana Martha Ríos Gómez,ana.gómez@buk.example,F,1996-01-24,Colombiana,CL,CL,Híbrido,Tecnología,SRE Semi Senior,Ingeniería,IC3,False,2024-12-05,Indefinido,False,,BUK11154,Activo
BUK12501,Emilia Paola Aguirre Morales,emilia.morales@buk.example,F,1992-09-19,Venezolana,CL,CL,Remoto,Comercial,Account Executive Semi Senior,Ventas,IC3,False,2023-06-06,Indefinido,False,,BUK10910,Desvinculado
BUK12502,Emiliano Eduardo Figueroa Gallardo,emiliano.gallardo@buk.example,M,1995-11-23,Chilena,CL,CL,Híbrido,Comercial,Especialista de Renovaciones,Customer Success,IC2,False,2023-01-21,Indefinido,False,,BUK10975,Activo
BUK12503,Arturo Álvarez,arturo.álvarez@buk.example,M,1993-11-15,Chilena,CL,CL,Remoto,Comercial,Account Manager,Customer Success,IC2,False,2025-09-06,Indefinido,False,,BUK10595,Activo
BUK12504,Rafaela Nascimento,rafaela.nascimento@buk.example,F,1992-03-20,Brasileña,PE,PE,Híbrido,Comercial,Growth Marketer,Marketing,IC2,False,2025-04-16,Indefinido,False,,BUK11407,Activo
BUK12505,Lidia Luz Fernández Romero,lidia.romero@buk.example,F,2005-08-31,Venezolana,PE,PE,Remoto,Tecnología,Security Engineer Semi Senior,Ingeniería,IC3,False,2024-09-08,Indefinido,False,Prefiero no responder,BUK10991,Activo
BUK12506,Sara Ávila Pérez,sara.pérez@buk.example,F,1997-02-24,Chilena,CL,CL,Híbrido,Administración,Analista de Cobranza,Finanzas,IC2,False,2022-11-06,Indefinido,False,,BUK12465,Activo
BUK12507,Emily Yáñez,emily.yáñez@buk.example,F,1987-03-30,Chilena,CL,CL,Remoto,Operaciones,Especialista Payroll Ops Aprendiz,Operaciones,IC1,False,2024-10-11,Indefinido,False,,BUK11543,Activo
BUK12508,Jocelyn González González,jocelyn.gonzález@buk.example,F,1990-04-23,Venezolana,MX,MX,Híbrido,Operaciones,Especialista de Soporte Senior,Soporte,IC4,False,2022-11-27,Indefinido,False,,BUK10150,Activo
BUK12509,Juan Francisco Sepúlveda Quiroga,juan.quiroga@buk.example,M,1999-05-07,Argentina,CO,CO,Remoto,Tecnología,QA Engineer Aprendiz,Ingeniería,IC1,False,2023-07-01,Indefinido,False,Prefiero no responder,BUK11305,Activo
BUK12510,Mónica Martina Córdova Escobar,mónica.escobar@buk.example,F,1991-11-20,Argentina,CL,ES,Remoto,Administración,Control de Gestión Senior,Finanzas,IC4,False,2025-06-26,Indefinido,False,,BUK10844,Activo
BUK12511,Marcelo Gastón Reyes Aguilera,marcelo.aguilera@buk.example,M,2004-05-23,Argentina,CL,CL,Híbrido,Comercial,Brand Manager Senior,Marketing,IC4,False,2023-04-11,Indefinido,False,Sí,BUK10792,Desvinculado
BUK12512,Carol Claudia Contreras Toro,carol.toro@buk.example,F,1993-02-01,Chilena,PE,PE,Híbrido,Comercial,Customer Success Manager,Customer Success,IC2,False,2022-07-11,Indefinido,True,,BUK11240,Desvinculado
BUK12513,Rigoberto Jorge Rojas Álvarez,rigoberto.álvarez@buk.example,M,2000-11-25,Chilena,CL,CL,Híbrido,Operaciones,Especialista Payroll Ops,Operaciones,IC2,False,2024-09-28,Indefinido,False,,BUK10478,Desvinculado
BUK12514,Jorge Luis Jorquera Marín,jorge.marín@buk.example,M,1998-04-29,Chilena,CO,CO,Remoto,Comercial,Brand Manager Senior,Marketing,IC4,False,2024-11-30,Indefinido,False,Prefiero no responder,BUK10910,Activo
BUK12515,Rosa Pilar Rebolledo Henríquez,rosa.henríquez@buk.example,F,2002-11-24,Chilena,PE,PE,Remoto,Operaciones,Líder de Implementación,Implementación,M1,True,2025-06-01,Indefinido,False,Prefiero no responder,BUK10359,Activo
BUK12516,Aldonza Nayeli Arellano,aldonza.arellano@buk.example,F,1994-12-03,Mexicana,CL,CL,Remoto,Operaciones,Analista de Operaciones Aprendiz,Operaciones,IC1,False,2024-04-14,Plazo fijo,False,,BUK11881,Activo
BUK12517,Daniela Salazar,daniela.salazar@buk.example,F,1993-04-28,Chilena,BR,BR,Híbrido,Tecnología,SRE,Ingeniería,IC2,False,2025-01-01,Indefinido,False,Prefiero no responder,BUK10250,Activo
BUK12518,Matías José Villegas Méndez,matías.méndez@buk.example,M,2005-07-16,Chilena,MX,MX,Híbrido,Operaciones,Especialista de Soporte Payroll Semi Senior,Soporte,IC3,False,2026-06-17,Indefinido,False,,BUK10150,Activo
BUK12519,Perlita Seguí-Quero,perlita.seguí-quero@buk.example,F,1988-08-18,Francesa,CL,CL,Remoto,Operaciones,Especialista de Soporte Payroll Senior,Soporte,IC4,False,2024-06-07,Indefinido,False,,BUK11563,Activo
BUK12520,Gabriel Moreno,gabriel.moreno@buk.example,M,1996-01-03,Peruana,CO,CO,Remoto,Comercial,Account Executive Especialista,Ventas,IC5,False,2025-10-25,Indefinido,False,,BUK11921,Activo
BUK12521,Claudio Abarca Gallardo,claudio.gallardo@buk.example,M,1997-02-06,Chilena,CO,CO,Híbrido,Operaciones,Especialista de Soporte Payroll Semi Senior,Soporte,IC3,False,2026-04-01,Indefinido,False,,BUK11411,Activo
BUK12522,Yenifer Norma Sánchez Altamirano,yenifer.altamirano@buk.example,F,1992-06-16,Venezolana,CL,CL,Híbrido,Operaciones,Consultor de Implementación,Implementación,IC2,False,2023-08-27,Indefinido,False,,BUK10949,Desvinculado
BUK12523,Claudio Urbina Cáceres,claudio.cáceres@buk.example,M,1990-08-20,Cubana,CL,CL,Híbrido,Tecnología,Security Engineer Semi Senior,Ingeniería,IC3,False,2024-09-22,Plazo fijo,False,,BUK11345,Desvinculado
BUK12524,Emilia Arias,emilia.arias@buk.example,F,1995-01-17,Peruana,CO,CO,Remoto,Operaciones,Especialista de Soporte Payroll Senior,Soporte,IC4,False,2019-06-05,Indefinido,False,,BUK12572,Desvinculado
BUK12525,Facundo Patricio Tapia Gómez,facundo.gómez@buk.example,M,1998-02-19,Chilena,MX,MX,Remoto,Operaciones,Especialista Payroll Ops Aprendiz,Operaciones,IC1,False,2025-05-19,Indefinido,False,,BUK10949,Activo
BUK12526,Luis Matías Núñez Navarrete,luis.navarrete@buk.example,M,2005-08-31,Chilena,PE,PE,Híbrido,Comercial,Brand Manager Senior,Marketing,IC4,False,2026-05-20,Indefinido,False,Prefiero no responder,BUK11067,Activo
BUK12527,Sonia Blanca Martínez Álvarez,sonia.álvarez@buk.example,F,2005-08-31,Chilena,CL,CL,Remoto,Administración,Analista de Cobranza,Finanzas,IC2,False,2019-06-04,Indefinido,False,Prefiero no responder,BUK10780,Activo
BUK12528,Sra. Ana Luiza da Cruz,sra..cruz@buk.example,F,1994-07-11,Brasileña,CO,CO,Híbrido,Tecnología,People Analytics Aprendiz,Datos,IC1,False,2026-08-01,Indefinido,False,,BUK10114,Desvinculado
BUK12529,Raúl Alfredo Gajardo Cornejo,raúl.cornejo@buk.example,M,1999-12-22,Chilena,CO,CO,Remoto,Tecnología,Líder de Ingeniería,Ingeniería,M1,True,2025-03-13,Indefinido,False,,BUK10291,Activo
BUK12530,Segundo Juan Ramírez Vidal,segundo.vidal@buk.example,M,1982-11-27,Peruana,CL,CL,Híbrido,Operaciones,Consultor de Implementación Semi Senior,Implementación,IC3,False,2025-11-28,Indefinido,False,,BUK11780,Activo
BUK12531,Carmen Erna Santibáñez Hernández,carmen.hernández@buk.example,F,1999-03-24,Chilena,BR,BR,Remoto,Operaciones,Analista de Operaciones Aprendiz,Operaciones,IC1,False,2025-01-01,Indefinido,False,,BUK11717,Activo
BUK12532,María Mariana Valenzuela Sánchez,maría.sánchez@buk.example,F,1988-02-03,Chilena,MX,CL,Híbrido,Operaciones,Consultor de Implementación Senior,Implementación,IC4,False,2025-03-08,Indefinido,False,Sí,BUK11964,Activo
BUK12533,Verónica Laura Contreras González,verónica.gonzález@buk.example,F,1998-09-23,Boliviana,MX,MX,Remoto,Comercial,Growth Marketer Aprendiz,Marketing,IC1,False,2025-07-14,Indefinido,False,,BUK12641,Activo
BUK12534,Yadira Ana Palacios,yadira.palacios@buk.example,F,1993-05-27,Colombiana,BR,BR,Híbrido,Operaciones,Consultor de Implementación Aprendiz,Implementación,IC1,False,2025-01-01,Indefinido,False,,BUK10949,Activo
BUK12535,Dolores Gil,dolores.gil@buk.example,F,2003-01-31,Colombiana,CO,CO,Remoto,Administración,Talent Acquisition Aprendiz,Personas,IC1,False,2025-11-12,Indefinido,False,Prefiero no responder,BUK10780,Activo
BUK12536,Joaquín Claudio Calderón Vera,joaquín.vera@buk.example,M,1998-09-20,Chilena,MX,MX,Híbrido,Operaciones,Agente de Soporte Semi Senior,Soporte,IC3,False,2023-01-28,Indefinido,False,Prefiero no responder,BUK11473,Activo
BUK12537,Luis Ríos Luna,luis.luna@buk.example,M,2005-08-31,Chilena,CL,CL,Híbrido,Comercial,Líder de Ventas,Ventas,M1,True,2026-02-28,Plazo fijo,False,,BUK10845,Desvinculado
BUK12538,Francisco Carlos García Valdivia,francisco.valdivia@buk.example,M,1994-03-12,Venezolana,BR,BR,Híbrido,Administración,Talent Acquisition Senior,Personas,IC4,False,2025-01-01,Indefinido,False,Prefiero no responder,BUK10442,Activo
BUK12539,Cecilia San Martín León,cecilia.león@buk.example,F,2003-03-23,Venezolana,CL,CL,Híbrido,Operaciones,Especialista Payroll Ops Semi Senior,Operaciones,IC3,False,2026-06-02,Plazo fijo,False,,BUK11827,Activo
BUK12540,Martina Vega Jara,martina.jara@buk.example,F,2000-12-15,Peruana,BR,BR,Remoto,Comercial,Customer Success Manager,Customer Success,IC2,False,2025-03-25,Indefinido,False,Prefiero no responder,BUK10405,Activo
BUK12541,Orlando Alfonso Vera,orlando.vera@buk.example,M,1992-12-24,Colombiana,MX,MX,Remoto,Tecnología,Product Designer,Producto,IC2,False,2026-03-25,Indefinido,False,,BUK10796,Activo
BUK12542,Marcela Céspedes Rojas,marcela.rojas@buk.example,F,1999-04-14,Peruana,BR,BR,Híbrido,Tecnología,SRE Aprendiz,Ingeniería,IC1,False,2026-04-15,Plazo fijo,False,,BUK10708,Desvinculado
BUK12543,Eduardo Luis Segura Carreño,eduardo.carreño@buk.example,M,1995-02-01,Argentina,CL,PE,Híbrido,Administración,Especialista de Formación Aprendiz,Personas,IC1,False,2024-06-08,Indefinido,False,Sí,BUK10780,Activo
BUK12544,Evelyn González Ramírez,evelyn.ramírez@buk.example,F,1993-01-15,Peruana,CL,CL,Híbrido,Tecnología,Product Manager,Producto,IC2,False,2026-05-15,Indefinido,False,,BUK11154,Desvinculado
BUK12545,Marcelo Daniel Aguilera Calderón,marcelo.calderón@buk.example,M,2001-05-02,Chilena,CL,CL,Híbrido,Operaciones,Consultor de Implementación,Implementación,IC2,False,2026-07-28,Plazo fijo,False,,BUK10326,Activo
BUK12546,Aylla Sousa,aylla.sousa@buk.example,F,1994-05-22,Brasileña,CL,AR,Remoto,Comercial,Customer Success Manager Semi Senior,Customer Success,IC3,False,2024-11-02,Indefinido,False,,BUK12078,Activo
BUK12547,Paul José González Ramos,paul.ramos@buk.example,M,1994-04-06,Peruana,CO,CO,Remoto,Tecnología,Software Engineer Senior,Ingeniería,IC4,False,2026-01-29,Indefinido,False,,BUK12283,Activo
BUK12548,Alicia Gladys Santander Alfaro,alicia.alfaro@buk.example,F,1995-04-15,Paraguaya,CL,PT,Híbrido,Comercial,Account Manager Aprendiz,Customer Success,IC1,False,2025-03-22,Indefinido,False,,BUK12070,Desvinculado
BUK12549,Jesus Benjamín Aliaga Ramírez,jesus.ramírez@buk.example,M,1998-06-20,Chilena,CL,CL,Remoto,Comercial,Brand Manager,Marketing,IC2,False,2024-10-06,Indefinido,False,Prefiero no responder,BUK10477,Activo
BUK12550,Luis Juan Hernández Fuentealba,luis.fuentealba@buk.example,M,1996-10-24,Chilena,CL,CL,Híbrido,Comercial,Especialista de Renovaciones,Customer Success,IC2,False,2025-09-19,Indefinido,False,,BUK10083,Desvinculado
BUK12551,Cristian Luis González Fuenzalida,cristian.fuenzalida@buk.example,M,1991-08-27,Ecuatoriana,CL,CL,Remoto,Comercial,Brand Manager Aprendiz,Marketing,IC1,False,2026-06-14,Plazo fijo,False,,BUK11123,Activo
BUK12552,Sergio Riveros,sergio.riveros@buk.example,M,1993-10-07,Peruana,CL,CL,Remoto,Administración,Talent Acquisition Senior,Personas,IC4,False,2025-06-22,Indefinido,False,,BUK11068,Activo
BUK12553,Claudio José Quispe Pérez,claudio.pérez@buk.example,M,1989-09-11,Chilena,CL,CL,Híbrido,Tecnología,Software Engineer,Ingeniería,IC2,False,2025-04-15,Indefinido,False,Prefiero no responder,BUK11396,Activo
BUK12554,Manuel Martínez Palma,manuel.palma@buk.example,M,1996-02-07,Chilena,CL,CL,Híbrido,Operaciones,Líder de Implementación,Implementación,M1,True,2025-08-26,Indefinido,False,,BUK11859,Activo
BUK12555,João Miguel da Costa,joão.costa@buk.example,M,1996-01-20,Brasileña,CL,CL,Híbrido,Administración,Analista Contable,Finanzas,IC2,False,2018-01-26,Indefinido,False,,BUK12465,Activo
BUK12556,Gino González Venegas,gino.venegas@buk.example,M,1999-06-16,Chilena,CL,CL,Remoto,Comercial,Account Executive,Ventas,IC2,False,2024-09-22,Indefinido,False,,BUK10312,Activo
BUK12557,Eliana Muñoz,eliana.muñoz@buk.example,F,2001-05-08,Chilena,CO,CO,Remoto,Tecnología,Data Analyst Senior,Datos,IC4,False,2025-08-05,Indefinido,True,,BUK12499,Desvinculado
BUK12558,Shane James,shane.james@buk.example,M,1998-05-13,Estadounidense,CL,BR,Híbrido,Operaciones,Consultor de Implementación Semi Senior,Implementación,IC3,False,2026-03-26,Indefinido,False,,BUK10093,Activo
BUK12559,Roberto Bastián Carmona Mancilla,roberto.mancilla@buk.example,M,1999-02-21,Chilena,MX,MX,Híbrido,Comercial,Especialista de Renovaciones Aprendiz,Customer Success,IC1,False,2026-04-29,Indefinido,False,,BUK11177,Activo
BUK12560,José Carreño Quiñones,josé.quiñones@buk.example,M,1999-02-25,Peruana,CL,PE,Híbrido,Operaciones,Consultor de Implementación Semi Senior,Implementación,IC3,False,2023-11-23,Indefinido,False,Sí,BUK12229,Activo
BUK12561,Camila Navarrete Aburto,camila.aburto@buk.example,F,1996-08-09,Peruana,CL,CL,Híbrido,Comercial,Account Manager Senior,Customer Success,IC4,False,2024-05-23,Indefinido,False,,BUK12278,Activo
BUK12562,Constanza Carmen López Erazo,constanza.erazo@buk.example,F,1992-05-09,Colombiana,MX,MX,Remoto,Tecnología,SRE,Ingeniería,IC2,False,2026-03-10,Indefinido,False,,BUK10881,Activo
BUK12563,Dr. Héctor Saldaña,dr..saldaña@buk.example,M,2005-08-31,Mexicana,PE,PE,Híbrido,Comercial,Subgerente de Customer Success,Customer Success,M2,True,2026-05-15,Indefinido,False,Sí,BUK10361,Activo
BUK12564,María Teresa Valdivia Gallardo,maría.gallardo@buk.example,F,1996-04-21,Chilena,CO,CO,Híbrido,Operaciones,Consultor de Implementación Semi Senior,Implementación,IC3,False,2019-01-01,Indefinido,False,Sí,BUK10019,Activo
BUK12565,Joaquín Alfaro-Moya Castillo,joaquín.castillo@buk.example,M,1988-07-21,Ecuatoriana,CL,CL,Presencial,Tecnología,Software Engineer Especialista,Ingeniería,IC5,False,2026-05-20,Indefinido,False,Sí,BUK11573,Desvinculado
BUK12566,Sofía María Barrera Herrera,sofía.herrera@buk.example,F,1999-01-06,Dominicana,PE,PE,Híbrido,Comercial,Subgerente de Customer Success,Customer Success,M2,True,2026-05-24,Plazo fijo,False,,BUK11756,Activo
BUK12567,José Vega Cerda,josé.cerda@buk.example,M,2004-10-23,Chilena,CL,CL,Remoto,Tecnología,UX Researcher Especialista,Producto,IC5,False,2025-06-05,Indefinido,False,,BUK10650,Activo
BUK12568,Rosa Jeanette Romero Concha,rosa.concha@buk.example,F,1991-06-12,Chilena,MX,MX,Híbrido,Administración,Abogado Corporativo Semi Senior,Legal,IC3,False,2025-12-06,Indefinido,False,,BUK10844,Activo
BUK12569,Flor Violeta Barrera Hernández,flor.hernández@buk.example,F,1996-07-08,Chilena,MX,MX,Remoto,Tecnología,SRE,Ingeniería,IC2,False,2025-08-03,Indefinido,False,Prefiero no responder,BUK10833,Activo
BUK12570,Sergio Juan López Matamala,sergio.matamala@buk.example,M,1994-08-13,Chilena,CL,CL,Remoto,Operaciones,Agente de Soporte Semi Senior,Soporte,IC3,False,2025-04-15,Indefinido,False,,BUK10453,Activo
BUK12571,Vasco Olivera Jaén,vasco.jaén@buk.example,M,1988-07-04,Española,CL,CL,Híbrido,Operaciones,Project Manager de Implementación,Implementación,IC2,False,2023-04-23,Indefinido,False,,BUK10867,Activo
BUK12572,Laís Casa Grande,laís.grande@buk.example,F,2000-02-17,Brasileña,PE,PE,Híbrido,Operaciones,Líder de Operaciones,Operaciones,M1,True,2024-09-26,Indefinido,False,Sí,BUK12234,Activo
BUK12573,Ruth Olga Oliva Bernal,ruth.bernal@buk.example,F,2005-04-04,Chilena,MX,MX,Remoto,Tecnología,Analytics Engineer Aprendiz,Datos,IC1,False,2025-12-03,Indefinido,False,,BUK10752,Activo
BUK12574,Carla Ríos Vásquez,carla.vásquez@buk.example,F,2000-08-09,Chilena,CL,CL,Híbrido,Administración,Analista de Cobranza,Finanzas,IC2,False,2025-11-16,Indefinido,False,,BUK11435,Desvinculado
BUK12575,Juan Sergio Cordero Gallardo,juan.gallardo@buk.example,M,1995-12-24,Peruana,CL,CL,Híbrido,Tecnología,UX Researcher,Producto,IC2,False,2026-07-09,Indefinido,False,,BUK10833,Activo
BUK12576,Nieves María Vásquez Muñoz,nieves.muñoz@buk.example,F,1981-08-29,Chilena,BR,BR,Híbrido,Tecnología,SRE Semi Senior,Ingeniería,IC3,False,2025-01-01,Indefinido,False,,BUK11396,Desvinculado
BUK12577,Abigail Valentina Durán Erices,abigail.erices@buk.example,F,1989-01-09,Guatemalteca,PE,PE,Híbrido,Operaciones,Especialista de Soporte Payroll,Soporte,IC2,False,2026-06-04,Indefinido,False,,BUK11473,Activo
BUK12578,Mariah Barros,mariah.barros@buk.example,F,2005-08-31,Brasileña,CL,CL,Híbrido,Tecnología,Security Engineer Senior,Ingeniería,IC4,False,2025-07-13,Indefinido,False,,BUK10650,Activo
BUK12579,Miriam Norma Pacheco,miriam.pacheco@buk.example,F,2001-01-10,Mexicana,CL,CL,Híbrido,Tecnología,Security Engineer Aprendiz,Ingeniería,IC1,False,2025-07-22,Indefinido,False,Prefiero no responder,BUK10963,Activo
BUK12580,Santiago Alfonso Ríos Romero,santiago.romero@buk.example,M,1993-04-05,Chilena,CO,CO,Remoto,Operaciones,Agente de Soporte Semi Senior,Soporte,IC3,False,2026-01-06,Indefinido,False,,BUK10326,Desvinculado
BUK12581,Pablo Sergio Yáñez Correa,pablo.correa@buk.example,M,2003-08-13,Chilena,CO,CO,Híbrido,Comercial,Subgerente de Customer Success,Customer Success,M2,True,2026-07-03,Indefinido,False,,BUK12586,Activo
BUK12582,Ana Pamela Villarroel Castillo,ana.castillo@buk.example,F,2003-08-13,Chilena,CL,CL,Remoto,Tecnología,Software Engineer,Ingeniería,IC2,False,2023-12-11,Indefinido,False,Prefiero no responder,BUK10833,Activo
BUK12583,Juan Ampuero Valdés,juan.valdés@buk.example,M,2005-08-31,Chilena,CL,CL,Híbrido,Administración,Analista Contable Senior,Finanzas,IC4,False,2025-02-05,Indefinido,False,,BUK11373,Desvinculado
BUK12584,Daniela María Angulo Mora,daniela.mora@buk.example,F,2001-05-06,Chilena,CL,CL,Remoto,Operaciones,Analista de Operaciones,Operaciones,IC2,False,2025-06-02,Indefinido,False,,BUK10302,Desvinculado
BUK12585,Luis Ruperto Varela Gaete,luis.gaete@buk.example,M,1997-06-28,Chilena,CL,CL,Remoto,Tecnología,Data Engineer Senior,Ingeniería,IC4,False,2025-09-02,Indefinido,False,Sí,BUK10289,Desvinculado
BUK12586,Pablo Gustavo Buitrago Ortiz,pablo.ortiz@buk.example,M,1991-09-18,Colombiana,CL,CL,Híbrido,Comercial,Gerente de Ventas,Ventas,M3,True,2024-07-28,Indefinido,False,Prefiero no responder,,Desvinculado
BUK12587,Osvaldo Lagos,osvaldo.lagos@buk.example,M,2004-03-30,Chilena,CL,CL,Remoto,Operaciones,Consultor de Implementación Semi Senior,Implementación,IC3,False,2026-06-30,Indefinido,False,Prefiero no responder,BUK10326,Desvinculado
BUK12588,Matías Bryan Silva Muñoz,matías.muñoz@buk.example,M,1996-08-04,Venezolana,CL,CL,Híbrido,Comercial,Account Executive Senior,Ventas,IC4,False,2021-08-13,Indefinido,False,Prefiero no responder,BUK10327,Desvinculado
BUK12589,Constanza Jimena Miranda Olate,constanza.olate@buk.example,F,1993-10-06,Chilena,CO,CO,Híbrido,Comercial,Customer Success Manager Aprendiz,Customer Success,IC1,False,2026-06-09,Indefinido,False,Sí,BUK12104,Activo
BUK12590,María Rojas Pinto,maría.pinto@buk.example,F,1997-02-07,Peruana,PE,PE,Remoto,Tecnología,Líder de Ingeniería,Ingeniería,M1,True,2026-06-23,Indefinido,False,,BUK11254,Activo
BUK12591,Karol Rincón Carrillo,karol.carrillo@buk.example,F,1994-08-06,Colombiana,PE,PE,Híbrido,Operaciones,Project Manager de Implementación Semi Senior,Implementación,IC3,False,2026-06-28,Indefinido,False,,BUK11964,Activo
BUK12592,Camila Gabriela Molina Barrientos,camila.barrientos@buk.example,F,1996-04-08,Chilena,CL,CL,Presencial,Operaciones,Especialista de Soporte Payroll Senior,Soporte,IC4,False,2024-07-02,Indefinido,False,,BUK12338,Activo
BUK12593,Luis Ulloa Morales,luis.morales@buk.example,M,1991-05-16,Venezolana,CL,CL,Híbrido,Operaciones,Consultor de Implementación Aprendiz,Implementación,IC1,False,2026-01-11,Indefinido,False,,BUK10150,Activo
BUK12594,Berta Venegas,berta.venegas@buk.example,F,1985-09-01,Cubana,CL,CL,Remoto,Tecnología,QA Engineer,Ingeniería,IC2,False,2026-01-19,Indefinido,False,,BUK10906,Activo
BUK12595,María Rivas Guzmán,maría.guzmán@buk.example,F,1984-05-23,Chilena,CL,CL,Remoto,Tecnología,UX Researcher,Producto,IC2,False,2025-01-13,Indefinido,False,,BUK10059,Desvinculado
BUK12596,Joaquín Vidal,joaquín.vidal@buk.example,M,1990-09-19,Argentina,CL,CL,Remoto,Comercial,SDR Semi Senior,Ventas,IC3,False,2024-05-29,Indefinido,False,,BUK10248,Activo
BUK12597,Jos David Rodríguez Alonzo,jos.alonzo@buk.example,No binario / No informa,2005-01-31,Mexicana,MX,CL,Remoto,Comercial,Content Manager,Marketing,IC2,False,2022-01-01,Plazo fijo,False,Prefiero no responder,BUK10667,Desvinculado
BUK12598,Mercedes Paola Barra Riquelme,mercedes.riquelme@buk.example,F,2002-02-20,Peruana,CL,CL,Remoto,Comercial,SDR Aprendiz,Ventas,IC1,False,2026-07-23,Indefinido,False,,BUK10181,Desvinculado
BUK12599,Patricia Jiménez Riascos,patricia.riascos@buk.example,F,1991-04-05,Colombiana,CO,PT,Híbrido,Operaciones,Consultor de Implementación Aprendiz,Implementación,IC1,False,2025-10-11,Plazo fijo,False,,BUK12338,Desvinculado
BUK12600,Jeannette Isabel Velásquez González,jeannette.gonzález@buk.example,F,1985-12-26,Chilena,MX,MX,Híbrido,Tecnología,UX Researcher Semi Senior,Producto,IC3,False,2025-11-13,Indefinido,False,Prefiero no responder,BUK10289,Desvinculado
BUK12601,Yolanda Esmeralda Caraballo,yolanda.caraballo@buk.example,F,1997-04-11,Mexicana,PE,PE,Remoto,Operaciones,Analista de Operaciones Semi Senior,Operaciones,IC3,False,2024-08-15,Indefinido,False,,BUK12632,Activo
BUK12602,Angela Lee,angela.lee@buk.example,F,1990-11-24,Británica,CL,CL,Híbrido,Comercial,SDR Semi Senior,Ventas,IC3,False,2026-01-27,Indefinido,False,,BUK10147,Activo
BUK12603,Paulina Rojas,paulina.rojas@buk.example,F,2005-08-31,Peruana,CL,CL,Híbrido,Tecnología,Gerente de Ingeniería,Ingeniería,M3,True,2026-07-17,Indefinido,False,,,Activo
BUK12604,Laura Seguel,laura.seguel@buk.example,F,1997-11-19,Chilena,MX,MX,Híbrido,Tecnología,Product Designer Senior,Producto,IC4,False,2026-02-23,Indefinido,False,,BUK10250,Desvinculado
BUK12605,Roberto Marco Bustamante Escobar,roberto.escobar@buk.example,M,1997-09-19,Argentina,MX,MX,Híbrido,Comercial,Account Executive Semi Senior,Ventas,IC3,False,2023-02-28,Indefinido,False,,BUK10945,Desvinculado
BUK12606,Jesús Monsalve Gaitán,jesús.gaitán@buk.example,M,1995-02-23,Colombiana,CO,ES,Híbrido,Comercial,Líder de Customer Success,Customer Success,M1,True,2019-01-01,Plazo fijo,False,,BUK11314,Activo
BUK12607,Claudia Ana Vásquez Adasme,claudia.adasme@buk.example,F,1997-08-04,Paraguaya,PE,PE,Híbrido,Operaciones,Analista de Operaciones Senior,Operaciones,IC4,False,2026-05-12,Indefinido,False,,BUK10478,Activo
BUK12608,Ing. Verónica Contreras,ing..contreras@buk.example,F,1996-09-09,Mexicana,MX,MX,Remoto,Operaciones,Especialista de Soporte Payroll Semi Senior,Soporte,IC3,False,2024-06-02,Indefinido,False,,BUK10710,Activo
BUK12609,Michael Castillo Vergara,michael.vergara@buk.example,M,2000-09-07,Chilena,CL,CL,Híbrido,Operaciones,Agente de Soporte Aprendiz,Soporte,IC1,False,2026-01-01,Indefinido,False,,BUK10714,Desvinculado
BUK12610,José Martínez,josé.martínez@buk.example,M,2002-11-14,Chilena,CL,CL,Remoto,Administración,Analista de Cobranza,Finanzas,IC2,False,2024-11-09,Indefinido,False,,BUK11691,Activo
BUK12611,Alexis Hernán Carrasco Burgos,alexis.burgos@buk.example,M,1981-01-30,Venezolana,PE,PE,Remoto,Operaciones,Gerente de Implementación,Implementación,M3,True,2024-08-04,Indefinido,False,,,Desvinculado
BUK12612,Mercedes Gómez Ruz,mercedes.ruz@buk.example,F,2005-08-31,Argentina,CL,CL,Híbrido,Comercial,Growth Marketer Semi Senior,Marketing,IC3,False,2023-08-11,Indefinido,False,,BUK10680,Activo
BUK12613,Joy Avery,joy.avery@buk.example,F,1992-09-20,Canadiense,BR,CL,Remoto,Operaciones,Consultor de Implementación,Implementación,IC2,False,2025-01-01,Indefinido,False,,BUK11001,Activo
BUK12614,Sara Díaz Muñoz,sara.muñoz@buk.example,F,2005-08-31,Argentina,CL,CL,Híbrido,Tecnología,SRE Senior,Ingeniería,IC4,False,2026-05-20,Indefinido,False,,BUK10883,Activo
BUK12615,Tatiana Pérez,tatiana.pérez@buk.example,F,1996-08-06,Venezolana,CL,CL,Híbrido,Tecnología,Líder de Ingeniería,Ingeniería,M1,True,2024-10-22,Plazo fijo,False,Prefiero no responder,BUK10786,Desvinculado
BUK12616,Letícia Rios,letícia.rios@buk.example,F,1987-11-21,Brasileña,BR,BR,Remoto,Tecnología,Software Engineer,Ingeniería,IC2,False,2025-04-16,Plazo fijo,False,,BUK10883,Activo
BUK12617,Francisco Barahona,francisco.barahona@buk.example,M,1988-01-07,Chilena,CL,CL,Híbrido,Administración,Especialista de Formación Semi Senior,Personas,IC3,False,2026-05-16,Indefinido,False,,BUK12266,Activo
BUK12618,Ernesto Fabio Loaiza González,ernesto.gonzález@buk.example,M,1997-09-21,Colombiana,CL,CL,Presencial,Comercial,Account Manager,Customer Success,IC2,False,2021-06-04,Indefinido,False,,BUK11546,Desvinculado
BUK12619,Orlando Mosquera,orlando.mosquera@buk.example,M,1986-06-01,Colombiana,CL,CL,Remoto,Tecnología,UX Researcher Aprendiz,Producto,IC1,False,2024-02-11,Indefinido,False,,BUK12529,Activo
BUK12620,José Esteban Henríquez-Sandoval Sánchez,josé.sánchez@buk.example,M,1996-08-09,Chilena,CL,CL,Híbrido,Comercial,Account Manager Semi Senior,Customer Success,IC3,False,2024-02-13,Indefinido,False,,BUK12441,Activo
BUK12621,José Lagos Gallardo,josé.gallardo@buk.example,M,1991-01-21,Chilena,CL,CL,Híbrido,Administración,People Happiness Manager Semi Senior,Personas,IC3,False,2024-12-30,Indefinido,False,,BUK10921,Desvinculado
BUK12622,Hugo Fernando Campo,hugo.campo@buk.example,M,1993-04-30,Colombiana,CL,CL,Remoto,Administración,People Happiness Manager Senior,Personas,IC4,False,2026-01-31,Indefinido,False,,BUK11409,Activo
BUK12623,Katalina Rodríguez,katalina.rodríguez@buk.example,F,2004-01-01,Peruana,CL,CL,Híbrido,Operaciones,Consultor de Implementación Semi Senior,Implementación,IC3,False,2024-10-07,Indefinido,False,,BUK10478,Desvinculado
BUK12624,Janeth Diana Parra,janeth.parra@buk.example,F,1999-10-12,Colombiana,MX,MX,Remoto,Operaciones,Project Manager de Implementación Semi Senior,Implementación,IC3,False,2025-08-18,Indefinido,False,,BUK11001,Activo
BUK12625,Lucía Paola López Mejía,lucía.mejía@buk.example,F,1997-11-29,Colombiana,CL,CL,Remoto,Administración,People Happiness Manager Senior,Personas,IC4,False,2022-04-17,Indefinido,False,,BUK10900,Activo
BUK12626,Joaquín Octavio Feliciano,joaquín.feliciano@buk.example,M,1999-06-05,Mexicana,CO,CO,Remoto,Tecnología,Data Analyst Semi Senior,Datos,IC3,False,2025-06-22,Indefinido,False,,BUK12615,Desvinculado
BUK12627,Eloísa Garcés Contreras,eloísa.contreras@buk.example,F,1998-02-18,Chilena,CL,CL,Híbrido,Tecnología,Security Engineer Semi Senior,Ingeniería,IC3,False,2019-12-05,Indefinido,False,,BUK10796,Desvinculado
BUK12628,Magaly Yepes,magaly.yepes@buk.example,F,2000-04-17,Colombiana,CL,CL,Híbrido,Operaciones,Especialista de Soporte Payroll,Soporte,IC2,False,2025-11-22,Indefinido,False,,BUK11827,Activo
BUK12629,Horacio Fernández,horacio.fernández@buk.example,M,1999-12-10,Chilena,PE,PE,Híbrido,Tecnología,Data Engineer Semi Senior,Ingeniería,IC3,False,2026-01-24,Indefinido,False,,BUK12446,Activo
BUK12630,Jimmy Rodolfo Venegas Rebolledo,jimmy.rebolledo@buk.example,M,1999-01-01,Venezolana,BR,CO,Híbrido,Comercial,Account Manager Aprendiz,Customer Success,IC1,False,2026-05-09,Indefinido,False,,BUK10408,Activo
BUK12631,Roberto Fernando Fuentes Martínez,roberto.martínez@buk.example,M,1991-12-20,Venezolana,CL,CL,Presencial,Tecnología,Security Engineer Especialista,Ingeniería,IC5,False,2024-12-27,Indefinido,False,Sí,BUK10987,Desvinculado
BUK12632,Maite Villarroel Gómez,maite.gómez@buk.example,F,1994-08-19,Chilena,CL,CL,Remoto,Operaciones,Líder de Implementación,Implementación,M1,True,2019-04-26,Indefinido,False,Prefiero no responder,BUK10359,Activo
BUK12633,Yolanda Anahí Herrera Rojas,yolanda.rojas@buk.example,F,1993-11-06,Chilena,CL,CL,Híbrido,Tecnología,Data Engineer Aprendiz,Ingeniería,IC1,False,2026-04-07,Indefinido,False,,BUK12472,Desvinculado
BUK12634,Ninoska María Ibarra González,ninoska.gonzález@buk.example,F,1993-07-13,Peruana,MX,PE,Remoto,Comercial,Account Executive Aprendiz,Ventas,IC1,False,2023-04-11,Indefinido,False,,BUK10600,Desvinculado
BUK12635,Lic. Bruno Almaraz,lic..almaraz@buk.example,M,1997-09-09,Mexicana,CL,CL,Remoto,Operaciones,Project Manager de Implementación Semi Senior,Implementación,IC3,False,2023-07-25,Indefinido,False,Sí,BUK11780,Activo
BUK12636,Lorena Quirós,lorena.quirós@buk.example,F,1996-11-08,Española,PE,PE,Remoto,Tecnología,Analytics Engineer Semi Senior,Datos,IC3,False,2020-10-18,Indefinido,False,,BUK10752,Activo
BUK12637,Luis Miguel Uribe Frías,luis.frías@buk.example,M,1993-01-17,Mexicana,PE,PE,Presencial,Tecnología,QA Engineer Aprendiz,Ingeniería,IC1,False,2025-06-28,Indefinido,False,,BUK11305,Activo
BUK12638,Alejandro Rodrigo Meza Salazar,alejandro.salazar@buk.example,M,1995-04-05,Chilena,MX,MX,Híbrido,Tecnología,Analytics Engineer,Datos,IC2,False,2025-01-10,Indefinido,True,,BUK10114,Activo
BUK12639,María Osorio Alcaraz,maría.alcaraz@buk.example,F,1986-03-29,Mexicana,CL,CL,Híbrido,Comercial,Growth Marketer Senior,Marketing,IC4,False,2026-07-07,Indefinido,False,,BUK11546,Activo
BUK12640,Patricia Alejandra Fajardo Tovar,patricia.tovar@buk.example,F,2001-03-29,Colombiana,CL,CL,Remoto,Comercial,Ejecutivo Comercial Senior,Ventas,IC4,False,2025-11-23,Indefinido,False,,BUK12441,Activo
BUK12641,Amalia Bustos,amalia.bustos@buk.example,F,1997-02-11,Chilena,CL,CL,Híbrido,Comercial,Líder de Customer Success,Customer Success,M1,True,2025-07-09,Indefinido,False,Sí,BUK12563,Activo
BUK12642,Luiz Otávio Nogueira,luiz.nogueira@buk.example,M,1988-03-13,Brasileña,BR,BR,Remoto,Operaciones,Especialista de Soporte Payroll,Soporte,IC2,False,2025-06-06,Indefinido,False,,BUK12229,Activo
BUK12643,Xiomara Galindo,xiomara.galindo@buk.example,F,1990-09-28,Colombiana,MX,MX,Remoto,Comercial,Ejecutivo Comercial,Ventas,IC2,False,2025-08-23,Indefinido,False,,BUK10181,Activo
BUK12644,Carolina Belén Gómez Quiñones,carolina.quiñones@buk.example,F,2001-10-15,Chilena,CO,AR,Híbrido,Comercial,Especialista de Renovaciones,Customer Success,IC2,False,2022-05-04,Indefinido,False,,BUK11123,Desvinculado
BUK12645,Andrea Esmeralda Molina-Villalobos Castro,andrea.castro@buk.example,F,2001-11-30,Chilena,PE,PE,Híbrido,Tecnología,Software Engineer Semi Senior,Ingeniería,IC3,False,2026-03-18,Indefinido,False,,BUK12254,Activo
BUK12646,Kathy Patterson,kathy.patterson@buk.example,F,1991-03-02,Estadounidense,CL,CL,Híbrido,Operaciones,Especialista de Soporte Semi Senior,Soporte,IC3,False,2021-11-29,Indefinido,False,,BUK11027,Activo
BUK12647,Abraham Enrique García Vega,abraham.vega@buk.example,M,1996-04-08,Mexicana,CL,CL,Remoto,Tecnología,Security Engineer,Ingeniería,IC2,False,2025-11-22,Indefinido,False,,BUK10987,Activo
BUK12648,Karina Mora Torres,karina.torres@buk.example,F,2005-08-31,Colombiana,CL,CL,Híbrido,Comercial,Especialista de Renovaciones Senior,Customer Success,IC4,False,2023-08-14,Indefinido,False,Prefiero no responder,BUK10665,Activo
BUK12649,Ayleen Mamani,ayleen.mamani@buk.example,F,1997-04-20,Chilena,CL,CL,Presencial,Tecnología,QA Engineer,Ingeniería,IC2,False,2025-12-21,Indefinido,False,,BUK10881,Activo
