employee_id,ciclo,tipo_ciclo,fecha_evaluacion,score_objetivos,score_valores,score_final,categoria,tiene_plan_de_accion,evaluador_id
BUK10000,2025-MidYear,Mid Year,2025-07-15,3.8,3.58,3.71,Sobresaliente,False,BUK10949
BUK10000,2025-Anual,Anual,2025-12-10,3.4,3.71,3.52,Sobresaliente,False,BUK10949
BUK10000,2026-MidYear,Mid Year,2026-07-15,3.92,3.77,3.86,Sobresaliente,False,BUK10949
BUK10001,2026-MidYear,Mid Year,2026-07-15,3.25,3.11,3.2,Cumple lo esperado,False,BUK12005
BUK10002,2024-Anual,Anual,2024-12-10,3.38,3.64,3.49,Cumple lo esperado,False,BUK11543
BUK10002,2025-MidYear,Mid Year,2025-07-15,3.7,3.29,3.53,Sobresaliente,False,BUK11543
BUK10002,2025-Anual,Anual,2025-12-10,3.81,3.26,3.59,Sobresaliente,False,BUK11543
BUK10002,2026-MidYear,Mid Year,2026-07-15,3.62,3.6,3.61,Sobresaliente,False,BUK11543
BUK10003,2024-Anual,Anual,2024-12-10,3.36,3.59,3.45,Cumple lo esperado,False,BUK10114
BUK10003,2025-MidYear,Mid Year,2025-07-15,3.38,3.72,3.52,Sobresaliente,False,BUK10114
BUK10003,2025-Anual,Anual,2025-12-10,3.4,3.4,3.4,Cumple lo esperado,False,BUK10114
BUK10003,2026-MidYear,Mid Year,2026-07-15,3.73,3.47,3.62,Sobresaliente,False,BUK10114
BUK10004,2025-Anual,Anual,2025-12-10,3.34,3.2,3.28,Cumple lo esperado,False,BUK12229
BUK10004,2026-MidYear,Mid Year,2026-07-15,3.33,2.99,3.19,Cumple lo esperado,False,BUK12229
BUK10005,2024-Anual,Anual,2024-12-10,3.01,3.33,3.14,Cumple lo esperado,False,BUK10250
BUK10005,2025-MidYear,Mid Year,2025-07-15,2.89,3.52,3.14,Cumple lo esperado,False,BUK10250
BUK10005,2025-Anual,Anual,2025-12-10,3.37,3.17,3.29,Cumple lo esperado,False,BUK10250
BUK10005,2026-MidYear,Mid Year,2026-07-15,3.26,3.39,3.31,Cumple lo esperado,False,BUK10250
BUK10006,2026-MidYear,Mid Year,2026-07-15,3.39,3.31,3.36,Cumple lo esperado,False,BUK11474
BUK10007,2024-Anual,Anual,2024-12-10,3.58,3.63,3.6,Sobresaliente,False,BUK10961
BUK10007,2025-MidYear,Mid Year,2025-07-15,3.39,3.69,3.51,Sobresaliente,False,BUK10961
BUK10007,2025-Anual,Anual,2025-12-10,3.61,3.31,3.49,Cumple lo esperado,False,BUK10961
BUK10007,2026-MidYear,Mid Year,2026-07-15,3.55,3.76,3.64,Sobresaliente,False,BUK10961
BUK10009,2026-MidYear,Mid Year,2026-07-15,3.69,3.18,3.48,Cumple lo esperado,False,BUK12005
BUK10010,2025-MidYear,Mid Year,2025-07-15,3.1,3.17,3.12,Cumple lo esperado,False,BUK11546
BUK10010,2025-Anual,Anual,2025-12-10,3.56,3.39,3.49,Cumple lo esperado,False,BUK11546
BUK10010,2026-MidYear,Mid Year,2026-07-15,3.86,3.84,3.85,Sobresaliente,False,BUK11546
BUK10011,2025-MidYear,Mid Year,2025-07-15,3.44,3.5,3.46,Cumple lo esperado,False,BUK12632
BUK10011,2025-Anual,Anual,2025-12-10,3.52,3.26,3.42,Cumple lo esperado,False,BUK12632
BUK10011,2026-MidYear,Mid Year,2026-07-15,3.57,3.47,3.53,Sobresaliente,False,BUK12632
BUK10012,2024-Anual,Anual,2024-12-10,2.43,3.23,2.75,Bajo lo esperado,True,BUK11186
BUK10012,2025-MidYear,Mid Year,2025-07-15,3.01,2.73,2.9,Bajo lo esperado,False,BUK11186
BUK10012,2025-Anual,Anual,2025-12-10,2.86,2.37,2.66,Bajo lo esperado,True,BUK11186
BUK10012,2026-MidYear,Mid Year,2026-07-15,2.34,2.95,2.58,Bajo lo esperado,False,BUK11186
BUK10014,2026-MidYear,Mid Year,2026-07-15,2.9,3.38,3.09,Cumple lo esperado,False,BUK11881
BUK10015,2024-Anual,Anual,2024-12-10,2.93,3.27,3.07,Cumple lo esperado,False,BUK10970
BUK10015,2025-MidYear,Mid Year,2025-07-15,3.3,3.24,3.28,Cumple lo esperado,False,BUK10970
BUK10015,2025-Anual,Anual,2025-12-10,3.01,3.15,3.07,Cumple lo esperado,False,BUK10970
BUK10015,2026-MidYear,Mid Year,2026-07-15,3.42,3.51,3.46,Cumple lo esperado,False,BUK10970
BUK10017,2025-MidYear,Mid Year,2025-07-15,3.6,3.45,3.54,Sobresaliente,False,BUK10710
BUK10017,2025-Anual,Anual,2025-12-10,3.64,3.65,3.64,Sobresaliente,False,BUK10710
BUK10017,2026-MidYear,Mid Year,2026-07-15,3.85,3.58,3.74,Sobresaliente,False,BUK10710
BUK10018,2024-Anual,Anual,2024-12-10,3.84,3.33,3.63,Sobresaliente,False,BUK11676
BUK10018,2025-MidYear,Mid Year,2025-07-15,3.05,3.42,3.2,Cumple lo esperado,False,BUK11676
BUK10018,2025-Anual,Anual,2025-12-10,3.58,2.69,3.23,Cumple lo esperado,False,BUK11676
BUK10018,2026-MidYear,Mid Year,2026-07-15,3.18,3.29,3.22,Cumple lo esperado,False,BUK11676
BUK10019,2024-Anual,Anual,2024-12-10,3.65,3.34,3.52,Sobresaliente,False,BUK12316
BUK10019,2025-MidYear,Mid Year,2025-07-15,3.75,3.5,3.65,Sobresaliente,False,BUK12316
BUK10019,2025-Anual,Anual,2025-12-10,3.61,3.46,3.55,Sobresaliente,False,BUK12316
BUK10019,2026-MidYear,Mid Year,2026-07-15,3.46,3.7,3.56,Sobresaliente,False,BUK12316
BUK10021,2026-MidYear,Mid Year,2026-07-15,3.78,3.59,3.7,Sobresaliente,False,BUK11396
BUK10022,2024-Anual,Anual,2024-12-10,3.07,2.99,3.04,Cumple lo esperado,False,BUK10317
BUK10022,2025-MidYear,Mid Year,2025-07-15,3.29,3.44,3.35,Cumple lo esperado,False,BUK10317
BUK10022,2025-Anual,Anual,2025-12-10,2.99,3.15,3.05,Cumple lo esperado,False,BUK10317
BUK10022,2026-MidYear,Mid Year,2026-07-15,3.51,3.41,3.47,Cumple lo esperado,False,BUK10317
BUK10023,2024-Anual,Anual,2024-12-10,3.0,2.96,2.98,Bajo lo esperado,True,BUK10302
BUK10023,2025-MidYear,Mid Year,2025-07-15,3.13,3.33,3.21,Cumple lo esperado,False,BUK10302
BUK10023,2025-Anual,Anual,2025-12-10,3.19,3.31,3.23,Cumple lo esperado,False,BUK10302
BUK10023,2026-MidYear,Mid Year,2026-07-15,3.21,3.23,3.22,Cumple lo esperado,False,BUK10302
BUK10024,2024-Anual,Anual,2024-12-10,2.85,3.31,3.03,Cumple lo esperado,False,BUK10118
BUK10024,2025-MidYear,Mid Year,2025-07-15,2.92,3.28,3.07,Cumple lo esperado,False,BUK10118
BUK10024,2025-Anual,Anual,2025-12-10,2.99,3.42,3.16,Cumple lo esperado,False,BUK10118
BUK10024,2026-MidYear,Mid Year,2026-07-15,3.17,3.47,3.29,Cumple lo esperado,False,BUK10118
BUK10025,2025-Anual,Anual,2025-12-10,2.95,3.34,3.11,Cumple lo esperado,False,BUK10752
BUK10025,2026-MidYear,Mid Year,2026-07-15,3.2,3.46,3.3,Cumple lo esperado,False,BUK10752
BUK10026,2024-Anual,Anual,2024-12-10,2.74,3.46,3.03,Cumple lo esperado,False,BUK11177
BUK10026,2025-MidYear,Mid Year,2025-07-15,3.38,3.32,3.36,Cumple lo esperado,False,BUK11177
BUK10026,2025-Anual,Anual,2025-12-10,3.16,3.08,3.13,Cumple lo esperado,False,BUK11177
BUK10026,2026-MidYear,Mid Year,2026-07-15,3.07,3.21,3.12,Cumple lo esperado,False,BUK11177
BUK10027,2025-Anual,Anual,2025-12-10,3.21,3.24,3.22,Cumple lo esperado,False,BUK10928
BUK10028,2025-MidYear,Mid Year,2025-07-15,3.17,3.29,3.22,Cumple lo esperado,False,BUK11563
BUK10028,2025-Anual,Anual,2025-12-10,3.21,3.27,3.23,Cumple lo esperado,False,BUK11563
BUK10028,2026-MidYear,Mid Year,2026-07-15,3.5,3.6,3.54,Sobresaliente,False,BUK11563
BUK10029,2026-MidYear,Mid Year,2026-07-15,3.19,3.08,3.15,Cumple lo esperado,False,BUK11185
BUK10030,2026-MidYear,Mid Year,2026-07-15,3.18,3.25,3.21,Cumple lo esperado,False,BUK11901
BUK10031,2024-Anual,Anual,2024-12-10,3.53,3.59,3.56,Sobresaliente,False,BUK12554
BUK10031,2025-MidYear,Mid Year,2025-07-15,3.74,3.51,3.65,Sobresaliente,False,BUK12554
BUK10031,2025-Anual,Anual,2025-12-10,3.34,3.27,3.31,Cumple lo esperado,False,BUK12554
BUK10031,2026-MidYear,Mid Year,2026-07-15,3.56,3.55,3.55,Sobresaliente,False,BUK12554
BUK10032,2024-Anual,Anual,2024-12-10,3.21,3.34,3.26,Cumple lo esperado,False,BUK12245
BUK10032,2025-MidYear,Mid Year,2025-07-15,3.44,3.35,3.41,Cumple lo esperado,False,BUK12245
BUK10032,2025-Anual,Anual,2025-12-10,3.41,3.16,3.31,Cumple lo esperado,False,BUK12245
BUK10032,2026-MidYear,Mid Year,2026-07-15,3.38,3.13,3.28,Cumple lo esperado,False,BUK12245
BUK10033,2026-MidYear,Mid Year,2026-07-15,3.43,3.37,3.4,Cumple lo esperado,False,BUK12283
BUK10034,2026-MidYear,Mid Year,2026-07-15,2.31,2.33,2.32,Bajo lo esperado,False,BUK12496
BUK10036,2025-Anual,Anual,2025-12-10,3.54,3.58,3.56,Sobresaliente,False,BUK10975
BUK10036,2026-MidYear,Mid Year,2026-07-15,3.6,3.55,3.58,Sobresaliente,False,BUK10975
BUK10037,2026-MidYear,Mid Year,2026-07-15,3.32,3.56,3.41,Cumple lo esperado,False,BUK11267
BUK10038,2024-Anual,Anual,2024-12-10,4.0,3.67,3.87,Sobresaliente,False,BUK10970
BUK10038,2025-MidYear,Mid Year,2025-07-15,3.8,3.78,3.79,Sobresaliente,False,BUK10970
BUK10038,2025-Anual,Anual,2025-12-10,4.0,3.86,3.94,Sobresaliente,False,BUK10970
BUK10038,2026-MidYear,Mid Year,2026-07-15,3.62,3.6,3.61,Sobresaliente,False,BUK10970
BUK10039,2025-Anual,Anual,2025-12-10,3.19,2.96,3.1,Cumple lo esperado,False,BUK10833
BUK10039,2026-MidYear,Mid Year,2026-07-15,3.05,2.79,2.94,Bajo lo esperado,False,BUK10833
BUK10040,2025-Anual,Anual,2025-12-10,3.15,3.31,3.22,Cumple lo esperado,False,BUK10975
BUK10040,2026-MidYear,Mid Year,2026-07-15,3.66,3.27,3.51,Sobresaliente,False,BUK10975
BUK10041,2024-Anual,Anual,2024-12-10,3.48,3.17,3.35,Cumple lo esperado,False,BUK11717
BUK10041,2025-MidYear,Mid Year,2025-07-15,3.41,3.1,3.28,Cumple lo esperado,False,BUK11717
BUK10041,2025-Anual,Anual,2025-12-10,3.27,3.2,3.24,Cumple lo esperado,False,BUK11717
BUK10041,2026-MidYear,Mid Year,2026-07-15,3.34,3.21,3.29,Cumple lo esperado,False,BUK11717
BUK10042,2024-Anual,Anual,2024-12-10,3.17,3.38,3.25,Cumple lo esperado,False,BUK10326
BUK10042,2025-MidYear,Mid Year,2025-07-15,3.34,3.06,3.22,Cumple lo esperado,False,BUK10326
BUK10042,2025-Anual,Anual,2025-12-10,3.39,3.5,3.43,Cumple lo esperado,False,BUK10326
BUK10042,2026-MidYear,Mid Year,2026-07-15,2.99,3.13,3.04,Cumple lo esperado,False,BUK10326
BUK10043,2024-Anual,Anual,2024-12-10,3.43,3.49,3.46,Cumple lo esperado,False,BUK10963
BUK10043,2025-MidYear,Mid Year,2025-07-15,3.83,3.93,3.87,Sobresaliente,False,BUK10963
BUK10043,2025-Anual,Anual,2025-12-10,3.59,3.52,3.56,Sobresaliente,False,BUK10963
BUK10043,2026-MidYear,Mid Year,2026-07-15,3.47,3.38,3.43,Cumple lo esperado,False,BUK10963
BUK10045,2024-Anual,Anual,2024-12-10,3.6,3.53,3.57,Sobresaliente,False,BUK10150
BUK10045,2025-MidYear,Mid Year,2025-07-15,3.96,3.49,3.77,Sobresaliente,False,BUK10150
BUK10045,2025-Anual,Anual,2025-12-10,3.75,3.84,3.78,Sobresaliente,False,BUK10150
BUK10045,2026-MidYear,Mid Year,2026-07-15,3.77,3.73,3.76,Sobresaliente,False,BUK10150
BUK10046,2024-Anual,Anual,2024-12-10,3.24,3.9,3.5,Sobresaliente,False,BUK11305
BUK10046,2025-MidYear,Mid Year,2025-07-15,3.49,3.46,3.48,Cumple lo esperado,False,BUK11305
BUK10046,2025-Anual,Anual,2025-12-10,3.84,3.57,3.73,Sobresaliente,False,BUK11305
BUK10046,2026-MidYear,Mid Year,2026-07-15,3.47,3.14,3.34,Cumple lo esperado,False,BUK11305
BUK10047,2025-MidYear,Mid Year,2025-07-15,3.41,3.08,3.28,Cumple lo esperado,False,BUK10708
BUK10047,2025-Anual,Anual,2025-12-10,3.33,3.12,3.24,Cumple lo esperado,False,BUK10708
BUK10047,2026-MidYear,Mid Year,2026-07-15,3.19,3.4,3.28,Cumple lo esperado,False,BUK10708
BUK10048,2025-Anual,Anual,2025-12-10,3.08,3.61,3.29,Cumple lo esperado,False,BUK11407
BUK10048,2026-MidYear,Mid Year,2026-07-15,3.26,3.46,3.34,Cumple lo esperado,False,BUK11407
BUK10049,2026-MidYear,Mid Year,2026-07-15,3.44,3.72,3.55,Sobresaliente,False,BUK12104
BUK10050,2025-MidYear,Mid Year,2025-07-15,3.4,3.12,3.29,Cumple lo esperado,False,BUK10462
BUK10051,2024-Anual,Anual,2024-12-10,3.13,3.36,3.22,Cumple lo esperado,False,BUK12005
BUK10051,2025-MidYear,Mid Year,2025-07-15,3.39,3.2,3.31,Cumple lo esperado,False,BUK12005
BUK10051,2025-Anual,Anual,2025-12-10,3.06,3.19,3.11,Cumple lo esperado,False,BUK12005
BUK10051,2026-MidYear,Mid Year,2026-07-15,2.94,2.91,2.93,Bajo lo esperado,False,BUK12005
BUK10052,2025-MidYear,Mid Year,2025-07-15,3.41,3.6,3.49,Cumple lo esperado,False,BUK10714
BUK10052,2025-Anual,Anual,2025-12-10,3.84,3.77,3.81,Sobresaliente,False,BUK10714
BUK10052,2026-MidYear,Mid Year,2026-07-15,4.0,3.63,3.85,Sobresaliente,False,BUK10714
BUK10054,2024-Anual,Anual,2024-12-10,3.63,3.2,3.46,Cumple lo esperado,False,BUK10883
BUK10054,2025-MidYear,Mid Year,2025-07-15,3.64,3.54,3.6,Sobresaliente,False,BUK10883
BUK10054,2025-Anual,Anual,2025-12-10,3.68,3.3,3.53,Sobresaliente,False,BUK10883
BUK10054,2026-MidYear,Mid Year,2026-07-15,3.03,3.42,3.18,Cumple lo esperado,False,BUK10883
BUK10055,2025-MidYear,Mid Year,2025-07-15,1.95,2.28,2.08,Bajo lo esperado,False,BUK10019
BUK10056,2024-Anual,Anual,2024-12-10,3.79,3.21,3.56,Sobresaliente,False,BUK10796
BUK10056,2025-MidYear,Mid Year,2025-07-15,3.74,3.48,3.64,Sobresaliente,False,BUK10796
BUK10056,2025-Anual,Anual,2025-12-10,3.58,4.0,3.75,Sobresaliente,False,BUK10796
BUK10056,2026-MidYear,Mid Year,2026-07-15,3.76,3.89,3.81,Sobresaliente,False,BUK10796
BUK10058,2024-Anual,Anual,2024-12-10,2.85,3.04,2.93,Bajo lo esperado,True,BUK10150
BUK10058,2025-MidYear,Mid Year,2025-07-15,2.9,3.01,2.94,Bajo lo esperado,False,BUK10150
BUK10058,2025-Anual,Anual,2025-12-10,3.05,3.09,3.07,Cumple lo esperado,False,BUK10150
BUK10058,2026-MidYear,Mid Year,2026-07-15,3.21,2.95,3.11,Cumple lo esperado,False,BUK10150
BUK10060,2025-Anual,Anual,2025-12-10,3.34,3.55,3.43,Cumple lo esperado,False,BUK10667
BUK10061,2024-Anual,Anual,2024-12-10,3.91,3.62,3.8,Sobresaliente,False,BUK10152
BUK10061,2025-MidYear,Mid Year,2025-07-15,3.87,3.96,3.91,Sobresaliente,False,BUK10152
BUK10061,2025-Anual,Anual,2025-12-10,3.73,3.45,3.62,Sobresaliente,False,BUK10152
BUK10061,2026-MidYear,Mid Year,2026-07-15,3.73,3.86,3.78,Sobresaliente,False,BUK10152
BUK10062,2024-Anual,Anual,2024-12-10,3.49,3.5,3.49,Cumple lo esperado,False,BUK10607
BUK10062,2025-MidYear,Mid Year,2025-07-15,3.71,3.6,3.67,Sobresaliente,False,BUK10607
BUK10062,2025-Anual,Anual,2025-12-10,3.61,3.21,3.45,Cumple lo esperado,False,BUK10607
BUK10062,2026-MidYear,Mid Year,2026-07-15,3.5,3.25,3.4,Cumple lo esperado,False,BUK10607
BUK10063,2024-Anual,Anual,2024-12-10,3.25,3.45,3.33,Cumple lo esperado,False,BUK12266
BUK10063,2025-MidYear,Mid Year,2025-07-15,3.78,3.41,3.63,Sobresaliente,False,BUK12266
BUK10065,2026-MidYear,Mid Year,2026-07-15,2.94,3.34,3.1,Cumple lo esperado,False,BUK10322
BUK10066,2026-MidYear,Mid Year,2026-07-15,2.95,3.28,3.08,Cumple lo esperado,False,BUK12229
BUK10067,2026-MidYear,Mid Year,2026-07-15,3.39,3.11,3.28,Cumple lo esperado,False,BUK11396
BUK10068,2024-Anual,Anual,2024-12-10,2.64,2.7,2.66,Bajo lo esperado,True,BUK11884
BUK10068,2025-MidYear,Mid Year,2025-07-15,2.66,2.79,2.71,Bajo lo esperado,False,BUK11884
BUK10068,2025-Anual,Anual,2025-12-10,2.36,2.63,2.47,Bajo lo esperado,True,BUK11884
BUK10068,2026-MidYear,Mid Year,2026-07-15,2.5,2.86,2.64,Bajo lo esperado,False,BUK11884
BUK10069,2026-MidYear,Mid Year,2026-07-15,3.28,2.95,3.15,Cumple lo esperado,False,BUK11691
BUK10070,2025-Anual,Anual,2025-12-10,3.33,3.03,3.21,Cumple lo esperado,False,BUK10852
BUK10070,2026-MidYear,Mid Year,2026-07-15,3.19,3.31,3.24,Cumple lo esperado,False,BUK10852
BUK10071,2025-MidYear,Mid Year,2025-07-15,2.65,3.12,2.84,Bajo lo esperado,False,BUK12104
BUK10071,2025-Anual,Anual,2025-12-10,3.16,3.14,3.15,Cumple lo esperado,False,BUK12104
BUK10072,2025-Anual,Anual,2025-12-10,3.17,3.47,3.29,Cumple lo esperado,False,BUK12572
BUK10072,2026-MidYear,Mid Year,2026-07-15,3.67,3.06,3.42,Cumple lo esperado,False,BUK12572
BUK10073,2025-Anual,Anual,2025-12-10,2.38,2.66,2.49,Bajo lo esperado,True,BUK11993
BUK10073,2026-MidYear,Mid Year,2026-07-15,2.23,2.84,2.47,Bajo lo esperado,False,BUK11993
BUK10074,2024-Anual,Anual,2024-12-10,3.47,3.17,3.35,Cumple lo esperado,False,BUK12529
BUK10074,2025-MidYear,Mid Year,2025-07-15,3.36,3.16,3.28,Cumple lo esperado,False,BUK12529
BUK10074,2025-Anual,Anual,2025-12-10,3.4,3.31,3.37,Cumple lo esperado,False,BUK12529
BUK10074,2026-MidYear,Mid Year,2026-07-15,3.18,3.53,3.32,Cumple lo esperado,False,BUK12529
BUK10075,2025-MidYear,Mid Year,2025-07-15,3.84,3.42,3.67,Sobresaliente,False,BUK10650
BUK10075,2025-Anual,Anual,2025-12-10,3.5,3.44,3.48,Cumple lo esperado,False,BUK10650
BUK10075,2026-MidYear,Mid Year,2026-07-15,3.61,3.59,3.6,Sobresaliente,False,BUK10650
BUK10077,2025-MidYear,Mid Year,2025-07-15,3.6,3.73,3.65,Sobresaliente,False,BUK10574
BUK10077,2025-Anual,Anual,2025-12-10,3.95,3.26,3.67,Sobresaliente,False,BUK10574
BUK10077,2026-MidYear,Mid Year,2026-07-15,3.84,3.52,3.71,Sobresaliente,False,BUK10574
BUK10078,2024-Anual,Anual,2024-12-10,3.75,3.31,3.58,Sobresaliente,False,BUK12465
BUK10078,2025-MidYear,Mid Year,2025-07-15,3.67,3.12,3.45,Cumple lo esperado,False,BUK12465
BUK10078,2025-Anual,Anual,2025-12-10,3.41,3.51,3.45,Cumple lo esperado,False,BUK12465
BUK10078,2026-MidYear,Mid Year,2026-07-15,3.42,3.43,3.43,Cumple lo esperado,False,BUK12465
BUK10079,2025-MidYear,Mid Year,2025-07-15,3.34,3.47,3.39,Cumple lo esperado,False,BUK10881
BUK10079,2025-Anual,Anual,2025-12-10,3.16,3.31,3.22,Cumple lo esperado,False,BUK10881
BUK10079,2026-MidYear,Mid Year,2026-07-15,3.66,3.07,3.42,Cumple lo esperado,False,BUK10881
BUK10080,2025-Anual,Anual,2025-12-10,3.0,3.27,3.1,Cumple lo esperado,False,BUK11827
BUK10080,2026-MidYear,Mid Year,2026-07-15,3.59,3.88,3.7,Sobresaliente,False,BUK11827
BUK10081,2026-MidYear,Mid Year,2026-07-15,2.82,3.36,3.04,Cumple lo esperado,False,BUK10442
BUK10082,2026-MidYear,Mid Year,2026-07-15,3.5,3.41,3.46,Cumple lo esperado,False,BUK11267
BUK10083,2024-Anual,Anual,2024-12-10,3.26,3.28,3.27,Cumple lo esperado,False,BUK10471
BUK10083,2025-MidYear,Mid Year,2025-07-15,3.55,3.71,3.62,Sobresaliente,False,BUK10471
BUK10083,2025-Anual,Anual,2025-12-10,3.26,3.43,3.33,Cumple lo esperado,False,BUK10471
BUK10083,2026-MidYear,Mid Year,2026-07-15,3.17,3.19,3.18,Cumple lo esperado,False,BUK10471
BUK10084,2024-Anual,Anual,2024-12-10,3.83,3.76,3.8,Sobresaliente,False,BUK11409
BUK10084,2025-MidYear,Mid Year,2025-07-15,3.62,3.44,3.55,Sobresaliente,False,BUK11409
BUK10084,2025-Anual,Anual,2025-12-10,3.71,3.53,3.64,Sobresaliente,False,BUK11409
BUK10084,2026-MidYear,Mid Year,2026-07-15,3.6,3.38,3.51,Sobresaliente,False,BUK11409
BUK10085,2024-Anual,Anual,2024-12-10,2.65,2.91,2.75,Bajo lo esperado,True,BUK10322
BUK10085,2025-MidYear,Mid Year,2025-07-15,2.61,2.68,2.64,Bajo lo esperado,False,BUK10322
BUK10085,2025-Anual,Anual,2025-12-10,2.59,2.69,2.63,Bajo lo esperado,True,BUK10322
BUK10085,2026-MidYear,Mid Year,2026-07-15,2.47,2.87,2.63,Bajo lo esperado,False,BUK10322
BUK10086,2026-MidYear,Mid Year,2026-07-15,3.59,3.29,3.47,Cumple lo esperado,False,BUK12254
BUK10087,2025-MidYear,Mid Year,2025-07-15,3.56,3.47,3.52,Sobresaliente,False,BUK10680
BUK10087,2025-Anual,Anual,2025-12-10,3.31,2.86,3.13,Cumple lo esperado,False,BUK10680
BUK10087,2026-MidYear,Mid Year,2026-07-15,3.41,3.39,3.4,Cumple lo esperado,False,BUK10680
BUK10088,2025-MidYear,Mid Year,2025-07-15,3.46,3.16,3.34,Cumple lo esperado,False,BUK11023
BUK10088,2025-Anual,Anual,2025-12-10,3.56,3.59,3.57,Sobresaliente,False,BUK11023
BUK10088,2026-MidYear,Mid Year,2026-07-15,3.1,3.51,3.26,Cumple lo esperado,False,BUK11023
BUK10089,2025-Anual,Anual,2025-12-10,3.76,3.41,3.62,Sobresaliente,False,BUK10059
BUK10089,2026-MidYear,Mid Year,2026-07-15,3.5,3.61,3.54,Sobresaliente,False,BUK10059
BUK10090,2026-MidYear,Mid Year,2026-07-15,3.56,3.22,3.42,Cumple lo esperado,False,BUK10209
BUK10091,2024-Anual,Anual,2024-12-10,3.74,3.55,3.66,Sobresaliente,False,BUK10866
BUK10091,2025-MidYear,Mid Year,2025-07-15,3.52,3.55,3.53,Sobresaliente,False,BUK10866
BUK10091,2025-Anual,Anual,2025-12-10,3.61,3.86,3.71,Sobresaliente,False,BUK10866
BUK10091,2026-MidYear,Mid Year,2026-07-15,3.47,3.13,3.33,Cumple lo esperado,False,BUK10866
BUK10096,2024-Anual,Anual,2024-12-10,3.57,4.0,3.74,Sobresaliente,False,BUK11557
BUK10096,2025-MidYear,Mid Year,2025-07-15,3.95,3.34,3.71,Sobresaliente,False,BUK11557
BUK10096,2025-Anual,Anual,2025-12-10,3.58,3.55,3.57,Sobresaliente,False,BUK11557
BUK10096,2026-MidYear,Mid Year,2026-07-15,4.0,3.31,3.73,Sobresaliente,False,BUK11557
BUK10097,2026-MidYear,Mid Year,2026-07-15,3.44,3.43,3.43,Cumple lo esperado,False,BUK11993
BUK10098,2024-Anual,Anual,2024-12-10,3.32,3.45,3.37,Cumple lo esperado,False,BUK11183
BUK10098,2025-MidYear,Mid Year,2025-07-15,3.16,3.11,3.14,Cumple lo esperado,False,BUK11183
BUK10098,2025-Anual,Anual,2025-12-10,2.87,3.0,2.92,Bajo lo esperado,True,BUK11183
BUK10098,2026-MidYear,Mid Year,2026-07-15,3.16,3.3,3.22,Cumple lo esperado,False,BUK11183
BUK10099,2025-MidYear,Mid Year,2025-07-15,3.62,3.8,3.69,Sobresaliente,False,BUK10975
BUK10099,2025-Anual,Anual,2025-12-10,3.85,3.73,3.8,Sobresaliente,False,BUK10975
BUK10099,2026-MidYear,Mid Year,2026-07-15,3.53,3.75,3.62,Sobresaliente,False,BUK10975
BUK10100,2024-Anual,Anual,2024-12-10,3.51,3.43,3.48,Cumple lo esperado,False,BUK11183
BUK10100,2025-MidYear,Mid Year,2025-07-15,3.76,3.64,3.71,Sobresaliente,False,BUK11183
BUK10100,2025-Anual,Anual,2025-12-10,3.21,3.33,3.26,Cumple lo esperado,False,BUK11183
BUK10100,2026-MidYear,Mid Year,2026-07-15,3.61,3.46,3.55,Sobresaliente,False,BUK11183
BUK10101,2024-Anual,Anual,2024-12-10,3.15,3.17,3.16,Cumple lo esperado,False,BUK12590
BUK10102,2024-Anual,Anual,2024-12-10,3.96,3.81,3.9,Sobresaliente,False,BUK10789
BUK10102,2025-MidYear,Mid Year,2025-07-15,3.34,3.57,3.43,Cumple lo esperado,False,BUK10789
BUK10102,2025-Anual,Anual,2025-12-10,3.8,3.17,3.55,Sobresaliente,False,BUK10789
BUK10102,2026-MidYear,Mid Year,2026-07-15,3.44,3.26,3.37,Cumple lo esperado,False,BUK10789
BUK10103,2024-Anual,Anual,2024-12-10,3.29,3.6,3.41,Cumple lo esperado,False,BUK12515
BUK10103,2025-MidYear,Mid Year,2025-07-15,3.2,3.65,3.38,Cumple lo esperado,False,BUK12515
BUK10103,2025-Anual,Anual,2025-12-10,3.03,3.09,3.05,Cumple lo esperado,False,BUK12515
BUK10103,2026-MidYear,Mid Year,2026-07-15,3.25,3.1,3.19,Cumple lo esperado,False,BUK12515
BUK10104,2024-Anual,Anual,2024-12-10,3.04,3.01,3.03,Cumple lo esperado,False,BUK10059
BUK10104,2025-MidYear,Mid Year,2025-07-15,3.32,3.41,3.35,Cumple lo esperado,False,BUK10059
BUK10104,2025-Anual,Anual,2025-12-10,3.16,3.04,3.11,Cumple lo esperado,False,BUK10059
BUK10104,2026-MidYear,Mid Year,2026-07-15,3.06,3.42,3.21,Cumple lo esperado,False,BUK10059
BUK10105,2024-Anual,Anual,2024-12-10,3.64,3.53,3.6,Sobresaliente,False,BUK10667
BUK10105,2025-MidYear,Mid Year,2025-07-15,3.58,3.56,3.57,Sobresaliente,False,BUK10667
BUK10105,2025-Anual,Anual,2025-12-10,3.75,3.57,3.68,Sobresaliente,False,BUK10667
BUK10105,2026-MidYear,Mid Year,2026-07-15,3.98,3.92,3.95,Sobresaliente,False,BUK10667
BUK10107,2026-MidYear,Mid Year,2026-07-15,3.2,3.15,3.18,Cumple lo esperado,False,BUK12590
BUK10108,2025-MidYear,Mid Year,2025-07-15,2.4,2.5,2.44,Bajo lo esperado,False,BUK10019
BUK10108,2025-Anual,Anual,2025-12-10,2.58,2.78,2.66,Bajo lo esperado,True,BUK10019
BUK10108,2026-MidYear,Mid Year,2026-07-15,2.69,2.85,2.75,Bajo lo esperado,False,BUK10019
BUK10109,2025-MidYear,Mid Year,2025-07-15,3.35,3.58,3.44,Cumple lo esperado,False,BUK12229
BUK10109,2025-Anual,Anual,2025-12-10,3.44,3.17,3.33,Cumple lo esperado,False,BUK12229
BUK10109,2026-MidYear,Mid Year,2026-07-15,3.3,3.49,3.37,Cumple lo esperado,False,BUK12229
BUK10110,2025-MidYear,Mid Year,2025-07-15,3.13,2.89,3.03,Cumple lo esperado,False,BUK11580
BUK10110,2025-Anual,Anual,2025-12-10,3.07,2.87,2.99,Bajo lo esperado,True,BUK11580
BUK10110,2026-MidYear,Mid Year,2026-07-15,2.99,2.78,2.91,Bajo lo esperado,False,BUK11580
BUK10111,2026-MidYear,Mid Year,2026-07-15,2.84,3.22,2.99,Bajo lo esperado,False,BUK11921
BUK10112,2026-MidYear,Mid Year,2026-07-15,3.13,3.27,3.19,Cumple lo esperado,False,BUK11691
BUK10114,2025-MidYear,Mid Year,2025-07-15,3.63,3.53,3.59,Sobresaliente,False,BUK11325
BUK10114,2025-Anual,Anual,2025-12-10,3.49,3.47,3.48,Cumple lo esperado,False,BUK11325
BUK10114,2026-MidYear,Mid Year,2026-07-15,3.51,3.71,3.59,Sobresaliente,False,BUK11325
BUK10115,2025-Anual,Anual,2025-12-10,3.48,3.46,3.47,Cumple lo esperado,False,BUK10361
BUK10115,2026-MidYear,Mid Year,2026-07-15,3.23,3.56,3.36,Cumple lo esperado,False,BUK10361
BUK10116,2024-Anual,Anual,2024-12-10,3.19,3.43,3.28,Cumple lo esperado,False,BUK12446
BUK10116,2025-MidYear,Mid Year,2025-07-15,3.35,3.26,3.31,Cumple lo esperado,False,BUK12446
BUK10116,2025-Anual,Anual,2025-12-10,3.15,3.23,3.18,Cumple lo esperado,False,BUK12446
BUK10116,2026-MidYear,Mid Year,2026-07-15,3.54,3.55,3.55,Sobresaliente,False,BUK12446
BUK10117,2025-MidYear,Mid Year,2025-07-15,3.23,3.34,3.28,Cumple lo esperado,False,BUK10044
BUK10117,2025-Anual,Anual,2025-12-10,3.24,3.66,3.41,Cumple lo esperado,False,BUK10044
BUK10117,2026-MidYear,Mid Year,2026-07-15,3.1,3.86,3.4,Cumple lo esperado,False,BUK10044
BUK10118,2024-Anual,Anual,2024-12-10,3.32,3.59,3.43,Cumple lo esperado,False,BUK10786
BUK10118,2025-MidYear,Mid Year,2025-07-15,3.33,3.73,3.49,Cumple lo esperado,False,BUK10786
BUK10118,2025-Anual,Anual,2025-12-10,3.35,3.45,3.39,Cumple lo esperado,False,BUK10786
BUK10118,2026-MidYear,Mid Year,2026-07-15,3.16,3.12,3.15,Cumple lo esperado,False,BUK10786
BUK10119,2024-Anual,Anual,2024-12-10,4.0,3.66,3.87,Sobresaliente,False,BUK11411
BUK10119,2025-MidYear,Mid Year,2025-07-15,4.0,3.56,3.82,Sobresaliente,False,BUK11411
BUK10119,2025-Anual,Anual,2025-12-10,3.62,3.57,3.6,Sobresaliente,False,BUK11411
BUK10119,2026-MidYear,Mid Year,2026-07-15,3.7,3.36,3.56,Sobresaliente,False,BUK11411
BUK10120,2026-MidYear,Mid Year,2026-07-15,2.94,2.7,2.84,Bajo lo esperado,False,BUK11345
BUK10121,2026-MidYear,Mid Year,2026-07-15,3.65,3.29,3.5,Sobresaliente,False,BUK11543
BUK10122,2024-Anual,Anual,2024-12-10,3.54,3.4,3.48,Cumple lo esperado,False,BUK11817
BUK10122,2025-MidYear,Mid Year,2025-07-15,3.34,3.52,3.41,Cumple lo esperado,False,BUK11817
BUK10122,2025-Anual,Anual,2025-12-10,3.72,3.62,3.68,Sobresaliente,False,BUK11817
BUK10122,2026-MidYear,Mid Year,2026-07-15,3.42,3.62,3.5,Sobresaliente,False,BUK11817
BUK10123,2025-Anual,Anual,2025-12-10,4.0,3.71,3.88,Sobresaliente,False,BUK10455
BUK10123,2026-MidYear,Mid Year,2026-07-15,3.59,3.61,3.6,Sobresaliente,False,BUK10455
BUK10126,2024-Anual,Anual,2024-12-10,3.58,3.36,3.49,Cumple lo esperado,False,BUK10455
BUK10126,2025-MidYear,Mid Year,2025-07-15,2.96,3.73,3.27,Cumple lo esperado,False,BUK10455
BUK10127,2024-Anual,Anual,2024-12-10,3.72,3.62,3.68,Sobresaliente,False,BUK11964
BUK10127,2025-MidYear,Mid Year,2025-07-15,3.24,4.0,3.54,Sobresaliente,False,BUK11964
BUK10127,2025-Anual,Anual,2025-12-10,3.36,3.36,3.36,Cumple lo esperado,False,BUK11964
BUK10127,2026-MidYear,Mid Year,2026-07-15,3.18,3.43,3.28,Cumple lo esperado,False,BUK11964
BUK10128,2024-Anual,Anual,2024-12-10,3.47,3.23,3.38,Cumple lo esperado,False,BUK10623
BUK10128,2025-MidYear,Mid Year,2025-07-15,3.37,3.13,3.28,Cumple lo esperado,False,BUK10623
BUK10128,2025-Anual,Anual,2025-12-10,3.79,3.35,3.61,Sobresaliente,False,BUK10623
BUK10128,2026-MidYear,Mid Year,2026-07-15,3.63,3.0,3.38,Cumple lo esperado,False,BUK10623
BUK10129,2025-MidYear,Mid Year,2025-07-15,3.38,3.24,3.32,Cumple lo esperado,False,BUK11152
BUK10129,2025-Anual,Anual,2025-12-10,3.56,3.47,3.52,Sobresaliente,False,BUK11152
BUK10129,2026-MidYear,Mid Year,2026-07-15,3.44,3.16,3.33,Cumple lo esperado,False,BUK11152
BUK10130,2024-Anual,Anual,2024-12-10,3.72,3.44,3.61,Sobresaliente,False,BUK10250
BUK10130,2025-MidYear,Mid Year,2025-07-15,4.0,3.8,3.92,Sobresaliente,False,BUK10250
BUK10130,2025-Anual,Anual,2025-12-10,3.81,3.75,3.79,Sobresaliente,False,BUK10250
BUK10130,2026-MidYear,Mid Year,2026-07-15,3.93,3.7,3.84,Sobresaliente,False,BUK10250
BUK10131,2024-Anual,Anual,2024-12-10,3.39,3.28,3.35,Cumple lo esperado,False,BUK11921
BUK10131,2025-MidYear,Mid Year,2025-07-15,3.58,3.66,3.61,Sobresaliente,False,BUK11921
BUK10131,2025-Anual,Anual,2025-12-10,3.2,3.17,3.18,Cumple lo esperado,False,BUK11921
BUK10131,2026-MidYear,Mid Year,2026-07-15,3.68,3.25,3.51,Sobresaliente,False,BUK11921
BUK10132,2024-Anual,Anual,2024-12-10,3.67,3.46,3.59,Sobresaliente,False,BUK10455
BUK10132,2025-MidYear,Mid Year,2025-07-15,3.83,3.14,3.55,Sobresaliente,False,BUK10455
BUK10132,2025-Anual,Anual,2025-12-10,3.09,3.61,3.3,Cumple lo esperado,False,BUK10455
BUK10132,2026-MidYear,Mid Year,2026-07-15,3.1,3.51,3.27,Cumple lo esperado,False,BUK10455
BUK10133,2024-Anual,Anual,2024-12-10,2.96,2.72,2.86,Bajo lo esperado,True,BUK10327
BUK10133,2025-MidYear,Mid Year,2025-07-15,2.57,2.84,2.68,Bajo lo esperado,False,BUK10327
BUK10133,2025-Anual,Anual,2025-12-10,2.94,2.92,2.93,Bajo lo esperado,True,BUK10327
BUK10133,2026-MidYear,Mid Year,2026-07-15,2.98,3.02,2.99,Bajo lo esperado,False,BUK10327
BUK10134,2024-Anual,Anual,2024-12-10,2.6,2.34,2.5,Bajo lo esperado,True,BUK10766
BUK10134,2025-MidYear,Mid Year,2025-07-15,2.62,3.0,2.77,Bajo lo esperado,False,BUK10766
BUK10134,2025-Anual,Anual,2025-12-10,2.23,2.67,2.41,Bajo lo esperado,True,BUK10766
BUK10135,2026-MidYear,Mid Year,2026-07-15,3.83,4.0,3.9,Sobresaliente,False,BUK10044
BUK10136,2025-MidYear,Mid Year,2025-07-15,2.52,2.15,2.37,Bajo lo esperado,False,BUK11884
BUK10136,2025-Anual,Anual,2025-12-10,2.34,2.95,2.59,Bajo lo esperado,True,BUK11884
BUK10136,2026-MidYear,Mid Year,2026-07-15,2.42,2.33,2.38,Bajo lo esperado,False,BUK11884
BUK10138,2026-MidYear,Mid Year,2026-07-15,2.87,3.04,2.94,Bajo lo esperado,False,BUK12590
BUK10141,2026-MidYear,Mid Year,2026-07-15,3.58,3.29,3.46,Cumple lo esperado,False,BUK12496
BUK10142,2024-Anual,Anual,2024-12-10,3.49,3.62,3.54,Sobresaliente,False,BUK10746
BUK10142,2025-MidYear,Mid Year,2025-07-15,3.43,3.24,3.35,Cumple lo esperado,False,BUK10746
BUK10142,2025-Anual,Anual,2025-12-10,3.32,3.4,3.35,Cumple lo esperado,False,BUK10746
BUK10142,2026-MidYear,Mid Year,2026-07-15,3.9,3.43,3.71,Sobresaliente,False,BUK10746
BUK10143,2024-Anual,Anual,2024-12-10,3.1,3.62,3.31,Cumple lo esperado,False,BUK11027
BUK10143,2025-MidYear,Mid Year,2025-07-15,3.18,3.15,3.17,Cumple lo esperado,False,BUK11027
BUK10143,2025-Anual,Anual,2025-12-10,3.07,2.77,2.95,Bajo lo esperado,True,BUK11027
BUK10143,2026-MidYear,Mid Year,2026-07-15,3.33,2.87,3.15,Cumple lo esperado,False,BUK11027
BUK10144,2024-Anual,Anual,2024-12-10,2.44,2.76,2.57,Bajo lo esperado,True,BUK11518
BUK10144,2025-MidYear,Mid Year,2025-07-15,2.66,2.55,2.62,Bajo lo esperado,False,BUK11518
BUK10144,2025-Anual,Anual,2025-12-10,2.73,2.47,2.63,Bajo lo esperado,True,BUK11518
BUK10144,2026-MidYear,Mid Year,2026-07-15,2.67,2.96,2.78,Bajo lo esperado,False,BUK11518
BUK10145,2025-Anual,Anual,2025-12-10,3.43,3.54,3.48,Cumple lo esperado,False,BUK10083
BUK10145,2026-MidYear,Mid Year,2026-07-15,3.29,3.21,3.26,Cumple lo esperado,False,BUK10083
BUK10146,2025-Anual,Anual,2025-12-10,2.42,3.11,2.7,Bajo lo esperado,True,BUK12394
BUK10148,2024-Anual,Anual,2024-12-10,3.11,3.13,3.12,Cumple lo esperado,False,BUK11607
BUK10148,2025-MidYear,Mid Year,2025-07-15,3.18,3.23,3.2,Cumple lo esperado,False,BUK11607
BUK10148,2025-Anual,Anual,2025-12-10,3.16,3.59,3.34,Cumple lo esperado,False,BUK11607
BUK10148,2026-MidYear,Mid Year,2026-07-15,3.55,3.7,3.61,Sobresaliente,False,BUK11607
BUK10149,2024-Anual,Anual,2024-12-10,3.19,3.3,3.24,Cumple lo esperado,False,BUK11827
BUK10149,2025-MidYear,Mid Year,2025-07-15,3.3,3.37,3.33,Cumple lo esperado,False,BUK11827
BUK10149,2025-Anual,Anual,2025-12-10,3.47,3.54,3.5,Sobresaliente,False,BUK11827
BUK10149,2026-MidYear,Mid Year,2026-07-15,3.08,3.38,3.2,Cumple lo esperado,False,BUK11827
BUK10150,2026-MidYear,Mid Year,2026-07-15,3.51,3.34,3.45,Cumple lo esperado,False,BUK12136
BUK10151,2024-Anual,Anual,2024-12-10,3.91,3.84,3.88,Sobresaliente,False,BUK11901
BUK10151,2025-MidYear,Mid Year,2025-07-15,3.76,3.48,3.65,Sobresaliente,False,BUK11901
BUK10151,2025-Anual,Anual,2025-12-10,3.7,3.69,3.69,Sobresaliente,False,BUK11901
BUK10151,2026-MidYear,Mid Year,2026-07-15,3.62,3.38,3.53,Sobresaliente,False,BUK11901
BUK10152,2024-Anual,Anual,2024-12-10,3.45,2.72,3.16,Cumple lo esperado,False,BUK10621
BUK10152,2025-MidYear,Mid Year,2025-07-15,3.11,3.01,3.07,Cumple lo esperado,False,BUK10621
BUK10152,2025-Anual,Anual,2025-12-10,3.18,3.24,3.21,Cumple lo esperado,False,BUK10621
BUK10152,2026-MidYear,Mid Year,2026-07-15,3.0,2.95,2.98,Bajo lo esperado,False,BUK10621
BUK10153,2025-MidYear,Mid Year,2025-07-15,3.44,3.15,3.33,Cumple lo esperado,False,BUK12218
BUK10153,2025-Anual,Anual,2025-12-10,3.16,3.38,3.25,Cumple lo esperado,False,BUK12218
BUK10154,2024-Anual,Anual,2024-12-10,2.14,2.47,2.27,Bajo lo esperado,True,BUK11991
BUK10154,2025-MidYear,Mid Year,2025-07-15,2.63,2.78,2.69,Bajo lo esperado,False,BUK11991
BUK10154,2025-Anual,Anual,2025-12-10,2.89,2.88,2.89,Bajo lo esperado,True,BUK11991
BUK10154,2026-MidYear,Mid Year,2026-07-15,3.09,2.96,3.04,Cumple lo esperado,False,BUK11991
BUK10155,2025-Anual,Anual,2025-12-10,3.12,3.03,3.09,Cumple lo esperado,False,BUK11227
BUK10155,2026-MidYear,Mid Year,2026-07-15,3.1,3.15,3.12,Cumple lo esperado,False,BUK11227
BUK10156,2026-MidYear,Mid Year,2026-07-15,3.49,3.52,3.5,Sobresaliente,False,BUK11199
BUK10158,2026-MidYear,Mid Year,2026-07-15,3.6,3.62,3.61,Sobresaliente,False,BUK10991
BUK10159,2024-Anual,Anual,2024-12-10,3.01,3.16,3.07,Cumple lo esperado,False,BUK11504
BUK10160,2025-Anual,Anual,2025-12-10,3.33,2.74,3.1,Cumple lo esperado,False,BUK11186
BUK10160,2026-MidYear,Mid Year,2026-07-15,3.55,3.34,3.47,Cumple lo esperado,False,BUK11186
BUK10163,2024-Anual,Anual,2024-12-10,3.01,3.78,3.32,Cumple lo esperado,False,BUK10987
BUK10163,2025-MidYear,Mid Year,2025-07-15,3.12,3.02,3.08,Cumple lo esperado,False,BUK10987
BUK10163,2025-Anual,Anual,2025-12-10,3.27,3.1,3.2,Cumple lo esperado,False,BUK10987
BUK10163,2026-MidYear,Mid Year,2026-07-15,3.17,3.34,3.24,Cumple lo esperado,False,BUK10987
BUK10164,2026-MidYear,Mid Year,2026-07-15,3.56,3.46,3.52,Sobresaliente,False,BUK10403
BUK10165,2026-MidYear,Mid Year,2026-07-15,3.17,3.2,3.18,Cumple lo esperado,False,BUK11123
BUK10167,2026-MidYear,Mid Year,2026-07-15,3.62,3.51,3.58,Sobresaliente,False,BUK10975
BUK10168,2024-Anual,Anual,2024-12-10,3.53,3.44,3.49,Cumple lo esperado,False,BUK10866
BUK10168,2025-MidYear,Mid Year,2025-07-15,3.59,3.53,3.57,Sobresaliente,False,BUK10866
BUK10168,2025-Anual,Anual,2025-12-10,3.35,3.52,3.42,Cumple lo esperado,False,BUK10866
BUK10168,2026-MidYear,Mid Year,2026-07-15,3.45,3.37,3.42,Cumple lo esperado,False,BUK10866
BUK10169,2024-Anual,Anual,2024-12-10,2.5,3.04,2.72,Bajo lo esperado,True,BUK10442
BUK10169,2025-MidYear,Mid Year,2025-07-15,2.78,3.1,2.91,Bajo lo esperado,False,BUK10442
BUK10170,2025-MidYear,Mid Year,2025-07-15,3.47,3.45,3.46,Cumple lo esperado,False,BUK10867
BUK10170,2025-Anual,Anual,2025-12-10,3.39,3.28,3.35,Cumple lo esperado,False,BUK10867
BUK10170,2026-MidYear,Mid Year,2026-07-15,3.29,3.57,3.4,Cumple lo esperado,False,BUK10867
BUK10171,2024-Anual,Anual,2024-12-10,3.43,3.43,3.43,Cumple lo esperado,False,BUK11001
BUK10171,2025-MidYear,Mid Year,2025-07-15,3.69,3.53,3.63,Sobresaliente,False,BUK11001
BUK10171,2025-Anual,Anual,2025-12-10,3.94,3.89,3.92,Sobresaliente,False,BUK11001
BUK10171,2026-MidYear,Mid Year,2026-07-15,4.0,3.71,3.89,Sobresaliente,False,BUK11001
BUK10172,2024-Anual,Anual,2024-12-10,3.22,3.32,3.26,Cumple lo esperado,False,BUK10961
BUK10172,2025-MidYear,Mid Year,2025-07-15,3.8,3.4,3.64,Sobresaliente,False,BUK10961
BUK10172,2025-Anual,Anual,2025-12-10,3.44,3.24,3.36,Cumple lo esperado,False,BUK10961
BUK10172,2026-MidYear,Mid Year,2026-07-15,3.43,3.46,3.44,Cumple lo esperado,False,BUK10961
BUK10173,2025-MidYear,Mid Year,2025-07-15,3.19,3.22,3.2,Cumple lo esperado,False,BUK10241
BUK10173,2025-Anual,Anual,2025-12-10,3.12,2.95,3.05,Cumple lo esperado,False,BUK10241
BUK10173,2026-MidYear,Mid Year,2026-07-15,3.2,3.31,3.25,Cumple lo esperado,False,BUK10241
BUK10175,2025-Anual,Anual,2025-12-10,3.2,3.54,3.34,Cumple lo esperado,False,BUK10595
BUK10175,2026-MidYear,Mid Year,2026-07-15,3.42,3.93,3.62,Sobresaliente,False,BUK10595
BUK10176,2025-MidYear,Mid Year,2025-07-15,3.4,3.49,3.44,Cumple lo esperado,False,BUK11815
BUK10176,2025-Anual,Anual,2025-12-10,3.3,3.33,3.31,Cumple lo esperado,False,BUK11815
BUK10176,2026-MidYear,Mid Year,2026-07-15,2.91,3.18,3.02,Cumple lo esperado,False,BUK11815
BUK10177,2025-Anual,Anual,2025-12-10,2.85,2.73,2.81,Bajo lo esperado,True,BUK12078
BUK10177,2026-MidYear,Mid Year,2026-07-15,3.36,3.21,3.3,Cumple lo esperado,False,BUK12078
BUK10178,2025-Anual,Anual,2025-12-10,3.38,3.21,3.31,Cumple lo esperado,False,BUK12338
BUK10178,2026-MidYear,Mid Year,2026-07-15,3.89,3.58,3.77,Sobresaliente,False,BUK12338
BUK10179,2024-Anual,Anual,2024-12-10,2.93,2.47,2.74,Bajo lo esperado,True,BUK12229
BUK10179,2025-MidYear,Mid Year,2025-07-15,2.85,2.93,2.88,Bajo lo esperado,False,BUK12229
BUK10179,2025-Anual,Anual,2025-12-10,2.93,3.0,2.96,Bajo lo esperado,True,BUK12229
BUK10179,2026-MidYear,Mid Year,2026-07-15,2.79,2.45,2.65,Bajo lo esperado,False,BUK12229
BUK10180,2026-MidYear,Mid Year,2026-07-15,2.93,2.85,2.9,Bajo lo esperado,False,BUK11563
BUK10181,2024-Anual,Anual,2024-12-10,3.72,3.44,3.61,Sobresaliente,False,BUK10845
BUK10181,2025-MidYear,Mid Year,2025-07-15,3.5,3.09,3.33,Cumple lo esperado,False,BUK10845
BUK10181,2025-Anual,Anual,2025-12-10,3.38,3.34,3.37,Cumple lo esperado,False,BUK10845
BUK10181,2026-MidYear,Mid Year,2026-07-15,3.67,3.52,3.61,Sobresaliente,False,BUK10845
BUK10182,2026-MidYear,Mid Year,2026-07-15,3.35,3.31,3.34,Cumple lo esperado,False,BUK10331
BUK10183,2026-MidYear,Mid Year,2026-07-15,3.66,3.73,3.69,Sobresaliente,False,BUK11539
BUK10184,2024-Anual,Anual,2024-12-10,2.66,3.52,3.0,Cumple lo esperado,False,BUK11240
BUK10185,2026-MidYear,Mid Year,2026-07-15,3.24,3.45,3.33,Cumple lo esperado,False,BUK10147
BUK10187,2024-Anual,Anual,2024-12-10,3.33,3.4,3.36,Cumple lo esperado,False,BUK12515
BUK10187,2025-MidYear,Mid Year,2025-07-15,3.62,3.42,3.54,Sobresaliente,False,BUK12515
BUK10187,2025-Anual,Anual,2025-12-10,3.42,3.73,3.54,Sobresaliente,False,BUK12515
BUK10187,2026-MidYear,Mid Year,2026-07-15,3.59,3.36,3.5,Sobresaliente,False,BUK12515
BUK10188,2024-Anual,Anual,2024-12-10,3.71,3.61,3.67,Sobresaliente,False,BUK11411
BUK10188,2025-MidYear,Mid Year,2025-07-15,3.65,3.57,3.62,Sobresaliente,False,BUK11411
BUK10188,2025-Anual,Anual,2025-12-10,3.58,3.31,3.47,Cumple lo esperado,False,BUK11411
BUK10188,2026-MidYear,Mid Year,2026-07-15,3.7,3.85,3.76,Sobresaliente,False,BUK11411
BUK10189,2026-MidYear,Mid Year,2026-07-15,3.14,3.22,3.17,Cumple lo esperado,False,BUK10780
BUK10190,2025-Anual,Anual,2025-12-10,2.76,3.11,2.9,Bajo lo esperado,True,BUK10248
BUK10191,2026-MidYear,Mid Year,2026-07-15,3.39,3.29,3.35,Cumple lo esperado,False,BUK12590
BUK10192,2024-Anual,Anual,2024-12-10,3.62,3.46,3.56,Sobresaliente,False,BUK10963
BUK10192,2025-MidYear,Mid Year,2025-07-15,4.0,3.15,3.66,Sobresaliente,False,BUK10963
BUK10192,2025-Anual,Anual,2025-12-10,3.45,3.33,3.4,Cumple lo esperado,False,BUK10963
BUK10192,2026-MidYear,Mid Year,2026-07-15,3.45,3.18,3.34,Cumple lo esperado,False,BUK10963
BUK10193,2024-Anual,Anual,2024-12-10,3.33,3.62,3.44,Cumple lo esperado,False,BUK11183
BUK10193,2025-MidYear,Mid Year,2025-07-15,3.63,3.46,3.56,Sobresaliente,False,BUK11183
BUK10193,2025-Anual,Anual,2025-12-10,3.73,3.64,3.69,Sobresaliente,False,BUK11183
BUK10193,2026-MidYear,Mid Year,2026-07-15,3.72,3.51,3.64,Sobresaliente,False,BUK11183
BUK10194,2026-MidYear,Mid Year,2026-07-15,3.56,3.49,3.53,Sobresaliente,False,BUK10804
BUK10195,2024-Anual,Anual,2024-12-10,3.77,3.13,3.51,Sobresaliente,False,BUK12229
BUK10195,2025-MidYear,Mid Year,2025-07-15,3.22,3.11,3.18,Cumple lo esperado,False,BUK12229
BUK10195,2025-Anual,Anual,2025-12-10,3.37,3.12,3.27,Cumple lo esperado,False,BUK12229
BUK10195,2026-MidYear,Mid Year,2026-07-15,3.62,3.56,3.59,Sobresaliente,False,BUK12229
BUK10196,2024-Anual,Anual,2024-12-10,3.75,3.6,3.69,Sobresaliente,False,BUK10987
BUK10197,2024-Anual,Anual,2024-12-10,3.45,3.6,3.51,Sobresaliente,False,BUK11656
BUK10197,2025-MidYear,Mid Year,2025-07-15,3.34,3.26,3.3,Cumple lo esperado,False,BUK11656
BUK10197,2025-Anual,Anual,2025-12-10,3.85,3.0,3.51,Sobresaliente,False,BUK11656
BUK10197,2026-MidYear,Mid Year,2026-07-15,3.05,3.55,3.25,Cumple lo esperado,False,BUK11656
BUK10198,2026-MidYear,Mid Year,2026-07-15,3.79,3.24,3.57,Sobresaliente,False,BUK11730
BUK10199,2024-Anual,Anual,2024-12-10,2.73,2.66,2.7,Bajo lo esperado,True,BUK10852
BUK10199,2025-MidYear,Mid Year,2025-07-15,3.18,3.09,3.14,Cumple lo esperado,False,BUK10852
BUK10199,2025-Anual,Anual,2025-12-10,3.12,2.86,3.02,Cumple lo esperado,False,BUK10852
BUK10199,2026-MidYear,Mid Year,2026-07-15,2.89,3.38,3.09,Cumple lo esperado,False,BUK10852
BUK10200,2024-Anual,Anual,2024-12-10,3.38,3.45,3.41,Cumple lo esperado,False,BUK11746
BUK10200,2025-MidYear,Mid Year,2025-07-15,3.55,3.16,3.39,Cumple lo esperado,False,BUK11746
BUK10200,2025-Anual,Anual,2025-12-10,3.42,3.75,3.56,Sobresaliente,False,BUK11746
BUK10200,2026-MidYear,Mid Year,2026-07-15,3.13,3.0,3.08,Cumple lo esperado,False,BUK11746
BUK10203,2024-Anual,Anual,2024-12-10,3.52,3.94,3.68,Sobresaliente,False,BUK11097
BUK10203,2025-MidYear,Mid Year,2025-07-15,3.33,3.84,3.53,Sobresaliente,False,BUK11097
BUK10203,2025-Anual,Anual,2025-12-10,3.41,3.38,3.39,Cumple lo esperado,False,BUK11097
BUK10203,2026-MidYear,Mid Year,2026-07-15,3.91,3.8,3.87,Sobresaliente,False,BUK11097
BUK10204,2025-MidYear,Mid Year,2025-07-15,3.94,3.61,3.81,Sobresaliente,False,BUK11407
BUK10204,2025-Anual,Anual,2025-12-10,3.42,3.77,3.56,Sobresaliente,False,BUK11407
BUK10204,2026-MidYear,Mid Year,2026-07-15,3.67,3.59,3.64,Sobresaliente,False,BUK11407
BUK10205,2025-MidYear,Mid Year,2025-07-15,3.76,3.85,3.8,Sobresaliente,False,BUK11837
BUK10205,2025-Anual,Anual,2025-12-10,3.3,3.57,3.41,Cumple lo esperado,False,BUK11837
BUK10205,2026-MidYear,Mid Year,2026-07-15,3.65,3.31,3.51,Sobresaliente,False,BUK11837
BUK10206,2026-MidYear,Mid Year,2026-07-15,3.26,3.23,3.24,Cumple lo esperado,False,BUK11656
BUK10207,2025-Anual,Anual,2025-12-10,3.53,3.21,3.41,Cumple lo esperado,False,BUK10019
BUK10207,2026-MidYear,Mid Year,2026-07-15,3.35,3.33,3.34,Cumple lo esperado,False,BUK10019
BUK10210,2026-MidYear,Mid Year,2026-07-15,3.09,3.14,3.11,Cumple lo esperado,False,BUK11058
BUK10211,2026-MidYear,Mid Year,2026-07-15,3.25,3.15,3.21,Cumple lo esperado,False,BUK11901
BUK10212,2025-MidYear,Mid Year,2025-07-15,3.65,3.46,3.57,Sobresaliente,False,BUK10607
BUK10212,2025-Anual,Anual,2025-12-10,3.31,3.54,3.4,Cumple lo esperado,False,BUK10607
BUK10212,2026-MidYear,Mid Year,2026-07-15,3.49,3.32,3.42,Cumple lo esperado,False,BUK10607
BUK10213,2024-Anual,Anual,2024-12-10,3.27,3.68,3.43,Cumple lo esperado,False,BUK10478
BUK10213,2025-MidYear,Mid Year,2025-07-15,3.51,3.64,3.56,Sobresaliente,False,BUK10478
BUK10213,2025-Anual,Anual,2025-12-10,3.0,3.25,3.1,Cumple lo esperado,False,BUK10478
BUK10213,2026-MidYear,Mid Year,2026-07-15,3.4,3.23,3.33,Cumple lo esperado,False,BUK10478
BUK10214,2024-Anual,Anual,2024-12-10,3.06,3.12,3.08,Cumple lo esperado,False,BUK10144
BUK10214,2025-MidYear,Mid Year,2025-07-15,3.08,3.53,3.26,Cumple lo esperado,False,BUK10144
BUK10214,2025-Anual,Anual,2025-12-10,3.47,2.9,3.24,Cumple lo esperado,False,BUK10144
BUK10214,2026-MidYear,Mid Year,2026-07-15,3.52,2.87,3.26,Cumple lo esperado,False,BUK10144
BUK10215,2024-Anual,Anual,2024-12-10,3.67,3.5,3.6,Sobresaliente,False,BUK10627
BUK10215,2025-MidYear,Mid Year,2025-07-15,3.63,3.55,3.6,Sobresaliente,False,BUK10627
BUK10215,2025-Anual,Anual,2025-12-10,3.95,3.61,3.81,Sobresaliente,False,BUK10627
BUK10215,2026-MidYear,Mid Year,2026-07-15,3.32,3.55,3.41,Cumple lo esperado,False,BUK10627
BUK10216,2025-MidYear,Mid Year,2025-07-15,3.25,3.4,3.31,Cumple lo esperado,False,BUK10800
BUK10216,2025-Anual,Anual,2025-12-10,3.19,3.28,3.23,Cumple lo esperado,False,BUK10800
BUK10216,2026-MidYear,Mid Year,2026-07-15,3.01,3.23,3.1,Cumple lo esperado,False,BUK10800
BUK10217,2026-MidYear,Mid Year,2026-07-15,3.52,3.5,3.51,Sobresaliente,False,BUK10564
BUK10220,2025-MidYear,Mid Year,2025-07-15,3.56,3.7,3.62,Sobresaliente,False,BUK10714
BUK10220,2025-Anual,Anual,2025-12-10,3.29,3.74,3.47,Cumple lo esperado,False,BUK10714
BUK10220,2026-MidYear,Mid Year,2026-07-15,3.58,3.63,3.6,Sobresaliente,False,BUK10714
BUK10221,2024-Anual,Anual,2024-12-10,2.72,3.25,2.93,Bajo lo esperado,True,BUK11183
BUK10221,2025-MidYear,Mid Year,2025-07-15,3.65,3.13,3.44,Cumple lo esperado,False,BUK11183
BUK10221,2025-Anual,Anual,2025-12-10,2.91,3.11,2.99,Bajo lo esperado,True,BUK11183
BUK10221,2026-MidYear,Mid Year,2026-07-15,3.58,3.37,3.49,Cumple lo esperado,False,BUK11183
BUK10223,2024-Anual,Anual,2024-12-10,2.67,3.08,2.83,Bajo lo esperado,True,BUK10241
BUK10223,2025-MidYear,Mid Year,2025-07-15,2.76,2.67,2.72,Bajo lo esperado,False,BUK10241
BUK10223,2025-Anual,Anual,2025-12-10,2.49,3.11,2.74,Bajo lo esperado,True,BUK10241
BUK10223,2026-MidYear,Mid Year,2026-07-15,2.59,2.73,2.64,Bajo lo esperado,False,BUK10241
BUK10224,2026-MidYear,Mid Year,2026-07-15,3.2,3.55,3.34,Cumple lo esperado,False,BUK11373
BUK10225,2025-MidYear,Mid Year,2025-07-15,2.8,2.38,2.63,Bajo lo esperado,False,BUK11373
BUK10225,2025-Anual,Anual,2025-12-10,2.6,2.51,2.56,Bajo lo esperado,True,BUK11373
BUK10225,2026-MidYear,Mid Year,2026-07-15,2.28,2.5,2.37,Bajo lo esperado,False,BUK11373
BUK10226,2025-MidYear,Mid Year,2025-07-15,3.38,3.64,3.49,Cumple lo esperado,False,BUK10746
BUK10226,2025-Anual,Anual,2025-12-10,3.25,3.5,3.35,Cumple lo esperado,False,BUK10746
BUK10226,2026-MidYear,Mid Year,2026-07-15,3.54,3.5,3.53,Sobresaliente,False,BUK10746
BUK10227,2025-MidYear,Mid Year,2025-07-15,3.26,3.36,3.3,Cumple lo esperado,False,BUK10453
BUK10227,2025-Anual,Anual,2025-12-10,3.32,3.55,3.41,Cumple lo esperado,False,BUK10453
BUK10227,2026-MidYear,Mid Year,2026-07-15,3.54,4.0,3.72,Sobresaliente,False,BUK10453
BUK10228,2024-Anual,Anual,2024-12-10,3.06,3.46,3.22,Cumple lo esperado,False,BUK11058
BUK10228,2025-MidYear,Mid Year,2025-07-15,2.94,3.4,3.12,Cumple lo esperado,False,BUK11058
BUK10228,2025-Anual,Anual,2025-12-10,3.34,3.37,3.35,Cumple lo esperado,False,BUK11058
BUK10228,2026-MidYear,Mid Year,2026-07-15,3.45,3.53,3.48,Cumple lo esperado,False,BUK11058
BUK10230,2024-Anual,Anual,2024-12-10,3.17,2.93,3.08,Cumple lo esperado,False,BUK11993
BUK10230,2025-MidYear,Mid Year,2025-07-15,3.16,3.52,3.3,Cumple lo esperado,False,BUK11993
BUK10230,2025-Anual,Anual,2025-12-10,3.56,3.12,3.38,Cumple lo esperado,False,BUK11993
BUK10230,2026-MidYear,Mid Year,2026-07-15,3.63,3.41,3.54,Sobresaliente,False,BUK11993
BUK10231,2025-MidYear,Mid Year,2025-07-15,2.98,2.79,2.9,Bajo lo esperado,False,BUK10547
BUK10231,2025-Anual,Anual,2025-12-10,3.03,3.21,3.1,Cumple lo esperado,False,BUK10547
BUK10233,2024-Anual,Anual,2024-12-10,3.17,3.75,3.4,Cumple lo esperado,False,BUK10152
BUK10233,2025-MidYear,Mid Year,2025-07-15,3.53,3.31,3.44,Cumple lo esperado,False,BUK10152
BUK10233,2025-Anual,Anual,2025-12-10,3.07,2.97,3.03,Cumple lo esperado,False,BUK10152
BUK10233,2026-MidYear,Mid Year,2026-07-15,3.18,3.11,3.15,Cumple lo esperado,False,BUK10152
BUK10235,2024-Anual,Anual,2024-12-10,3.56,3.67,3.61,Sobresaliente,False,BUK12049
BUK10235,2025-MidYear,Mid Year,2025-07-15,3.59,3.77,3.66,Sobresaliente,False,BUK12049
BUK10235,2025-Anual,Anual,2025-12-10,3.67,3.41,3.57,Sobresaliente,False,BUK12049
BUK10235,2026-MidYear,Mid Year,2026-07-15,3.28,3.59,3.4,Cumple lo esperado,False,BUK12049
BUK10236,2024-Anual,Anual,2024-12-10,3.15,2.72,2.98,Bajo lo esperado,True,BUK10574
BUK10236,2025-MidYear,Mid Year,2025-07-15,3.3,3.51,3.38,Cumple lo esperado,False,BUK10574
BUK10236,2025-Anual,Anual,2025-12-10,3.08,3.3,3.16,Cumple lo esperado,False,BUK10574
BUK10236,2026-MidYear,Mid Year,2026-07-15,3.42,3.28,3.36,Cumple lo esperado,False,BUK10574
BUK10237,2026-MidYear,Mid Year,2026-07-15,3.42,3.21,3.34,Cumple lo esperado,False,BUK11746
BUK10238,2026-MidYear,Mid Year,2026-07-15,3.12,3.42,3.24,Cumple lo esperado,False,BUK11186
BUK10240,2024-Anual,Anual,2024-12-10,2.48,2.65,2.55,Bajo lo esperado,True,BUK12496
BUK10240,2025-MidYear,Mid Year,2025-07-15,2.61,2.97,2.75,Bajo lo esperado,False,BUK12496
BUK10242,2024-Anual,Anual,2024-12-10,3.64,3.43,3.55,Sobresaliente,False,BUK10408
BUK10242,2025-MidYear,Mid Year,2025-07-15,3.54,3.4,3.49,Cumple lo esperado,False,BUK10408
BUK10242,2025-Anual,Anual,2025-12-10,3.86,3.2,3.6,Sobresaliente,False,BUK10408
BUK10242,2026-MidYear,Mid Year,2026-07-15,3.45,3.43,3.44,Cumple lo esperado,False,BUK10408
BUK10243,2026-MidYear,Mid Year,2026-07-15,3.13,2.83,3.01,Cumple lo esperado,False,BUK12094
BUK10244,2026-MidYear,Mid Year,2026-07-15,3.8,3.41,3.64,Sobresaliente,False,BUK10881
BUK10245,2024-Anual,Anual,2024-12-10,3.35,3.51,3.42,Cumple lo esperado,False,BUK11717
BUK10245,2025-MidYear,Mid Year,2025-07-15,3.49,3.44,3.47,Cumple lo esperado,False,BUK11717
BUK10245,2025-Anual,Anual,2025-12-10,3.98,3.52,3.8,Sobresaliente,False,BUK11717
BUK10245,2026-MidYear,Mid Year,2026-07-15,3.38,3.6,3.47,Cumple lo esperado,False,BUK11717
BUK10246,2025-MidYear,Mid Year,2025-07-15,2.76,2.89,2.81,Bajo lo esperado,False,BUK10987
BUK10246,2025-Anual,Anual,2025-12-10,2.91,3.11,2.99,Bajo lo esperado,True,BUK10987
BUK10246,2026-MidYear,Mid Year,2026-07-15,2.52,2.89,2.67,Bajo lo esperado,False,BUK10987
BUK10247,2024-Anual,Anual,2024-12-10,2.96,2.66,2.84,Bajo lo esperado,True,BUK10708
BUK10247,2025-MidYear,Mid Year,2025-07-15,2.86,2.77,2.83,Bajo lo esperado,False,BUK10708
BUK10247,2025-Anual,Anual,2025-12-10,2.67,2.71,2.69,Bajo lo esperado,True,BUK10708
BUK10247,2026-MidYear,Mid Year,2026-07-15,2.7,2.89,2.77,Bajo lo esperado,False,BUK10708
BUK10248,2024-Anual,Anual,2024-12-10,3.59,3.26,3.46,Cumple lo esperado,False,BUK12279
BUK10248,2025-MidYear,Mid Year,2025-07-15,3.55,3.45,3.51,Sobresaliente,False,BUK12279
BUK10248,2025-Anual,Anual,2025-12-10,3.56,3.47,3.52,Sobresaliente,False,BUK12279
BUK10248,2026-MidYear,Mid Year,2026-07-15,3.65,3.91,3.75,Sobresaliente,False,BUK12279
BUK10249,2025-MidYear,Mid Year,2025-07-15,2.88,3.29,3.04,Cumple lo esperado,False,BUK10159
BUK10250,2024-Anual,Anual,2024-12-10,3.15,3.21,3.17,Cumple lo esperado,False,BUK10832
BUK10250,2025-MidYear,Mid Year,2025-07-15,3.51,3.15,3.36,Cumple lo esperado,False,BUK10832
BUK10250,2025-Anual,Anual,2025-12-10,3.63,3.29,3.49,Cumple lo esperado,False,BUK10832
BUK10250,2026-MidYear,Mid Year,2026-07-15,3.15,3.24,3.19,Cumple lo esperado,False,BUK10832
BUK10251,2024-Anual,Anual,2024-12-10,3.49,3.34,3.43,Cumple lo esperado,False,BUK10804
BUK10251,2025-MidYear,Mid Year,2025-07-15,3.24,3.85,3.49,Cumple lo esperado,False,BUK10804
BUK10251,2025-Anual,Anual,2025-12-10,3.42,3.58,3.49,Cumple lo esperado,False,BUK10804
BUK10251,2026-MidYear,Mid Year,2026-07-15,3.47,3.49,3.48,Cumple lo esperado,False,BUK10804
BUK10252,2026-MidYear,Mid Year,2026-07-15,3.57,3.36,3.48,Cumple lo esperado,False,BUK10627
BUK10253,2026-MidYear,Mid Year,2026-07-15,3.22,2.9,3.09,Cumple lo esperado,False,BUK11345
BUK10254,2024-Anual,Anual,2024-12-10,3.19,3.16,3.18,Cumple lo esperado,False,BUK10995
BUK10255,2024-Anual,Anual,2024-12-10,3.23,3.41,3.3,Cumple lo esperado,False,BUK11058
BUK10256,2025-Anual,Anual,2025-12-10,3.55,3.29,3.45,Cumple lo esperado,False,BUK11097
BUK10256,2026-MidYear,Mid Year,2026-07-15,3.45,3.47,3.46,Cumple lo esperado,False,BUK11097
BUK10259,2024-Anual,Anual,2024-12-10,3.09,3.14,3.11,Cumple lo esperado,False,BUK11747
BUK10259,2025-MidYear,Mid Year,2025-07-15,3.03,3.35,3.16,Cumple lo esperado,False,BUK11747
BUK10259,2025-Anual,Anual,2025-12-10,3.02,3.18,3.08,Cumple lo esperado,False,BUK11747
BUK10259,2026-MidYear,Mid Year,2026-07-15,2.8,3.36,3.02,Cumple lo esperado,False,BUK11747
BUK10260,2025-Anual,Anual,2025-12-10,3.22,3.44,3.31,Cumple lo esperado,False,BUK10796
BUK10260,2026-MidYear,Mid Year,2026-07-15,3.4,3.5,3.44,Cumple lo esperado,False,BUK10796
BUK10261,2026-MidYear,Mid Year,2026-07-15,3.46,3.26,3.38,Cumple lo esperado,False,BUK12499
BUK10264,2024-Anual,Anual,2024-12-10,3.0,3.38,3.16,Cumple lo esperado,False,BUK11580
BUK10264,2025-MidYear,Mid Year,2025-07-15,3.47,3.28,3.4,Cumple lo esperado,False,BUK11580
BUK10264,2025-Anual,Anual,2025-12-10,3.03,3.5,3.22,Cumple lo esperado,False,BUK11580
BUK10264,2026-MidYear,Mid Year,2026-07-15,3.54,3.36,3.47,Cumple lo esperado,False,BUK11580
BUK10265,2024-Anual,Anual,2024-12-10,3.74,3.46,3.63,Sobresaliente,False,BUK10796
BUK10265,2025-MidYear,Mid Year,2025-07-15,3.04,3.36,3.17,Cumple lo esperado,False,BUK10796
BUK10265,2025-Anual,Anual,2025-12-10,3.18,3.29,3.22,Cumple lo esperado,False,BUK10796
BUK10265,2026-MidYear,Mid Year,2026-07-15,3.74,3.19,3.52,Sobresaliente,False,BUK10796
BUK10266,2025-MidYear,Mid Year,2025-07-15,3.69,3.26,3.51,Sobresaliente,False,BUK11881
BUK10266,2025-Anual,Anual,2025-12-10,3.03,3.76,3.32,Cumple lo esperado,False,BUK11881
BUK10266,2026-MidYear,Mid Year,2026-07-15,3.57,3.44,3.52,Sobresaliente,False,BUK11881
BUK10267,2024-Anual,Anual,2024-12-10,3.51,3.32,3.43,Cumple lo esperado,False,BUK10619
BUK10267,2025-MidYear,Mid Year,2025-07-15,3.36,2.92,3.18,Cumple lo esperado,False,BUK10619
BUK10267,2025-Anual,Anual,2025-12-10,3.1,3.3,3.18,Cumple lo esperado,False,BUK10619
BUK10267,2026-MidYear,Mid Year,2026-07-15,3.13,3.56,3.3,Cumple lo esperado,False,BUK10619
BUK10268,2025-Anual,Anual,2025-12-10,3.4,3.41,3.4,Cumple lo esperado,False,BUK11183
BUK10268,2026-MidYear,Mid Year,2026-07-15,3.17,3.24,3.19,Cumple lo esperado,False,BUK11183
BUK10269,2024-Anual,Anual,2024-12-10,3.83,3.59,3.73,Sobresaliente,False,BUK12165
BUK10269,2025-MidYear,Mid Year,2025-07-15,3.36,3.59,3.45,Cumple lo esperado,False,BUK12165
BUK10269,2025-Anual,Anual,2025-12-10,3.27,3.46,3.35,Cumple lo esperado,False,BUK12165
BUK10269,2026-MidYear,Mid Year,2026-07-15,3.57,4.0,3.74,Sobresaliente,False,BUK12165
BUK10270,2024-Anual,Anual,2024-12-10,3.41,3.35,3.39,Cumple lo esperado,False,BUK11921
BUK10271,2025-MidYear,Mid Year,2025-07-15,3.59,3.48,3.55,Sobresaliente,False,BUK11023
BUK10272,2024-Anual,Anual,2024-12-10,3.76,3.48,3.65,Sobresaliente,False,BUK10833
BUK10272,2025-MidYear,Mid Year,2025-07-15,3.47,3.28,3.39,Cumple lo esperado,False,BUK10833
BUK10272,2025-Anual,Anual,2025-12-10,3.66,3.44,3.57,Sobresaliente,False,BUK10833
BUK10272,2026-MidYear,Mid Year,2026-07-15,3.09,3.35,3.2,Cumple lo esperado,False,BUK10833
BUK10273,2025-MidYear,Mid Year,2025-07-15,4.0,3.67,3.87,Sobresaliente,False,BUK12283
BUK10273,2025-Anual,Anual,2025-12-10,3.48,3.38,3.44,Cumple lo esperado,False,BUK12283
BUK10273,2026-MidYear,Mid Year,2026-07-15,3.64,3.55,3.6,Sobresaliente,False,BUK12283
BUK10274,2025-MidYear,Mid Year,2025-07-15,3.35,3.28,3.32,Cumple lo esperado,False,BUK11859
BUK10274,2025-Anual,Anual,2025-12-10,3.18,3.42,3.27,Cumple lo esperado,False,BUK11859
BUK10274,2026-MidYear,Mid Year,2026-07-15,3.73,3.58,3.67,Sobresaliente,False,BUK11859
BUK10275,2025-Anual,Anual,2025-12-10,3.83,3.4,3.66,Sobresaliente,False,BUK11964
BUK10276,2024-Anual,Anual,2024-12-10,3.76,3.85,3.8,Sobresaliente,False,BUK11186
BUK10276,2025-MidYear,Mid Year,2025-07-15,3.66,3.67,3.66,Sobresaliente,False,BUK11186
BUK10276,2025-Anual,Anual,2025-12-10,3.64,3.75,3.68,Sobresaliente,False,BUK11186
BUK10276,2026-MidYear,Mid Year,2026-07-15,3.98,3.73,3.88,Sobresaliente,False,BUK11186
BUK10277,2026-MidYear,Mid Year,2026-07-15,3.24,2.96,3.13,Cumple lo esperado,False,BUK10241
BUK10278,2024-Anual,Anual,2024-12-10,3.72,3.24,3.53,Sobresaliente,False,BUK10789
BUK10278,2025-MidYear,Mid Year,2025-07-15,3.69,3.2,3.49,Cumple lo esperado,False,BUK10789
BUK10278,2025-Anual,Anual,2025-12-10,3.54,3.99,3.72,Sobresaliente,False,BUK10789
BUK10278,2026-MidYear,Mid Year,2026-07-15,3.24,3.72,3.43,Cumple lo esperado,False,BUK10789
BUK10279,2025-Anual,Anual,2025-12-10,3.65,3.35,3.53,Sobresaliente,False,BUK10150
BUK10279,2026-MidYear,Mid Year,2026-07-15,3.26,3.75,3.46,Cumple lo esperado,False,BUK10150
BUK10280,2026-MidYear,Mid Year,2026-07-15,3.46,3.62,3.53,Sobresaliente,False,BUK10595
BUK10281,2026-MidYear,Mid Year,2026-07-15,3.41,3.68,3.52,Sobresaliente,False,BUK10312
BUK10282,2025-MidYear,Mid Year,2025-07-15,2.95,3.19,3.04,Cumple lo esperado,False,BUK12219
BUK10282,2025-Anual,Anual,2025-12-10,2.69,2.79,2.73,Bajo lo esperado,True,BUK12219
BUK10282,2026-MidYear,Mid Year,2026-07-15,3.03,3.04,3.04,Cumple lo esperado,False,BUK12219
BUK10283,2024-Anual,Anual,2024-12-10,3.27,3.28,3.27,Cumple lo esperado,False,BUK10351
BUK10283,2025-MidYear,Mid Year,2025-07-15,3.36,3.19,3.29,Cumple lo esperado,False,BUK10351
BUK10283,2025-Anual,Anual,2025-12-10,3.38,3.18,3.3,Cumple lo esperado,False,BUK10351
BUK10283,2026-MidYear,Mid Year,2026-07-15,3.2,3.24,3.22,Cumple lo esperado,False,BUK10351
BUK10284,2024-Anual,Anual,2024-12-10,3.69,3.43,3.59,Sobresaliente,False,BUK10574
BUK10284,2025-MidYear,Mid Year,2025-07-15,3.42,3.44,3.43,Cumple lo esperado,False,BUK10574
BUK10284,2025-Anual,Anual,2025-12-10,3.01,3.65,3.26,Cumple lo esperado,False,BUK10574
BUK10284,2026-MidYear,Mid Year,2026-07-15,3.31,3.63,3.44,Cumple lo esperado,False,BUK10574
BUK10286,2024-Anual,Anual,2024-12-10,3.21,3.21,3.21,Cumple lo esperado,False,
BUK10286,2025-MidYear,Mid Year,2025-07-15,3.35,3.54,3.43,Cumple lo esperado,False,
BUK10286,2025-Anual,Anual,2025-12-10,3.4,3.05,3.26,Cumple lo esperado,False,
BUK10286,2026-MidYear,Mid Year,2026-07-15,3.17,3.1,3.15,Cumple lo esperado,False,
BUK10287,2025-MidYear,Mid Year,2025-07-15,3.28,3.46,3.35,Cumple lo esperado,False,BUK11580
BUK10287,2025-Anual,Anual,2025-12-10,3.59,3.46,3.54,Sobresaliente,False,BUK11580
BUK10287,2026-MidYear,Mid Year,2026-07-15,3.45,3.19,3.35,Cumple lo esperado,False,BUK11580
BUK10288,2024-Anual,Anual,2024-12-10,3.51,2.86,3.25,Cumple lo esperado,False,BUK10327
BUK10288,2025-MidYear,Mid Year,2025-07-15,3.34,3.2,3.28,Cumple lo esperado,False,BUK10327
BUK10288,2025-Anual,Anual,2025-12-10,3.13,3.42,3.25,Cumple lo esperado,False,BUK10327
BUK10288,2026-MidYear,Mid Year,2026-07-15,3.53,3.51,3.52,Sobresaliente,False,BUK10327
BUK10289,2026-MidYear,Mid Year,2026-07-15,3.75,3.73,3.74,Sobresaliente,False,BUK10786
BUK10290,2026-MidYear,Mid Year,2026-07-15,3.83,3.68,3.77,Sobresaliente,False,BUK11563
BUK10291,2026-MidYear,Mid Year,2026-07-15,3.34,3.42,3.37,Cumple lo esperado,False,BUK11227
BUK10293,2025-MidYear,Mid Year,2025-07-15,3.15,3.67,3.36,Cumple lo esperado,False,BUK11474
BUK10293,2025-Anual,Anual,2025-12-10,3.07,3.38,3.2,Cumple lo esperado,False,BUK11474
BUK10293,2026-MidYear,Mid Year,2026-07-15,3.55,3.03,3.34,Cumple lo esperado,False,BUK11474
BUK10294,2024-Anual,Anual,2024-12-10,3.03,3.03,3.03,Cumple lo esperado,False,BUK10147
BUK10294,2025-MidYear,Mid Year,2025-07-15,3.25,3.08,3.18,Cumple lo esperado,False,BUK10147
BUK10294,2025-Anual,Anual,2025-12-10,3.2,3.31,3.24,Cumple lo esperado,False,BUK10147
BUK10294,2026-MidYear,Mid Year,2026-07-15,2.82,3.56,3.12,Cumple lo esperado,False,BUK10147
BUK10295,2026-MidYear,Mid Year,2026-07-15,3.41,3.48,3.44,Cumple lo esperado,False,BUK10122
BUK10296,2025-MidYear,Mid Year,2025-07-15,3.6,3.57,3.59,Sobresaliente,False,BUK12151
BUK10296,2025-Anual,Anual,2025-12-10,4.0,3.8,3.92,Sobresaliente,False,BUK12151
BUK10296,2026-MidYear,Mid Year,2026-07-15,3.32,3.34,3.33,Cumple lo esperado,False,BUK12151
BUK10298,2026-MidYear,Mid Year,2026-07-15,3.39,3.4,3.39,Cumple lo esperado,False,BUK11676
BUK10299,2024-Anual,Anual,2024-12-10,3.17,3.6,3.34,Cumple lo esperado,False,BUK11409
BUK10299,2025-MidYear,Mid Year,2025-07-15,3.42,3.64,3.51,Sobresaliente,False,BUK11409
BUK10299,2025-Anual,Anual,2025-12-10,3.2,3.35,3.26,Cumple lo esperado,False,BUK11409
BUK10299,2026-MidYear,Mid Year,2026-07-15,3.25,3.42,3.32,Cumple lo esperado,False,BUK11409
BUK10300,2026-MidYear,Mid Year,2026-07-15,3.57,3.32,3.47,Cumple lo esperado,False,BUK10619
BUK10301,2024-Anual,Anual,2024-12-10,3.31,3.5,3.39,Cumple lo esperado,False,BUK11837
BUK10301,2025-MidYear,Mid Year,2025-07-15,3.69,3.85,3.76,Sobresaliente,False,BUK11837
BUK10301,2025-Anual,Anual,2025-12-10,3.61,3.58,3.6,Sobresaliente,False,BUK11837
BUK10301,2026-MidYear,Mid Year,2026-07-15,3.6,3.21,3.45,Cumple lo esperado,False,BUK11837
BUK10303,2024-Anual,Anual,2024-12-10,3.53,3.37,3.47,Cumple lo esperado,False,BUK11921
BUK10303,2025-MidYear,Mid Year,2025-07-15,3.6,3.26,3.47,Cumple lo esperado,False,BUK11921
BUK10303,2025-Anual,Anual,2025-12-10,3.38,3.49,3.43,Cumple lo esperado,False,BUK11921
BUK10303,2026-MidYear,Mid Year,2026-07-15,3.37,3.37,3.37,Cumple lo esperado,False,BUK11921
BUK10304,2025-Anual,Anual,2025-12-10,3.08,3.22,3.13,Cumple lo esperado,False,BUK10327
BUK10306,2024-Anual,Anual,2024-12-10,3.28,3.32,3.3,Cumple lo esperado,False,BUK10619
BUK10306,2025-MidYear,Mid Year,2025-07-15,3.12,2.89,3.03,Cumple lo esperado,False,BUK10619
BUK10306,2025-Anual,Anual,2025-12-10,3.1,3.27,3.17,Cumple lo esperado,False,BUK10619
BUK10306,2026-MidYear,Mid Year,2026-07-15,3.47,3.59,3.52,Sobresaliente,False,BUK10619
BUK10307,2024-Anual,Anual,2024-12-10,3.36,3.85,3.56,Sobresaliente,False,BUK10844
BUK10307,2025-MidYear,Mid Year,2025-07-15,3.2,2.93,3.09,Cumple lo esperado,False,BUK10844
BUK10307,2025-Anual,Anual,2025-12-10,3.1,3.19,3.13,Cumple lo esperado,False,BUK10844
BUK10307,2026-MidYear,Mid Year,2026-07-15,3.21,3.43,3.3,Cumple lo esperado,False,BUK10844
BUK10308,2025-MidYear,Mid Year,2025-07-15,3.71,3.27,3.54,Sobresaliente,False,BUK11964
BUK10308,2025-Anual,Anual,2025-12-10,3.45,3.49,3.46,Cumple lo esperado,False,BUK11964
BUK10308,2026-MidYear,Mid Year,2026-07-15,3.8,3.49,3.68,Sobresaliente,False,BUK11964
BUK10309,2024-Anual,Anual,2024-12-10,2.75,2.92,2.82,Bajo lo esperado,True,BUK12266
BUK10309,2025-MidYear,Mid Year,2025-07-15,2.75,2.62,2.7,Bajo lo esperado,False,BUK12266
BUK10309,2025-Anual,Anual,2025-12-10,2.93,2.28,2.67,Bajo lo esperado,True,BUK12266
BUK10309,2026-MidYear,Mid Year,2026-07-15,2.62,2.54,2.59,Bajo lo esperado,False,BUK12266
BUK10311,2026-MidYear,Mid Year,2026-07-15,3.52,3.09,3.35,Cumple lo esperado,False,BUK12465
BUK10313,2024-Anual,Anual,2024-12-10,3.3,3.76,3.48,Cumple lo esperado,False,BUK10833
BUK10313,2025-MidYear,Mid Year,2025-07-15,3.51,3.28,3.42,Cumple lo esperado,False,BUK10833
BUK10313,2025-Anual,Anual,2025-12-10,3.49,3.35,3.43,Cumple lo esperado,False,BUK10833
BUK10313,2026-MidYear,Mid Year,2026-07-15,3.84,3.62,3.75,Sobresaliente,False,BUK10833
BUK10314,2024-Anual,Anual,2024-12-10,3.65,3.81,3.72,Sobresaliente,False,BUK12218
BUK10314,2025-MidYear,Mid Year,2025-07-15,3.6,3.74,3.66,Sobresaliente,False,BUK12218
BUK10314,2025-Anual,Anual,2025-12-10,3.46,3.93,3.65,Sobresaliente,False,BUK12218
BUK10315,2024-Anual,Anual,2024-12-10,3.0,3.44,3.18,Cumple lo esperado,False,BUK12337
BUK10315,2025-MidYear,Mid Year,2025-07-15,3.3,3.22,3.27,Cumple lo esperado,False,BUK12337
BUK10315,2025-Anual,Anual,2025-12-10,3.47,3.34,3.42,Cumple lo esperado,False,BUK12337
BUK10315,2026-MidYear,Mid Year,2026-07-15,3.3,3.17,3.25,Cumple lo esperado,False,BUK12337
BUK10316,2024-Anual,Anual,2024-12-10,3.27,3.47,3.35,Cumple lo esperado,False,BUK10327
BUK10316,2025-MidYear,Mid Year,2025-07-15,3.31,3.35,3.32,Cumple lo esperado,False,BUK10327
BUK10316,2025-Anual,Anual,2025-12-10,3.33,3.25,3.3,Cumple lo esperado,False,BUK10327
BUK10316,2026-MidYear,Mid Year,2026-07-15,3.09,3.21,3.14,Cumple lo esperado,False,BUK10327
BUK10318,2024-Anual,Anual,2024-12-10,3.59,3.72,3.64,Sobresaliente,False,BUK10945
BUK10318,2025-MidYear,Mid Year,2025-07-15,3.31,3.61,3.43,Cumple lo esperado,False,BUK10945
BUK10318,2025-Anual,Anual,2025-12-10,3.36,3.35,3.36,Cumple lo esperado,False,BUK10945
BUK10318,2026-MidYear,Mid Year,2026-07-15,2.95,3.3,3.09,Cumple lo esperado,False,BUK10945
BUK10319,2025-MidYear,Mid Year,2025-07-15,3.55,3.51,3.53,Sobresaliente,False,BUK10680
BUK10319,2025-Anual,Anual,2025-12-10,3.35,3.55,3.43,Cumple lo esperado,False,BUK10680
BUK10319,2026-MidYear,Mid Year,2026-07-15,3.39,3.34,3.37,Cumple lo esperado,False,BUK10680
BUK10320,2026-MidYear,Mid Year,2026-07-15,3.79,3.57,3.7,Sobresaliente,False,BUK10118
BUK10322,2026-MidYear,Mid Year,2026-07-15,3.37,4.0,3.62,Sobresaliente,False,BUK11625
BUK10323,2024-Anual,Anual,2024-12-10,3.59,3.76,3.66,Sobresaliente,False,BUK11543
BUK10323,2025-MidYear,Mid Year,2025-07-15,3.36,3.73,3.51,Sobresaliente,False,BUK11543
BUK10323,2025-Anual,Anual,2025-12-10,3.22,3.63,3.39,Cumple lo esperado,False,BUK11543
BUK10323,2026-MidYear,Mid Year,2026-07-15,3.34,3.22,3.29,Cumple lo esperado,False,BUK11543
BUK10324,2025-Anual,Anual,2025-12-10,3.54,3.34,3.46,Cumple lo esperado,False,BUK12441
BUK10324,2026-MidYear,Mid Year,2026-07-15,3.6,3.21,3.44,Cumple lo esperado,False,BUK12441
BUK10326,2025-Anual,Anual,2025-12-10,2.62,2.81,2.7,Bajo lo esperado,True,BUK12316
BUK10326,2026-MidYear,Mid Year,2026-07-15,3.12,3.19,3.15,Cumple lo esperado,False,BUK12316
BUK10327,2025-Anual,Anual,2025-12-10,3.14,3.99,3.48,Cumple lo esperado,False,BUK10676
BUK10327,2026-MidYear,Mid Year,2026-07-15,3.68,3.76,3.71,Sobresaliente,False,BUK10676
BUK10328,2026-MidYear,Mid Year,2026-07-15,3.65,3.12,3.44,Cumple lo esperado,False,BUK10348
BUK10329,2026-MidYear,Mid Year,2026-07-15,3.29,3.54,3.39,Cumple lo esperado,False,BUK10302
BUK10330,2026-MidYear,Mid Year,2026-07-15,3.3,3.12,3.23,Cumple lo esperado,False,BUK10949
BUK10331,2024-Anual,Anual,2024-12-10,2.8,2.72,2.77,Bajo lo esperado,True,BUK11844
BUK10331,2025-MidYear,Mid Year,2025-07-15,2.76,2.65,2.72,Bajo lo esperado,False,BUK11844
BUK10331,2025-Anual,Anual,2025-12-10,2.65,2.83,2.72,Bajo lo esperado,True,BUK11844
BUK10331,2026-MidYear,Mid Year,2026-07-15,2.35,2.28,2.32,Bajo lo esperado,False,BUK11844
BUK10332,2024-Anual,Anual,2024-12-10,3.34,2.74,3.1,Cumple lo esperado,False,BUK10312
BUK10333,2025-MidYear,Mid Year,2025-07-15,2.9,3.23,3.03,Cumple lo esperado,False,BUK12446
BUK10335,2025-MidYear,Mid Year,2025-07-15,3.13,3.59,3.31,Cumple lo esperado,False,BUK10921
BUK10335,2025-Anual,Anual,2025-12-10,3.59,3.35,3.5,Sobresaliente,False,BUK10921
BUK10335,2026-MidYear,Mid Year,2026-07-15,3.44,3.15,3.33,Cumple lo esperado,False,BUK10921
BUK10336,2025-Anual,Anual,2025-12-10,3.51,3.05,3.33,Cumple lo esperado,False,BUK10900
BUK10336,2026-MidYear,Mid Year,2026-07-15,3.49,3.24,3.39,Cumple lo esperado,False,BUK10900
BUK10340,2024-Anual,Anual,2024-12-10,2.88,3.0,2.93,Bajo lo esperado,True,BUK10619
BUK10341,2025-MidYear,Mid Year,2025-07-15,3.52,3.29,3.43,Cumple lo esperado,False,BUK10462
BUK10341,2025-Anual,Anual,2025-12-10,3.53,3.44,3.5,Sobresaliente,False,BUK10462
BUK10341,2026-MidYear,Mid Year,2026-07-15,3.6,3.52,3.57,Sobresaliente,False,BUK10462
BUK10342,2025-Anual,Anual,2025-12-10,3.28,2.96,3.15,Cumple lo esperado,False,BUK11964
BUK10343,2024-Anual,Anual,2024-12-10,3.29,3.37,3.32,Cumple lo esperado,False,BUK12094
BUK10343,2025-MidYear,Mid Year,2025-07-15,3.59,3.52,3.56,Sobresaliente,False,BUK12094
BUK10343,2025-Anual,Anual,2025-12-10,3.85,3.59,3.75,Sobresaliente,False,BUK12094
BUK10343,2026-MidYear,Mid Year,2026-07-15,3.43,3.42,3.42,Cumple lo esperado,False,BUK12094
BUK10344,2025-MidYear,Mid Year,2025-07-15,3.55,3.6,3.57,Sobresaliente,False,BUK10789
BUK10344,2025-Anual,Anual,2025-12-10,3.42,3.85,3.59,Sobresaliente,False,BUK10789
BUK10346,2024-Anual,Anual,2024-12-10,2.8,2.35,2.62,Bajo lo esperado,True,BUK12005
BUK10346,2025-MidYear,Mid Year,2025-07-15,2.56,2.96,2.72,Bajo lo esperado,False,BUK12005
BUK10346,2025-Anual,Anual,2025-12-10,2.95,2.76,2.87,Bajo lo esperado,True,BUK12005
BUK10346,2026-MidYear,Mid Year,2026-07-15,2.71,3.13,2.88,Bajo lo esperado,False,BUK12005
BUK10347,2026-MidYear,Mid Year,2026-07-15,3.52,3.07,3.34,Cumple lo esperado,False,BUK11901
BUK10350,2024-Anual,Anual,2024-12-10,3.1,3.55,3.28,Cumple lo esperado,False,BUK12049
BUK10350,2025-MidYear,Mid Year,2025-07-15,3.59,3.56,3.58,Sobresaliente,False,BUK12049
BUK10350,2025-Anual,Anual,2025-12-10,3.34,3.76,3.51,Sobresaliente,False,BUK12049
BUK10350,2026-MidYear,Mid Year,2026-07-15,3.58,3.28,3.46,Cumple lo esperado,False,BUK12049
BUK10352,2024-Anual,Anual,2024-12-10,3.46,3.28,3.39,Cumple lo esperado,False,BUK11474
BUK10352,2025-MidYear,Mid Year,2025-07-15,3.75,3.37,3.59,Sobresaliente,False,BUK11474
BUK10352,2025-Anual,Anual,2025-12-10,3.74,3.36,3.59,Sobresaliente,False,BUK11474
BUK10352,2026-MidYear,Mid Year,2026-07-15,3.5,3.76,3.6,Sobresaliente,False,BUK11474
BUK10353,2024-Anual,Anual,2024-12-10,3.43,3.55,3.48,Cumple lo esperado,False,BUK10900
BUK10353,2025-MidYear,Mid Year,2025-07-15,3.45,3.53,3.48,Cumple lo esperado,False,BUK10900
BUK10353,2025-Anual,Anual,2025-12-10,3.54,3.67,3.59,Sobresaliente,False,BUK10900
BUK10353,2026-MidYear,Mid Year,2026-07-15,3.68,3.54,3.62,Sobresaliente,False,BUK10900
BUK10354,2026-MidYear,Mid Year,2026-07-15,3.92,3.42,3.72,Sobresaliente,False,BUK10478
BUK10355,2024-Anual,Anual,2024-12-10,3.48,3.83,3.62,Sobresaliente,False,BUK11656
BUK10355,2025-MidYear,Mid Year,2025-07-15,3.48,3.43,3.46,Cumple lo esperado,False,BUK11656
BUK10355,2025-Anual,Anual,2025-12-10,3.52,3.31,3.44,Cumple lo esperado,False,BUK11656
BUK10355,2026-MidYear,Mid Year,2026-07-15,3.41,3.3,3.37,Cumple lo esperado,False,BUK11656
BUK10356,2024-Anual,Anual,2024-12-10,3.47,3.28,3.39,Cumple lo esperado,False,BUK10800
BUK10356,2025-MidYear,Mid Year,2025-07-15,3.86,3.49,3.71,Sobresaliente,False,BUK10800
BUK10356,2025-Anual,Anual,2025-12-10,3.62,3.83,3.71,Sobresaliente,False,BUK10800
BUK10356,2026-MidYear,Mid Year,2026-07-15,3.63,4.0,3.78,Sobresaliente,False,BUK10800
BUK10357,2024-Anual,Anual,2024-12-10,2.53,2.41,2.48,Bajo lo esperado,True,BUK11146
BUK10357,2025-MidYear,Mid Year,2025-07-15,2.71,2.45,2.61,Bajo lo esperado,False,BUK11146
BUK10357,2025-Anual,Anual,2025-12-10,2.43,2.89,2.61,Bajo lo esperado,True,BUK11146
BUK10357,2026-MidYear,Mid Year,2026-07-15,2.38,2.55,2.45,Bajo lo esperado,False,BUK11146
BUK10358,2024-Anual,Anual,2024-12-10,3.13,3.65,3.34,Cumple lo esperado,False,BUK12590
BUK10358,2025-MidYear,Mid Year,2025-07-15,3.12,3.51,3.28,Cumple lo esperado,False,BUK12590
BUK10358,2025-Anual,Anual,2025-12-10,3.67,3.3,3.52,Sobresaliente,False,BUK12590
BUK10358,2026-MidYear,Mid Year,2026-07-15,3.44,3.36,3.41,Cumple lo esperado,False,BUK12590
BUK10359,2025-MidYear,Mid Year,2025-07-15,3.6,3.96,3.74,Sobresaliente,False,BUK11277
BUK10359,2025-Anual,Anual,2025-12-10,3.68,3.38,3.56,Sobresaliente,False,BUK11277
BUK10359,2026-MidYear,Mid Year,2026-07-15,3.43,3.99,3.65,Sobresaliente,False,BUK11277
BUK10361,2024-Anual,Anual,2024-12-10,3.54,3.66,3.59,Sobresaliente,False,
BUK10361,2025-MidYear,Mid Year,2025-07-15,3.72,3.22,3.52,Sobresaliente,False,
BUK10361,2025-Anual,Anual,2025-12-10,3.59,3.88,3.71,Sobresaliente,False,
BUK10361,2026-MidYear,Mid Year,2026-07-15,3.73,3.53,3.65,Sobresaliente,False,
BUK10362,2026-MidYear,Mid Year,2026-07-15,3.26,3.29,3.27,Cumple lo esperado,False,BUK10812
BUK10364,2025-Anual,Anual,2025-12-10,2.3,3.03,2.6,Bajo lo esperado,True,BUK10804
BUK10364,2026-MidYear,Mid Year,2026-07-15,2.8,2.83,2.81,Bajo lo esperado,False,BUK10804
BUK10365,2024-Anual,Anual,2024-12-10,3.72,4.0,3.83,Sobresaliente,False,BUK10746
BUK10365,2025-MidYear,Mid Year,2025-07-15,3.69,3.67,3.68,Sobresaliente,False,BUK10746
BUK10365,2025-Anual,Anual,2025-12-10,3.35,3.55,3.43,Cumple lo esperado,False,BUK10746
BUK10365,2026-MidYear,Mid Year,2026-07-15,3.33,3.31,3.32,Cumple lo esperado,False,BUK10746
BUK10367,2024-Anual,Anual,2024-12-10,3.17,3.01,3.11,Cumple lo esperado,False,BUK11267
BUK10367,2025-MidYear,Mid Year,2025-07-15,3.03,3.5,3.22,Cumple lo esperado,False,BUK11267
BUK10367,2025-Anual,Anual,2025-12-10,3.01,3.34,3.14,Cumple lo esperado,False,BUK11267
BUK10367,2026-MidYear,Mid Year,2026-07-15,3.14,3.46,3.27,Cumple lo esperado,False,BUK11267
BUK10368,2024-Anual,Anual,2024-12-10,3.29,3.34,3.31,Cumple lo esperado,False,BUK10376
BUK10368,2025-MidYear,Mid Year,2025-07-15,3.32,3.4,3.35,Cumple lo esperado,False,BUK10376
BUK10368,2025-Anual,Anual,2025-12-10,3.69,3.73,3.71,Sobresaliente,False,BUK10376
BUK10368,2026-MidYear,Mid Year,2026-07-15,3.5,3.85,3.64,Sobresaliente,False,BUK10376
BUK10369,2024-Anual,Anual,2024-12-10,3.83,3.97,3.89,Sobresaliente,False,BUK10689
BUK10369,2025-MidYear,Mid Year,2025-07-15,3.4,3.34,3.38,Cumple lo esperado,False,BUK10689
BUK10369,2025-Anual,Anual,2025-12-10,3.34,3.44,3.38,Cumple lo esperado,False,BUK10689
BUK10369,2026-MidYear,Mid Year,2026-07-15,3.75,3.25,3.55,Sobresaliente,False,BUK10689
BUK10370,2025-Anual,Anual,2025-12-10,3.24,3.17,3.21,Cumple lo esperado,False,BUK11023
BUK10370,2026-MidYear,Mid Year,2026-07-15,3.44,3.12,3.31,Cumple lo esperado,False,BUK11023
BUK10371,2024-Anual,Anual,2024-12-10,3.03,3.07,3.04,Cumple lo esperado,False,BUK10995
BUK10371,2025-MidYear,Mid Year,2025-07-15,3.28,3.19,3.25,Cumple lo esperado,False,BUK10995
BUK10371,2025-Anual,Anual,2025-12-10,3.26,3.52,3.36,Cumple lo esperado,False,BUK10995
BUK10371,2026-MidYear,Mid Year,2026-07-15,3.24,3.09,3.18,Cumple lo esperado,False,BUK10995
BUK10372,2025-MidYear,Mid Year,2025-07-15,2.9,2.75,2.84,Bajo lo esperado,False,BUK12311
BUK10374,2025-Anual,Anual,2025-12-10,3.46,3.79,3.59,Sobresaliente,False,BUK10833
BUK10374,2026-MidYear,Mid Year,2026-07-15,3.29,2.89,3.13,Cumple lo esperado,False,BUK10833
BUK10375,2024-Anual,Anual,2024-12-10,3.51,3.5,3.5,Sobresaliente,False,BUK11964
BUK10375,2025-MidYear,Mid Year,2025-07-15,3.53,3.48,3.51,Sobresaliente,False,BUK11964
BUK10375,2025-Anual,Anual,2025-12-10,3.54,3.23,3.42,Cumple lo esperado,False,BUK11964
BUK10375,2026-MidYear,Mid Year,2026-07-15,3.44,3.28,3.38,Cumple lo esperado,False,BUK11964
BUK10377,2024-Anual,Anual,2024-12-10,3.5,3.74,3.6,Sobresaliente,False,BUK11543
BUK10377,2025-MidYear,Mid Year,2025-07-15,3.26,3.64,3.41,Cumple lo esperado,False,BUK11543
BUK10377,2025-Anual,Anual,2025-12-10,4.0,3.39,3.76,Sobresaliente,False,BUK11543
BUK10377,2026-MidYear,Mid Year,2026-07-15,3.49,3.53,3.51,Sobresaliente,False,BUK11543
BUK10378,2025-MidYear,Mid Year,2025-07-15,3.37,3.16,3.28,Cumple lo esperado,False,BUK10150
BUK10378,2025-Anual,Anual,2025-12-10,3.88,3.25,3.63,Sobresaliente,False,BUK10150
BUK10378,2026-MidYear,Mid Year,2026-07-15,3.11,3.45,3.25,Cumple lo esperado,False,BUK10150
BUK10379,2026-MidYear,Mid Year,2026-07-15,3.5,3.45,3.48,Cumple lo esperado,False,BUK12266
BUK10380,2025-Anual,Anual,2025-12-10,3.04,3.13,3.08,Cumple lo esperado,False,BUK10322
BUK10380,2026-MidYear,Mid Year,2026-07-15,2.98,3.34,3.12,Cumple lo esperado,False,BUK10322
BUK10381,2026-MidYear,Mid Year,2026-07-15,3.81,3.68,3.76,Sobresaliente,False,BUK12104
BUK10382,2024-Anual,Anual,2024-12-10,3.23,3.27,3.25,Cumple lo esperado,False,BUK12452
BUK10382,2025-MidYear,Mid Year,2025-07-15,2.96,2.76,2.88,Bajo lo esperado,False,BUK12452
BUK10383,2026-MidYear,Mid Year,2026-07-15,2.7,2.28,2.53,Bajo lo esperado,False,BUK11656
BUK10384,2024-Anual,Anual,2024-12-10,2.69,2.92,2.78,Bajo lo esperado,True,BUK10289
BUK10384,2025-MidYear,Mid Year,2025-07-15,2.69,2.71,2.7,Bajo lo esperado,False,BUK10289
BUK10384,2025-Anual,Anual,2025-12-10,2.87,2.84,2.86,Bajo lo esperado,True,BUK10289
BUK10386,2024-Anual,Anual,2024-12-10,3.19,3.73,3.41,Cumple lo esperado,False,BUK10945
BUK10386,2025-MidYear,Mid Year,2025-07-15,3.14,3.15,3.14,Cumple lo esperado,False,BUK10945
BUK10386,2025-Anual,Anual,2025-12-10,3.13,3.51,3.28,Cumple lo esperado,False,BUK10945
BUK10386,2026-MidYear,Mid Year,2026-07-15,3.5,3.56,3.52,Sobresaliente,False,BUK10945
BUK10388,2024-Anual,Anual,2024-12-10,3.44,3.73,3.56,Sobresaliente,False,BUK10970
BUK10388,2025-MidYear,Mid Year,2025-07-15,3.13,3.55,3.3,Cumple lo esperado,False,BUK10970
BUK10388,2025-Anual,Anual,2025-12-10,3.72,3.34,3.57,Sobresaliente,False,BUK10970
BUK10388,2026-MidYear,Mid Year,2026-07-15,3.63,3.42,3.55,Sobresaliente,False,BUK10970
BUK10390,2025-MidYear,Mid Year,2025-07-15,3.35,3.46,3.39,Cumple lo esperado,False,BUK11730
BUK10390,2025-Anual,Anual,2025-12-10,3.57,3.4,3.5,Sobresaliente,False,BUK11730
BUK10390,2026-MidYear,Mid Year,2026-07-15,3.6,3.83,3.69,Sobresaliente,False,BUK11730
BUK10391,2024-Anual,Anual,2024-12-10,3.39,3.44,3.41,Cumple lo esperado,False,BUK11901
BUK10391,2025-MidYear,Mid Year,2025-07-15,3.3,3.3,3.3,Cumple lo esperado,False,BUK11901
BUK10391,2025-Anual,Anual,2025-12-10,3.12,3.72,3.36,Cumple lo esperado,False,BUK11901
BUK10391,2026-MidYear,Mid Year,2026-07-15,3.54,3.19,3.4,Cumple lo esperado,False,BUK11901
BUK10392,2024-Anual,Anual,2024-12-10,3.68,3.24,3.5,Sobresaliente,False,BUK10714
BUK10392,2025-MidYear,Mid Year,2025-07-15,3.25,3.69,3.43,Cumple lo esperado,False,BUK10714
BUK10392,2025-Anual,Anual,2025-12-10,3.09,3.5,3.25,Cumple lo esperado,False,BUK10714
BUK10392,2026-MidYear,Mid Year,2026-07-15,3.6,3.7,3.64,Sobresaliente,False,BUK10714
BUK10393,2026-MidYear,Mid Year,2026-07-15,3.35,3.55,3.43,Cumple lo esperado,False,BUK10289
BUK10394,2026-MidYear,Mid Year,2026-07-15,3.19,3.53,3.33,Cumple lo esperado,False,BUK10992
BUK10395,2024-Anual,Anual,2024-12-10,3.48,3.5,3.48,Cumple lo esperado,False,BUK12151
BUK10395,2025-MidYear,Mid Year,2025-07-15,3.43,3.37,3.4,Cumple lo esperado,False,BUK12151
BUK10395,2025-Anual,Anual,2025-12-10,3.15,3.33,3.23,Cumple lo esperado,False,BUK12151
BUK10395,2026-MidYear,Mid Year,2026-07-15,3.49,3.53,3.51,Sobresaliente,False,BUK12151
BUK10396,2024-Anual,Anual,2024-12-10,3.17,3.39,3.25,Cumple lo esperado,False,BUK11244
BUK10396,2025-MidYear,Mid Year,2025-07-15,3.62,3.21,3.46,Cumple lo esperado,False,BUK11244
BUK10396,2025-Anual,Anual,2025-12-10,3.91,3.53,3.76,Sobresaliente,False,BUK11244
BUK10396,2026-MidYear,Mid Year,2026-07-15,3.81,3.25,3.59,Sobresaliente,False,BUK11244
BUK10397,2025-MidYear,Mid Year,2025-07-15,3.38,3.29,3.34,Cumple lo esperado,False,BUK12586
BUK10397,2025-Anual,Anual,2025-12-10,3.48,3.3,3.41,Cumple lo esperado,False,BUK12586
BUK10398,2024-Anual,Anual,2024-12-10,2.46,2.88,2.63,Bajo lo esperado,True,BUK10604
BUK10398,2025-MidYear,Mid Year,2025-07-15,2.62,2.66,2.64,Bajo lo esperado,False,BUK10604
BUK10398,2025-Anual,Anual,2025-12-10,2.63,3.48,2.97,Bajo lo esperado,True,BUK10604
BUK10398,2026-MidYear,Mid Year,2026-07-15,2.97,2.66,2.84,Bajo lo esperado,False,BUK10604
BUK10400,2024-Anual,Anual,2024-12-10,2.75,2.95,2.83,Bajo lo esperado,True,BUK10680
BUK10401,2025-MidYear,Mid Year,2025-07-15,3.68,3.21,3.49,Cumple lo esperado,False,BUK11152
BUK10401,2025-Anual,Anual,2025-12-10,3.44,3.8,3.59,Sobresaliente,False,BUK11152
BUK10401,2026-MidYear,Mid Year,2026-07-15,3.11,3.35,3.21,Cumple lo esperado,False,BUK11152
BUK10403,2025-MidYear,Mid Year,2025-07-15,3.39,3.51,3.44,Cumple lo esperado,False,BUK12566
BUK10403,2025-Anual,Anual,2025-12-10,3.79,3.4,3.64,Sobresaliente,False,BUK12566
BUK10403,2026-MidYear,Mid Year,2026-07-15,3.67,3.23,3.5,Sobresaliente,False,BUK12566
BUK10404,2026-MidYear,Mid Year,2026-07-15,3.85,3.46,3.69,Sobresaliente,False,BUK10963
BUK10405,2026-MidYear,Mid Year,2026-07-15,3.34,3.27,3.32,Cumple lo esperado,False,BUK11314
BUK10406,2024-Anual,Anual,2024-12-10,3.37,3.26,3.33,Cumple lo esperado,False,BUK10746
BUK10406,2025-MidYear,Mid Year,2025-07-15,2.86,3.33,3.05,Cumple lo esperado,False,BUK10746
BUK10406,2025-Anual,Anual,2025-12-10,2.9,3.23,3.03,Cumple lo esperado,False,BUK10746
BUK10406,2026-MidYear,Mid Year,2026-07-15,3.16,3.12,3.15,Cumple lo esperado,False,BUK10746
BUK10407,2024-Anual,Anual,2024-12-10,2.85,3.3,3.03,Cumple lo esperado,False,BUK10798
BUK10408,2025-Anual,Anual,2025-12-10,3.37,3.49,3.42,Cumple lo esperado,False,BUK10839
BUK10408,2026-MidYear,Mid Year,2026-07-15,3.46,3.44,3.45,Cumple lo esperado,False,BUK10839
BUK10409,2026-MidYear,Mid Year,2026-07-15,3.27,3.24,3.26,Cumple lo esperado,False,BUK10689
BUK10410,2024-Anual,Anual,2024-12-10,3.52,3.42,3.48,Cumple lo esperado,False,BUK10789
BUK10410,2025-MidYear,Mid Year,2025-07-15,3.71,3.45,3.61,Sobresaliente,False,BUK10789
BUK10410,2025-Anual,Anual,2025-12-10,3.67,3.61,3.65,Sobresaliente,False,BUK10789
BUK10410,2026-MidYear,Mid Year,2026-07-15,3.47,3.38,3.43,Cumple lo esperado,False,BUK10789
BUK10411,2024-Anual,Anual,2024-12-10,3.53,3.41,3.48,Cumple lo esperado,False,BUK10950
BUK10411,2025-MidYear,Mid Year,2025-07-15,3.67,3.39,3.56,Sobresaliente,False,BUK10950
BUK10411,2025-Anual,Anual,2025-12-10,3.64,3.87,3.73,Sobresaliente,False,BUK10950
BUK10411,2026-MidYear,Mid Year,2026-07-15,3.84,3.84,3.84,Sobresaliente,False,BUK10950
BUK10412,2024-Anual,Anual,2024-12-10,2.94,3.79,3.28,Cumple lo esperado,False,BUK10248
BUK10412,2025-MidYear,Mid Year,2025-07-15,3.59,3.53,3.57,Sobresaliente,False,BUK10248
BUK10412,2025-Anual,Anual,2025-12-10,3.29,3.57,3.4,Cumple lo esperado,False,BUK10248
BUK10412,2026-MidYear,Mid Year,2026-07-15,3.55,3.77,3.64,Sobresaliente,False,BUK10248
BUK10413,2024-Anual,Anual,2024-12-10,3.58,3.73,3.64,Sobresaliente,False,BUK12529
BUK10413,2025-MidYear,Mid Year,2025-07-15,3.42,3.5,3.45,Cumple lo esperado,False,BUK12529
BUK10413,2025-Anual,Anual,2025-12-10,3.72,3.65,3.7,Sobresaliente,False,BUK12529
BUK10413,2026-MidYear,Mid Year,2026-07-15,3.35,3.94,3.59,Sobresaliente,False,BUK12529
BUK10414,2024-Anual,Anual,2024-12-10,3.2,3.33,3.25,Cumple lo esperado,False,BUK11747
BUK10415,2026-MidYear,Mid Year,2026-07-15,3.12,3.28,3.18,Cumple lo esperado,False,BUK10900
BUK10416,2025-Anual,Anual,2025-12-10,3.71,3.42,3.59,Sobresaliente,False,BUK10694
BUK10416,2026-MidYear,Mid Year,2026-07-15,3.8,3.62,3.73,Sobresaliente,False,BUK10694
BUK10418,2024-Anual,Anual,2024-12-10,3.8,3.46,3.66,Sobresaliente,False,BUK11780
BUK10418,2025-MidYear,Mid Year,2025-07-15,3.66,3.58,3.63,Sobresaliente,False,BUK11780
BUK10418,2025-Anual,Anual,2025-12-10,3.39,3.34,3.37,Cumple lo esperado,False,BUK11780
BUK10418,2026-MidYear,Mid Year,2026-07-15,3.55,3.24,3.43,Cumple lo esperado,False,BUK11780
BUK10420,2026-MidYear,Mid Year,2026-07-15,3.0,3.61,3.24,Cumple lo esperado,False,BUK12266
BUK10424,2024-Anual,Anual,2024-12-10,3.43,3.21,3.34,Cumple lo esperado,False,BUK12311
BUK10424,2025-MidYear,Mid Year,2025-07-15,3.87,3.76,3.83,Sobresaliente,False,BUK12311
BUK10424,2025-Anual,Anual,2025-12-10,3.52,3.73,3.6,Sobresaliente,False,BUK12311
BUK10424,2026-MidYear,Mid Year,2026-07-15,3.42,3.33,3.38,Cumple lo esperado,False,BUK12311
BUK10425,2024-Anual,Anual,2024-12-10,2.55,2.76,2.63,Bajo lo esperado,True,BUK10975
BUK10425,2025-MidYear,Mid Year,2025-07-15,2.63,2.64,2.63,Bajo lo esperado,False,BUK10975
BUK10425,2025-Anual,Anual,2025-12-10,2.46,2.68,2.55,Bajo lo esperado,True,BUK10975
BUK10425,2026-MidYear,Mid Year,2026-07-15,2.46,2.92,2.65,Bajo lo esperado,False,BUK10975
BUK10426,2024-Anual,Anual,2024-12-10,3.7,3.82,3.75,Sobresaliente,False,BUK11580
BUK10426,2025-MidYear,Mid Year,2025-07-15,3.63,3.44,3.56,Sobresaliente,False,BUK11580
BUK10426,2025-Anual,Anual,2025-12-10,3.94,3.88,3.92,Sobresaliente,False,BUK11580
BUK10426,2026-MidYear,Mid Year,2026-07-15,3.56,3.49,3.53,Sobresaliente,False,BUK11580
BUK10428,2026-MidYear,Mid Year,2026-07-15,3.46,3.45,3.45,Cumple lo esperado,False,BUK10019
BUK10429,2025-MidYear,Mid Year,2025-07-15,2.96,2.75,2.88,Bajo lo esperado,False,BUK11796
BUK10429,2025-Anual,Anual,2025-12-10,3.08,2.82,2.98,Bajo lo esperado,True,BUK11796
BUK10429,2026-MidYear,Mid Year,2026-07-15,2.8,3.06,2.91,Bajo lo esperado,False,BUK11796
BUK10431,2024-Anual,Anual,2024-12-10,2.67,3.02,2.81,Bajo lo esperado,True,BUK10250
BUK10431,2025-MidYear,Mid Year,2025-07-15,3.16,2.8,3.02,Cumple lo esperado,False,BUK10250
BUK10431,2025-Anual,Anual,2025-12-10,2.39,2.51,2.44,Bajo lo esperado,True,BUK10250
BUK10431,2026-MidYear,Mid Year,2026-07-15,2.57,2.93,2.71,Bajo lo esperado,False,BUK10250
BUK10434,2025-Anual,Anual,2025-12-10,2.56,2.49,2.53,Bajo lo esperado,True,BUK12266
BUK10434,2026-MidYear,Mid Year,2026-07-15,2.74,2.26,2.55,Bajo lo esperado,False,BUK12266
BUK10435,2026-MidYear,Mid Year,2026-07-15,3.47,3.37,3.43,Cumple lo esperado,False,BUK11001
BUK10436,2025-MidYear,Mid Year,2025-07-15,3.15,3.05,3.11,Cumple lo esperado,False,BUK10995
BUK10436,2025-Anual,Anual,2025-12-10,2.58,3.37,2.9,Bajo lo esperado,True,BUK10995
BUK10436,2026-MidYear,Mid Year,2026-07-15,3.13,3.15,3.14,Cumple lo esperado,False,BUK10995
BUK10437,2025-Anual,Anual,2025-12-10,3.17,4.0,3.5,Sobresaliente,False,
BUK10438,2024-Anual,Anual,2024-12-10,3.67,3.69,3.68,Sobresaliente,False,BUK11345
BUK10438,2025-MidYear,Mid Year,2025-07-15,3.89,3.57,3.76,Sobresaliente,False,BUK11345
BUK10438,2025-Anual,Anual,2025-12-10,3.45,3.97,3.65,Sobresaliente,False,BUK11345
BUK10438,2026-MidYear,Mid Year,2026-07-15,3.74,4.0,3.85,Sobresaliente,False,BUK11345
BUK10439,2024-Anual,Anual,2024-12-10,3.3,2.78,3.1,Cumple lo esperado,False,BUK11154
BUK10439,2025-MidYear,Mid Year,2025-07-15,3.3,3.51,3.39,Cumple lo esperado,False,BUK11154
BUK10439,2025-Anual,Anual,2025-12-10,3.33,3.83,3.53,Sobresaliente,False,BUK11154
BUK10439,2026-MidYear,Mid Year,2026-07-15,3.68,3.34,3.55,Sobresaliente,False,BUK11154
BUK10440,2024-Anual,Anual,2024-12-10,2.83,3.12,2.95,Bajo lo esperado,True,BUK10144
BUK10440,2025-MidYear,Mid Year,2025-07-15,2.68,3.44,2.98,Bajo lo esperado,False,BUK10144
BUK10440,2025-Anual,Anual,2025-12-10,2.92,2.89,2.91,Bajo lo esperado,True,BUK10144
BUK10440,2026-MidYear,Mid Year,2026-07-15,3.23,3.11,3.18,Cumple lo esperado,False,BUK10144
BUK10441,2024-Anual,Anual,2024-12-10,3.47,3.44,3.46,Cumple lo esperado,False,BUK12165
BUK10442,2026-MidYear,Mid Year,2026-07-15,3.81,3.85,3.83,Sobresaliente,False,BUK10476
BUK10443,2024-Anual,Anual,2024-12-10,3.3,2.92,3.15,Cumple lo esperado,False,BUK10852
BUK10443,2025-MidYear,Mid Year,2025-07-15,2.99,3.35,3.14,Cumple lo esperado,False,BUK10852
BUK10443,2025-Anual,Anual,2025-12-10,2.69,3.1,2.85,Bajo lo esperado,True,BUK10852
BUK10443,2026-MidYear,Mid Year,2026-07-15,2.88,3.26,3.03,Cumple lo esperado,False,BUK10852
BUK10444,2026-MidYear,Mid Year,2026-07-15,3.85,3.43,3.68,Sobresaliente,False,BUK11884
BUK10445,2025-Anual,Anual,2025-12-10,3.27,3.44,3.34,Cumple lo esperado,False,BUK11488
BUK10445,2026-MidYear,Mid Year,2026-07-15,3.22,3.46,3.32,Cumple lo esperado,False,BUK11488
BUK10446,2026-MidYear,Mid Year,2026-07-15,3.53,3.53,3.53,Sobresaliente,False,BUK11473
BUK10447,2026-MidYear,Mid Year,2026-07-15,3.43,3.5,3.46,Cumple lo esperado,False,BUK10800
BUK10448,2025-Anual,Anual,2025-12-10,3.52,3.7,3.59,Sobresaliente,False,BUK12394
BUK10448,2026-MidYear,Mid Year,2026-07-15,3.34,3.91,3.57,Sobresaliente,False,BUK12394
BUK10450,2024-Anual,Anual,2024-12-10,2.94,2.97,2.95,Bajo lo esperado,True,BUK10250
BUK10452,2026-MidYear,Mid Year,2026-07-15,3.56,3.47,3.53,Sobresaliente,False,BUK12266
BUK10453,2026-MidYear,Mid Year,2026-07-15,3.69,3.44,3.59,Sobresaliente,False,BUK10684
BUK10454,2024-Anual,Anual,2024-12-10,3.57,3.27,3.45,Cumple lo esperado,False,BUK11607
BUK10454,2025-MidYear,Mid Year,2025-07-15,3.18,3.3,3.23,Cumple lo esperado,False,BUK11607
BUK10454,2025-Anual,Anual,2025-12-10,3.42,3.73,3.54,Sobresaliente,False,BUK11607
BUK10455,2026-MidYear,Mid Year,2026-07-15,3.24,3.21,3.23,Cumple lo esperado,False,BUK11254
BUK10456,2025-MidYear,Mid Year,2025-07-15,3.59,3.65,3.62,Sobresaliente,False,BUK12245
BUK10456,2025-Anual,Anual,2025-12-10,4.0,4.0,4.0,Sobresaliente,False,BUK12245
BUK10456,2026-MidYear,Mid Year,2026-07-15,3.55,3.67,3.6,Sobresaliente,False,BUK12245
BUK10457,2026-MidYear,Mid Year,2026-07-15,3.48,4.0,3.69,Sobresaliente,False,BUK12472
BUK10461,2026-MidYear,Mid Year,2026-07-15,3.27,3.65,3.42,Cumple lo esperado,False,BUK11543
BUK10462,2026-MidYear,Mid Year,2026-07-15,3.35,3.38,3.37,Cumple lo esperado,False,BUK10476
BUK10463,2026-MidYear,Mid Year,2026-07-15,3.56,3.72,3.62,Sobresaliente,False,BUK10376
BUK10464,2025-Anual,Anual,2025-12-10,3.7,3.56,3.64,Sobresaliente,False,BUK12472
BUK10464,2026-MidYear,Mid Year,2026-07-15,3.16,3.59,3.33,Cumple lo esperado,False,BUK12472
BUK10465,2024-Anual,Anual,2024-12-10,3.36,3.44,3.39,Cumple lo esperado,False,BUK12394
BUK10465,2025-MidYear,Mid Year,2025-07-15,3.39,3.17,3.3,Cumple lo esperado,False,BUK12394
BUK10465,2025-Anual,Anual,2025-12-10,3.43,3.2,3.34,Cumple lo esperado,False,BUK12394
BUK10465,2026-MidYear,Mid Year,2026-07-15,3.86,3.48,3.71,Sobresaliente,False,BUK12394
BUK10466,2024-Anual,Anual,2024-12-10,3.01,3.0,3.01,Cumple lo esperado,False,BUK10083
BUK10467,2024-Anual,Anual,2024-12-10,2.4,2.41,2.4,Bajo lo esperado,True,BUK10780
BUK10468,2025-Anual,Anual,2025-12-10,2.6,2.46,2.55,Bajo lo esperado,True,BUK10804
BUK10468,2026-MidYear,Mid Year,2026-07-15,2.63,2.79,2.7,Bajo lo esperado,False,BUK10804
BUK10470,2026-MidYear,Mid Year,2026-07-15,3.28,3.32,3.29,Cumple lo esperado,False,BUK10274
BUK10471,2025-MidYear,Mid Year,2025-07-15,2.75,2.72,2.74,Bajo lo esperado,False,BUK10292
BUK10471,2025-Anual,Anual,2025-12-10,2.76,3.19,2.93,Bajo lo esperado,True,BUK10292
BUK10471,2026-MidYear,Mid Year,2026-07-15,2.62,2.94,2.75,Bajo lo esperado,False,BUK10292
BUK10472,2024-Anual,Anual,2024-12-10,3.08,3.41,3.21,Cumple lo esperado,False,BUK10574
BUK10472,2025-MidYear,Mid Year,2025-07-15,3.07,3.51,3.25,Cumple lo esperado,False,BUK10574
BUK10472,2025-Anual,Anual,2025-12-10,2.97,3.19,3.06,Cumple lo esperado,False,BUK10574
BUK10472,2026-MidYear,Mid Year,2026-07-15,3.14,3.4,3.24,Cumple lo esperado,False,BUK10574
BUK10474,2025-Anual,Anual,2025-12-10,3.26,3.52,3.37,Cumple lo esperado,False,BUK10118
BUK10474,2026-MidYear,Mid Year,2026-07-15,3.38,3.75,3.53,Sobresaliente,False,BUK10118
BUK10476,2026-MidYear,Mid Year,2026-07-15,3.31,3.34,3.32,Cumple lo esperado,False,BUK11276
BUK10479,2026-MidYear,Mid Year,2026-07-15,3.39,3.55,3.46,Cumple lo esperado,False,BUK11152
BUK10483,2025-MidYear,Mid Year,2025-07-15,3.43,3.75,3.56,Sobresaliente,False,BUK11411
BUK10483,2025-Anual,Anual,2025-12-10,3.84,3.23,3.6,Sobresaliente,False,BUK11411
BUK10483,2026-MidYear,Mid Year,2026-07-15,3.66,3.64,3.65,Sobresaliente,False,BUK11411
BUK10484,2024-Anual,Anual,2024-12-10,3.5,3.14,3.35,Cumple lo esperado,False,BUK10478
BUK10484,2025-MidYear,Mid Year,2025-07-15,3.31,3.4,3.34,Cumple lo esperado,False,BUK10478
BUK10484,2025-Anual,Anual,2025-12-10,2.84,3.22,3.0,Cumple lo esperado,False,BUK10478
BUK10484,2026-MidYear,Mid Year,2026-07-15,3.04,3.33,3.16,Cumple lo esperado,False,BUK10478
BUK10485,2024-Anual,Anual,2024-12-10,3.41,3.21,3.33,Cumple lo esperado,False,BUK11607
BUK10486,2024-Anual,Anual,2024-12-10,3.15,3.37,3.24,Cumple lo esperado,False,BUK12266
BUK10486,2025-MidYear,Mid Year,2025-07-15,3.69,3.36,3.56,Sobresaliente,False,BUK12266
BUK10486,2025-Anual,Anual,2025-12-10,3.0,2.83,2.93,Bajo lo esperado,True,BUK12266
BUK10486,2026-MidYear,Mid Year,2026-07-15,3.31,3.41,3.35,Cumple lo esperado,False,BUK12266
BUK10487,2026-MidYear,Mid Year,2026-07-15,3.46,3.08,3.31,Cumple lo esperado,False,BUK11731
BUK10488,2026-MidYear,Mid Year,2026-07-15,2.98,2.67,2.86,Bajo lo esperado,False,BUK11993
BUK10489,2025-Anual,Anual,2025-12-10,2.71,2.52,2.63,Bajo lo esperado,True,BUK11796
BUK10489,2026-MidYear,Mid Year,2026-07-15,2.18,2.96,2.49,Bajo lo esperado,False,BUK11796
BUK10490,2024-Anual,Anual,2024-12-10,3.62,3.47,3.56,Sobresaliente,False,BUK10789
BUK10490,2025-MidYear,Mid Year,2025-07-15,3.06,3.11,3.08,Cumple lo esperado,False,BUK10789
BUK10490,2025-Anual,Anual,2025-12-10,3.41,3.44,3.42,Cumple lo esperado,False,BUK10789
BUK10490,2026-MidYear,Mid Year,2026-07-15,3.2,3.58,3.35,Cumple lo esperado,False,BUK10789
BUK10491,2024-Anual,Anual,2024-12-10,3.71,3.36,3.57,Sobresaliente,False,BUK11686
BUK10491,2025-MidYear,Mid Year,2025-07-15,3.83,4.0,3.9,Sobresaliente,False,BUK11686
BUK10491,2025-Anual,Anual,2025-12-10,3.66,3.64,3.65,Sobresaliente,False,BUK11686
BUK10491,2026-MidYear,Mid Year,2026-07-15,3.77,3.47,3.65,Sobresaliente,False,BUK11686
BUK10493,2025-MidYear,Mid Year,2025-07-15,3.6,3.61,3.6,Sobresaliente,False,BUK10945
BUK10493,2025-Anual,Anual,2025-12-10,3.7,3.86,3.76,Sobresaliente,False,BUK10945
BUK10493,2026-MidYear,Mid Year,2026-07-15,3.81,3.39,3.64,Sobresaliente,False,BUK10945
BUK10494,2024-Anual,Anual,2024-12-10,2.93,3.52,3.16,Cumple lo esperado,False,BUK12338
BUK10494,2025-MidYear,Mid Year,2025-07-15,3.63,3.1,3.42,Cumple lo esperado,False,BUK12338
BUK10494,2025-Anual,Anual,2025-12-10,2.77,3.19,2.94,Bajo lo esperado,True,BUK12338
BUK10494,2026-MidYear,Mid Year,2026-07-15,2.91,2.94,2.92,Bajo lo esperado,False,BUK12338
BUK10495,2025-MidYear,Mid Year,2025-07-15,3.41,3.19,3.32,Cumple lo esperado,False,BUK11656
BUK10495,2025-Anual,Anual,2025-12-10,3.08,2.82,2.98,Bajo lo esperado,True,BUK11656
BUK10495,2026-MidYear,Mid Year,2026-07-15,3.16,2.94,3.07,Cumple lo esperado,False,BUK11656
BUK10496,2024-Anual,Anual,2024-12-10,3.75,3.32,3.58,Sobresaliente,False,BUK10159
BUK10496,2025-MidYear,Mid Year,2025-07-15,3.39,3.79,3.55,Sobresaliente,False,BUK10159
BUK10496,2025-Anual,Anual,2025-12-10,3.06,3.31,3.16,Cumple lo esperado,False,BUK10159
BUK10496,2026-MidYear,Mid Year,2026-07-15,3.48,3.6,3.53,Sobresaliente,False,BUK10159
BUK10497,2024-Anual,Anual,2024-12-10,3.72,3.53,3.64,Sobresaliente,False,BUK11964
BUK10497,2025-MidYear,Mid Year,2025-07-15,3.6,3.45,3.54,Sobresaliente,False,BUK11964
BUK10497,2025-Anual,Anual,2025-12-10,3.71,3.48,3.62,Sobresaliente,False,BUK11964
BUK10497,2026-MidYear,Mid Year,2026-07-15,3.61,3.9,3.73,Sobresaliente,False,BUK11964
BUK10498,2026-MidYear,Mid Year,2026-07-15,3.61,3.54,3.58,Sobresaliente,False,BUK10621
BUK10499,2026-MidYear,Mid Year,2026-07-15,3.42,3.36,3.4,Cumple lo esperado,False,BUK11396
BUK10500,2024-Anual,Anual,2024-12-10,3.66,3.54,3.61,Sobresaliente,False,BUK12254
BUK10500,2025-MidYear,Mid Year,2025-07-15,3.21,3.74,3.42,Cumple lo esperado,False,BUK12254
BUK10500,2025-Anual,Anual,2025-12-10,3.49,3.66,3.56,Sobresaliente,False,BUK12254
BUK10500,2026-MidYear,Mid Year,2026-07-15,3.48,3.91,3.65,Sobresaliente,False,BUK12254
BUK10501,2026-MidYear,Mid Year,2026-07-15,3.49,3.12,3.34,Cumple lo esperado,False,BUK10248
BUK10502,2025-MidYear,Mid Year,2025-07-15,3.09,3.17,3.12,Cumple lo esperado,False,BUK12337
BUK10502,2025-Anual,Anual,2025-12-10,3.25,3.34,3.29,Cumple lo esperado,False,BUK12337
BUK10503,2025-MidYear,Mid Year,2025-07-15,3.16,3.36,3.24,Cumple lo esperado,False,BUK11262
BUK10503,2025-Anual,Anual,2025-12-10,3.42,3.53,3.47,Cumple lo esperado,False,BUK11262
BUK10503,2026-MidYear,Mid Year,2026-07-15,3.6,3.68,3.63,Sobresaliente,False,BUK11262
BUK10505,2026-MidYear,Mid Year,2026-07-15,3.55,3.28,3.44,Cumple lo esperado,False,BUK10812
BUK10506,2024-Anual,Anual,2024-12-10,3.56,3.48,3.53,Sobresaliente,False,BUK11183
BUK10507,2024-Anual,Anual,2024-12-10,3.14,3.31,3.2,Cumple lo esperado,False,BUK10144
BUK10507,2025-MidYear,Mid Year,2025-07-15,3.38,3.36,3.37,Cumple lo esperado,False,BUK10144
BUK10507,2025-Anual,Anual,2025-12-10,2.64,3.01,2.79,Bajo lo esperado,True,BUK10144
BUK10508,2026-MidYear,Mid Year,2026-07-15,3.29,2.6,3.01,Cumple lo esperado,False,BUK12218
BUK10510,2024-Anual,Anual,2024-12-10,2.87,2.85,2.86,Bajo lo esperado,True,BUK10144
BUK10511,2024-Anual,Anual,2024-12-10,3.64,3.36,3.53,Sobresaliente,False,BUK11097
BUK10511,2025-MidYear,Mid Year,2025-07-15,3.68,3.18,3.48,Cumple lo esperado,False,BUK11097
BUK10511,2025-Anual,Anual,2025-12-10,3.54,3.15,3.39,Cumple lo esperado,False,BUK11097
BUK10511,2026-MidYear,Mid Year,2026-07-15,3.44,3.73,3.56,Sobresaliente,False,BUK11097
BUK10512,2026-MidYear,Mid Year,2026-07-15,3.22,3.11,3.17,Cumple lo esperado,False,BUK10140
BUK10514,2026-MidYear,Mid Year,2026-07-15,3.68,3.67,3.68,Sobresaliente,False,BUK10248
BUK10515,2026-MidYear,Mid Year,2026-07-15,3.65,3.67,3.66,Sobresaliente,False,BUK10327
BUK10517,2025-MidYear,Mid Year,2025-07-15,3.5,3.57,3.53,Sobresaliente,False,BUK10866
BUK10518,2024-Anual,Anual,2024-12-10,3.51,3.25,3.41,Cumple lo esperado,False,BUK11563
BUK10518,2025-MidYear,Mid Year,2025-07-15,3.47,3.69,3.56,Sobresaliente,False,BUK11563
BUK10518,2025-Anual,Anual,2025-12-10,3.15,3.3,3.21,Cumple lo esperado,False,BUK11563
BUK10518,2026-MidYear,Mid Year,2026-07-15,3.07,3.83,3.38,Cumple lo esperado,False,BUK11563
BUK10520,2026-MidYear,Mid Year,2026-07-15,3.38,3.59,3.46,Cumple lo esperado,False,BUK12641
BUK10521,2024-Anual,Anual,2024-12-10,3.74,3.53,3.65,Sobresaliente,False,BUK10403
BUK10521,2025-MidYear,Mid Year,2025-07-15,3.36,3.43,3.39,Cumple lo esperado,False,BUK10403
BUK10521,2025-Anual,Anual,2025-12-10,3.54,3.37,3.47,Cumple lo esperado,False,BUK10403
BUK10522,2025-MidYear,Mid Year,2025-07-15,3.38,2.95,3.21,Cumple lo esperado,False,BUK10804
BUK10522,2025-Anual,Anual,2025-12-10,2.99,3.11,3.04,Cumple lo esperado,False,BUK10804
BUK10522,2026-MidYear,Mid Year,2026-07-15,3.32,3.65,3.45,Cumple lo esperado,False,BUK10804
BUK10523,2025-MidYear,Mid Year,2025-07-15,3.15,3.14,3.15,Cumple lo esperado,False,BUK11001
BUK10523,2025-Anual,Anual,2025-12-10,3.41,3.51,3.45,Cumple lo esperado,False,BUK11001
BUK10523,2026-MidYear,Mid Year,2026-07-15,3.05,2.83,2.96,Bajo lo esperado,False,BUK11001
BUK10525,2024-Anual,Anual,2024-12-10,3.2,3.75,3.42,Cumple lo esperado,False,BUK10607
BUK10525,2025-MidYear,Mid Year,2025-07-15,3.22,3.89,3.49,Cumple lo esperado,False,BUK10607
BUK10525,2025-Anual,Anual,2025-12-10,3.51,3.07,3.33,Cumple lo esperado,False,BUK10607
BUK10526,2024-Anual,Anual,2024-12-10,3.15,2.56,2.92,Bajo lo esperado,True,BUK10746
BUK10526,2025-MidYear,Mid Year,2025-07-15,2.73,2.79,2.76,Bajo lo esperado,False,BUK10746
BUK10526,2025-Anual,Anual,2025-12-10,3.19,3.26,3.22,Cumple lo esperado,False,BUK10746
BUK10526,2026-MidYear,Mid Year,2026-07-15,2.99,3.26,3.1,Cumple lo esperado,False,BUK10746
BUK10528,2025-MidYear,Mid Year,2025-07-15,3.27,3.98,3.56,Sobresaliente,False,BUK10317
BUK10529,2024-Anual,Anual,2024-12-10,3.09,3.53,3.27,Cumple lo esperado,False,BUK10312
BUK10529,2025-MidYear,Mid Year,2025-07-15,3.65,3.59,3.62,Sobresaliente,False,BUK10312
BUK10529,2025-Anual,Anual,2025-12-10,3.5,3.38,3.45,Cumple lo esperado,False,BUK10312
BUK10529,2026-MidYear,Mid Year,2026-07-15,3.77,3.88,3.82,Sobresaliente,False,BUK10312
BUK10532,2025-Anual,Anual,2025-12-10,3.25,3.32,3.28,Cumple lo esperado,False,BUK12278
BUK10532,2026-MidYear,Mid Year,2026-07-15,3.08,3.62,3.3,Cumple lo esperado,False,BUK12278
BUK10533,2026-MidYear,Mid Year,2026-07-15,3.11,3.45,3.24,Cumple lo esperado,False,BUK11487
BUK10534,2025-MidYear,Mid Year,2025-07-15,3.19,3.53,3.32,Cumple lo esperado,False,BUK10961
BUK10534,2025-Anual,Anual,2025-12-10,3.7,3.21,3.51,Sobresaliente,False,BUK10961
BUK10534,2026-MidYear,Mid Year,2026-07-15,3.47,3.59,3.52,Sobresaliente,False,BUK10961
BUK10535,2024-Anual,Anual,2024-12-10,3.64,3.39,3.54,Sobresaliente,False,BUK12641
BUK10535,2025-MidYear,Mid Year,2025-07-15,4.0,3.91,3.96,Sobresaliente,False,BUK12641
BUK10535,2025-Anual,Anual,2025-12-10,3.73,3.62,3.69,Sobresaliente,False,BUK12641
BUK10535,2026-MidYear,Mid Year,2026-07-15,3.67,3.44,3.58,Sobresaliente,False,BUK12641
BUK10536,2024-Anual,Anual,2024-12-10,3.12,3.44,3.25,Cumple lo esperado,False,BUK10274
BUK10536,2025-MidYear,Mid Year,2025-07-15,3.18,3.42,3.28,Cumple lo esperado,False,BUK10274
BUK10536,2025-Anual,Anual,2025-12-10,3.48,3.22,3.38,Cumple lo esperado,False,BUK10274
BUK10536,2026-MidYear,Mid Year,2026-07-15,3.26,3.63,3.41,Cumple lo esperado,False,BUK10274
BUK10537,2024-Anual,Anual,2024-12-10,3.34,3.72,3.49,Cumple lo esperado,False,BUK11262
BUK10537,2025-MidYear,Mid Year,2025-07-15,3.62,3.44,3.55,Sobresaliente,False,BUK11262
BUK10537,2025-Anual,Anual,2025-12-10,3.64,3.55,3.6,Sobresaliente,False,BUK11262
BUK10537,2026-MidYear,Mid Year,2026-07-15,3.54,3.5,3.52,Sobresaliente,False,BUK11262
BUK10538,2024-Anual,Anual,2024-12-10,3.18,3.79,3.42,Cumple lo esperado,False,BUK10710
BUK10538,2025-MidYear,Mid Year,2025-07-15,3.18,3.79,3.42,Cumple lo esperado,False,BUK10710
BUK10538,2025-Anual,Anual,2025-12-10,3.29,3.34,3.31,Cumple lo esperado,False,BUK10710
BUK10538,2026-MidYear,Mid Year,2026-07-15,3.44,3.43,3.44,Cumple lo esperado,False,BUK10710
BUK10539,2025-Anual,Anual,2025-12-10,3.62,3.73,3.66,Sobresaliente,False,BUK11837
BUK10539,2026-MidYear,Mid Year,2026-07-15,3.47,3.46,3.46,Cumple lo esperado,False,BUK11837
BUK10540,2025-Anual,Anual,2025-12-10,3.78,3.72,3.76,Sobresaliente,False,BUK11262
BUK10540,2026-MidYear,Mid Year,2026-07-15,3.6,3.5,3.56,Sobresaliente,False,BUK11262
BUK10543,2025-MidYear,Mid Year,2025-07-15,3.33,3.53,3.41,Cumple lo esperado,False,BUK11890
BUK10543,2025-Anual,Anual,2025-12-10,3.24,3.65,3.4,Cumple lo esperado,False,BUK11890
BUK10544,2026-MidYear,Mid Year,2026-07-15,3.22,4.0,3.53,Sobresaliente,False,BUK12606
BUK10545,2024-Anual,Anual,2024-12-10,3.26,3.2,3.23,Cumple lo esperado,False,BUK11543
BUK10545,2025-MidYear,Mid Year,2025-07-15,3.1,3.13,3.11,Cumple lo esperado,False,BUK11543
BUK10545,2025-Anual,Anual,2025-12-10,3.5,3.11,3.34,Cumple lo esperado,False,BUK11543
BUK10545,2026-MidYear,Mid Year,2026-07-15,3.09,3.03,3.07,Cumple lo esperado,False,BUK11543
BUK10546,2024-Anual,Anual,2024-12-10,3.16,3.3,3.21,Cumple lo esperado,False,BUK11717
BUK10546,2025-MidYear,Mid Year,2025-07-15,3.62,3.45,3.55,Sobresaliente,False,BUK11717
BUK10546,2025-Anual,Anual,2025-12-10,2.8,3.0,2.88,Bajo lo esperado,True,BUK11717
BUK10546,2026-MidYear,Mid Year,2026-07-15,2.82,3.8,3.21,Cumple lo esperado,False,BUK11717
BUK10547,2026-MidYear,Mid Year,2026-07-15,3.42,3.26,3.36,Cumple lo esperado,False,BUK11816
BUK10548,2026-MidYear,Mid Year,2026-07-15,3.51,3.53,3.52,Sobresaliente,False,BUK10327
BUK10549,2025-MidYear,Mid Year,2025-07-15,2.94,2.92,2.93,Bajo lo esperado,False,BUK11027
BUK10549,2025-Anual,Anual,2025-12-10,2.95,2.79,2.89,Bajo lo esperado,True,BUK11027
BUK10549,2026-MidYear,Mid Year,2026-07-15,3.1,2.8,2.98,Bajo lo esperado,False,BUK11027
BUK10550,2024-Anual,Anual,2024-12-10,3.29,3.34,3.31,Cumple lo esperado,False,BUK10708
BUK10553,2026-MidYear,Mid Year,2026-07-15,3.2,3.15,3.18,Cumple lo esperado,False,BUK11345
BUK10555,2026-MidYear,Mid Year,2026-07-15,3.6,3.41,3.53,Sobresaliente,False,BUK12590
BUK10557,2025-MidYear,Mid Year,2025-07-15,3.07,3.09,3.08,Cumple lo esperado,False,BUK10881
BUK10557,2025-Anual,Anual,2025-12-10,3.25,3.2,3.23,Cumple lo esperado,False,BUK10881
BUK10557,2026-MidYear,Mid Year,2026-07-15,3.01,3.24,3.1,Cumple lo esperado,False,BUK10881
BUK10558,2025-Anual,Anual,2025-12-10,3.45,3.39,3.43,Cumple lo esperado,False,BUK10792
BUK10558,2026-MidYear,Mid Year,2026-07-15,3.15,3.4,3.25,Cumple lo esperado,False,BUK10792
BUK10559,2024-Anual,Anual,2024-12-10,3.62,3.08,3.4,Cumple lo esperado,False,BUK10866
BUK10559,2025-MidYear,Mid Year,2025-07-15,3.53,3.3,3.44,Cumple lo esperado,False,BUK10866
BUK10559,2025-Anual,Anual,2025-12-10,3.46,3.4,3.43,Cumple lo esperado,False,BUK10866
BUK10559,2026-MidYear,Mid Year,2026-07-15,3.31,3.76,3.49,Cumple lo esperado,False,BUK10866
BUK10560,2026-MidYear,Mid Year,2026-07-15,3.3,3.69,3.45,Cumple lo esperado,False,BUK11731
BUK10561,2025-Anual,Anual,2025-12-10,3.21,3.68,3.4,Cumple lo esperado,False,BUK10910
BUK10561,2026-MidYear,Mid Year,2026-07-15,3.32,3.6,3.43,Cumple lo esperado,False,BUK10910
BUK10562,2025-MidYear,Mid Year,2025-07-15,3.42,3.39,3.41,Cumple lo esperado,False,BUK11921
BUK10562,2025-Anual,Anual,2025-12-10,3.69,3.44,3.59,Sobresaliente,False,BUK11921
BUK10562,2026-MidYear,Mid Year,2026-07-15,3.68,3.48,3.6,Sobresaliente,False,BUK11921
BUK10563,2026-MidYear,Mid Year,2026-07-15,3.32,3.12,3.24,Cumple lo esperado,False,BUK10564
BUK10564,2025-MidYear,Mid Year,2025-07-15,3.06,3.19,3.11,Cumple lo esperado,False,BUK10612
BUK10564,2025-Anual,Anual,2025-12-10,3.04,2.96,3.01,Cumple lo esperado,False,BUK10612
BUK10564,2026-MidYear,Mid Year,2026-07-15,3.26,3.25,3.26,Cumple lo esperado,False,BUK10612
BUK10565,2024-Anual,Anual,2024-12-10,3.68,3.97,3.79,Sobresaliente,False,BUK10804
BUK10565,2025-MidYear,Mid Year,2025-07-15,3.59,3.32,3.48,Cumple lo esperado,False,BUK10804
BUK10565,2025-Anual,Anual,2025-12-10,3.06,3.07,3.06,Cumple lo esperado,False,BUK10804
BUK10565,2026-MidYear,Mid Year,2026-07-15,3.88,3.97,3.92,Sobresaliente,False,BUK10804
BUK10566,2024-Anual,Anual,2024-12-10,3.81,3.11,3.53,Sobresaliente,False,BUK10289
BUK10566,2025-MidYear,Mid Year,2025-07-15,4.0,3.85,3.94,Sobresaliente,False,BUK10289
BUK10567,2024-Anual,Anual,2024-12-10,3.32,3.48,3.38,Cumple lo esperado,False,BUK10991
BUK10567,2025-MidYear,Mid Year,2025-07-15,3.4,3.51,3.44,Cumple lo esperado,False,BUK10991
BUK10567,2025-Anual,Anual,2025-12-10,3.67,3.8,3.72,Sobresaliente,False,BUK10991
BUK10567,2026-MidYear,Mid Year,2026-07-15,3.63,3.38,3.53,Sobresaliente,False,BUK10991
BUK10569,2024-Anual,Anual,2024-12-10,3.25,3.33,3.28,Cumple lo esperado,False,BUK11993
BUK10569,2025-MidYear,Mid Year,2025-07-15,3.25,3.83,3.48,Cumple lo esperado,False,BUK11993
BUK10569,2025-Anual,Anual,2025-12-10,3.2,3.61,3.36,Cumple lo esperado,False,BUK11993
BUK10569,2026-MidYear,Mid Year,2026-07-15,3.23,3.6,3.37,Cumple lo esperado,False,BUK11993
BUK10570,2024-Anual,Anual,2024-12-10,3.36,3.46,3.4,Cumple lo esperado,False,BUK10455
BUK10570,2025-MidYear,Mid Year,2025-07-15,3.9,3.31,3.66,Sobresaliente,False,BUK10455
BUK10570,2025-Anual,Anual,2025-12-10,3.35,3.36,3.36,Cumple lo esperado,False,BUK10455
BUK10570,2026-MidYear,Mid Year,2026-07-15,3.54,3.11,3.37,Cumple lo esperado,False,BUK10455
BUK10571,2024-Anual,Anual,2024-12-10,3.48,3.6,3.53,Sobresaliente,False,BUK12049
BUK10571,2025-MidYear,Mid Year,2025-07-15,3.67,3.15,3.46,Cumple lo esperado,False,BUK12049
BUK10571,2025-Anual,Anual,2025-12-10,3.32,3.01,3.2,Cumple lo esperado,False,BUK12049
BUK10571,2026-MidYear,Mid Year,2026-07-15,3.42,3.37,3.4,Cumple lo esperado,False,BUK12049
BUK10573,2024-Anual,Anual,2024-12-10,3.45,3.4,3.43,Cumple lo esperado,False,BUK11546
BUK10573,2025-MidYear,Mid Year,2025-07-15,3.51,3.48,3.5,Sobresaliente,False,BUK11546
BUK10573,2025-Anual,Anual,2025-12-10,3.56,3.2,3.41,Cumple lo esperado,False,BUK11546
BUK10574,2026-MidYear,Mid Year,2026-07-15,3.67,3.62,3.65,Sobresaliente,False,BUK10676
BUK10575,2026-MidYear,Mid Year,2026-07-15,3.56,3.56,3.56,Sobresaliente,False,BUK12572
BUK10576,2025-MidYear,Mid Year,2025-07-15,3.17,3.58,3.33,Cumple lo esperado,False,BUK10906
BUK10577,2025-Anual,Anual,2025-12-10,3.52,3.21,3.39,Cumple lo esperado,False,BUK10462
BUK10577,2026-MidYear,Mid Year,2026-07-15,3.0,3.28,3.11,Cumple lo esperado,False,BUK10462
BUK10579,2025-MidYear,Mid Year,2025-07-15,2.9,3.38,3.09,Cumple lo esperado,False,BUK12311
BUK10579,2025-Anual,Anual,2025-12-10,3.13,3.42,3.25,Cumple lo esperado,False,BUK12311
BUK10579,2026-MidYear,Mid Year,2026-07-15,2.76,3.18,2.92,Bajo lo esperado,False,BUK12311
BUK10580,2025-Anual,Anual,2025-12-10,3.79,3.38,3.63,Sobresaliente,False,BUK10950
BUK10580,2026-MidYear,Mid Year,2026-07-15,3.24,3.55,3.37,Cumple lo esperado,False,BUK10950
BUK10581,2025-MidYear,Mid Year,2025-07-15,4.0,3.81,3.92,Sobresaliente,False,BUK12615
BUK10581,2025-Anual,Anual,2025-12-10,3.79,3.75,3.78,Sobresaliente,False,BUK12615
BUK10581,2026-MidYear,Mid Year,2026-07-15,3.73,3.31,3.56,Sobresaliente,False,BUK12615
BUK10583,2024-Anual,Anual,2024-12-10,3.52,3.34,3.45,Cumple lo esperado,False,BUK10455
BUK10583,2025-MidYear,Mid Year,2025-07-15,3.55,3.26,3.44,Cumple lo esperado,False,BUK10455
BUK10583,2025-Anual,Anual,2025-12-10,3.29,3.26,3.28,Cumple lo esperado,False,BUK10455
BUK10583,2026-MidYear,Mid Year,2026-07-15,3.34,3.38,3.36,Cumple lo esperado,False,BUK10455
BUK10584,2024-Anual,Anual,2024-12-10,4.0,3.98,3.99,Sobresaliente,False,BUK11837
BUK10584,2025-MidYear,Mid Year,2025-07-15,3.7,3.55,3.64,Sobresaliente,False,BUK11837
BUK10584,2025-Anual,Anual,2025-12-10,3.92,4.0,3.95,Sobresaliente,False,BUK11837
BUK10584,2026-MidYear,Mid Year,2026-07-15,3.98,3.53,3.8,Sobresaliente,False,BUK11837
BUK10585,2026-MidYear,Mid Year,2026-07-15,2.74,3.4,3.0,Cumple lo esperado,False,BUK11580
BUK10586,2026-MidYear,Mid Year,2026-07-15,3.38,3.89,3.58,Sobresaliente,False,BUK12027
BUK10588,2026-MidYear,Mid Year,2026-07-15,3.18,3.5,3.31,Cumple lo esperado,False,BUK11023
BUK10589,2024-Anual,Anual,2024-12-10,2.74,3.1,2.88,Bajo lo esperado,True,BUK11040
BUK10589,2025-MidYear,Mid Year,2025-07-15,2.9,2.85,2.88,Bajo lo esperado,False,BUK11040
BUK10589,2025-Anual,Anual,2025-12-10,2.83,2.5,2.7,Bajo lo esperado,True,BUK11040
BUK10589,2026-MidYear,Mid Year,2026-07-15,2.85,3.08,2.94,Bajo lo esperado,False,BUK11040
BUK10590,2024-Anual,Anual,2024-12-10,3.48,3.56,3.51,Sobresaliente,False,BUK11881
BUK10590,2025-MidYear,Mid Year,2025-07-15,3.33,3.7,3.48,Cumple lo esperado,False,BUK11881
BUK10590,2025-Anual,Anual,2025-12-10,3.77,3.33,3.6,Sobresaliente,False,BUK11881
BUK10590,2026-MidYear,Mid Year,2026-07-15,3.32,3.53,3.41,Cumple lo esperado,False,BUK11881
BUK10592,2025-Anual,Anual,2025-12-10,3.58,3.89,3.7,Sobresaliente,False,BUK10331
BUK10592,2026-MidYear,Mid Year,2026-07-15,3.27,3.76,3.47,Cumple lo esperado,False,BUK10331
BUK10593,2024-Anual,Anual,2024-12-10,2.52,2.84,2.65,Bajo lo esperado,True,BUK11881
BUK10594,2024-Anual,Anual,2024-12-10,2.59,3.07,2.78,Bajo lo esperado,True,BUK10796
BUK10594,2025-MidYear,Mid Year,2025-07-15,2.78,3.1,2.91,Bajo lo esperado,False,BUK10796
BUK10594,2025-Anual,Anual,2025-12-10,2.83,2.79,2.81,Bajo lo esperado,True,BUK10796
BUK10594,2026-MidYear,Mid Year,2026-07-15,2.71,2.34,2.56,Bajo lo esperado,False,BUK10796
BUK10596,2025-MidYear,Mid Year,2025-07-15,3.52,3.84,3.65,Sobresaliente,False,BUK10991
BUK10596,2025-Anual,Anual,2025-12-10,3.16,3.54,3.31,Cumple lo esperado,False,BUK10991
BUK10596,2026-MidYear,Mid Year,2026-07-15,3.91,3.33,3.68,Sobresaliente,False,BUK10991
BUK10597,2024-Anual,Anual,2024-12-10,3.48,3.55,3.51,Sobresaliente,False,BUK10928
BUK10597,2025-MidYear,Mid Year,2025-07-15,3.52,3.53,3.52,Sobresaliente,False,BUK10928
BUK10598,2025-MidYear,Mid Year,2025-07-15,3.17,3.17,3.17,Cumple lo esperado,False,BUK12572
BUK10598,2025-Anual,Anual,2025-12-10,3.28,3.0,3.17,Cumple lo esperado,False,BUK12572
BUK10598,2026-MidYear,Mid Year,2026-07-15,3.45,3.44,3.45,Cumple lo esperado,False,BUK12572
BUK10599,2024-Anual,Anual,2024-12-10,2.75,2.92,2.82,Bajo lo esperado,True,BUK10691
BUK10599,2025-MidYear,Mid Year,2025-07-15,2.88,2.91,2.89,Bajo lo esperado,False,BUK10691
BUK10599,2025-Anual,Anual,2025-12-10,2.74,2.57,2.67,Bajo lo esperado,True,BUK10691
BUK10599,2026-MidYear,Mid Year,2026-07-15,2.68,3.2,2.89,Bajo lo esperado,False,BUK10691
BUK10600,2024-Anual,Anual,2024-12-10,3.23,2.9,3.1,Cumple lo esperado,False,BUK11552
BUK10600,2025-MidYear,Mid Year,2025-07-15,3.0,2.92,2.97,Bajo lo esperado,False,BUK11552
BUK10600,2025-Anual,Anual,2025-12-10,3.23,3.28,3.25,Cumple lo esperado,False,BUK11552
BUK10600,2026-MidYear,Mid Year,2026-07-15,3.04,3.27,3.14,Cumple lo esperado,False,BUK11552
BUK10602,2025-MidYear,Mid Year,2025-07-15,3.26,3.25,3.25,Cumple lo esperado,False,BUK11717
BUK10602,2025-Anual,Anual,2025-12-10,3.33,3.48,3.39,Cumple lo esperado,False,BUK11717
BUK10602,2026-MidYear,Mid Year,2026-07-15,2.92,3.39,3.11,Cumple lo esperado,False,BUK11717
BUK10603,2026-MidYear,Mid Year,2026-07-15,3.5,3.51,3.5,Sobresaliente,False,BUK10209
BUK10604,2025-MidYear,Mid Year,2025-07-15,3.64,3.34,3.52,Sobresaliente,False,
BUK10604,2025-Anual,Anual,2025-12-10,3.44,3.56,3.49,Cumple lo esperado,False,
BUK10604,2026-MidYear,Mid Year,2026-07-15,3.64,3.47,3.57,Sobresaliente,False,
BUK10605,2024-Anual,Anual,2024-12-10,3.95,3.78,3.88,Sobresaliente,False,BUK10150
BUK10605,2025-MidYear,Mid Year,2025-07-15,3.66,3.65,3.65,Sobresaliente,False,BUK10150
BUK10605,2025-Anual,Anual,2025-12-10,3.76,3.45,3.64,Sobresaliente,False,BUK10150
BUK10605,2026-MidYear,Mid Year,2026-07-15,3.29,3.59,3.41,Cumple lo esperado,False,BUK10150
BUK10606,2024-Anual,Anual,2024-12-10,3.94,3.45,3.74,Sobresaliente,False,BUK10564
BUK10606,2025-MidYear,Mid Year,2025-07-15,3.42,3.29,3.37,Cumple lo esperado,False,BUK10564
BUK10606,2025-Anual,Anual,2025-12-10,3.44,3.68,3.54,Sobresaliente,False,BUK10564
BUK10606,2026-MidYear,Mid Year,2026-07-15,3.34,3.22,3.29,Cumple lo esperado,False,BUK10564
BUK10607,2026-MidYear,Mid Year,2026-07-15,3.71,3.27,3.54,Sobresaliente,False,BUK11859
BUK10608,2024-Anual,Anual,2024-12-10,3.22,3.41,3.3,Cumple lo esperado,False,BUK10866
BUK10608,2025-MidYear,Mid Year,2025-07-15,3.07,2.84,2.98,Bajo lo esperado,False,BUK10866
BUK10608,2025-Anual,Anual,2025-12-10,2.87,2.64,2.78,Bajo lo esperado,True,BUK10866
BUK10609,2026-MidYear,Mid Year,2026-07-15,3.5,3.55,3.52,Sobresaliente,False,BUK10780
BUK10610,2025-Anual,Anual,2025-12-10,3.42,3.52,3.46,Cumple lo esperado,False,BUK10408
BUK10610,2026-MidYear,Mid Year,2026-07-15,3.43,3.71,3.54,Sobresaliente,False,BUK10408
BUK10611,2025-MidYear,Mid Year,2025-07-15,3.58,3.36,3.49,Cumple lo esperado,False,BUK11837
BUK10611,2025-Anual,Anual,2025-12-10,3.32,3.57,3.42,Cumple lo esperado,False,BUK11837
BUK10611,2026-MidYear,Mid Year,2026-07-15,3.93,3.57,3.79,Sobresaliente,False,BUK11837
BUK10612,2026-MidYear,Mid Year,2026-07-15,3.4,2.94,3.22,Cumple lo esperado,False,BUK10621
BUK10613,2026-MidYear,Mid Year,2026-07-15,3.83,3.08,3.53,Sobresaliente,False,BUK11345
BUK10615,2024-Anual,Anual,2024-12-10,3.88,3.74,3.82,Sobresaliente,False,BUK10351
BUK10615,2025-MidYear,Mid Year,2025-07-15,3.18,3.68,3.38,Cumple lo esperado,False,BUK10351
BUK10615,2025-Anual,Anual,2025-12-10,3.93,3.12,3.61,Sobresaliente,False,BUK10351
BUK10616,2025-MidYear,Mid Year,2025-07-15,3.69,3.66,3.68,Sobresaliente,False,BUK12499
BUK10616,2025-Anual,Anual,2025-12-10,3.16,3.48,3.29,Cumple lo esperado,False,BUK12499
BUK10616,2026-MidYear,Mid Year,2026-07-15,3.98,3.45,3.77,Sobresaliente,False,BUK12499
BUK10619,2024-Anual,Anual,2024-12-10,3.29,2.76,3.08,Cumple lo esperado,False,BUK10845
BUK10619,2025-MidYear,Mid Year,2025-07-15,2.93,3.2,3.04,Cumple lo esperado,False,BUK10845
BUK10619,2025-Anual,Anual,2025-12-10,2.65,3.29,2.91,Bajo lo esperado,True,BUK10845
BUK10620,2024-Anual,Anual,2024-12-10,2.97,3.22,3.07,Cumple lo esperado,False,BUK10061
BUK10620,2025-MidYear,Mid Year,2025-07-15,3.31,3.35,3.33,Cumple lo esperado,False,BUK10061
BUK10620,2025-Anual,Anual,2025-12-10,3.26,2.99,3.15,Cumple lo esperado,False,BUK10061
BUK10620,2026-MidYear,Mid Year,2026-07-15,3.28,3.44,3.35,Cumple lo esperado,False,BUK10061
BUK10622,2025-MidYear,Mid Year,2025-07-15,3.68,3.54,3.62,Sobresaliente,False,BUK10403
BUK10622,2025-Anual,Anual,2025-12-10,3.59,3.43,3.53,Sobresaliente,False,BUK10403
BUK10622,2026-MidYear,Mid Year,2026-07-15,3.58,3.42,3.51,Sobresaliente,False,BUK10403
BUK10623,2024-Anual,Anual,2024-12-10,3.34,3.36,3.35,Cumple lo esperado,False,BUK12377
BUK10623,2025-MidYear,Mid Year,2025-07-15,2.89,3.24,3.03,Cumple lo esperado,False,BUK12377
BUK10623,2025-Anual,Anual,2025-12-10,3.37,3.38,3.37,Cumple lo esperado,False,BUK12377
BUK10623,2026-MidYear,Mid Year,2026-07-15,3.07,3.3,3.16,Cumple lo esperado,False,BUK12377
BUK10624,2026-MidYear,Mid Year,2026-07-15,3.53,3.63,3.57,Sobresaliente,False,BUK11580
BUK10625,2024-Anual,Anual,2024-12-10,3.33,3.33,3.33,Cumple lo esperado,False,BUK11746
BUK10625,2025-MidYear,Mid Year,2025-07-15,3.13,3.21,3.16,Cumple lo esperado,False,BUK11746
BUK10625,2025-Anual,Anual,2025-12-10,3.72,3.29,3.55,Sobresaliente,False,BUK11746
BUK10625,2026-MidYear,Mid Year,2026-07-15,3.28,3.5,3.37,Cumple lo esperado,False,BUK11746
BUK10626,2026-MidYear,Mid Year,2026-07-15,3.57,3.57,3.57,Sobresaliente,False,BUK11691
BUK10627,2024-Anual,Anual,2024-12-10,3.77,3.14,3.52,Sobresaliente,False,BUK11254
BUK10627,2025-MidYear,Mid Year,2025-07-15,3.37,3.25,3.32,Cumple lo esperado,False,BUK11254
BUK10629,2025-MidYear,Mid Year,2025-07-15,2.98,3.0,2.99,Bajo lo esperado,False,BUK10600
BUK10629,2025-Anual,Anual,2025-12-10,2.85,3.03,2.92,Bajo lo esperado,True,BUK10600
BUK10629,2026-MidYear,Mid Year,2026-07-15,2.9,2.94,2.91,Bajo lo esperado,False,BUK10600
BUK10630,2025-Anual,Anual,2025-12-10,2.46,2.38,2.43,Bajo lo esperado,True,BUK12387
BUK10630,2026-MidYear,Mid Year,2026-07-15,2.63,2.6,2.62,Bajo lo esperado,False,BUK12387
BUK10631,2026-MidYear,Mid Year,2026-07-15,3.01,3.18,3.08,Cumple lo esperado,False,BUK11009
BUK10633,2024-Anual,Anual,2024-12-10,2.98,2.94,2.97,Bajo lo esperado,True,BUK10595
BUK10633,2025-MidYear,Mid Year,2025-07-15,3.3,3.85,3.52,Sobresaliente,False,BUK10595
BUK10633,2025-Anual,Anual,2025-12-10,3.05,3.95,3.41,Cumple lo esperado,False,BUK10595
BUK10633,2026-MidYear,Mid Year,2026-07-15,3.66,3.1,3.43,Cumple lo esperado,False,BUK10595
BUK10634,2024-Anual,Anual,2024-12-10,2.91,3.08,2.98,Bajo lo esperado,True,BUK12170
BUK10634,2025-MidYear,Mid Year,2025-07-15,3.07,2.89,3.0,Cumple lo esperado,False,BUK12170
BUK10634,2025-Anual,Anual,2025-12-10,2.95,2.91,2.93,Bajo lo esperado,True,BUK12170
BUK10634,2026-MidYear,Mid Year,2026-07-15,3.15,3.04,3.1,Cumple lo esperado,False,BUK12170
BUK10637,2025-MidYear,Mid Year,2025-07-15,3.44,3.9,3.62,Sobresaliente,False,BUK12446
BUK10637,2025-Anual,Anual,2025-12-10,3.66,3.44,3.57,Sobresaliente,False,BUK12446
BUK10637,2026-MidYear,Mid Year,2026-07-15,3.22,3.41,3.3,Cumple lo esperado,False,BUK12446
BUK10638,2026-MidYear,Mid Year,2026-07-15,3.45,3.22,3.35,Cumple lo esperado,False,BUK10351
BUK10640,2025-Anual,Anual,2025-12-10,2.94,2.86,2.91,Bajo lo esperado,True,BUK10796
BUK10640,2026-MidYear,Mid Year,2026-07-15,3.19,3.08,3.15,Cumple lo esperado,False,BUK10796
BUK10641,2024-Anual,Anual,2024-12-10,3.46,3.37,3.43,Cumple lo esperado,False,BUK10147
BUK10641,2025-MidYear,Mid Year,2025-07-15,3.55,3.32,3.46,Cumple lo esperado,False,BUK10147
BUK10641,2025-Anual,Anual,2025-12-10,3.55,3.59,3.57,Sobresaliente,False,BUK10147
BUK10641,2026-MidYear,Mid Year,2026-07-15,3.18,3.99,3.5,Sobresaliente,False,BUK10147
BUK10642,2025-Anual,Anual,2025-12-10,3.34,3.21,3.29,Cumple lo esperado,False,BUK11596
BUK10642,2026-MidYear,Mid Year,2026-07-15,3.77,3.64,3.72,Sobresaliente,False,BUK11596
BUK10643,2024-Anual,Anual,2024-12-10,3.32,3.33,3.32,Cumple lo esperado,False,BUK10183
BUK10643,2025-MidYear,Mid Year,2025-07-15,3.43,3.26,3.37,Cumple lo esperado,False,BUK10183
BUK10643,2025-Anual,Anual,2025-12-10,3.28,3.09,3.2,Cumple lo esperado,False,BUK10183
BUK10643,2026-MidYear,Mid Year,2026-07-15,3.57,3.11,3.38,Cumple lo esperado,False,BUK10183
BUK10644,2025-MidYear,Mid Year,2025-07-15,3.07,3.0,3.04,Cumple lo esperado,False,BUK12254
BUK10644,2025-Anual,Anual,2025-12-10,2.88,3.18,3.0,Cumple lo esperado,False,BUK12254
BUK10644,2026-MidYear,Mid Year,2026-07-15,2.88,2.74,2.82,Bajo lo esperado,False,BUK12254
BUK10645,2026-MidYear,Mid Year,2026-07-15,3.61,3.91,3.73,Sobresaliente,False,BUK11305
BUK10646,2025-MidYear,Mid Year,2025-07-15,2.59,2.63,2.61,Bajo lo esperado,False,BUK10478
BUK10646,2025-Anual,Anual,2025-12-10,2.32,2.93,2.56,Bajo lo esperado,True,BUK10478
BUK10647,2025-MidYear,Mid Year,2025-07-15,3.38,3.59,3.46,Cumple lo esperado,False,BUK12151
BUK10647,2025-Anual,Anual,2025-12-10,3.61,3.36,3.51,Sobresaliente,False,BUK12151
BUK10647,2026-MidYear,Mid Year,2026-07-15,3.45,3.5,3.47,Cumple lo esperado,False,BUK12151
BUK10650,2026-MidYear,Mid Year,2026-07-15,3.25,3.24,3.25,Cumple lo esperado,False,BUK10262
BUK10651,2024-Anual,Anual,2024-12-10,3.18,3.16,3.17,Cumple lo esperado,False,BUK11993
BUK10651,2025-MidYear,Mid Year,2025-07-15,3.46,3.25,3.38,Cumple lo esperado,False,BUK11993
BUK10651,2025-Anual,Anual,2025-12-10,3.18,3.33,3.24,Cumple lo esperado,False,BUK11993
BUK10651,2026-MidYear,Mid Year,2026-07-15,3.0,3.15,3.06,Cumple lo esperado,False,BUK11993
BUK10652,2024-Anual,Anual,2024-12-10,3.6,3.08,3.39,Cumple lo esperado,False,BUK12499
BUK10652,2025-MidYear,Mid Year,2025-07-15,3.72,3.73,3.72,Sobresaliente,False,BUK12499
BUK10652,2025-Anual,Anual,2025-12-10,3.59,3.83,3.68,Sobresaliente,False,BUK12499
BUK10652,2026-MidYear,Mid Year,2026-07-15,3.23,3.54,3.35,Cumple lo esperado,False,BUK12499
BUK10653,2026-MidYear,Mid Year,2026-07-15,3.37,3.44,3.4,Cumple lo esperado,False,BUK11815
BUK10654,2025-Anual,Anual,2025-12-10,3.32,3.54,3.41,Cumple lo esperado,False,BUK11345
BUK10655,2024-Anual,Anual,2024-12-10,2.8,3.68,3.15,Cumple lo esperado,False,BUK12278
BUK10655,2025-MidYear,Mid Year,2025-07-15,3.57,3.39,3.5,Sobresaliente,False,BUK12278
BUK10655,2025-Anual,Anual,2025-12-10,2.97,2.87,2.93,Bajo lo esperado,True,BUK12278
BUK10655,2026-MidYear,Mid Year,2026-07-15,3.32,3.11,3.23,Cumple lo esperado,False,BUK12278
BUK10656,2024-Anual,Anual,2024-12-10,3.36,3.46,3.4,Cumple lo esperado,False,BUK10122
BUK10656,2025-MidYear,Mid Year,2025-07-15,3.47,3.3,3.4,Cumple lo esperado,False,BUK10122
BUK10656,2025-Anual,Anual,2025-12-10,3.81,3.31,3.61,Sobresaliente,False,BUK10122
BUK10656,2026-MidYear,Mid Year,2026-07-15,3.85,3.34,3.65,Sobresaliente,False,BUK10122
BUK10657,2026-MidYear,Mid Year,2026-07-15,3.51,3.5,3.51,Sobresaliente,False,BUK11409
BUK10659,2024-Anual,Anual,2024-12-10,3.21,2.94,3.1,Cumple lo esperado,False,BUK11890
BUK10659,2025-MidYear,Mid Year,2025-07-15,3.34,3.5,3.4,Cumple lo esperado,False,BUK11890
BUK10659,2025-Anual,Anual,2025-12-10,3.32,3.53,3.41,Cumple lo esperado,False,BUK11890
BUK10659,2026-MidYear,Mid Year,2026-07-15,3.4,3.16,3.31,Cumple lo esperado,False,BUK11890
BUK10661,2025-MidYear,Mid Year,2025-07-15,2.9,3.34,3.08,Cumple lo esperado,False,BUK10455
BUK10661,2025-Anual,Anual,2025-12-10,3.21,2.92,3.09,Cumple lo esperado,False,BUK10455
BUK10661,2026-MidYear,Mid Year,2026-07-15,3.07,3.42,3.21,Cumple lo esperado,False,BUK10455
BUK10662,2024-Anual,Anual,2024-12-10,3.14,3.09,3.12,Cumple lo esperado,False,BUK10812
BUK10662,2025-MidYear,Mid Year,2025-07-15,3.19,3.36,3.26,Cumple lo esperado,False,BUK10812
BUK10662,2025-Anual,Anual,2025-12-10,3.39,3.66,3.5,Sobresaliente,False,BUK10812
BUK10662,2026-MidYear,Mid Year,2026-07-15,3.15,3.46,3.28,Cumple lo esperado,False,BUK10812
BUK10663,2025-Anual,Anual,2025-12-10,3.22,3.05,3.15,Cumple lo esperado,False,BUK10963
BUK10663,2026-MidYear,Mid Year,2026-07-15,3.08,3.09,3.09,Cumple lo esperado,False,BUK10963
BUK10665,2024-Anual,Anual,2024-12-10,3.58,3.17,3.42,Cumple lo esperado,False,BUK10115
BUK10665,2025-MidYear,Mid Year,2025-07-15,3.65,3.35,3.53,Sobresaliente,False,BUK10115
BUK10665,2025-Anual,Anual,2025-12-10,3.66,3.56,3.62,Sobresaliente,False,BUK10115
BUK10665,2026-MidYear,Mid Year,2026-07-15,3.31,3.85,3.52,Sobresaliente,False,BUK10115
BUK10666,2025-Anual,Anual,2025-12-10,3.45,2.72,3.16,Cumple lo esperado,False,BUK11717
BUK10666,2026-MidYear,Mid Year,2026-07-15,2.73,2.86,2.78,Bajo lo esperado,False,BUK11717
BUK10667,2024-Anual,Anual,2024-12-10,3.26,3.17,3.22,Cumple lo esperado,False,BUK11185
BUK10667,2025-MidYear,Mid Year,2025-07-15,3.48,3.39,3.44,Cumple lo esperado,False,BUK11185
BUK10667,2025-Anual,Anual,2025-12-10,3.18,3.45,3.29,Cumple lo esperado,False,BUK11185
BUK10667,2026-MidYear,Mid Year,2026-07-15,3.2,3.82,3.45,Cumple lo esperado,False,BUK11185
BUK10668,2025-MidYear,Mid Year,2025-07-15,3.51,3.33,3.44,Cumple lo esperado,False,BUK11067
BUK10668,2025-Anual,Anual,2025-12-10,3.9,3.61,3.78,Sobresaliente,False,BUK11067
BUK10668,2026-MidYear,Mid Year,2026-07-15,3.47,3.68,3.56,Sobresaliente,False,BUK11067
BUK10669,2025-MidYear,Mid Year,2025-07-15,3.42,3.58,3.48,Cumple lo esperado,False,BUK10906
BUK10669,2025-Anual,Anual,2025-12-10,3.41,3.19,3.32,Cumple lo esperado,False,BUK10906
BUK10669,2026-MidYear,Mid Year,2026-07-15,2.91,3.34,3.08,Cumple lo esperado,False,BUK10906
BUK10670,2025-Anual,Anual,2025-12-10,3.36,3.96,3.6,Sobresaliente,False,BUK10093
BUK10670,2026-MidYear,Mid Year,2026-07-15,3.48,3.37,3.43,Cumple lo esperado,False,BUK10093
BUK10671,2026-MidYear,Mid Year,2026-07-15,2.72,3.66,3.09,Cumple lo esperado,False,BUK11596
BUK10673,2025-Anual,Anual,2025-12-10,2.71,3.24,2.92,Bajo lo esperado,True,BUK10159
BUK10673,2026-MidYear,Mid Year,2026-07-15,2.98,3.12,3.04,Cumple lo esperado,False,BUK10159
BUK10674,2024-Anual,Anual,2024-12-10,2.77,2.54,2.68,Bajo lo esperado,True,BUK10961
BUK10674,2025-MidYear,Mid Year,2025-07-15,2.74,2.93,2.82,Bajo lo esperado,False,BUK10961
BUK10674,2025-Anual,Anual,2025-12-10,2.62,2.63,2.62,Bajo lo esperado,True,BUK10961
BUK10674,2026-MidYear,Mid Year,2026-07-15,2.57,2.91,2.7,Bajo lo esperado,False,BUK10961
BUK10675,2025-MidYear,Mid Year,2025-07-15,3.41,2.93,3.21,Cumple lo esperado,False,BUK11607
BUK10675,2025-Anual,Anual,2025-12-10,3.28,3.33,3.3,Cumple lo esperado,False,BUK11607
BUK10675,2026-MidYear,Mid Year,2026-07-15,3.4,3.27,3.34,Cumple lo esperado,False,BUK11607
BUK10677,2026-MidYear,Mid Year,2026-07-15,3.68,3.79,3.73,Sobresaliente,False,BUK10607
BUK10678,2024-Anual,Anual,2024-12-10,3.38,3.1,3.27,Cumple lo esperado,False,BUK10405
BUK10680,2024-Anual,Anual,2024-12-10,3.45,3.76,3.57,Sobresaliente,False,BUK10845
BUK10680,2025-MidYear,Mid Year,2025-07-15,3.99,3.63,3.85,Sobresaliente,False,BUK10845
BUK10680,2025-Anual,Anual,2025-12-10,3.28,3.71,3.45,Cumple lo esperado,False,BUK10845
BUK10680,2026-MidYear,Mid Year,2026-07-15,3.72,3.85,3.77,Sobresaliente,False,BUK10845
BUK10681,2024-Anual,Anual,2024-12-10,3.48,3.39,3.44,Cumple lo esperado,False,BUK10796
BUK10681,2025-MidYear,Mid Year,2025-07-15,3.41,2.92,3.21,Cumple lo esperado,False,BUK10796
BUK10681,2025-Anual,Anual,2025-12-10,3.28,3.58,3.4,Cumple lo esperado,False,BUK10796
BUK10681,2026-MidYear,Mid Year,2026-07-15,3.44,3.44,3.44,Cumple lo esperado,False,BUK10796
BUK10682,2025-MidYear,Mid Year,2025-07-15,3.49,3.47,3.48,Cumple lo esperado,False,BUK10792
BUK10682,2025-Anual,Anual,2025-12-10,3.21,3.13,3.17,Cumple lo esperado,False,BUK10792
BUK10682,2026-MidYear,Mid Year,2026-07-15,3.1,2.94,3.04,Cumple lo esperado,False,BUK10792
BUK10683,2025-MidYear,Mid Year,2025-07-15,3.76,3.44,3.63,Sobresaliente,False,BUK11730
BUK10683,2025-Anual,Anual,2025-12-10,3.72,3.46,3.62,Sobresaliente,False,BUK11730
BUK10683,2026-MidYear,Mid Year,2026-07-15,2.94,3.0,2.96,Bajo lo esperado,False,BUK11730
BUK10684,2025-MidYear,Mid Year,2025-07-15,3.25,3.45,3.33,Cumple lo esperado,False,BUK11277
BUK10684,2025-Anual,Anual,2025-12-10,3.15,3.13,3.14,Cumple lo esperado,False,BUK11277
BUK10684,2026-MidYear,Mid Year,2026-07-15,3.13,3.61,3.33,Cumple lo esperado,False,BUK11277
BUK10685,2024-Anual,Anual,2024-12-10,3.69,3.48,3.61,Sobresaliente,False,BUK11009
BUK10685,2025-MidYear,Mid Year,2025-07-15,3.63,3.8,3.69,Sobresaliente,False,BUK11009
BUK10685,2025-Anual,Anual,2025-12-10,3.71,3.69,3.7,Sobresaliente,False,BUK11009
BUK10685,2026-MidYear,Mid Year,2026-07-15,4.0,3.39,3.76,Sobresaliente,False,BUK11009
BUK10686,2024-Anual,Anual,2024-12-10,3.43,3.06,3.28,Cumple lo esperado,False,BUK10122
BUK10686,2025-MidYear,Mid Year,2025-07-15,3.05,2.97,3.02,Cumple lo esperado,False,BUK10122
BUK10686,2025-Anual,Anual,2025-12-10,3.13,3.28,3.19,Cumple lo esperado,False,BUK10122
BUK10686,2026-MidYear,Mid Year,2026-07-15,2.72,3.2,2.91,Bajo lo esperado,False,BUK10122
BUK10687,2024-Anual,Anual,2024-12-10,3.63,3.61,3.63,Sobresaliente,False,BUK11964
BUK10687,2025-MidYear,Mid Year,2025-07-15,3.59,3.24,3.45,Cumple lo esperado,False,BUK11964
BUK10687,2025-Anual,Anual,2025-12-10,3.19,2.92,3.08,Cumple lo esperado,False,BUK11964
BUK10687,2026-MidYear,Mid Year,2026-07-15,3.53,4.0,3.72,Sobresaliente,False,BUK11964
BUK10688,2026-MidYear,Mid Year,2026-07-15,2.99,3.2,3.07,Cumple lo esperado,False,BUK10477
BUK10689,2024-Anual,Anual,2024-12-10,3.3,3.22,3.27,Cumple lo esperado,False,BUK11623
BUK10689,2025-MidYear,Mid Year,2025-07-15,3.49,3.54,3.51,Sobresaliente,False,BUK11623
BUK10689,2025-Anual,Anual,2025-12-10,3.11,3.6,3.31,Cumple lo esperado,False,BUK11623
BUK10689,2026-MidYear,Mid Year,2026-07-15,3.68,3.52,3.61,Sobresaliente,False,BUK11623
BUK10690,2024-Anual,Anual,2024-12-10,3.13,3.36,3.22,Cumple lo esperado,False,BUK10995
BUK10690,2025-MidYear,Mid Year,2025-07-15,3.32,3.31,3.32,Cumple lo esperado,False,BUK10995
BUK10690,2025-Anual,Anual,2025-12-10,3.35,3.01,3.22,Cumple lo esperado,False,BUK10995
BUK10690,2026-MidYear,Mid Year,2026-07-15,3.52,3.15,3.37,Cumple lo esperado,False,BUK10995
BUK10691,2026-MidYear,Mid Year,2026-07-15,3.25,3.8,3.47,Cumple lo esperado,False,BUK10884
BUK10693,2026-MidYear,Mid Year,2026-07-15,2.98,3.58,3.22,Cumple lo esperado,False,BUK11881
BUK10695,2025-Anual,Anual,2025-12-10,3.65,3.76,3.69,Sobresaliente,False,BUK12632
BUK10695,2026-MidYear,Mid Year,2026-07-15,3.27,3.19,3.24,Cumple lo esperado,False,BUK12632
BUK10697,2026-MidYear,Mid Year,2026-07-15,3.73,3.72,3.73,Sobresaliente,False,BUK10159
BUK10699,2024-Anual,Anual,2024-12-10,3.15,3.28,3.2,Cumple lo esperado,False,BUK10665
BUK10699,2025-MidYear,Mid Year,2025-07-15,3.27,2.73,3.05,Cumple lo esperado,False,BUK10665
BUK10699,2025-Anual,Anual,2025-12-10,2.89,3.4,3.09,Cumple lo esperado,False,BUK10665
BUK10699,2026-MidYear,Mid Year,2026-07-15,3.03,3.42,3.18,Cumple lo esperado,False,BUK10665
BUK10700,2024-Anual,Anual,2024-12-10,2.49,2.89,2.65,Bajo lo esperado,True,BUK10961
BUK10700,2025-MidYear,Mid Year,2025-07-15,2.17,2.7,2.38,Bajo lo esperado,False,BUK10961
BUK10700,2025-Anual,Anual,2025-12-10,2.56,2.87,2.69,Bajo lo esperado,True,BUK10961
BUK10700,2026-MidYear,Mid Year,2026-07-15,2.4,2.43,2.42,Bajo lo esperado,False,BUK10961
BUK10701,2025-Anual,Anual,2025-12-10,4.0,3.71,3.89,Sobresaliente,False,BUK12005
BUK10701,2026-MidYear,Mid Year,2026-07-15,3.45,3.14,3.32,Cumple lo esperado,False,BUK12005
BUK10702,2025-Anual,Anual,2025-12-10,3.34,3.4,3.36,Cumple lo esperado,False,BUK10627
BUK10702,2026-MidYear,Mid Year,2026-07-15,3.41,3.24,3.34,Cumple lo esperado,False,BUK10627
BUK10704,2026-MidYear,Mid Year,2026-07-15,3.5,3.49,3.5,Sobresaliente,False,BUK10607
BUK10705,2024-Anual,Anual,2024-12-10,3.2,3.6,3.36,Cumple lo esperado,False,BUK12005
BUK10705,2025-MidYear,Mid Year,2025-07-15,3.51,3.02,3.31,Cumple lo esperado,False,BUK12005
BUK10705,2025-Anual,Anual,2025-12-10,3.58,3.44,3.52,Sobresaliente,False,BUK12005
BUK10705,2026-MidYear,Mid Year,2026-07-15,3.3,3.52,3.39,Cumple lo esperado,False,BUK12005
BUK10707,2024-Anual,Anual,2024-12-10,3.33,3.12,3.25,Cumple lo esperado,False,BUK12218
BUK10707,2025-MidYear,Mid Year,2025-07-15,3.22,3.11,3.17,Cumple lo esperado,False,BUK12218
BUK10707,2025-Anual,Anual,2025-12-10,3.14,3.33,3.22,Cumple lo esperado,False,BUK12218
BUK10707,2026-MidYear,Mid Year,2026-07-15,3.37,3.17,3.29,Cumple lo esperado,False,BUK12218
BUK10708,2025-MidYear,Mid Year,2025-07-15,3.53,3.09,3.36,Cumple lo esperado,False,BUK12037
BUK10708,2025-Anual,Anual,2025-12-10,3.23,3.11,3.18,Cumple lo esperado,False,BUK12037
BUK10708,2026-MidYear,Mid Year,2026-07-15,3.17,3.23,3.2,Cumple lo esperado,False,BUK12037
BUK10709,2026-MidYear,Mid Year,2026-07-15,3.45,3.7,3.55,Sobresaliente,False,BUK11488
BUK10710,2024-Anual,Anual,2024-12-10,3.14,2.78,2.99,Bajo lo esperado,True,BUK11207
BUK10710,2025-MidYear,Mid Year,2025-07-15,2.95,3.33,3.1,Cumple lo esperado,False,BUK11207
BUK10710,2025-Anual,Anual,2025-12-10,3.35,3.28,3.32,Cumple lo esperado,False,BUK11207
BUK10710,2026-MidYear,Mid Year,2026-07-15,3.24,3.51,3.35,Cumple lo esperado,False,BUK11207
BUK10711,2024-Anual,Anual,2024-12-10,3.56,3.08,3.37,Cumple lo esperado,False,BUK11890
BUK10711,2025-MidYear,Mid Year,2025-07-15,3.5,3.06,3.32,Cumple lo esperado,False,BUK11890
BUK10711,2025-Anual,Anual,2025-12-10,3.64,3.6,3.62,Sobresaliente,False,BUK11890
BUK10711,2026-MidYear,Mid Year,2026-07-15,3.48,3.38,3.44,Cumple lo esperado,False,BUK11890
BUK10714,2026-MidYear,Mid Year,2026-07-15,3.41,3.73,3.54,Sobresaliente,False,BUK10919
BUK10716,2025-Anual,Anual,2025-12-10,3.17,3.27,3.21,Cumple lo esperado,False,BUK10970
BUK10716,2026-MidYear,Mid Year,2026-07-15,3.47,3.28,3.39,Cumple lo esperado,False,BUK10970
BUK10717,2024-Anual,Anual,2024-12-10,3.56,3.71,3.62,Sobresaliente,False,BUK12278
BUK10717,2025-MidYear,Mid Year,2025-07-15,3.43,3.4,3.42,Cumple lo esperado,False,BUK12278
BUK10717,2025-Anual,Anual,2025-12-10,3.87,3.41,3.68,Sobresaliente,False,BUK12278
BUK10717,2026-MidYear,Mid Year,2026-07-15,3.78,3.82,3.8,Sobresaliente,False,BUK12278
BUK10718,2024-Anual,Anual,2024-12-10,2.58,3.02,2.75,Bajo lo esperado,True,BUK11691
BUK10718,2025-MidYear,Mid Year,2025-07-15,2.55,3.38,2.88,Bajo lo esperado,False,BUK11691
BUK10718,2025-Anual,Anual,2025-12-10,3.14,3.04,3.1,Cumple lo esperado,False,BUK11691
BUK10718,2026-MidYear,Mid Year,2026-07-15,2.52,3.33,2.84,Bajo lo esperado,False,BUK11691
BUK10720,2024-Anual,Anual,2024-12-10,2.86,3.1,2.95,Bajo lo esperado,True,BUK11557
BUK10720,2025-MidYear,Mid Year,2025-07-15,3.23,2.75,3.04,Cumple lo esperado,False,BUK11557
BUK10720,2025-Anual,Anual,2025-12-10,2.81,3.14,2.94,Bajo lo esperado,True,BUK11557
BUK10720,2026-MidYear,Mid Year,2026-07-15,3.22,3.3,3.25,Cumple lo esperado,False,BUK11557
BUK10721,2025-Anual,Anual,2025-12-10,3.06,2.97,3.02,Cumple lo esperado,False,BUK11780
BUK10721,2026-MidYear,Mid Year,2026-07-15,3.06,2.89,2.99,Bajo lo esperado,False,BUK11780
BUK10722,2025-Anual,Anual,2025-12-10,3.68,3.53,3.62,Sobresaliente,False,BUK10564
BUK10722,2026-MidYear,Mid Year,2026-07-15,3.67,3.6,3.64,Sobresaliente,False,BUK10564
BUK10723,2025-MidYear,Mid Year,2025-07-15,3.01,3.65,3.26,Cumple lo esperado,False,BUK10881
BUK10723,2025-Anual,Anual,2025-12-10,3.55,3.33,3.46,Cumple lo esperado,False,BUK10881
BUK10723,2026-MidYear,Mid Year,2026-07-15,3.67,3.55,3.62,Sobresaliente,False,BUK10881
BUK10724,2025-MidYear,Mid Year,2025-07-15,3.27,3.13,3.21,Cumple lo esperado,False,BUK11488
BUK10724,2025-Anual,Anual,2025-12-10,2.88,3.22,3.02,Cumple lo esperado,False,BUK11488
BUK10724,2026-MidYear,Mid Year,2026-07-15,2.84,3.03,2.92,Bajo lo esperado,False,BUK11488
BUK10726,2026-MidYear,Mid Year,2026-07-15,3.49,3.61,3.54,Sobresaliente,False,BUK10833
BUK10727,2026-MidYear,Mid Year,2026-07-15,3.43,3.7,3.54,Sobresaliente,False,BUK10619
BUK10729,2025-Anual,Anual,2025-12-10,3.7,3.55,3.64,Sobresaliente,False,BUK10780
BUK10729,2026-MidYear,Mid Year,2026-07-15,3.95,3.54,3.78,Sobresaliente,False,BUK10780
BUK10730,2025-Anual,Anual,2025-12-10,3.33,3.17,3.27,Cumple lo esperado,False,BUK10900
BUK10730,2026-MidYear,Mid Year,2026-07-15,3.64,3.59,3.62,Sobresaliente,False,BUK10900
BUK10731,2026-MidYear,Mid Year,2026-07-15,3.53,3.47,3.5,Sobresaliente,False,BUK10906
BUK10732,2026-MidYear,Mid Year,2026-07-15,2.95,3.67,3.24,Cumple lo esperado,False,BUK11884
BUK10733,2024-Anual,Anual,2024-12-10,3.65,3.72,3.68,Sobresaliente,False,BUK12394
BUK10733,2025-MidYear,Mid Year,2025-07-15,3.69,3.67,3.68,Sobresaliente,False,BUK12394
BUK10733,2025-Anual,Anual,2025-12-10,3.6,3.43,3.53,Sobresaliente,False,BUK12394
BUK10733,2026-MidYear,Mid Year,2026-07-15,3.48,3.78,3.6,Sobresaliente,False,BUK12394
BUK10734,2026-MidYear,Mid Year,2026-07-15,3.02,3.31,3.13,Cumple lo esperado,False,BUK10317
BUK10735,2024-Anual,Anual,2024-12-10,3.46,3.63,3.53,Sobresaliente,False,BUK12441
BUK10735,2025-MidYear,Mid Year,2025-07-15,3.38,3.48,3.42,Cumple lo esperado,False,BUK12441
BUK10735,2025-Anual,Anual,2025-12-10,3.52,3.59,3.55,Sobresaliente,False,BUK12441
BUK10735,2026-MidYear,Mid Year,2026-07-15,4.0,3.78,3.91,Sobresaliente,False,BUK12441
BUK10736,2024-Anual,Anual,2024-12-10,3.34,3.83,3.54,Sobresaliente,False,BUK11070
BUK10736,2025-MidYear,Mid Year,2025-07-15,2.94,3.46,3.15,Cumple lo esperado,False,BUK11070
BUK10736,2025-Anual,Anual,2025-12-10,3.27,3.24,3.26,Cumple lo esperado,False,BUK11070
BUK10736,2026-MidYear,Mid Year,2026-07-15,3.5,3.74,3.59,Sobresaliente,False,BUK11070
BUK10737,2024-Anual,Anual,2024-12-10,3.75,3.82,3.78,Sobresaliente,False,BUK10327
BUK10737,2025-MidYear,Mid Year,2025-07-15,3.37,3.54,3.44,Cumple lo esperado,False,BUK10327
BUK10737,2025-Anual,Anual,2025-12-10,3.28,3.67,3.44,Cumple lo esperado,False,BUK10327
BUK10737,2026-MidYear,Mid Year,2026-07-15,3.83,3.84,3.83,Sobresaliente,False,BUK10327
BUK10738,2025-MidYear,Mid Year,2025-07-15,3.5,3.46,3.48,Cumple lo esperado,False,BUK10804
BUK10738,2025-Anual,Anual,2025-12-10,3.13,3.02,3.08,Cumple lo esperado,False,BUK10804
BUK10738,2026-MidYear,Mid Year,2026-07-15,3.57,3.2,3.42,Cumple lo esperado,False,BUK10804
BUK10739,2024-Anual,Anual,2024-12-10,3.34,3.81,3.53,Sobresaliente,False,BUK11796
BUK10739,2025-MidYear,Mid Year,2025-07-15,3.39,3.71,3.52,Sobresaliente,False,BUK11796
BUK10739,2025-Anual,Anual,2025-12-10,3.31,3.34,3.32,Cumple lo esperado,False,BUK11796
BUK10739,2026-MidYear,Mid Year,2026-07-15,3.13,3.74,3.37,Cumple lo esperado,False,BUK11796
BUK10740,2024-Anual,Anual,2024-12-10,2.95,3.57,3.2,Cumple lo esperado,False,BUK10798
BUK10740,2025-MidYear,Mid Year,2025-07-15,2.94,3.14,3.02,Cumple lo esperado,False,BUK10798
BUK10740,2025-Anual,Anual,2025-12-10,3.39,3.35,3.38,Cumple lo esperado,False,BUK10798
BUK10740,2026-MidYear,Mid Year,2026-07-15,2.85,3.12,2.95,Bajo lo esperado,False,BUK10798
BUK10741,2024-Anual,Anual,2024-12-10,3.48,3.29,3.41,Cumple lo esperado,False,BUK10694
BUK10741,2025-MidYear,Mid Year,2025-07-15,3.36,3.54,3.43,Cumple lo esperado,False,BUK10694
BUK10741,2025-Anual,Anual,2025-12-10,3.22,3.48,3.32,Cumple lo esperado,False,BUK10694
BUK10741,2026-MidYear,Mid Year,2026-07-15,3.9,3.33,3.67,Sobresaliente,False,BUK10694
BUK10742,2025-Anual,Anual,2025-12-10,3.76,3.42,3.62,Sobresaliente,False,BUK10209
BUK10742,2026-MidYear,Mid Year,2026-07-15,3.54,3.59,3.56,Sobresaliente,False,BUK10209
BUK10743,2025-MidYear,Mid Year,2025-07-15,3.58,3.65,3.61,Sobresaliente,False,BUK10844
BUK10743,2025-Anual,Anual,2025-12-10,3.39,3.38,3.39,Cumple lo esperado,False,BUK10844
BUK10744,2025-MidYear,Mid Year,2025-07-15,3.3,2.92,3.15,Cumple lo esperado,False,BUK11607
BUK10744,2025-Anual,Anual,2025-12-10,3.47,3.34,3.42,Cumple lo esperado,False,BUK11607
BUK10744,2026-MidYear,Mid Year,2026-07-15,3.52,3.66,3.57,Sobresaliente,False,BUK11607
BUK10748,2024-Anual,Anual,2024-12-10,3.16,3.28,3.21,Cumple lo esperado,False,BUK10150
BUK10748,2025-MidYear,Mid Year,2025-07-15,3.17,3.65,3.36,Cumple lo esperado,False,BUK10150
BUK10748,2025-Anual,Anual,2025-12-10,3.29,3.57,3.4,Cumple lo esperado,False,BUK10150
BUK10748,2026-MidYear,Mid Year,2026-07-15,3.41,3.34,3.38,Cumple lo esperado,False,BUK10150
BUK10749,2024-Anual,Anual,2024-12-10,3.88,3.94,3.91,Sobresaliente,False,BUK10181
BUK10749,2025-MidYear,Mid Year,2025-07-15,3.83,3.72,3.78,Sobresaliente,False,BUK10181
BUK10749,2025-Anual,Anual,2025-12-10,3.98,3.82,3.92,Sobresaliente,False,BUK10181
BUK10749,2026-MidYear,Mid Year,2026-07-15,3.5,3.68,3.57,Sobresaliente,False,BUK10181
BUK10752,2024-Anual,Anual,2024-12-10,3.21,3.51,3.33,Cumple lo esperado,False,BUK11254
BUK10752,2025-MidYear,Mid Year,2025-07-15,3.09,3.13,3.1,Cumple lo esperado,False,BUK11254
BUK10752,2025-Anual,Anual,2025-12-10,3.14,3.07,3.11,Cumple lo esperado,False,BUK11254
BUK10752,2026-MidYear,Mid Year,2026-07-15,2.78,3.21,2.95,Bajo lo esperado,False,BUK11254
BUK10753,2025-Anual,Anual,2025-12-10,3.68,3.49,3.6,Sobresaliente,False,BUK11152
BUK10753,2026-MidYear,Mid Year,2026-07-15,3.42,3.34,3.39,Cumple lo esperado,False,BUK11152
BUK10754,2024-Anual,Anual,2024-12-10,3.29,3.28,3.29,Cumple lo esperado,False,BUK12049
BUK10754,2025-MidYear,Mid Year,2025-07-15,3.61,3.1,3.41,Cumple lo esperado,False,BUK12049
BUK10754,2025-Anual,Anual,2025-12-10,3.12,3.22,3.16,Cumple lo esperado,False,BUK12049
BUK10754,2026-MidYear,Mid Year,2026-07-15,2.94,3.28,3.08,Cumple lo esperado,False,BUK12049
BUK10755,2024-Anual,Anual,2024-12-10,3.69,3.58,3.65,Sobresaliente,False,BUK12572
BUK10755,2025-MidYear,Mid Year,2025-07-15,3.63,3.03,3.39,Cumple lo esperado,False,BUK12572
BUK10755,2025-Anual,Anual,2025-12-10,3.63,3.35,3.52,Sobresaliente,False,BUK12572
BUK10755,2026-MidYear,Mid Year,2026-07-15,3.63,3.82,3.7,Sobresaliente,False,BUK12572
BUK10756,2024-Anual,Anual,2024-12-10,3.57,3.47,3.53,Sobresaliente,False,BUK10477
BUK10756,2025-MidYear,Mid Year,2025-07-15,3.1,3.26,3.16,Cumple lo esperado,False,BUK10477
BUK10756,2025-Anual,Anual,2025-12-10,3.16,3.45,3.28,Cumple lo esperado,False,BUK10477
BUK10756,2026-MidYear,Mid Year,2026-07-15,3.65,3.63,3.64,Sobresaliente,False,BUK10477
BUK10757,2024-Anual,Anual,2024-12-10,3.61,3.43,3.54,Sobresaliente,False,BUK11964
BUK10757,2025-MidYear,Mid Year,2025-07-15,3.0,3.4,3.16,Cumple lo esperado,False,BUK11964
BUK10757,2025-Anual,Anual,2025-12-10,3.65,3.37,3.54,Sobresaliente,False,BUK11964
BUK10757,2026-MidYear,Mid Year,2026-07-15,3.06,3.74,3.33,Cumple lo esperado,False,BUK11964
BUK10758,2024-Anual,Anual,2024-12-10,2.96,2.77,2.88,Bajo lo esperado,True,BUK12446
BUK10758,2025-MidYear,Mid Year,2025-07-15,2.99,3.05,3.01,Cumple lo esperado,False,BUK12446
BUK10758,2025-Anual,Anual,2025-12-10,3.46,2.89,3.23,Cumple lo esperado,False,BUK12446
BUK10758,2026-MidYear,Mid Year,2026-07-15,3.4,3.36,3.39,Cumple lo esperado,False,BUK12446
BUK10759,2024-Anual,Anual,2024-12-10,3.38,3.34,3.37,Cumple lo esperado,False,BUK10150
BUK10759,2025-MidYear,Mid Year,2025-07-15,3.47,3.57,3.51,Sobresaliente,False,BUK10150
BUK10759,2025-Anual,Anual,2025-12-10,3.89,3.66,3.8,Sobresaliente,False,BUK10150
BUK10761,2024-Anual,Anual,2024-12-10,3.33,3.78,3.51,Sobresaliente,False,BUK10061
BUK10761,2025-MidYear,Mid Year,2025-07-15,3.42,3.38,3.41,Cumple lo esperado,False,BUK10061
BUK10761,2025-Anual,Anual,2025-12-10,3.67,3.31,3.53,Sobresaliente,False,BUK10061
BUK10761,2026-MidYear,Mid Year,2026-07-15,3.3,3.75,3.48,Cumple lo esperado,False,BUK10061
BUK10762,2024-Anual,Anual,2024-12-10,3.47,3.17,3.35,Cumple lo esperado,False,BUK11068
BUK10762,2025-MidYear,Mid Year,2025-07-15,3.23,3.11,3.18,Cumple lo esperado,False,BUK11068
BUK10762,2025-Anual,Anual,2025-12-10,3.0,3.11,3.04,Cumple lo esperado,False,BUK11068
BUK10762,2026-MidYear,Mid Year,2026-07-15,3.71,3.02,3.43,Cumple lo esperado,False,BUK11068
BUK10764,2024-Anual,Anual,2024-12-10,3.54,3.69,3.6,Sobresaliente,False,BUK10326
BUK10765,2025-Anual,Anual,2025-12-10,3.61,3.77,3.67,Sobresaliente,False,BUK12266
BUK10765,2026-MidYear,Mid Year,2026-07-15,3.88,4.0,3.93,Sobresaliente,False,BUK12266
BUK10766,2025-Anual,Anual,2025-12-10,3.69,3.54,3.63,Sobresaliente,False,BUK10839
BUK10766,2026-MidYear,Mid Year,2026-07-15,3.66,3.79,3.71,Sobresaliente,False,BUK10839
BUK10767,2024-Anual,Anual,2024-12-10,3.46,3.16,3.34,Cumple lo esperado,False,BUK10607
BUK10767,2025-MidYear,Mid Year,2025-07-15,3.51,4.0,3.71,Sobresaliente,False,BUK10607
BUK10767,2025-Anual,Anual,2025-12-10,3.31,3.5,3.38,Cumple lo esperado,False,BUK10607
BUK10767,2026-MidYear,Mid Year,2026-07-15,3.17,2.97,3.09,Cumple lo esperado,False,BUK10607
BUK10768,2024-Anual,Anual,2024-12-10,3.22,3.39,3.29,Cumple lo esperado,False,BUK12465
BUK10768,2025-MidYear,Mid Year,2025-07-15,3.09,3.13,3.11,Cumple lo esperado,False,BUK12465
BUK10768,2025-Anual,Anual,2025-12-10,3.26,3.16,3.22,Cumple lo esperado,False,BUK12465
BUK10768,2026-MidYear,Mid Year,2026-07-15,2.94,3.33,3.09,Cumple lo esperado,False,BUK12465
BUK10769,2026-MidYear,Mid Year,2026-07-15,3.9,3.95,3.92,Sobresaliente,False,BUK12337
BUK10770,2025-Anual,Anual,2025-12-10,3.59,3.78,3.66,Sobresaliente,False,BUK10317
BUK10770,2026-MidYear,Mid Year,2026-07-15,3.39,3.34,3.37,Cumple lo esperado,False,BUK10317
BUK10771,2024-Anual,Anual,2024-12-10,3.65,3.34,3.53,Sobresaliente,False,BUK10322
BUK10771,2025-MidYear,Mid Year,2025-07-15,3.48,3.4,3.44,Cumple lo esperado,False,BUK10322
BUK10771,2025-Anual,Anual,2025-12-10,3.38,3.35,3.37,Cumple lo esperado,False,BUK10322
BUK10771,2026-MidYear,Mid Year,2026-07-15,3.48,3.76,3.6,Sobresaliente,False,BUK10322
BUK10772,2025-Anual,Anual,2025-12-10,3.59,3.37,3.5,Sobresaliente,False,BUK12537
BUK10774,2026-MidYear,Mid Year,2026-07-15,3.52,3.45,3.5,Sobresaliente,False,BUK10844
BUK10775,2026-MidYear,Mid Year,2026-07-15,3.21,3.1,3.17,Cumple lo esperado,False,BUK12337
BUK10776,2024-Anual,Anual,2024-12-10,3.35,3.03,3.22,Cumple lo esperado,False,BUK12572
BUK10776,2025-MidYear,Mid Year,2025-07-15,3.57,3.27,3.45,Cumple lo esperado,False,BUK12572
BUK10777,2024-Anual,Anual,2024-12-10,2.44,3.0,2.66,Bajo lo esperado,True,BUK10302
BUK10777,2025-MidYear,Mid Year,2025-07-15,2.49,2.9,2.65,Bajo lo esperado,False,BUK10302
BUK10778,2025-Anual,Anual,2025-12-10,3.07,3.31,3.16,Cumple lo esperado,False,BUK11097
BUK10778,2026-MidYear,Mid Year,2026-07-15,2.97,2.97,2.97,Bajo lo esperado,False,BUK11097
BUK10779,2024-Anual,Anual,2024-12-10,2.92,3.07,2.98,Bajo lo esperado,True,BUK12515
BUK10779,2025-MidYear,Mid Year,2025-07-15,3.62,3.4,3.53,Sobresaliente,False,BUK12515
BUK10779,2025-Anual,Anual,2025-12-10,3.61,3.16,3.43,Cumple lo esperado,False,BUK12515
BUK10779,2026-MidYear,Mid Year,2026-07-15,3.57,3.26,3.44,Cumple lo esperado,False,BUK12515
BUK10781,2026-MidYear,Mid Year,2026-07-15,3.68,3.74,3.7,Sobresaliente,False,BUK12337
BUK10784,2024-Anual,Anual,2024-12-10,3.38,3.3,3.35,Cumple lo esperado,False,BUK12160
BUK10784,2025-MidYear,Mid Year,2025-07-15,3.36,3.38,3.37,Cumple lo esperado,False,BUK12160
BUK10784,2025-Anual,Anual,2025-12-10,3.1,3.49,3.26,Cumple lo esperado,False,BUK12160
BUK10784,2026-MidYear,Mid Year,2026-07-15,3.14,3.25,3.18,Cumple lo esperado,False,BUK12160
BUK10785,2026-MidYear,Mid Year,2026-07-15,3.89,3.58,3.77,Sobresaliente,False,BUK11487
BUK10786,2024-Anual,Anual,2024-12-10,3.15,3.54,3.31,Cumple lo esperado,False,BUK11199
BUK10786,2025-MidYear,Mid Year,2025-07-15,3.06,3.39,3.19,Cumple lo esperado,False,BUK11199
BUK10786,2025-Anual,Anual,2025-12-10,3.54,2.76,3.23,Cumple lo esperado,False,BUK11199
BUK10786,2026-MidYear,Mid Year,2026-07-15,3.09,3.33,3.19,Cumple lo esperado,False,BUK11199
BUK10788,2026-MidYear,Mid Year,2026-07-15,3.15,3.09,3.13,Cumple lo esperado,False,BUK12515
BUK10790,2024-Anual,Anual,2024-12-10,3.2,2.99,3.12,Cumple lo esperado,False,BUK10477
BUK10790,2025-MidYear,Mid Year,2025-07-15,3.13,3.55,3.3,Cumple lo esperado,False,BUK10477
BUK10790,2025-Anual,Anual,2025-12-10,3.13,3.5,3.28,Cumple lo esperado,False,BUK10477
BUK10790,2026-MidYear,Mid Year,2026-07-15,3.06,3.89,3.39,Cumple lo esperado,False,BUK10477
BUK10792,2024-Anual,Anual,2024-12-10,2.36,2.58,2.45,Bajo lo esperado,True,BUK10630
BUK10792,2025-MidYear,Mid Year,2025-07-15,2.33,2.9,2.56,Bajo lo esperado,False,BUK10630
BUK10792,2025-Anual,Anual,2025-12-10,2.93,3.0,2.96,Bajo lo esperado,True,BUK10630
BUK10792,2026-MidYear,Mid Year,2026-07-15,2.06,2.69,2.31,Bajo lo esperado,False,BUK10630
BUK10793,2025-MidYear,Mid Year,2025-07-15,3.93,3.59,3.8,Sobresaliente,False,BUK12027
BUK10793,2025-Anual,Anual,2025-12-10,3.56,3.72,3.62,Sobresaliente,False,BUK12027
BUK10793,2026-MidYear,Mid Year,2026-07-15,3.95,3.35,3.71,Sobresaliente,False,BUK12027
BUK10794,2024-Anual,Anual,2024-12-10,3.79,3.5,3.68,Sobresaliente,False,BUK10455
BUK10794,2025-MidYear,Mid Year,2025-07-15,3.61,3.15,3.43,Cumple lo esperado,False,BUK10455
BUK10794,2025-Anual,Anual,2025-12-10,3.49,3.6,3.54,Sobresaliente,False,BUK10455
BUK10794,2026-MidYear,Mid Year,2026-07-15,4.0,3.86,3.94,Sobresaliente,False,BUK10455
BUK10796,2024-Anual,Anual,2024-12-10,3.67,3.39,3.56,Sobresaliente,False,BUK10262
BUK10796,2025-MidYear,Mid Year,2025-07-15,3.47,3.47,3.47,Cumple lo esperado,False,BUK10262
BUK10796,2025-Anual,Anual,2025-12-10,3.41,3.94,3.62,Sobresaliente,False,BUK10262
BUK10796,2026-MidYear,Mid Year,2026-07-15,3.75,3.22,3.53,Sobresaliente,False,BUK10262
BUK10797,2025-MidYear,Mid Year,2025-07-15,3.89,3.97,3.92,Sobresaliente,False,BUK12394
BUK10797,2025-Anual,Anual,2025-12-10,3.73,3.75,3.74,Sobresaliente,False,BUK12394
BUK10797,2026-MidYear,Mid Year,2026-07-15,3.8,3.42,3.64,Sobresaliente,False,BUK12394
BUK10798,2025-MidYear,Mid Year,2025-07-15,3.36,3.25,3.31,Cumple lo esperado,False,BUK11468
BUK10798,2025-Anual,Anual,2025-12-10,3.44,3.35,3.41,Cumple lo esperado,False,BUK11468
BUK10798,2026-MidYear,Mid Year,2026-07-15,3.66,4.0,3.8,Sobresaliente,False,BUK11468
BUK10799,2025-Anual,Anual,2025-12-10,3.0,3.15,3.06,Cumple lo esperado,False,BUK11407
BUK10799,2026-MidYear,Mid Year,2026-07-15,3.7,3.49,3.61,Sobresaliente,False,BUK11407
BUK10800,2026-MidYear,Mid Year,2026-07-15,3.4,3.26,3.35,Cumple lo esperado,False,BUK11301
BUK10802,2026-MidYear,Mid Year,2026-07-15,3.23,3.1,3.18,Cumple lo esperado,False,BUK11183
BUK10803,2025-MidYear,Mid Year,2025-07-15,3.18,2.96,3.09,Cumple lo esperado,False,BUK12310
BUK10803,2025-Anual,Anual,2025-12-10,3.11,2.8,2.99,Bajo lo esperado,True,BUK12310
BUK10803,2026-MidYear,Mid Year,2026-07-15,2.79,2.8,2.79,Bajo lo esperado,False,BUK12310
BUK10804,2025-MidYear,Mid Year,2025-07-15,3.2,3.31,3.24,Cumple lo esperado,False,BUK11049
BUK10804,2025-Anual,Anual,2025-12-10,3.36,3.39,3.37,Cumple lo esperado,False,BUK11049
BUK10804,2026-MidYear,Mid Year,2026-07-15,3.52,3.34,3.45,Cumple lo esperado,False,BUK11049
BUK10805,2025-Anual,Anual,2025-12-10,3.12,3.09,3.1,Cumple lo esperado,False,BUK11993
BUK10805,2026-MidYear,Mid Year,2026-07-15,2.93,3.45,3.14,Cumple lo esperado,False,BUK11993
BUK10806,2026-MidYear,Mid Year,2026-07-15,3.98,3.75,3.89,Sobresaliente,False,BUK11152
BUK10807,2025-Anual,Anual,2025-12-10,3.23,3.56,3.37,Cumple lo esperado,False,BUK12160
BUK10808,2025-MidYear,Mid Year,2025-07-15,3.35,3.44,3.39,Cumple lo esperado,False,BUK10595
BUK10808,2025-Anual,Anual,2025-12-10,3.07,3.16,3.11,Cumple lo esperado,False,BUK10595
BUK10808,2026-MidYear,Mid Year,2026-07-15,3.21,3.45,3.31,Cumple lo esperado,False,BUK10595
BUK10810,2024-Anual,Anual,2024-12-10,3.63,3.51,3.58,Sobresaliente,False,BUK10455
BUK10810,2025-MidYear,Mid Year,2025-07-15,3.85,3.04,3.53,Sobresaliente,False,BUK10455
BUK10810,2025-Anual,Anual,2025-12-10,3.07,3.11,3.09,Cumple lo esperado,False,BUK10455
BUK10810,2026-MidYear,Mid Year,2026-07-15,3.5,3.25,3.4,Cumple lo esperado,False,BUK10455
BUK10812,2024-Anual,Anual,2024-12-10,3.48,3.56,3.51,Sobresaliente,False,BUK11054
BUK10812,2025-MidYear,Mid Year,2025-07-15,3.35,3.18,3.28,Cumple lo esperado,False,BUK11054
BUK10812,2025-Anual,Anual,2025-12-10,3.17,3.35,3.24,Cumple lo esperado,False,BUK11054
BUK10812,2026-MidYear,Mid Year,2026-07-15,3.17,3.53,3.31,Cumple lo esperado,False,BUK11054
BUK10813,2024-Anual,Anual,2024-12-10,3.84,3.6,3.74,Sobresaliente,False,BUK10453
BUK10813,2025-MidYear,Mid Year,2025-07-15,3.76,3.64,3.71,Sobresaliente,False,BUK10453
BUK10813,2025-Anual,Anual,2025-12-10,3.52,3.88,3.66,Sobresaliente,False,BUK10453
BUK10813,2026-MidYear,Mid Year,2026-07-15,3.55,3.46,3.51,Sobresaliente,False,BUK10453
BUK10814,2024-Anual,Anual,2024-12-10,3.25,3.14,3.2,Cumple lo esperado,False,BUK11240
BUK10814,2025-MidYear,Mid Year,2025-07-15,3.54,3.17,3.39,Cumple lo esperado,False,BUK11240
BUK10814,2025-Anual,Anual,2025-12-10,3.21,3.45,3.31,Cumple lo esperado,False,BUK11240
BUK10814,2026-MidYear,Mid Year,2026-07-15,3.39,3.73,3.53,Sobresaliente,False,BUK11240
BUK10815,2025-MidYear,Mid Year,2025-07-15,3.11,3.43,3.24,Cumple lo esperado,False,BUK10248
BUK10816,2024-Anual,Anual,2024-12-10,2.94,3.28,3.08,Cumple lo esperado,False,BUK11305
BUK10816,2025-MidYear,Mid Year,2025-07-15,2.92,3.34,3.09,Cumple lo esperado,False,BUK11305
BUK10816,2025-Anual,Anual,2025-12-10,3.25,3.65,3.41,Cumple lo esperado,False,BUK11305
BUK10816,2026-MidYear,Mid Year,2026-07-15,3.28,2.83,3.1,Cumple lo esperado,False,BUK11305
BUK10819,2026-MidYear,Mid Year,2026-07-15,3.53,3.89,3.68,Sobresaliente,False,BUK11881
BUK10821,2024-Anual,Anual,2024-12-10,3.23,3.6,3.38,Cumple lo esperado,False,BUK11067
BUK10821,2025-MidYear,Mid Year,2025-07-15,3.25,3.73,3.44,Cumple lo esperado,False,BUK11067
BUK10821,2025-Anual,Anual,2025-12-10,3.43,3.63,3.51,Sobresaliente,False,BUK11067
BUK10821,2026-MidYear,Mid Year,2026-07-15,3.79,3.99,3.87,Sobresaliente,False,BUK11067
BUK10822,2025-Anual,Anual,2025-12-10,3.33,3.96,3.59,Sobresaliente,False,BUK11435
BUK10823,2025-Anual,Anual,2025-12-10,3.25,3.47,3.34,Cumple lo esperado,False,BUK10574
BUK10823,2026-MidYear,Mid Year,2026-07-15,3.67,3.54,3.62,Sobresaliente,False,BUK10574
BUK10824,2026-MidYear,Mid Year,2026-07-15,3.59,3.85,3.7,Sobresaliente,False,BUK11023
BUK10825,2025-MidYear,Mid Year,2025-07-15,3.55,3.27,3.44,Cumple lo esperado,False,BUK10866
BUK10825,2025-Anual,Anual,2025-12-10,3.05,3.48,3.22,Cumple lo esperado,False,BUK10866
BUK10825,2026-MidYear,Mid Year,2026-07-15,3.05,2.97,3.02,Cumple lo esperado,False,BUK10866
BUK10826,2024-Anual,Anual,2024-12-10,3.02,3.11,3.06,Cumple lo esperado,False,BUK11964
BUK10826,2025-MidYear,Mid Year,2025-07-15,3.56,2.99,3.33,Cumple lo esperado,False,BUK11964
BUK10826,2025-Anual,Anual,2025-12-10,3.34,3.38,3.35,Cumple lo esperado,False,BUK11964
BUK10826,2026-MidYear,Mid Year,2026-07-15,3.11,2.96,3.05,Cumple lo esperado,False,BUK11964
BUK10828,2025-MidYear,Mid Year,2025-07-15,3.24,3.02,3.15,Cumple lo esperado,False,BUK11573
BUK10828,2025-Anual,Anual,2025-12-10,2.71,2.98,2.82,Bajo lo esperado,True,BUK11573
BUK10828,2026-MidYear,Mid Year,2026-07-15,3.27,3.04,3.18,Cumple lo esperado,False,BUK11573
BUK10830,2024-Anual,Anual,2024-12-10,3.4,3.57,3.47,Cumple lo esperado,False,BUK11435
BUK10830,2025-MidYear,Mid Year,2025-07-15,3.09,3.69,3.33,Cumple lo esperado,False,BUK11435
BUK10830,2025-Anual,Anual,2025-12-10,3.52,3.08,3.35,Cumple lo esperado,False,BUK11435
BUK10830,2026-MidYear,Mid Year,2026-07-15,3.02,3.24,3.1,Cumple lo esperado,False,BUK11435
BUK10832,2024-Anual,Anual,2024-12-10,2.99,2.86,2.94,Bajo lo esperado,True,BUK11227
BUK10832,2025-MidYear,Mid Year,2025-07-15,2.9,3.03,2.95,Bajo lo esperado,False,BUK11227
BUK10832,2025-Anual,Anual,2025-12-10,2.63,3.05,2.8,Bajo lo esperado,True,BUK11227
BUK10832,2026-MidYear,Mid Year,2026-07-15,2.98,3.06,3.01,Cumple lo esperado,False,BUK11227
BUK10833,2024-Anual,Anual,2024-12-10,3.33,3.85,3.54,Sobresaliente,False,BUK12090
BUK10833,2025-MidYear,Mid Year,2025-07-15,3.31,3.66,3.45,Cumple lo esperado,False,BUK12090
BUK10833,2025-Anual,Anual,2025-12-10,3.39,3.24,3.33,Cumple lo esperado,False,BUK12090
BUK10833,2026-MidYear,Mid Year,2026-07-15,3.51,3.39,3.46,Cumple lo esperado,False,BUK12090
BUK10834,2025-MidYear,Mid Year,2025-07-15,3.46,3.43,3.45,Cumple lo esperado,False,BUK12572
BUK10834,2025-Anual,Anual,2025-12-10,2.99,3.3,3.12,Cumple lo esperado,False,BUK12572
BUK10834,2026-MidYear,Mid Year,2026-07-15,3.26,2.99,3.15,Cumple lo esperado,False,BUK12572
BUK10836,2024-Anual,Anual,2024-12-10,3.43,3.05,3.28,Cumple lo esperado,False,BUK11027
BUK10836,2025-MidYear,Mid Year,2025-07-15,3.1,3.26,3.16,Cumple lo esperado,False,BUK11027
BUK10836,2025-Anual,Anual,2025-12-10,2.79,3.11,2.92,Bajo lo esperado,True,BUK11027
BUK10836,2026-MidYear,Mid Year,2026-07-15,3.22,2.98,3.13,Cumple lo esperado,False,BUK11027
BUK10837,2025-MidYear,Mid Year,2025-07-15,3.63,3.43,3.55,Sobresaliente,False,BUK10250
BUK10837,2025-Anual,Anual,2025-12-10,3.29,4.0,3.58,Sobresaliente,False,BUK10250
BUK10837,2026-MidYear,Mid Year,2026-07-15,3.37,3.72,3.51,Sobresaliente,False,BUK10250
BUK10838,2025-MidYear,Mid Year,2025-07-15,3.63,3.78,3.69,Sobresaliente,False,BUK10665
BUK10838,2025-Anual,Anual,2025-12-10,3.37,3.76,3.53,Sobresaliente,False,BUK10665
BUK10838,2026-MidYear,Mid Year,2026-07-15,3.45,3.18,3.34,Cumple lo esperado,False,BUK10665
BUK10840,2025-MidYear,Mid Year,2025-07-15,3.72,4.0,3.83,Sobresaliente,False,BUK12229
BUK10840,2025-Anual,Anual,2025-12-10,3.51,3.66,3.57,Sobresaliente,False,BUK12229
BUK10840,2026-MidYear,Mid Year,2026-07-15,3.61,3.84,3.7,Sobresaliente,False,BUK12229
BUK10841,2025-Anual,Anual,2025-12-10,3.39,3.09,3.27,Cumple lo esperado,False,BUK11177
BUK10842,2025-Anual,Anual,2025-12-10,3.08,3.02,3.06,Cumple lo esperado,False,BUK10619
BUK10842,2026-MidYear,Mid Year,2026-07-15,3.01,3.13,3.06,Cumple lo esperado,False,BUK10619
BUK10843,2024-Anual,Anual,2024-12-10,3.94,3.39,3.72,Sobresaliente,False,BUK10183
BUK10843,2025-MidYear,Mid Year,2025-07-15,3.19,3.55,3.34,Cumple lo esperado,False,BUK10183
BUK10843,2025-Anual,Anual,2025-12-10,3.28,3.55,3.39,Cumple lo esperado,False,BUK10183
BUK10843,2026-MidYear,Mid Year,2026-07-15,3.77,3.37,3.61,Sobresaliente,False,BUK10183
BUK10844,2026-MidYear,Mid Year,2026-07-15,3.79,3.43,3.64,Sobresaliente,False,BUK12127
BUK10845,2026-MidYear,Mid Year,2026-07-15,2.98,3.09,3.02,Cumple lo esperado,False,BUK12586
BUK10846,2025-MidYear,Mid Year,2025-07-15,3.23,2.96,3.12,Cumple lo esperado,False,BUK10746
BUK10846,2025-Anual,Anual,2025-12-10,3.46,3.67,3.55,Sobresaliente,False,BUK10746
BUK10846,2026-MidYear,Mid Year,2026-07-15,3.22,2.86,3.08,Cumple lo esperado,False,BUK10746
BUK10848,2025-Anual,Anual,2025-12-10,3.38,3.68,3.5,Sobresaliente,False,BUK12283
BUK10848,2026-MidYear,Mid Year,2026-07-15,3.09,3.36,3.19,Cumple lo esperado,False,BUK12283
BUK10849,2025-MidYear,Mid Year,2025-07-15,3.08,2.94,3.03,Cumple lo esperado,False,BUK11993
BUK10849,2025-Anual,Anual,2025-12-10,3.26,2.77,3.06,Cumple lo esperado,False,BUK11993
BUK10849,2026-MidYear,Mid Year,2026-07-15,2.73,2.88,2.79,Bajo lo esperado,False,BUK11993
BUK10851,2024-Anual,Anual,2024-12-10,3.2,3.9,3.48,Cumple lo esperado,False,BUK11964
BUK10851,2025-MidYear,Mid Year,2025-07-15,3.57,3.3,3.46,Cumple lo esperado,False,BUK11964
BUK10851,2025-Anual,Anual,2025-12-10,3.66,3.39,3.55,Sobresaliente,False,BUK11964
BUK10851,2026-MidYear,Mid Year,2026-07-15,3.32,2.93,3.16,Cumple lo esperado,False,BUK11964
BUK10852,2026-MidYear,Mid Year,2026-07-15,3.39,2.95,3.21,Cumple lo esperado,False,BUK12270
BUK10855,2024-Anual,Anual,2024-12-10,4.0,4.0,4.0,Sobresaliente,False,BUK11068
BUK10855,2025-MidYear,Mid Year,2025-07-15,4.0,3.89,3.96,Sobresaliente,False,BUK11068
BUK10855,2025-Anual,Anual,2025-12-10,3.91,3.79,3.86,Sobresaliente,False,BUK11068
BUK10855,2026-MidYear,Mid Year,2026-07-15,3.64,3.72,3.67,Sobresaliente,False,BUK11068
BUK10856,2026-MidYear,Mid Year,2026-07-15,3.19,3.33,3.25,Cumple lo esperado,False,BUK10906
BUK10858,2024-Anual,Anual,2024-12-10,3.3,3.52,3.39,Cumple lo esperado,False,BUK10867
BUK10858,2025-MidYear,Mid Year,2025-07-15,3.56,3.32,3.46,Cumple lo esperado,False,BUK10867
BUK10858,2025-Anual,Anual,2025-12-10,3.23,3.59,3.37,Cumple lo esperado,False,BUK10867
BUK10858,2026-MidYear,Mid Year,2026-07-15,3.22,3.32,3.26,Cumple lo esperado,False,BUK10867
BUK10859,2024-Anual,Anual,2024-12-10,3.58,3.68,3.62,Sobresaliente,False,BUK11607
BUK10859,2025-MidYear,Mid Year,2025-07-15,3.59,3.79,3.67,Sobresaliente,False,BUK11607
BUK10859,2025-Anual,Anual,2025-12-10,3.33,4.0,3.6,Sobresaliente,False,BUK11607
BUK10860,2024-Anual,Anual,2024-12-10,3.53,3.52,3.52,Sobresaliente,False,BUK10019
BUK10860,2025-MidYear,Mid Year,2025-07-15,3.5,3.43,3.47,Cumple lo esperado,False,BUK10019
BUK10860,2025-Anual,Anual,2025-12-10,3.68,3.44,3.59,Sobresaliente,False,BUK10019
BUK10860,2026-MidYear,Mid Year,2026-07-15,3.61,3.34,3.5,Sobresaliente,False,BUK10019
BUK10861,2024-Anual,Anual,2024-12-10,3.52,3.32,3.44,Cumple lo esperado,False,BUK10665
BUK10863,2024-Anual,Anual,2024-12-10,3.77,3.5,3.66,Sobresaliente,False,BUK10595
BUK10863,2025-MidYear,Mid Year,2025-07-15,3.54,2.87,3.27,Cumple lo esperado,False,BUK10595
BUK10863,2025-Anual,Anual,2025-12-10,3.2,2.88,3.07,Cumple lo esperado,False,BUK10595
BUK10863,2026-MidYear,Mid Year,2026-07-15,3.13,3.39,3.23,Cumple lo esperado,False,BUK10595
BUK10864,2026-MidYear,Mid Year,2026-07-15,3.29,3.63,3.42,Cumple lo esperado,False,BUK10029
BUK10865,2024-Anual,Anual,2024-12-10,3.47,3.48,3.47,Cumple lo esperado,False,BUK12554
BUK10865,2025-MidYear,Mid Year,2025-07-15,3.62,3.44,3.55,Sobresaliente,False,BUK12554
BUK10865,2025-Anual,Anual,2025-12-10,3.65,3.13,3.44,Cumple lo esperado,False,BUK12554
BUK10865,2026-MidYear,Mid Year,2026-07-15,3.64,3.55,3.61,Sobresaliente,False,BUK12554
BUK10867,2024-Anual,Anual,2024-12-10,3.45,3.63,3.52,Sobresaliente,False,BUK10919
BUK10867,2025-MidYear,Mid Year,2025-07-15,3.64,3.71,3.67,Sobresaliente,False,BUK10919
BUK10867,2025-Anual,Anual,2025-12-10,3.51,3.48,3.5,Sobresaliente,False,BUK10919
BUK10867,2026-MidYear,Mid Year,2026-07-15,3.54,3.36,3.47,Cumple lo esperado,False,BUK10919
BUK10868,2025-Anual,Anual,2025-12-10,2.9,2.99,2.93,Bajo lo esperado,True,BUK10600
BUK10868,2026-MidYear,Mid Year,2026-07-15,2.92,3.27,3.06,Cumple lo esperado,False,BUK10600
BUK10869,2026-MidYear,Mid Year,2026-07-15,3.35,3.69,3.49,Cumple lo esperado,False,BUK12554
BUK10870,2024-Anual,Anual,2024-12-10,3.73,3.68,3.71,Sobresaliente,False,BUK11827
BUK10870,2025-MidYear,Mid Year,2025-07-15,3.96,3.83,3.91,Sobresaliente,False,BUK11827
BUK10870,2025-Anual,Anual,2025-12-10,3.3,3.52,3.39,Cumple lo esperado,False,BUK11827
BUK10870,2026-MidYear,Mid Year,2026-07-15,3.65,3.87,3.74,Sobresaliente,False,BUK11827
BUK10871,2024-Anual,Anual,2024-12-10,2.71,2.46,2.61,Bajo lo esperado,True,BUK10714
BUK10871,2025-MidYear,Mid Year,2025-07-15,2.94,2.61,2.81,Bajo lo esperado,False,BUK10714
BUK10871,2025-Anual,Anual,2025-12-10,3.16,3.04,3.11,Cumple lo esperado,False,BUK10714
BUK10871,2026-MidYear,Mid Year,2026-07-15,3.15,2.57,2.92,Bajo lo esperado,False,BUK10714
BUK10872,2024-Anual,Anual,2024-12-10,3.04,3.7,3.31,Cumple lo esperado,False,BUK11396
BUK10873,2026-MidYear,Mid Year,2026-07-15,3.59,3.65,3.61,Sobresaliente,False,BUK11676
BUK10875,2024-Anual,Anual,2024-12-10,3.29,3.54,3.39,Cumple lo esperado,False,BUK12338
BUK10875,2025-MidYear,Mid Year,2025-07-15,3.04,3.43,3.2,Cumple lo esperado,False,BUK12338
BUK10875,2025-Anual,Anual,2025-12-10,3.34,3.17,3.27,Cumple lo esperado,False,BUK12338
BUK10875,2026-MidYear,Mid Year,2026-07-15,3.33,3.42,3.36,Cumple lo esperado,False,BUK12338
BUK10876,2025-Anual,Anual,2025-12-10,3.13,3.43,3.25,Cumple lo esperado,False,BUK11837
BUK10876,2026-MidYear,Mid Year,2026-07-15,2.85,3.43,3.08,Cumple lo esperado,False,BUK11837
BUK10877,2024-Anual,Anual,2024-12-10,3.23,3.08,3.17,Cumple lo esperado,False,BUK11780
BUK10877,2025-MidYear,Mid Year,2025-07-15,3.61,3.59,3.6,Sobresaliente,False,BUK11780
BUK10877,2025-Anual,Anual,2025-12-10,3.52,3.67,3.58,Sobresaliente,False,BUK11780
BUK10877,2026-MidYear,Mid Year,2026-07-15,3.48,3.49,3.48,Cumple lo esperado,False,BUK11780
BUK10878,2024-Anual,Anual,2024-12-10,3.35,2.76,3.11,Cumple lo esperado,False,BUK10114
BUK10878,2025-MidYear,Mid Year,2025-07-15,3.6,3.78,3.67,Sobresaliente,False,BUK10114
BUK10878,2025-Anual,Anual,2025-12-10,3.33,3.29,3.31,Cumple lo esperado,False,BUK10114
BUK10878,2026-MidYear,Mid Year,2026-07-15,3.25,3.43,3.32,Cumple lo esperado,False,BUK10114
BUK10879,2024-Anual,Anual,2024-12-10,3.4,3.23,3.33,Cumple lo esperado,False,BUK11827
BUK10879,2025-MidYear,Mid Year,2025-07-15,3.7,3.53,3.63,Sobresaliente,False,BUK11827
BUK10879,2025-Anual,Anual,2025-12-10,3.4,3.5,3.44,Cumple lo esperado,False,BUK11827
BUK10879,2026-MidYear,Mid Year,2026-07-15,3.39,3.3,3.35,Cumple lo esperado,False,BUK11827
BUK10881,2024-Anual,Anual,2024-12-10,2.49,2.58,2.52,Bajo lo esperado,True,BUK10156
BUK10881,2025-MidYear,Mid Year,2025-07-15,2.69,2.55,2.63,Bajo lo esperado,False,BUK10156
BUK10881,2025-Anual,Anual,2025-12-10,2.45,2.72,2.56,Bajo lo esperado,True,BUK10156
BUK10882,2024-Anual,Anual,2024-12-10,3.18,3.14,3.17,Cumple lo esperado,False,BUK12165
BUK10882,2025-MidYear,Mid Year,2025-07-15,3.55,3.32,3.45,Cumple lo esperado,False,BUK12165
BUK10882,2025-Anual,Anual,2025-12-10,3.31,3.41,3.35,Cumple lo esperado,False,BUK12165
BUK10882,2026-MidYear,Mid Year,2026-07-15,3.5,3.06,3.32,Cumple lo esperado,False,BUK12165
BUK10883,2025-MidYear,Mid Year,2025-07-15,3.73,3.61,3.68,Sobresaliente,False,BUK11288
BUK10883,2025-Anual,Anual,2025-12-10,3.56,3.2,3.42,Cumple lo esperado,False,BUK11288
BUK10884,2025-Anual,Anual,2025-12-10,3.61,3.3,3.49,Cumple lo esperado,False,BUK11277
BUK10884,2026-MidYear,Mid Year,2026-07-15,3.35,3.33,3.34,Cumple lo esperado,False,BUK11277
BUK10885,2025-Anual,Anual,2025-12-10,3.24,3.32,3.27,Cumple lo esperado,False,BUK10691
BUK10886,2025-MidYear,Mid Year,2025-07-15,2.51,2.72,2.59,Bajo lo esperado,False,BUK11993
BUK10886,2025-Anual,Anual,2025-12-10,2.84,2.45,2.68,Bajo lo esperado,True,BUK11993
BUK10886,2026-MidYear,Mid Year,2026-07-15,2.64,3.11,2.83,Bajo lo esperado,False,BUK11993
BUK10887,2026-MidYear,Mid Year,2026-07-15,2.75,2.77,2.76,Bajo lo esperado,False,BUK12641
BUK10888,2024-Anual,Anual,2024-12-10,3.73,3.64,3.7,Sobresaliente,False,BUK10059
BUK10888,2025-MidYear,Mid Year,2025-07-15,3.45,3.63,3.52,Sobresaliente,False,BUK10059
BUK10888,2025-Anual,Anual,2025-12-10,3.67,3.37,3.55,Sobresaliente,False,BUK10059
BUK10888,2026-MidYear,Mid Year,2026-07-15,3.9,3.78,3.85,Sobresaliente,False,BUK10059
BUK10889,2025-Anual,Anual,2025-12-10,3.51,4.0,3.71,Sobresaliente,False,BUK11815
BUK10890,2026-MidYear,Mid Year,2026-07-15,3.53,3.18,3.39,Cumple lo esperado,False,BUK11276
BUK10891,2026-MidYear,Mid Year,2026-07-15,2.81,3.13,2.94,Bajo lo esperado,False,BUK10248
BUK10892,2024-Anual,Anual,2024-12-10,3.83,3.72,3.79,Sobresaliente,False,BUK10949
BUK10892,2025-MidYear,Mid Year,2025-07-15,3.96,3.57,3.8,Sobresaliente,False,BUK10949
BUK10892,2025-Anual,Anual,2025-12-10,3.89,3.9,3.89,Sobresaliente,False,BUK10949
BUK10892,2026-MidYear,Mid Year,2026-07-15,4.0,3.57,3.83,Sobresaliente,False,BUK10949
BUK10893,2024-Anual,Anual,2024-12-10,2.4,2.75,2.54,Bajo lo esperado,True,BUK12499
BUK10893,2025-MidYear,Mid Year,2025-07-15,2.28,2.21,2.25,Bajo lo esperado,False,BUK12499
BUK10894,2025-Anual,Anual,2025-12-10,4.0,4.0,4.0,Sobresaliente,False,BUK11070
BUK10895,2026-MidYear,Mid Year,2026-07-15,3.01,2.99,3.0,Cumple lo esperado,False,BUK11580
BUK10896,2025-MidYear,Mid Year,2025-07-15,3.28,3.1,3.21,Cumple lo esperado,False,BUK10689
BUK10896,2025-Anual,Anual,2025-12-10,3.22,3.4,3.29,Cumple lo esperado,False,BUK10689
BUK10896,2026-MidYear,Mid Year,2026-07-15,3.36,3.32,3.34,Cumple lo esperado,False,BUK10689
BUK10897,2025-MidYear,Mid Year,2025-07-15,3.42,3.82,3.58,Sobresaliente,False,BUK10326
BUK10897,2025-Anual,Anual,2025-12-10,3.64,3.34,3.52,Sobresaliente,False,BUK10326
BUK10897,2026-MidYear,Mid Year,2026-07-15,3.45,3.25,3.37,Cumple lo esperado,False,BUK10326
BUK10898,2026-MidYear,Mid Year,2026-07-15,3.78,3.24,3.57,Sobresaliente,False,BUK10348
BUK10899,2026-MidYear,Mid Year,2026-07-15,3.31,3.32,3.32,Cumple lo esperado,False,BUK12515
BUK10900,2024-Anual,Anual,2024-12-10,3.25,3.4,3.31,Cumple lo esperado,False,BUK11817
BUK10900,2025-MidYear,Mid Year,2025-07-15,3.4,3.36,3.38,Cumple lo esperado,False,BUK11817
BUK10900,2025-Anual,Anual,2025-12-10,3.29,3.76,3.47,Cumple lo esperado,False,BUK11817
BUK10900,2026-MidYear,Mid Year,2026-07-15,3.54,3.44,3.5,Sobresaliente,False,BUK11817
BUK10901,2025-Anual,Anual,2025-12-10,3.6,3.69,3.64,Sobresaliente,False,BUK10159
BUK10904,2026-MidYear,Mid Year,2026-07-15,3.37,3.35,3.36,Cumple lo esperado,False,BUK11573
BUK10905,2025-MidYear,Mid Year,2025-07-15,3.29,3.67,3.44,Cumple lo esperado,False,BUK10623
BUK10905,2025-Anual,Anual,2025-12-10,3.51,3.32,3.43,Cumple lo esperado,False,BUK10623
BUK10905,2026-MidYear,Mid Year,2026-07-15,3.58,3.34,3.48,Cumple lo esperado,False,BUK10623
BUK10906,2024-Anual,Anual,2024-12-10,2.8,2.94,2.86,Bajo lo esperado,True,BUK10491
BUK10906,2025-MidYear,Mid Year,2025-07-15,2.79,2.75,2.77,Bajo lo esperado,False,BUK10491
BUK10906,2025-Anual,Anual,2025-12-10,2.81,2.94,2.86,Bajo lo esperado,True,BUK10491
BUK10906,2026-MidYear,Mid Year,2026-07-15,2.13,2.41,2.24,Bajo lo esperado,False,BUK10491
BUK10907,2025-MidYear,Mid Year,2025-07-15,3.57,3.45,3.52,Sobresaliente,False,BUK10564
BUK10907,2025-Anual,Anual,2025-12-10,3.55,3.22,3.42,Cumple lo esperado,False,BUK10564
BUK10907,2026-MidYear,Mid Year,2026-07-15,3.18,2.96,3.1,Cumple lo esperado,False,BUK10564
BUK10910,2024-Anual,Anual,2024-12-10,3.43,3.75,3.56,Sobresaliente,False,BUK11054
BUK10910,2025-MidYear,Mid Year,2025-07-15,3.23,3.72,3.42,Cumple lo esperado,False,BUK11054
BUK10910,2025-Anual,Anual,2025-12-10,3.41,3.57,3.47,Cumple lo esperado,False,BUK11054
BUK10910,2026-MidYear,Mid Year,2026-07-15,3.52,3.5,3.51,Sobresaliente,False,BUK11054
BUK10911,2026-MidYear,Mid Year,2026-07-15,3.09,3.57,3.28,Cumple lo esperado,False,BUK10949
BUK10913,2024-Anual,Anual,2024-12-10,3.51,3.34,3.44,Cumple lo esperado,False,BUK12554
BUK10913,2025-MidYear,Mid Year,2025-07-15,3.54,3.49,3.52,Sobresaliente,False,BUK12554
BUK10913,2025-Anual,Anual,2025-12-10,3.43,3.48,3.45,Cumple lo esperado,False,BUK12554
BUK10913,2026-MidYear,Mid Year,2026-07-15,3.46,3.48,3.47,Cumple lo esperado,False,BUK12554
BUK10914,2025-MidYear,Mid Year,2025-07-15,2.96,2.97,2.96,Bajo lo esperado,False,BUK10796
BUK10914,2025-Anual,Anual,2025-12-10,2.77,2.82,2.79,Bajo lo esperado,True,BUK10796
BUK10914,2026-MidYear,Mid Year,2026-07-15,3.22,3.01,3.13,Cumple lo esperado,False,BUK10796
BUK10917,2025-Anual,Anual,2025-12-10,3.82,3.89,3.85,Sobresaliente,False,BUK11580
BUK10917,2026-MidYear,Mid Year,2026-07-15,3.85,4.0,3.91,Sobresaliente,False,BUK11580
BUK10918,2024-Anual,Anual,2024-12-10,3.09,2.98,3.04,Cumple lo esperado,False,BUK12311
BUK10918,2025-MidYear,Mid Year,2025-07-15,3.32,3.32,3.32,Cumple lo esperado,False,BUK12311
BUK10918,2025-Anual,Anual,2025-12-10,2.91,3.31,3.07,Cumple lo esperado,False,BUK12311
BUK10918,2026-MidYear,Mid Year,2026-07-15,3.33,3.78,3.51,Sobresaliente,False,BUK12311
BUK10919,2024-Anual,Anual,2024-12-10,3.45,2.66,3.13,Cumple lo esperado,False,BUK11991
BUK10919,2025-MidYear,Mid Year,2025-07-15,2.91,3.08,2.98,Bajo lo esperado,False,BUK11991
BUK10919,2025-Anual,Anual,2025-12-10,3.21,2.91,3.09,Cumple lo esperado,False,BUK11991
BUK10919,2026-MidYear,Mid Year,2026-07-15,3.07,3.11,3.09,Cumple lo esperado,False,BUK11991
BUK10921,2025-Anual,Anual,2025-12-10,3.0,2.71,2.88,Bajo lo esperado,True,BUK12127
BUK10921,2026-MidYear,Mid Year,2026-07-15,2.82,2.76,2.8,Bajo lo esperado,False,BUK12127
BUK10922,2024-Anual,Anual,2024-12-10,3.35,3.33,3.34,Cumple lo esperado,False,BUK10789
BUK10922,2025-MidYear,Mid Year,2025-07-15,3.18,3.02,3.12,Cumple lo esperado,False,BUK10789
BUK10922,2025-Anual,Anual,2025-12-10,3.36,3.61,3.46,Cumple lo esperado,False,BUK10789
BUK10922,2026-MidYear,Mid Year,2026-07-15,3.31,3.56,3.41,Cumple lo esperado,False,BUK10789
BUK10923,2025-MidYear,Mid Year,2025-07-15,3.45,3.31,3.4,Cumple lo esperado,False,BUK10147
BUK10923,2025-Anual,Anual,2025-12-10,3.56,3.17,3.4,Cumple lo esperado,False,BUK10147
BUK10923,2026-MidYear,Mid Year,2026-07-15,3.25,3.9,3.51,Sobresaliente,False,BUK10147
BUK10924,2025-Anual,Anual,2025-12-10,3.47,3.52,3.49,Cumple lo esperado,False,BUK10833
BUK10924,2026-MidYear,Mid Year,2026-07-15,3.08,2.93,3.02,Cumple lo esperado,False,BUK10833
BUK10926,2024-Anual,Anual,2024-12-10,3.46,3.45,3.46,Cumple lo esperado,False,BUK11964
BUK10926,2025-MidYear,Mid Year,2025-07-15,3.75,3.7,3.73,Sobresaliente,False,BUK11964
BUK10926,2025-Anual,Anual,2025-12-10,3.32,3.34,3.33,Cumple lo esperado,False,BUK11964
BUK10926,2026-MidYear,Mid Year,2026-07-15,3.63,3.58,3.61,Sobresaliente,False,BUK11964
BUK10927,2026-MidYear,Mid Year,2026-07-15,3.19,3.43,3.28,Cumple lo esperado,False,BUK12337
BUK10928,2024-Anual,Anual,2024-12-10,3.26,3.24,3.25,Cumple lo esperado,False,BUK12470
BUK10928,2025-MidYear,Mid Year,2025-07-15,3.74,3.75,3.75,Sobresaliente,False,BUK12470
BUK10928,2025-Anual,Anual,2025-12-10,3.35,3.8,3.53,Sobresaliente,False,BUK12470
BUK10928,2026-MidYear,Mid Year,2026-07-15,3.4,3.38,3.39,Cumple lo esperado,False,BUK12470
BUK10929,2024-Anual,Anual,2024-12-10,2.9,3.0,2.94,Bajo lo esperado,True,BUK10122
BUK10930,2024-Anual,Anual,2024-12-10,3.59,4.0,3.76,Sobresaliente,False,BUK12027
BUK10930,2025-MidYear,Mid Year,2025-07-15,3.55,3.56,3.56,Sobresaliente,False,BUK12027
BUK10930,2025-Anual,Anual,2025-12-10,3.59,3.82,3.68,Sobresaliente,False,BUK12027
BUK10930,2026-MidYear,Mid Year,2026-07-15,3.82,3.86,3.84,Sobresaliente,False,BUK12027
BUK10931,2025-Anual,Anual,2025-12-10,2.89,3.11,2.98,Bajo lo esperado,True,BUK10289
BUK10931,2026-MidYear,Mid Year,2026-07-15,3.06,3.05,3.06,Cumple lo esperado,False,BUK10289
BUK10932,2024-Anual,Anual,2024-12-10,3.65,3.55,3.61,Sobresaliente,False,BUK10746
BUK10932,2025-MidYear,Mid Year,2025-07-15,3.36,3.71,3.5,Sobresaliente,False,BUK10746
BUK10932,2025-Anual,Anual,2025-12-10,3.72,3.77,3.74,Sobresaliente,False,BUK10746
BUK10932,2026-MidYear,Mid Year,2026-07-15,3.45,3.93,3.65,Sobresaliente,False,BUK10746
BUK10933,2024-Anual,Anual,2024-12-10,3.3,3.15,3.24,Cumple lo esperado,False,BUK12245
BUK10933,2025-MidYear,Mid Year,2025-07-15,3.62,2.93,3.35,Cumple lo esperado,False,BUK12245
BUK10933,2025-Anual,Anual,2025-12-10,3.16,3.16,3.16,Cumple lo esperado,False,BUK12245
BUK10934,2025-MidYear,Mid Year,2025-07-15,3.22,3.37,3.28,Cumple lo esperado,False,BUK10789
BUK10934,2025-Anual,Anual,2025-12-10,3.36,3.16,3.28,Cumple lo esperado,False,BUK10789
BUK10934,2026-MidYear,Mid Year,2026-07-15,3.34,2.93,3.17,Cumple lo esperado,False,BUK10789
BUK10935,2024-Anual,Anual,2024-12-10,3.47,3.08,3.31,Cumple lo esperado,False,BUK12499
BUK10935,2025-MidYear,Mid Year,2025-07-15,3.14,3.19,3.16,Cumple lo esperado,False,BUK12499
BUK10935,2025-Anual,Anual,2025-12-10,3.4,3.07,3.27,Cumple lo esperado,False,BUK12499
BUK10935,2026-MidYear,Mid Year,2026-07-15,3.06,3.53,3.25,Cumple lo esperado,False,BUK12499
BUK10936,2025-MidYear,Mid Year,2025-07-15,3.37,3.06,3.25,Cumple lo esperado,False,BUK11607
BUK10936,2025-Anual,Anual,2025-12-10,3.39,3.42,3.4,Cumple lo esperado,False,BUK11607
BUK10936,2026-MidYear,Mid Year,2026-07-15,3.16,3.31,3.22,Cumple lo esperado,False,BUK11607
BUK10937,2026-MidYear,Mid Year,2026-07-15,3.13,3.52,3.29,Cumple lo esperado,False,BUK11407
BUK10938,2025-MidYear,Mid Year,2025-07-15,3.5,3.57,3.53,Sobresaliente,False,BUK10326
BUK10938,2025-Anual,Anual,2025-12-10,3.39,3.54,3.45,Cumple lo esperado,False,BUK10326
BUK10938,2026-MidYear,Mid Year,2026-07-15,3.18,2.99,3.1,Cumple lo esperado,False,BUK10326
BUK10939,2024-Anual,Anual,2024-12-10,3.37,3.36,3.36,Cumple lo esperado,False,BUK11040
BUK10939,2025-MidYear,Mid Year,2025-07-15,3.56,3.19,3.41,Cumple lo esperado,False,BUK11040
BUK10939,2025-Anual,Anual,2025-12-10,3.66,3.46,3.58,Sobresaliente,False,BUK11040
BUK10939,2026-MidYear,Mid Year,2026-07-15,3.6,3.95,3.74,Sobresaliente,False,BUK11040
BUK10940,2025-Anual,Anual,2025-12-10,3.83,3.54,3.71,Sobresaliente,False,BUK12537
BUK10940,2026-MidYear,Mid Year,2026-07-15,3.39,3.7,3.51,Sobresaliente,False,BUK12537
BUK10941,2025-MidYear,Mid Year,2025-07-15,3.96,4.0,3.97,Sobresaliente,False,BUK11730
BUK10941,2025-Anual,Anual,2025-12-10,3.31,3.59,3.42,Cumple lo esperado,False,BUK11730
BUK10941,2026-MidYear,Mid Year,2026-07-15,3.64,3.43,3.56,Sobresaliente,False,BUK11730
BUK10943,2025-MidYear,Mid Year,2025-07-15,3.34,3.03,3.21,Cumple lo esperado,False,BUK10680
BUK10943,2025-Anual,Anual,2025-12-10,3.05,3.19,3.1,Cumple lo esperado,False,BUK10680
BUK10943,2026-MidYear,Mid Year,2026-07-15,3.29,3.23,3.26,Cumple lo esperado,False,BUK10680
BUK10944,2024-Anual,Anual,2024-12-10,3.35,2.91,3.18,Cumple lo esperado,False,BUK11656
BUK10944,2025-MidYear,Mid Year,2025-07-15,3.52,3.62,3.56,Sobresaliente,False,BUK11656
BUK10944,2025-Anual,Anual,2025-12-10,3.45,3.69,3.55,Sobresaliente,False,BUK11656
BUK10944,2026-MidYear,Mid Year,2026-07-15,3.38,3.55,3.45,Cumple lo esperado,False,BUK11656
BUK10945,2026-MidYear,Mid Year,2026-07-15,3.57,3.48,3.53,Sobresaliente,False,BUK11185
BUK10946,2025-MidYear,Mid Year,2025-07-15,3.52,3.49,3.51,Sobresaliente,False,BUK12229
BUK10946,2025-Anual,Anual,2025-12-10,3.12,3.53,3.29,Cumple lo esperado,False,BUK12229
BUK10946,2026-MidYear,Mid Year,2026-07-15,3.74,3.72,3.73,Sobresaliente,False,BUK12229
BUK10947,2025-Anual,Anual,2025-12-10,3.22,3.55,3.35,Cumple lo esperado,False,BUK11881
BUK10949,2025-Anual,Anual,2025-12-10,3.24,3.05,3.16,Cumple lo esperado,False,BUK12316
BUK10949,2026-MidYear,Mid Year,2026-07-15,2.85,3.13,2.96,Bajo lo esperado,False,BUK12316
BUK10950,2025-MidYear,Mid Year,2025-07-15,3.47,3.31,3.4,Cumple lo esperado,False,BUK11552
BUK10950,2025-Anual,Anual,2025-12-10,3.38,3.14,3.28,Cumple lo esperado,False,BUK11552
BUK10951,2026-MidYear,Mid Year,2026-07-15,3.62,4.0,3.77,Sobresaliente,False,BUK11901
BUK10953,2024-Anual,Anual,2024-12-10,3.32,3.6,3.43,Cumple lo esperado,False,BUK10949
BUK10954,2025-Anual,Anual,2025-12-10,3.13,3.12,3.13,Cumple lo esperado,False,BUK10405
BUK10954,2026-MidYear,Mid Year,2026-07-15,3.09,3.2,3.13,Cumple lo esperado,False,BUK10405
BUK10955,2026-MidYear,Mid Year,2026-07-15,3.42,3.47,3.44,Cumple lo esperado,False,BUK10159
BUK10956,2026-MidYear,Mid Year,2026-07-15,3.38,3.27,3.34,Cumple lo esperado,False,BUK10780
BUK10957,2024-Anual,Anual,2024-12-10,3.43,3.06,3.28,Cumple lo esperado,False,BUK12049
BUK10957,2025-MidYear,Mid Year,2025-07-15,3.56,3.41,3.5,Sobresaliente,False,BUK12049
BUK10957,2025-Anual,Anual,2025-12-10,3.39,3.68,3.51,Sobresaliente,False,BUK12049
BUK10957,2026-MidYear,Mid Year,2026-07-15,3.5,3.61,3.54,Sobresaliente,False,BUK12049
BUK10958,2024-Anual,Anual,2024-12-10,2.7,3.2,2.9,Bajo lo esperado,True,BUK12151
BUK10958,2025-MidYear,Mid Year,2025-07-15,2.64,3.0,2.78,Bajo lo esperado,False,BUK12151
BUK10958,2025-Anual,Anual,2025-12-10,2.96,2.83,2.91,Bajo lo esperado,True,BUK12151
BUK10958,2026-MidYear,Mid Year,2026-07-15,2.59,2.86,2.7,Bajo lo esperado,False,BUK12151
BUK10959,2024-Anual,Anual,2024-12-10,3.16,3.32,3.22,Cumple lo esperado,False,BUK10478
BUK10959,2025-MidYear,Mid Year,2025-07-15,3.06,3.04,3.05,Cumple lo esperado,False,BUK10478
BUK10959,2025-Anual,Anual,2025-12-10,3.32,3.81,3.52,Sobresaliente,False,BUK10478
BUK10959,2026-MidYear,Mid Year,2026-07-15,3.6,3.32,3.49,Cumple lo esperado,False,BUK10478
BUK10960,2026-MidYear,Mid Year,2026-07-15,3.3,3.65,3.44,Cumple lo esperado,False,BUK11833
BUK10961,2026-MidYear,Mid Year,2026-07-15,3.93,4.0,3.96,Sobresaliente,False,BUK11816
BUK10962,2026-MidYear,Mid Year,2026-07-15,3.66,3.64,3.66,Sobresaliente,False,BUK10302
BUK10964,2024-Anual,Anual,2024-12-10,3.51,3.19,3.38,Cumple lo esperado,False,BUK10906
BUK10964,2025-MidYear,Mid Year,2025-07-15,3.81,3.78,3.8,Sobresaliente,False,BUK10906
BUK10964,2025-Anual,Anual,2025-12-10,3.67,3.63,3.66,Sobresaliente,False,BUK10906
BUK10964,2026-MidYear,Mid Year,2026-07-15,3.71,3.71,3.71,Sobresaliente,False,BUK10906
BUK10965,2024-Anual,Anual,2024-12-10,2.43,1.89,2.21,Bajo lo esperado,True,BUK11731
BUK10966,2025-Anual,Anual,2025-12-10,3.65,3.44,3.56,Sobresaliente,False,BUK11717
BUK10966,2026-MidYear,Mid Year,2026-07-15,3.45,3.58,3.5,Sobresaliente,False,BUK11717
BUK10967,2026-MidYear,Mid Year,2026-07-15,3.29,3.6,3.41,Cumple lo esperado,False,BUK10093
BUK10968,2024-Anual,Anual,2024-12-10,3.59,3.58,3.59,Sobresaliente,False,BUK11487
BUK10968,2025-MidYear,Mid Year,2025-07-15,3.47,3.56,3.5,Sobresaliente,False,BUK11487
BUK10968,2025-Anual,Anual,2025-12-10,3.23,3.51,3.34,Cumple lo esperado,False,BUK11487
BUK10968,2026-MidYear,Mid Year,2026-07-15,3.76,3.56,3.68,Sobresaliente,False,BUK11487
BUK10972,2024-Anual,Anual,2024-12-10,3.38,3.28,3.34,Cumple lo esperado,False,BUK10627
BUK10972,2025-MidYear,Mid Year,2025-07-15,3.11,3.02,3.08,Cumple lo esperado,False,BUK10627
BUK10972,2025-Anual,Anual,2025-12-10,3.43,3.19,3.34,Cumple lo esperado,False,BUK10627
BUK10972,2026-MidYear,Mid Year,2026-07-15,3.52,3.1,3.35,Cumple lo esperado,False,BUK10627
BUK10973,2024-Anual,Anual,2024-12-10,3.39,3.31,3.36,Cumple lo esperado,False,BUK10250
BUK10973,2025-MidYear,Mid Year,2025-07-15,3.34,3.24,3.3,Cumple lo esperado,False,BUK10250
BUK10973,2025-Anual,Anual,2025-12-10,3.19,2.87,3.06,Cumple lo esperado,False,BUK10250
BUK10973,2026-MidYear,Mid Year,2026-07-15,3.14,3.56,3.3,Cumple lo esperado,False,BUK10250
BUK10974,2025-MidYear,Mid Year,2025-07-15,3.54,3.48,3.52,Sobresaliente,False,BUK11731
BUK10974,2025-Anual,Anual,2025-12-10,3.41,3.33,3.38,Cumple lo esperado,False,BUK11731
BUK10974,2026-MidYear,Mid Year,2026-07-15,3.74,3.01,3.45,Cumple lo esperado,False,BUK11731
BUK10975,2025-MidYear,Mid Year,2025-07-15,3.45,3.51,3.47,Cumple lo esperado,False,BUK12563
BUK10975,2025-Anual,Anual,2025-12-10,3.24,3.87,3.49,Cumple lo esperado,False,BUK12563
BUK10975,2026-MidYear,Mid Year,2026-07-15,3.47,3.4,3.44,Cumple lo esperado,False,BUK12563
BUK10976,2025-Anual,Anual,2025-12-10,3.24,3.49,3.34,Cumple lo esperado,False,BUK11097
BUK10976,2026-MidYear,Mid Year,2026-07-15,3.28,3.34,3.3,Cumple lo esperado,False,BUK11097
BUK10977,2025-Anual,Anual,2025-12-10,3.5,3.39,3.45,Cumple lo esperado,False,BUK10114
BUK10977,2026-MidYear,Mid Year,2026-07-15,3.57,3.41,3.51,Sobresaliente,False,BUK10114
BUK10978,2026-MidYear,Mid Year,2026-07-15,3.08,2.97,3.03,Cumple lo esperado,False,BUK12165
BUK10979,2025-MidYear,Mid Year,2025-07-15,3.74,3.52,3.65,Sobresaliente,False,BUK10963
BUK10979,2025-Anual,Anual,2025-12-10,3.56,3.63,3.59,Sobresaliente,False,BUK10963
BUK10979,2026-MidYear,Mid Year,2026-07-15,3.64,3.27,3.49,Cumple lo esperado,False,BUK10963
BUK10980,2026-MidYear,Mid Year,2026-07-15,3.58,3.03,3.36,Cumple lo esperado,False,BUK10351
BUK10983,2024-Anual,Anual,2024-12-10,3.37,3.48,3.41,Cumple lo esperado,False,BUK10600
BUK10983,2025-MidYear,Mid Year,2025-07-15,3.44,3.09,3.3,Cumple lo esperado,False,BUK10600
BUK10983,2025-Anual,Anual,2025-12-10,3.26,3.38,3.31,Cumple lo esperado,False,BUK10600
BUK10983,2026-MidYear,Mid Year,2026-07-15,3.38,3.57,3.46,Cumple lo esperado,False,BUK10600
BUK10984,2025-Anual,Anual,2025-12-10,2.67,3.15,2.86,Bajo lo esperado,True,BUK12606
BUK10986,2026-MidYear,Mid Year,2026-07-15,3.22,3.34,3.27,Cumple lo esperado,False,BUK11901
BUK10987,2024-Anual,Anual,2024-12-10,2.66,2.67,2.67,Bajo lo esperado,True,BUK10786
BUK10989,2026-MidYear,Mid Year,2026-07-15,3.56,3.44,3.51,Sobresaliente,False,BUK12632
BUK10990,2026-MidYear,Mid Year,2026-07-15,3.56,3.74,3.63,Sobresaliente,False,BUK11580
BUK10991,2024-Anual,Anual,2024-12-10,3.02,3.39,3.17,Cumple lo esperado,False,BUK10156
BUK10991,2025-MidYear,Mid Year,2025-07-15,3.44,3.69,3.54,Sobresaliente,False,BUK10156
BUK10991,2025-Anual,Anual,2025-12-10,3.38,3.34,3.36,Cumple lo esperado,False,BUK10156
BUK10991,2026-MidYear,Mid Year,2026-07-15,3.32,3.38,3.35,Cumple lo esperado,False,BUK10156
BUK10992,2025-Anual,Anual,2025-12-10,3.39,3.36,3.38,Cumple lo esperado,False,
BUK10992,2026-MidYear,Mid Year,2026-07-15,3.53,3.19,3.4,Cumple lo esperado,False,
BUK10993,2025-Anual,Anual,2025-12-10,3.29,3.36,3.32,Cumple lo esperado,False,BUK12529
BUK10993,2026-MidYear,Mid Year,2026-07-15,3.49,3.16,3.36,Cumple lo esperado,False,BUK12529
BUK10994,2025-MidYear,Mid Year,2025-07-15,2.5,2.96,2.68,Bajo lo esperado,False,BUK10627
BUK10994,2025-Anual,Anual,2025-12-10,2.73,2.75,2.74,Bajo lo esperado,True,BUK10627
BUK10994,2026-MidYear,Mid Year,2026-07-15,2.56,2.82,2.66,Bajo lo esperado,False,BUK10627
BUK10995,2024-Anual,Anual,2024-12-10,3.6,3.77,3.67,Sobresaliente,False,BUK11314
BUK10995,2025-MidYear,Mid Year,2025-07-15,3.06,3.48,3.23,Cumple lo esperado,False,BUK11314
BUK10995,2025-Anual,Anual,2025-12-10,3.71,3.11,3.47,Cumple lo esperado,False,BUK11314
BUK10995,2026-MidYear,Mid Year,2026-07-15,3.48,3.0,3.29,Cumple lo esperado,False,BUK11314
BUK10997,2024-Anual,Anual,2024-12-10,3.22,3.11,3.17,Cumple lo esperado,False,BUK10408
BUK10997,2025-MidYear,Mid Year,2025-07-15,2.77,3.11,2.91,Bajo lo esperado,False,BUK10408
BUK10997,2025-Anual,Anual,2025-12-10,3.55,3.51,3.53,Sobresaliente,False,BUK10408
BUK10997,2026-MidYear,Mid Year,2026-07-15,3.82,3.3,3.61,Sobresaliente,False,BUK10408
BUK10998,2024-Anual,Anual,2024-12-10,2.24,2.52,2.35,Bajo lo esperado,True,BUK11097
BUK10998,2025-MidYear,Mid Year,2025-07-15,2.3,2.1,2.22,Bajo lo esperado,False,BUK11097
BUK10998,2025-Anual,Anual,2025-12-10,2.31,2.11,2.23,Bajo lo esperado,True,BUK11097
BUK10998,2026-MidYear,Mid Year,2026-07-15,2.29,2.47,2.36,Bajo lo esperado,False,BUK11097
BUK10999,2024-Anual,Anual,2024-12-10,3.16,3.07,3.12,Cumple lo esperado,False,BUK10696
BUK11000,2025-MidYear,Mid Year,2025-07-15,3.43,3.55,3.48,Cumple lo esperado,False,BUK10297
BUK11000,2025-Anual,Anual,2025-12-10,3.51,3.2,3.39,Cumple lo esperado,False,BUK10297
BUK11000,2026-MidYear,Mid Year,2026-07-15,3.78,3.55,3.69,Sobresaliente,False,BUK10297
BUK11001,2024-Anual,Anual,2024-12-10,3.17,3.29,3.22,Cumple lo esperado,False,BUK12169
BUK11001,2025-MidYear,Mid Year,2025-07-15,2.98,3.15,3.05,Cumple lo esperado,False,BUK12169
BUK11001,2025-Anual,Anual,2025-12-10,3.34,2.68,3.08,Cumple lo esperado,False,BUK12169
BUK11001,2026-MidYear,Mid Year,2026-07-15,3.23,3.18,3.21,Cumple lo esperado,False,BUK12169
BUK11003,2024-Anual,Anual,2024-12-10,3.21,3.67,3.39,Cumple lo esperado,False,BUK12283
BUK11003,2025-MidYear,Mid Year,2025-07-15,3.2,3.21,3.2,Cumple lo esperado,False,BUK12283
BUK11003,2025-Anual,Anual,2025-12-10,3.18,3.28,3.22,Cumple lo esperado,False,BUK12283
BUK11003,2026-MidYear,Mid Year,2026-07-15,3.53,3.58,3.55,Sobresaliente,False,BUK12283
BUK11004,2024-Anual,Anual,2024-12-10,3.58,3.36,3.49,Cumple lo esperado,False,BUK11473
BUK11004,2025-MidYear,Mid Year,2025-07-15,3.38,3.46,3.41,Cumple lo esperado,False,BUK11473
BUK11004,2025-Anual,Anual,2025-12-10,3.77,3.31,3.58,Sobresaliente,False,BUK11473
BUK11004,2026-MidYear,Mid Year,2026-07-15,3.07,3.41,3.21,Cumple lo esperado,False,BUK11473
BUK11005,2024-Anual,Anual,2024-12-10,2.83,3.51,3.1,Cumple lo esperado,False,BUK10453
BUK11005,2025-MidYear,Mid Year,2025-07-15,2.96,3.04,2.99,Bajo lo esperado,False,BUK10453
BUK11005,2025-Anual,Anual,2025-12-10,2.87,2.85,2.86,Bajo lo esperado,True,BUK10453
BUK11005,2026-MidYear,Mid Year,2026-07-15,2.83,3.34,3.04,Cumple lo esperado,False,BUK10453
BUK11007,2024-Anual,Anual,2024-12-10,3.4,3.5,3.44,Cumple lo esperado,False,BUK11473
BUK11007,2025-MidYear,Mid Year,2025-07-15,4.0,3.39,3.76,Sobresaliente,False,BUK11473
BUK11007,2025-Anual,Anual,2025-12-10,3.31,3.3,3.31,Cumple lo esperado,False,BUK11473
BUK11007,2026-MidYear,Mid Year,2026-07-15,3.74,3.38,3.59,Sobresaliente,False,BUK11473
BUK11008,2026-MidYear,Mid Year,2026-07-15,3.37,3.33,3.36,Cumple lo esperado,False,BUK12441
BUK11009,2025-MidYear,Mid Year,2025-07-15,3.53,3.58,3.55,Sobresaliente,False,BUK10839
BUK11009,2025-Anual,Anual,2025-12-10,3.04,3.16,3.09,Cumple lo esperado,False,BUK10839
BUK11009,2026-MidYear,Mid Year,2026-07-15,3.37,3.78,3.53,Sobresaliente,False,BUK10839
BUK11012,2025-MidYear,Mid Year,2025-07-15,2.87,2.84,2.86,Bajo lo esperado,False,BUK11557
BUK11012,2025-Anual,Anual,2025-12-10,3.35,3.33,3.34,Cumple lo esperado,False,BUK11557
BUK11012,2026-MidYear,Mid Year,2026-07-15,3.1,3.51,3.27,Cumple lo esperado,False,BUK11557
BUK11013,2026-MidYear,Mid Year,2026-07-15,3.2,3.41,3.29,Cumple lo esperado,False,BUK10274
BUK11015,2024-Anual,Anual,2024-12-10,3.57,3.57,3.57,Sobresaliente,False,BUK12641
BUK11015,2025-MidYear,Mid Year,2025-07-15,3.44,3.47,3.45,Cumple lo esperado,False,BUK12641
BUK11015,2025-Anual,Anual,2025-12-10,3.44,3.61,3.51,Sobresaliente,False,BUK12641
BUK11015,2026-MidYear,Mid Year,2026-07-15,3.98,3.65,3.84,Sobresaliente,False,BUK12641
BUK11016,2026-MidYear,Mid Year,2026-07-15,4.0,3.83,3.93,Sobresaliente,False,BUK11305
BUK11017,2025-MidYear,Mid Year,2025-07-15,3.73,3.89,3.8,Sobresaliente,False,BUK10800
BUK11018,2024-Anual,Anual,2024-12-10,3.5,3.42,3.47,Cumple lo esperado,False,BUK12446
BUK11018,2025-MidYear,Mid Year,2025-07-15,3.38,3.49,3.42,Cumple lo esperado,False,BUK12446
BUK11018,2025-Anual,Anual,2025-12-10,3.41,3.29,3.36,Cumple lo esperado,False,BUK12446
BUK11019,2026-MidYear,Mid Year,2026-07-15,2.04,2.96,2.41,Bajo lo esperado,False,BUK12394
BUK11021,2026-MidYear,Mid Year,2026-07-15,3.58,3.79,3.66,Sobresaliente,False,BUK12606
BUK11022,2025-MidYear,Mid Year,2025-07-15,2.61,2.31,2.49,Bajo lo esperado,False,BUK11244
BUK11022,2025-Anual,Anual,2025-12-10,2.57,2.66,2.6,Bajo lo esperado,True,BUK11244
BUK11022,2026-MidYear,Mid Year,2026-07-15,2.45,2.66,2.53,Bajo lo esperado,False,BUK11244
BUK11023,2025-Anual,Anual,2025-12-10,3.15,3.32,3.22,Cumple lo esperado,False,BUK11301
BUK11023,2026-MidYear,Mid Year,2026-07-15,3.24,3.29,3.26,Cumple lo esperado,False,BUK11301
BUK11024,2025-MidYear,Mid Year,2025-07-15,3.63,3.12,3.42,Cumple lo esperado,False,BUK11964
BUK11024,2025-Anual,Anual,2025-12-10,3.43,2.94,3.24,Cumple lo esperado,False,BUK11964
BUK11024,2026-MidYear,Mid Year,2026-07-15,3.73,3.35,3.58,Sobresaliente,False,BUK11964
BUK11025,2025-Anual,Anual,2025-12-10,3.51,3.34,3.44,Cumple lo esperado,False,BUK10331
BUK11025,2026-MidYear,Mid Year,2026-07-15,3.41,3.2,3.33,Cumple lo esperado,False,BUK10331
BUK11027,2024-Anual,Anual,2024-12-10,3.66,3.48,3.59,Sobresaliente,False,BUK11923
BUK11027,2025-MidYear,Mid Year,2025-07-15,3.6,3.69,3.63,Sobresaliente,False,BUK11923
BUK11027,2025-Anual,Anual,2025-12-10,3.65,3.55,3.61,Sobresaliente,False,BUK11923
BUK11027,2026-MidYear,Mid Year,2026-07-15,3.5,3.69,3.58,Sobresaliente,False,BUK11923
BUK11028,2026-MidYear,Mid Year,2026-07-15,3.73,3.16,3.5,Sobresaliente,False,BUK11396
BUK11029,2025-Anual,Anual,2025-12-10,3.58,3.51,3.55,Sobresaliente,False,BUK10746
BUK11029,2026-MidYear,Mid Year,2026-07-15,3.47,3.56,3.51,Sobresaliente,False,BUK10746
BUK11030,2026-MidYear,Mid Year,2026-07-15,3.31,3.4,3.35,Cumple lo esperado,False,BUK11487
BUK11031,2026-MidYear,Mid Year,2026-07-15,3.03,2.58,2.85,Bajo lo esperado,False,BUK11881
BUK11032,2025-MidYear,Mid Year,2025-07-15,3.61,3.64,3.62,Sobresaliente,False,BUK11596
BUK11032,2025-Anual,Anual,2025-12-10,3.37,3.6,3.47,Cumple lo esperado,False,BUK11596
BUK11032,2026-MidYear,Mid Year,2026-07-15,3.28,3.2,3.25,Cumple lo esperado,False,BUK11596
BUK11033,2024-Anual,Anual,2024-12-10,3.34,3.74,3.5,Sobresaliente,False,BUK12283
BUK11033,2025-MidYear,Mid Year,2025-07-15,3.34,3.56,3.43,Cumple lo esperado,False,BUK12283
BUK11033,2025-Anual,Anual,2025-12-10,3.13,3.21,3.16,Cumple lo esperado,False,BUK12283
BUK11033,2026-MidYear,Mid Year,2026-07-15,3.59,2.78,3.27,Cumple lo esperado,False,BUK12283
BUK11034,2024-Anual,Anual,2024-12-10,3.05,3.59,3.26,Cumple lo esperado,False,BUK10867
BUK11034,2025-MidYear,Mid Year,2025-07-15,3.23,3.36,3.28,Cumple lo esperado,False,BUK10867
BUK11034,2025-Anual,Anual,2025-12-10,3.5,3.72,3.59,Sobresaliente,False,BUK10867
BUK11034,2026-MidYear,Mid Year,2026-07-15,3.67,3.37,3.55,Sobresaliente,False,BUK10867
BUK11035,2024-Anual,Anual,2024-12-10,3.46,3.61,3.52,Sobresaliente,False,BUK10477
BUK11035,2025-MidYear,Mid Year,2025-07-15,3.46,3.46,3.46,Cumple lo esperado,False,BUK10477
BUK11035,2025-Anual,Anual,2025-12-10,3.28,3.15,3.23,Cumple lo esperado,False,BUK10477
BUK11035,2026-MidYear,Mid Year,2026-07-15,3.06,3.61,3.28,Cumple lo esperado,False,BUK10477
BUK11037,2025-MidYear,Mid Year,2025-07-15,3.07,3.39,3.19,Cumple lo esperado,False,BUK11009
BUK11037,2025-Anual,Anual,2025-12-10,3.33,3.14,3.25,Cumple lo esperado,False,BUK11009
BUK11037,2026-MidYear,Mid Year,2026-07-15,3.34,3.32,3.33,Cumple lo esperado,False,BUK11009
BUK11038,2025-MidYear,Mid Year,2025-07-15,3.33,3.35,3.33,Cumple lo esperado,False,BUK10691
BUK11038,2025-Anual,Anual,2025-12-10,3.26,3.18,3.23,Cumple lo esperado,False,BUK10691
BUK11039,2024-Anual,Anual,2024-12-10,3.4,3.6,3.48,Cumple lo esperado,False,BUK12554
BUK11039,2025-MidYear,Mid Year,2025-07-15,3.48,3.36,3.43,Cumple lo esperado,False,BUK12554
BUK11039,2025-Anual,Anual,2025-12-10,3.47,3.56,3.51,Sobresaliente,False,BUK12554
BUK11040,2025-Anual,Anual,2025-12-10,3.24,3.6,3.38,Cumple lo esperado,False,BUK11552
BUK11040,2026-MidYear,Mid Year,2026-07-15,3.5,3.65,3.56,Sobresaliente,False,BUK11552
BUK11042,2025-MidYear,Mid Year,2025-07-15,2.83,3.36,3.04,Cumple lo esperado,False,BUK12081
BUK11042,2025-Anual,Anual,2025-12-10,3.03,3.14,3.08,Cumple lo esperado,False,BUK12081
BUK11042,2026-MidYear,Mid Year,2026-07-15,2.98,3.3,3.11,Cumple lo esperado,False,BUK12081
BUK11043,2025-Anual,Anual,2025-12-10,3.48,3.19,3.36,Cumple lo esperado,False,BUK11691
BUK11043,2026-MidYear,Mid Year,2026-07-15,3.55,3.77,3.64,Sobresaliente,False,BUK11691
BUK11044,2024-Anual,Anual,2024-12-10,4.0,3.83,3.93,Sobresaliente,False,BUK10667
BUK11044,2025-MidYear,Mid Year,2025-07-15,3.7,3.47,3.61,Sobresaliente,False,BUK10667
BUK11044,2025-Anual,Anual,2025-12-10,3.65,3.53,3.6,Sobresaliente,False,BUK10667
BUK11044,2026-MidYear,Mid Year,2026-07-15,3.65,3.83,3.72,Sobresaliente,False,BUK10667
BUK11045,2025-MidYear,Mid Year,2025-07-15,3.34,3.14,3.26,Cumple lo esperado,False,BUK10883
BUK11045,2025-Anual,Anual,2025-12-10,3.27,3.55,3.38,Cumple lo esperado,False,BUK10883
BUK11045,2026-MidYear,Mid Year,2026-07-15,3.52,3.47,3.5,Sobresaliente,False,BUK10883
BUK11046,2024-Anual,Anual,2024-12-10,3.47,4.0,3.68,Sobresaliente,False,BUK10297
BUK11046,2025-MidYear,Mid Year,2025-07-15,3.63,3.45,3.56,Sobresaliente,False,BUK10297
BUK11046,2025-Anual,Anual,2025-12-10,4.0,3.41,3.76,Sobresaliente,False,BUK10297
BUK11046,2026-MidYear,Mid Year,2026-07-15,3.79,3.82,3.81,Sobresaliente,False,BUK10297
BUK11047,2024-Anual,Anual,2024-12-10,3.41,3.18,3.32,Cumple lo esperado,False,BUK11473
BUK11047,2025-MidYear,Mid Year,2025-07-15,3.21,3.49,3.32,Cumple lo esperado,False,BUK11473
BUK11047,2025-Anual,Anual,2025-12-10,3.02,3.18,3.08,Cumple lo esperado,False,BUK11473
BUK11047,2026-MidYear,Mid Year,2026-07-15,2.96,3.24,3.07,Cumple lo esperado,False,BUK11473
BUK11048,2024-Anual,Anual,2024-12-10,3.19,3.31,3.24,Cumple lo esperado,False,BUK11884
BUK11049,2026-MidYear,Mid Year,2026-07-15,3.39,2.92,3.2,Cumple lo esperado,False,BUK12219
BUK11051,2025-MidYear,Mid Year,2025-07-15,3.78,3.11,3.51,Sobresaliente,False,BUK12218
BUK11051,2025-Anual,Anual,2025-12-10,3.38,3.8,3.55,Sobresaliente,False,BUK12218
BUK11052,2024-Anual,Anual,2024-12-10,4.0,3.56,3.82,Sobresaliente,False,BUK10607
BUK11052,2025-MidYear,Mid Year,2025-07-15,3.84,3.84,3.84,Sobresaliente,False,BUK10607
BUK11052,2025-Anual,Anual,2025-12-10,3.82,4.0,3.89,Sobresaliente,False,BUK10607
BUK11052,2026-MidYear,Mid Year,2026-07-15,3.69,3.85,3.75,Sobresaliente,False,BUK10607
BUK11053,2026-MidYear,Mid Year,2026-07-15,3.67,3.65,3.66,Sobresaliente,False,BUK10322
BUK11054,2025-MidYear,Mid Year,2025-07-15,2.84,2.8,2.83,Bajo lo esperado,False,BUK10621
BUK11054,2025-Anual,Anual,2025-12-10,3.07,2.78,2.95,Bajo lo esperado,True,BUK10621
BUK11054,2026-MidYear,Mid Year,2026-07-15,2.81,3.2,2.97,Bajo lo esperado,False,BUK10621
BUK11055,2024-Anual,Anual,2024-12-10,3.89,4.0,3.93,Sobresaliente,False,BUK12278
BUK11055,2025-MidYear,Mid Year,2025-07-15,3.9,3.49,3.74,Sobresaliente,False,BUK12278
BUK11055,2025-Anual,Anual,2025-12-10,3.79,3.5,3.67,Sobresaliente,False,BUK12278
BUK11055,2026-MidYear,Mid Year,2026-07-15,3.84,3.99,3.9,Sobresaliente,False,BUK12278
BUK11057,2024-Anual,Anual,2024-12-10,3.12,3.52,3.28,Cumple lo esperado,False,BUK11183
BUK11057,2025-MidYear,Mid Year,2025-07-15,3.1,3.18,3.13,Cumple lo esperado,False,BUK11183
BUK11057,2025-Anual,Anual,2025-12-10,3.15,3.27,3.2,Cumple lo esperado,False,BUK11183
BUK11057,2026-MidYear,Mid Year,2026-07-15,3.64,3.21,3.47,Cumple lo esperado,False,BUK11183
BUK11058,2025-MidYear,Mid Year,2025-07-15,3.24,3.05,3.16,Cumple lo esperado,False,BUK12090
BUK11058,2025-Anual,Anual,2025-12-10,3.11,2.95,3.04,Cumple lo esperado,False,BUK12090
BUK11058,2026-MidYear,Mid Year,2026-07-15,3.24,3.94,3.52,Sobresaliente,False,BUK12090
BUK11060,2024-Anual,Anual,2024-12-10,3.61,3.47,3.55,Sobresaliente,False,BUK12452
BUK11060,2025-MidYear,Mid Year,2025-07-15,3.67,4.0,3.8,Sobresaliente,False,BUK12452
BUK11060,2025-Anual,Anual,2025-12-10,3.75,3.26,3.55,Sobresaliente,False,BUK12452
BUK11060,2026-MidYear,Mid Year,2026-07-15,3.39,3.81,3.56,Sobresaliente,False,BUK12452
BUK11061,2026-MidYear,Mid Year,2026-07-15,3.74,3.49,3.64,Sobresaliente,False,BUK10147
BUK11062,2024-Anual,Anual,2024-12-10,3.63,3.58,3.61,Sobresaliente,False,BUK12283
BUK11062,2025-MidYear,Mid Year,2025-07-15,3.82,3.75,3.79,Sobresaliente,False,BUK12283
BUK11062,2025-Anual,Anual,2025-12-10,3.77,3.71,3.74,Sobresaliente,False,BUK12283
BUK11062,2026-MidYear,Mid Year,2026-07-15,3.51,3.5,3.51,Sobresaliente,False,BUK12283
BUK11063,2025-Anual,Anual,2025-12-10,3.73,3.62,3.69,Sobresaliente,False,BUK11881
BUK11063,2026-MidYear,Mid Year,2026-07-15,3.61,3.48,3.56,Sobresaliente,False,BUK11881
BUK11065,2026-MidYear,Mid Year,2026-07-15,3.94,3.28,3.67,Sobresaliente,False,BUK10714
BUK11067,2024-Anual,Anual,2024-12-10,3.73,3.21,3.52,Sobresaliente,False,BUK11185
BUK11067,2025-MidYear,Mid Year,2025-07-15,3.58,3.26,3.45,Cumple lo esperado,False,BUK11185
BUK11067,2025-Anual,Anual,2025-12-10,3.07,3.17,3.11,Cumple lo esperado,False,BUK11185
BUK11067,2026-MidYear,Mid Year,2026-07-15,3.33,3.01,3.2,Cumple lo esperado,False,BUK11185
BUK11068,2024-Anual,Anual,2024-12-10,3.19,3.09,3.15,Cumple lo esperado,False,BUK12127
BUK11068,2025-MidYear,Mid Year,2025-07-15,2.73,2.89,2.8,Bajo lo esperado,False,BUK12127
BUK11068,2025-Anual,Anual,2025-12-10,2.82,3.1,2.93,Bajo lo esperado,True,BUK12127
BUK11068,2026-MidYear,Mid Year,2026-07-15,2.65,2.9,2.75,Bajo lo esperado,False,BUK12127
BUK11070,2024-Anual,Anual,2024-12-10,2.61,3.09,2.8,Bajo lo esperado,True,BUK10612
BUK11070,2025-MidYear,Mid Year,2025-07-15,3.5,3.04,3.32,Cumple lo esperado,False,BUK10612
BUK11070,2025-Anual,Anual,2025-12-10,2.54,2.77,2.63,Bajo lo esperado,True,BUK10612
BUK11070,2026-MidYear,Mid Year,2026-07-15,2.9,3.28,3.05,Cumple lo esperado,False,BUK10612
BUK11073,2024-Anual,Anual,2024-12-10,3.02,3.11,3.06,Cumple lo esperado,False,BUK10708
BUK11073,2025-MidYear,Mid Year,2025-07-15,3.15,3.37,3.24,Cumple lo esperado,False,BUK10708
BUK11073,2025-Anual,Anual,2025-12-10,3.47,3.01,3.28,Cumple lo esperado,False,BUK10708
BUK11073,2026-MidYear,Mid Year,2026-07-15,3.02,3.2,3.09,Cumple lo esperado,False,BUK10708
BUK11074,2024-Anual,Anual,2024-12-10,3.4,3.06,3.26,Cumple lo esperado,False,BUK10442
BUK11074,2025-MidYear,Mid Year,2025-07-15,3.42,3.29,3.37,Cumple lo esperado,False,BUK10442
BUK11074,2025-Anual,Anual,2025-12-10,3.48,3.11,3.33,Cumple lo esperado,False,BUK10442
BUK11074,2026-MidYear,Mid Year,2026-07-15,3.14,3.27,3.19,Cumple lo esperado,False,BUK10442
BUK11075,2025-MidYear,Mid Year,2025-07-15,3.71,3.49,3.62,Sobresaliente,False,BUK10159
BUK11075,2025-Anual,Anual,2025-12-10,3.48,3.79,3.61,Sobresaliente,False,BUK10159
BUK11075,2026-MidYear,Mid Year,2026-07-15,3.71,3.73,3.72,Sobresaliente,False,BUK10159
BUK11076,2024-Anual,Anual,2024-12-10,3.18,3.55,3.32,Cumple lo esperado,False,BUK12151
BUK11076,2025-MidYear,Mid Year,2025-07-15,3.53,3.23,3.41,Cumple lo esperado,False,BUK12151
BUK11076,2025-Anual,Anual,2025-12-10,2.81,3.38,3.04,Cumple lo esperado,False,BUK12151
BUK11076,2026-MidYear,Mid Year,2026-07-15,3.04,3.33,3.16,Cumple lo esperado,False,BUK12151
BUK11078,2024-Anual,Anual,2024-12-10,3.4,3.76,3.54,Sobresaliente,False,BUK11747
BUK11078,2025-MidYear,Mid Year,2025-07-15,3.45,2.95,3.25,Cumple lo esperado,False,BUK11747
BUK11078,2025-Anual,Anual,2025-12-10,3.58,3.68,3.62,Sobresaliente,False,BUK11747
BUK11078,2026-MidYear,Mid Year,2026-07-15,3.43,3.37,3.41,Cumple lo esperado,False,BUK11747
BUK11079,2025-Anual,Anual,2025-12-10,3.26,3.53,3.37,Cumple lo esperado,False,BUK10061
BUK11079,2026-MidYear,Mid Year,2026-07-15,3.48,3.27,3.4,Cumple lo esperado,False,BUK10061
BUK11080,2024-Anual,Anual,2024-12-10,3.84,3.5,3.7,Sobresaliente,False,BUK11691
BUK11080,2025-MidYear,Mid Year,2025-07-15,3.53,3.71,3.6,Sobresaliente,False,BUK11691
BUK11080,2025-Anual,Anual,2025-12-10,3.59,3.69,3.63,Sobresaliente,False,BUK11691
BUK11080,2026-MidYear,Mid Year,2026-07-15,3.61,3.18,3.44,Cumple lo esperado,False,BUK11691
BUK11081,2024-Anual,Anual,2024-12-10,3.75,3.94,3.83,Sobresaliente,False,BUK11964
BUK11081,2025-MidYear,Mid Year,2025-07-15,3.95,3.93,3.95,Sobresaliente,False,BUK11964
BUK11081,2025-Anual,Anual,2025-12-10,3.85,3.56,3.74,Sobresaliente,False,BUK11964
BUK11081,2026-MidYear,Mid Year,2026-07-15,3.76,3.8,3.77,Sobresaliente,False,BUK11964
BUK11082,2025-Anual,Anual,2025-12-10,3.35,3.37,3.36,Cumple lo esperado,False,BUK11557
BUK11082,2026-MidYear,Mid Year,2026-07-15,3.53,3.1,3.36,Cumple lo esperado,False,BUK11557
BUK11084,2026-MidYear,Mid Year,2026-07-15,3.43,3.57,3.48,Cumple lo esperado,False,BUK10928
BUK11085,2024-Anual,Anual,2024-12-10,3.14,3.03,3.1,Cumple lo esperado,False,BUK10780
BUK11085,2025-MidYear,Mid Year,2025-07-15,3.01,3.18,3.08,Cumple lo esperado,False,BUK10780
BUK11085,2025-Anual,Anual,2025-12-10,2.77,3.42,3.03,Cumple lo esperado,False,BUK10780
BUK11085,2026-MidYear,Mid Year,2026-07-15,3.25,3.2,3.23,Cumple lo esperado,False,BUK10780
BUK11086,2024-Anual,Anual,2024-12-10,3.34,3.23,3.29,Cumple lo esperado,False,BUK11342
BUK11086,2025-MidYear,Mid Year,2025-07-15,3.54,3.43,3.5,Sobresaliente,False,BUK11342
BUK11086,2025-Anual,Anual,2025-12-10,3.23,3.93,3.51,Sobresaliente,False,BUK11342
BUK11086,2026-MidYear,Mid Year,2026-07-15,3.25,3.49,3.35,Cumple lo esperado,False,BUK11342
BUK11087,2026-MidYear,Mid Year,2026-07-15,3.62,3.61,3.62,Sobresaliente,False,BUK10949
BUK11088,2024-Anual,Anual,2024-12-10,3.74,3.37,3.59,Sobresaliente,False,BUK10910
BUK11088,2025-MidYear,Mid Year,2025-07-15,3.53,3.75,3.62,Sobresaliente,False,BUK10910
BUK11088,2025-Anual,Anual,2025-12-10,3.28,2.99,3.16,Cumple lo esperado,False,BUK10910
BUK11088,2026-MidYear,Mid Year,2026-07-15,3.6,3.54,3.58,Sobresaliente,False,BUK10910
BUK11092,2025-Anual,Anual,2025-12-10,3.75,3.51,3.66,Sobresaliente,False,BUK11780
BUK11092,2026-MidYear,Mid Year,2026-07-15,3.66,3.58,3.63,Sobresaliente,False,BUK11780
BUK11093,2024-Anual,Anual,2024-12-10,3.47,3.59,3.52,Sobresaliente,False,BUK10233
BUK11093,2025-MidYear,Mid Year,2025-07-15,3.71,3.56,3.65,Sobresaliente,False,BUK10233
BUK11093,2025-Anual,Anual,2025-12-10,3.58,3.47,3.54,Sobresaliente,False,BUK10233
BUK11093,2026-MidYear,Mid Year,2026-07-15,3.58,3.11,3.4,Cumple lo esperado,False,BUK10233
BUK11094,2024-Anual,Anual,2024-12-10,2.14,2.82,2.41,Bajo lo esperado,True,BUK11058
BUK11094,2025-MidYear,Mid Year,2025-07-15,2.26,2.71,2.44,Bajo lo esperado,False,BUK11058
BUK11094,2025-Anual,Anual,2025-12-10,2.48,2.37,2.44,Bajo lo esperado,True,BUK11058
BUK11095,2024-Anual,Anual,2024-12-10,3.8,3.75,3.78,Sobresaliente,False,BUK10150
BUK11095,2025-MidYear,Mid Year,2025-07-15,3.19,3.78,3.43,Cumple lo esperado,False,BUK10150
BUK11095,2025-Anual,Anual,2025-12-10,3.62,3.52,3.58,Sobresaliente,False,BUK10150
BUK11095,2026-MidYear,Mid Year,2026-07-15,3.33,3.25,3.3,Cumple lo esperado,False,BUK10150
BUK11096,2024-Anual,Anual,2024-12-10,3.35,3.75,3.51,Sobresaliente,False,BUK10928
BUK11096,2025-MidYear,Mid Year,2025-07-15,3.01,3.78,3.32,Cumple lo esperado,False,BUK10928
BUK11096,2025-Anual,Anual,2025-12-10,3.34,3.32,3.33,Cumple lo esperado,False,BUK10928
BUK11097,2026-MidYear,Mid Year,2026-07-15,3.62,3.42,3.54,Sobresaliente,False,BUK11314
BUK11098,2025-MidYear,Mid Year,2025-07-15,3.56,3.6,3.58,Sobresaliente,False,BUK11177
BUK11098,2025-Anual,Anual,2025-12-10,3.54,3.59,3.56,Sobresaliente,False,BUK11177
BUK11099,2026-MidYear,Mid Year,2026-07-15,3.38,3.47,3.42,Cumple lo esperado,False,BUK12229
BUK11100,2024-Anual,Anual,2024-12-10,3.9,3.97,3.92,Sobresaliente,False,BUK10181
BUK11100,2025-MidYear,Mid Year,2025-07-15,3.89,4.0,3.93,Sobresaliente,False,BUK10181
BUK11100,2025-Anual,Anual,2025-12-10,3.61,3.7,3.65,Sobresaliente,False,BUK10181
BUK11100,2026-MidYear,Mid Year,2026-07-15,3.86,3.63,3.77,Sobresaliente,False,BUK10181
BUK11101,2025-Anual,Anual,2025-12-10,3.57,3.4,3.5,Sobresaliente,False,BUK12338
BUK11101,2026-MidYear,Mid Year,2026-07-15,3.47,3.32,3.41,Cumple lo esperado,False,BUK12338
BUK11102,2026-MidYear,Mid Year,2026-07-15,3.95,3.8,3.89,Sobresaliente,False,BUK12632
BUK11103,2025-MidYear,Mid Year,2025-07-15,2.48,3.04,2.7,Bajo lo esperado,False,BUK12311
BUK11103,2025-Anual,Anual,2025-12-10,2.69,3.1,2.85,Bajo lo esperado,True,BUK12311
BUK11103,2026-MidYear,Mid Year,2026-07-15,3.06,2.92,3.01,Cumple lo esperado,False,BUK12311
BUK11105,2025-MidYear,Mid Year,2025-07-15,3.57,3.38,3.5,Sobresaliente,False,BUK10696
BUK11105,2025-Anual,Anual,2025-12-10,3.48,2.8,3.21,Cumple lo esperado,False,BUK10696
BUK11105,2026-MidYear,Mid Year,2026-07-15,3.69,3.63,3.66,Sobresaliente,False,BUK10696
BUK11106,2025-Anual,Anual,2025-12-10,2.71,2.79,2.75,Bajo lo esperado,True,BUK11656
BUK11106,2026-MidYear,Mid Year,2026-07-15,2.88,2.73,2.82,Bajo lo esperado,False,BUK11656
BUK11107,2026-MidYear,Mid Year,2026-07-15,2.59,2.52,2.56,Bajo lo esperado,False,BUK10714
BUK11108,2024-Anual,Anual,2024-12-10,3.33,2.92,3.16,Cumple lo esperado,False,BUK12615
BUK11108,2025-MidYear,Mid Year,2025-07-15,3.15,3.03,3.1,Cumple lo esperado,False,BUK12615
BUK11108,2025-Anual,Anual,2025-12-10,2.64,3.03,2.8,Bajo lo esperado,True,BUK12615
BUK11108,2026-MidYear,Mid Year,2026-07-15,3.04,2.69,2.9,Bajo lo esperado,False,BUK12615
BUK11109,2026-MidYear,Mid Year,2026-07-15,3.65,3.37,3.54,Sobresaliente,False,BUK11373
BUK11111,2024-Anual,Anual,2024-12-10,3.57,3.8,3.66,Sobresaliente,False,BUK11691
BUK11111,2025-MidYear,Mid Year,2025-07-15,3.72,3.53,3.64,Sobresaliente,False,BUK11691
BUK11111,2025-Anual,Anual,2025-12-10,4.0,3.63,3.85,Sobresaliente,False,BUK11691
BUK11111,2026-MidYear,Mid Year,2026-07-15,4.0,3.98,3.99,Sobresaliente,False,BUK11691
BUK11112,2024-Anual,Anual,2024-12-10,2.4,2.49,2.43,Bajo lo esperado,True,BUK11717
BUK11113,2024-Anual,Anual,2024-12-10,3.11,2.53,2.88,Bajo lo esperado,True,BUK12590
BUK11113,2025-MidYear,Mid Year,2025-07-15,2.95,3.17,3.04,Cumple lo esperado,False,BUK12590
BUK11113,2025-Anual,Anual,2025-12-10,2.89,2.78,2.85,Bajo lo esperado,True,BUK12590
BUK11113,2026-MidYear,Mid Year,2026-07-15,3.04,3.12,3.07,Cumple lo esperado,False,BUK12590
BUK11114,2025-MidYear,Mid Year,2025-07-15,3.84,3.53,3.72,Sobresaliente,False,BUK10317
BUK11114,2025-Anual,Anual,2025-12-10,3.62,3.83,3.7,Sobresaliente,False,BUK10317
BUK11114,2026-MidYear,Mid Year,2026-07-15,3.43,3.5,3.46,Cumple lo esperado,False,BUK10317
BUK11115,2024-Anual,Anual,2024-12-10,3.82,3.3,3.61,Sobresaliente,False,BUK10478
BUK11115,2025-MidYear,Mid Year,2025-07-15,3.11,3.52,3.27,Cumple lo esperado,False,BUK10478
BUK11115,2025-Anual,Anual,2025-12-10,3.12,3.72,3.36,Cumple lo esperado,False,BUK10478
BUK11115,2026-MidYear,Mid Year,2026-07-15,3.19,3.3,3.24,Cumple lo esperado,False,BUK10478
BUK11116,2024-Anual,Anual,2024-12-10,3.63,3.64,3.63,Sobresaliente,False,BUK10627
BUK11116,2025-MidYear,Mid Year,2025-07-15,3.7,3.54,3.64,Sobresaliente,False,BUK10627
BUK11117,2026-MidYear,Mid Year,2026-07-15,3.45,3.34,3.4,Cumple lo esperado,False,BUK11676
BUK11118,2025-MidYear,Mid Year,2025-07-15,2.87,2.69,2.8,Bajo lo esperado,False,BUK11345
BUK11118,2025-Anual,Anual,2025-12-10,2.57,2.96,2.73,Bajo lo esperado,True,BUK11345
BUK11118,2026-MidYear,Mid Year,2026-07-15,2.63,3.0,2.78,Bajo lo esperado,False,BUK11345
BUK11119,2024-Anual,Anual,2024-12-10,3.28,3.49,3.36,Cumple lo esperado,False,BUK11407
BUK11119,2025-MidYear,Mid Year,2025-07-15,3.29,3.2,3.25,Cumple lo esperado,False,BUK11407
BUK11119,2025-Anual,Anual,2025-12-10,2.77,3.12,2.91,Bajo lo esperado,True,BUK11407
BUK11119,2026-MidYear,Mid Year,2026-07-15,3.59,3.31,3.47,Cumple lo esperado,False,BUK11407
BUK11121,2025-MidYear,Mid Year,2025-07-15,3.24,3.3,3.27,Cumple lo esperado,False,BUK10122
BUK11121,2025-Anual,Anual,2025-12-10,2.94,2.89,2.92,Bajo lo esperado,True,BUK10122
BUK11121,2026-MidYear,Mid Year,2026-07-15,3.26,2.84,3.09,Cumple lo esperado,False,BUK10122
BUK11122,2024-Anual,Anual,2024-12-10,3.71,3.64,3.68,Sobresaliente,False,BUK11543
BUK11122,2025-MidYear,Mid Year,2025-07-15,3.48,3.37,3.44,Cumple lo esperado,False,BUK11543
BUK11122,2025-Anual,Anual,2025-12-10,3.65,3.64,3.64,Sobresaliente,False,BUK11543
BUK11122,2026-MidYear,Mid Year,2026-07-15,3.65,3.93,3.76,Sobresaliente,False,BUK11543
BUK11124,2024-Anual,Anual,2024-12-10,3.27,3.37,3.31,Cumple lo esperado,False,BUK11177
BUK11124,2025-MidYear,Mid Year,2025-07-15,3.32,3.55,3.41,Cumple lo esperado,False,BUK11177
BUK11124,2025-Anual,Anual,2025-12-10,3.11,3.59,3.3,Cumple lo esperado,False,BUK11177
BUK11124,2026-MidYear,Mid Year,2026-07-15,3.58,3.5,3.55,Sobresaliente,False,BUK11177
BUK11125,2024-Anual,Anual,2024-12-10,3.64,3.05,3.41,Cumple lo esperado,False,BUK11027
BUK11125,2025-MidYear,Mid Year,2025-07-15,3.58,3.3,3.47,Cumple lo esperado,False,BUK11027
BUK11125,2025-Anual,Anual,2025-12-10,3.7,3.57,3.65,Sobresaliente,False,BUK11027
BUK11125,2026-MidYear,Mid Year,2026-07-15,3.52,3.52,3.52,Sobresaliente,False,BUK11027
BUK11126,2025-Anual,Anual,2025-12-10,3.73,3.33,3.57,Sobresaliente,False,BUK10181
BUK11126,2026-MidYear,Mid Year,2026-07-15,3.09,2.81,2.98,Bajo lo esperado,False,BUK10181
BUK11127,2026-MidYear,Mid Year,2026-07-15,3.49,3.45,3.47,Cumple lo esperado,False,BUK12641
BUK11128,2024-Anual,Anual,2024-12-10,3.43,3.82,3.59,Sobresaliente,False,BUK11731
BUK11128,2025-MidYear,Mid Year,2025-07-15,4.0,3.77,3.91,Sobresaliente,False,BUK11731
BUK11128,2025-Anual,Anual,2025-12-10,3.62,3.84,3.71,Sobresaliente,False,BUK11731
BUK11128,2026-MidYear,Mid Year,2026-07-15,3.37,3.33,3.35,Cumple lo esperado,False,BUK11731
BUK11130,2025-MidYear,Mid Year,2025-07-15,2.21,2.59,2.36,Bajo lo esperado,False,BUK11240
BUK11130,2025-Anual,Anual,2025-12-10,2.74,2.36,2.58,Bajo lo esperado,True,BUK11240
BUK11131,2024-Anual,Anual,2024-12-10,2.83,2.71,2.78,Bajo lo esperado,True,BUK11691
BUK11131,2025-MidYear,Mid Year,2025-07-15,2.63,2.38,2.53,Bajo lo esperado,False,BUK11691
BUK11131,2025-Anual,Anual,2025-12-10,2.94,2.6,2.8,Bajo lo esperado,True,BUK11691
BUK11131,2026-MidYear,Mid Year,2026-07-15,2.56,3.11,2.78,Bajo lo esperado,False,BUK11691
BUK11132,2025-Anual,Anual,2025-12-10,3.8,3.63,3.73,Sobresaliente,False,BUK10950
BUK11132,2026-MidYear,Mid Year,2026-07-15,3.91,3.25,3.65,Sobresaliente,False,BUK10950
BUK11133,2024-Anual,Anual,2024-12-10,2.94,3.11,3.01,Cumple lo esperado,False,BUK11040
BUK11133,2025-MidYear,Mid Year,2025-07-15,2.95,3.07,2.99,Bajo lo esperado,False,BUK11040
BUK11133,2025-Anual,Anual,2025-12-10,3.07,3.03,3.06,Cumple lo esperado,False,BUK11040
BUK11133,2026-MidYear,Mid Year,2026-07-15,2.83,2.9,2.86,Bajo lo esperado,False,BUK11040
BUK11134,2026-MidYear,Mid Year,2026-07-15,3.58,3.67,3.61,Sobresaliente,False,BUK10812
BUK11135,2025-Anual,Anual,2025-12-10,3.62,3.17,3.44,Cumple lo esperado,False,BUK11557
BUK11135,2026-MidYear,Mid Year,2026-07-15,3.36,3.79,3.53,Sobresaliente,False,BUK11557
BUK11137,2025-MidYear,Mid Year,2025-07-15,3.15,3.77,3.4,Cumple lo esperado,False,BUK10250
BUK11137,2025-Anual,Anual,2025-12-10,2.93,3.06,2.98,Bajo lo esperado,True,BUK10250
BUK11137,2026-MidYear,Mid Year,2026-07-15,3.62,3.29,3.49,Cumple lo esperado,False,BUK10250
BUK11139,2025-MidYear,Mid Year,2025-07-15,3.48,3.46,3.47,Cumple lo esperado,False,BUK11305
BUK11139,2025-Anual,Anual,2025-12-10,2.9,3.43,3.11,Cumple lo esperado,False,BUK11305
BUK11139,2026-MidYear,Mid Year,2026-07-15,3.5,3.74,3.6,Sobresaliente,False,BUK11305
BUK11141,2024-Anual,Anual,2024-12-10,3.03,3.17,3.09,Cumple lo esperado,False,BUK10061
BUK11141,2025-MidYear,Mid Year,2025-07-15,3.26,3.26,3.26,Cumple lo esperado,False,BUK10061
BUK11141,2025-Anual,Anual,2025-12-10,3.67,3.77,3.71,Sobresaliente,False,BUK10061
BUK11142,2025-Anual,Anual,2025-12-10,3.53,3.66,3.58,Sobresaliente,False,BUK10547
BUK11142,2026-MidYear,Mid Year,2026-07-15,3.4,3.57,3.46,Cumple lo esperado,False,BUK10547
BUK11143,2026-MidYear,Mid Year,2026-07-15,3.54,3.61,3.57,Sobresaliente,False,BUK10122
BUK11144,2025-Anual,Anual,2025-12-10,3.14,3.27,3.19,Cumple lo esperado,False,BUK10019
BUK11144,2026-MidYear,Mid Year,2026-07-15,3.33,3.45,3.38,Cumple lo esperado,False,BUK10019
BUK11145,2025-MidYear,Mid Year,2025-07-15,3.65,3.59,3.62,Sobresaliente,False,BUK10752
BUK11145,2025-Anual,Anual,2025-12-10,3.22,3.0,3.13,Cumple lo esperado,False,BUK10752
BUK11148,2025-MidYear,Mid Year,2025-07-15,3.27,3.54,3.37,Cumple lo esperado,False,BUK10114
BUK11148,2025-Anual,Anual,2025-12-10,3.12,3.48,3.26,Cumple lo esperado,False,BUK10114
BUK11148,2026-MidYear,Mid Year,2026-07-15,3.18,3.13,3.16,Cumple lo esperado,False,BUK10114
BUK11149,2026-MidYear,Mid Year,2026-07-15,3.7,3.1,3.46,Cumple lo esperado,False,BUK10442
BUK11150,2025-Anual,Anual,2025-12-10,2.95,2.77,2.88,Bajo lo esperado,True,BUK12554
BUK11150,2026-MidYear,Mid Year,2026-07-15,3.29,3.24,3.27,Cumple lo esperado,False,BUK12554
BUK11151,2024-Anual,Anual,2024-12-10,3.14,2.92,3.05,Cumple lo esperado,False,BUK10376
BUK11151,2025-MidYear,Mid Year,2025-07-15,2.73,2.88,2.79,Bajo lo esperado,False,BUK10376
BUK11152,2024-Anual,Anual,2024-12-10,3.1,3.16,3.12,Cumple lo esperado,False,BUK11539
BUK11153,2024-Anual,Anual,2024-12-10,3.61,3.46,3.55,Sobresaliente,False,BUK11563
BUK11153,2025-MidYear,Mid Year,2025-07-15,3.37,3.71,3.51,Sobresaliente,False,BUK11563
BUK11153,2025-Anual,Anual,2025-12-10,3.48,3.73,3.58,Sobresaliente,False,BUK11563
BUK11153,2026-MidYear,Mid Year,2026-07-15,3.47,3.43,3.46,Cumple lo esperado,False,BUK11563
BUK11154,2024-Anual,Anual,2024-12-10,3.26,2.89,3.11,Cumple lo esperado,False,BUK10786
BUK11154,2025-MidYear,Mid Year,2025-07-15,3.73,3.33,3.57,Sobresaliente,False,BUK10786
BUK11154,2025-Anual,Anual,2025-12-10,3.24,3.4,3.3,Cumple lo esperado,False,BUK10786
BUK11154,2026-MidYear,Mid Year,2026-07-15,3.42,3.51,3.46,Cumple lo esperado,False,BUK10786
BUK11155,2024-Anual,Anual,2024-12-10,3.54,3.27,3.43,Cumple lo esperado,False,BUK10248
BUK11155,2025-MidYear,Mid Year,2025-07-15,3.21,3.7,3.41,Cumple lo esperado,False,BUK10248
BUK11155,2025-Anual,Anual,2025-12-10,3.24,3.6,3.39,Cumple lo esperado,False,BUK10248
BUK11155,2026-MidYear,Mid Year,2026-07-15,3.36,3.6,3.45,Cumple lo esperado,False,BUK10248
BUK11156,2025-MidYear,Mid Year,2025-07-15,3.44,3.34,3.4,Cumple lo esperado,False,BUK11747
BUK11156,2025-Anual,Anual,2025-12-10,3.58,3.53,3.56,Sobresaliente,False,BUK11747
BUK11156,2026-MidYear,Mid Year,2026-07-15,3.58,3.71,3.63,Sobresaliente,False,BUK11747
BUK11157,2026-MidYear,Mid Year,2026-07-15,3.24,3.56,3.37,Cumple lo esperado,False,BUK10950
BUK11158,2024-Anual,Anual,2024-12-10,3.77,3.76,3.76,Sobresaliente,False,BUK12606
BUK11158,2025-MidYear,Mid Year,2025-07-15,3.46,3.72,3.56,Sobresaliente,False,BUK12606
BUK11158,2025-Anual,Anual,2025-12-10,3.73,3.64,3.69,Sobresaliente,False,BUK12606
BUK11158,2026-MidYear,Mid Year,2026-07-15,3.51,3.75,3.61,Sobresaliente,False,BUK12606
BUK11159,2026-MidYear,Mid Year,2026-07-15,3.56,3.18,3.41,Cumple lo esperado,False,BUK12104
BUK11160,2024-Anual,Anual,2024-12-10,3.64,3.4,3.54,Sobresaliente,False,BUK10250
BUK11160,2025-MidYear,Mid Year,2025-07-15,3.62,3.44,3.55,Sobresaliente,False,BUK10250
BUK11160,2025-Anual,Anual,2025-12-10,3.65,3.8,3.71,Sobresaliente,False,BUK10250
BUK11160,2026-MidYear,Mid Year,2026-07-15,3.59,3.81,3.68,Sobresaliente,False,BUK10250
BUK11161,2025-MidYear,Mid Year,2025-07-15,3.63,3.51,3.58,Sobresaliente,False,BUK12615
BUK11161,2025-Anual,Anual,2025-12-10,3.41,3.38,3.4,Cumple lo esperado,False,BUK12615
BUK11161,2026-MidYear,Mid Year,2026-07-15,3.26,3.6,3.4,Cumple lo esperado,False,BUK12615
BUK11163,2026-MidYear,Mid Year,2026-07-15,2.4,2.58,2.47,Bajo lo esperado,False,BUK10900
BUK11164,2024-Anual,Anual,2024-12-10,3.05,3.53,3.24,Cumple lo esperado,False,BUK10881
BUK11164,2025-MidYear,Mid Year,2025-07-15,3.37,3.5,3.42,Cumple lo esperado,False,BUK10881
BUK11164,2025-Anual,Anual,2025-12-10,3.61,3.32,3.49,Cumple lo esperado,False,BUK10881
BUK11164,2026-MidYear,Mid Year,2026-07-15,3.27,3.17,3.23,Cumple lo esperado,False,BUK10881
BUK11166,2024-Anual,Anual,2024-12-10,3.53,3.53,3.53,Sobresaliente,False,BUK11267
BUK11166,2025-MidYear,Mid Year,2025-07-15,3.45,3.13,3.32,Cumple lo esperado,False,BUK11267
BUK11166,2025-Anual,Anual,2025-12-10,3.27,3.38,3.31,Cumple lo esperado,False,BUK11267
BUK11166,2026-MidYear,Mid Year,2026-07-15,3.15,3.63,3.34,Cumple lo esperado,False,BUK11267
BUK11168,2025-MidYear,Mid Year,2025-07-15,3.49,3.54,3.51,Sobresaliente,False,BUK10804
BUK11168,2025-Anual,Anual,2025-12-10,3.39,3.16,3.3,Cumple lo esperado,False,BUK10804
BUK11168,2026-MidYear,Mid Year,2026-07-15,3.58,3.34,3.49,Cumple lo esperado,False,BUK10804
BUK11169,2025-Anual,Anual,2025-12-10,3.5,3.66,3.56,Sobresaliente,False,BUK12529
BUK11169,2026-MidYear,Mid Year,2026-07-15,3.73,3.67,3.71,Sobresaliente,False,BUK12529
BUK11170,2024-Anual,Anual,2024-12-10,3.1,3.44,3.24,Cumple lo esperado,False,BUK11123
BUK11170,2025-MidYear,Mid Year,2025-07-15,3.35,2.62,3.06,Cumple lo esperado,False,BUK11123
BUK11170,2025-Anual,Anual,2025-12-10,2.79,3.13,2.92,Bajo lo esperado,True,BUK11123
BUK11172,2026-MidYear,Mid Year,2026-07-15,3.79,3.32,3.6,Sobresaliente,False,BUK10408
BUK11173,2024-Anual,Anual,2024-12-10,3.37,3.57,3.45,Cumple lo esperado,False,BUK10233
BUK11173,2025-MidYear,Mid Year,2025-07-15,3.75,3.8,3.77,Sobresaliente,False,BUK10233
BUK11173,2025-Anual,Anual,2025-12-10,3.91,3.41,3.71,Sobresaliente,False,BUK10233
BUK11173,2026-MidYear,Mid Year,2026-07-15,3.65,3.9,3.75,Sobresaliente,False,BUK10233
BUK11174,2026-MidYear,Mid Year,2026-07-15,3.37,3.41,3.39,Cumple lo esperado,False,BUK10792
BUK11176,2024-Anual,Anual,2024-12-10,3.75,3.79,3.77,Sobresaliente,False,BUK10322
BUK11176,2025-MidYear,Mid Year,2025-07-15,3.47,3.59,3.52,Sobresaliente,False,BUK10322
BUK11176,2025-Anual,Anual,2025-12-10,3.39,3.67,3.5,Sobresaliente,False,BUK10322
BUK11176,2026-MidYear,Mid Year,2026-07-15,3.53,3.22,3.4,Cumple lo esperado,False,BUK10322
BUK11177,2024-Anual,Anual,2024-12-10,2.97,2.64,2.84,Bajo lo esperado,True,BUK10845
BUK11177,2025-MidYear,Mid Year,2025-07-15,3.01,2.49,2.8,Bajo lo esperado,False,BUK10845
BUK11177,2025-Anual,Anual,2025-12-10,2.83,3.06,2.92,Bajo lo esperado,True,BUK10845
BUK11178,2025-MidYear,Mid Year,2025-07-15,2.99,3.16,3.06,Cumple lo esperado,False,BUK10607
BUK11178,2025-Anual,Anual,2025-12-10,2.93,3.7,3.24,Cumple lo esperado,False,BUK10607
BUK11178,2026-MidYear,Mid Year,2026-07-15,3.3,3.45,3.36,Cumple lo esperado,False,BUK10607
BUK11179,2025-MidYear,Mid Year,2025-07-15,3.22,3.24,3.23,Cumple lo esperado,False,BUK11884
BUK11179,2025-Anual,Anual,2025-12-10,3.75,3.94,3.83,Sobresaliente,False,BUK11884
BUK11179,2026-MidYear,Mid Year,2026-07-15,3.31,3.67,3.45,Cumple lo esperado,False,BUK11884
BUK11181,2024-Anual,Anual,2024-12-10,3.18,3.42,3.28,Cumple lo esperado,False,BUK10250
BUK11181,2025-MidYear,Mid Year,2025-07-15,3.38,3.18,3.3,Cumple lo esperado,False,BUK10250
BUK11181,2025-Anual,Anual,2025-12-10,3.2,3.55,3.34,Cumple lo esperado,False,BUK10250
BUK11181,2026-MidYear,Mid Year,2026-07-15,3.5,3.3,3.42,Cumple lo esperado,False,BUK10250
BUK11183,2024-Anual,Anual,2024-12-10,3.39,3.59,3.47,Cumple lo esperado,False,BUK10282
BUK11183,2025-MidYear,Mid Year,2025-07-15,3.86,4.0,3.92,Sobresaliente,False,BUK10282
BUK11183,2025-Anual,Anual,2025-12-10,3.68,3.83,3.74,Sobresaliente,False,BUK10282
BUK11183,2026-MidYear,Mid Year,2026-07-15,3.82,3.51,3.69,Sobresaliente,False,BUK10282
BUK11184,2024-Anual,Anual,2024-12-10,2.96,2.89,2.93,Bajo lo esperado,True,BUK10327
BUK11184,2025-MidYear,Mid Year,2025-07-15,2.82,3.08,2.92,Bajo lo esperado,False,BUK10327
BUK11184,2025-Anual,Anual,2025-12-10,2.82,3.26,3.0,Cumple lo esperado,False,BUK10327
BUK11184,2026-MidYear,Mid Year,2026-07-15,3.06,3.09,3.08,Cumple lo esperado,False,BUK10327
BUK11185,2024-Anual,Anual,2024-12-10,3.85,3.52,3.72,Sobresaliente,False,BUK10292
BUK11185,2025-MidYear,Mid Year,2025-07-15,3.2,3.44,3.29,Cumple lo esperado,False,BUK10292
BUK11185,2025-Anual,Anual,2025-12-10,3.3,3.59,3.41,Cumple lo esperado,False,BUK10292
BUK11185,2026-MidYear,Mid Year,2026-07-15,3.56,3.63,3.59,Sobresaliente,False,BUK10292
BUK11186,2025-Anual,Anual,2025-12-10,3.4,3.25,3.34,Cumple lo esperado,False,BUK11309
BUK11186,2026-MidYear,Mid Year,2026-07-15,3.22,3.19,3.21,Cumple lo esperado,False,BUK11309
BUK11187,2025-MidYear,Mid Year,2025-07-15,3.81,3.46,3.67,Sobresaliente,False,BUK12472
BUK11187,2025-Anual,Anual,2025-12-10,3.33,3.68,3.47,Cumple lo esperado,False,BUK12472
BUK11187,2026-MidYear,Mid Year,2026-07-15,3.28,3.3,3.29,Cumple lo esperado,False,BUK12472
BUK11188,2026-MidYear,Mid Year,2026-07-15,3.34,3.22,3.29,Cumple lo esperado,False,BUK10798
BUK11191,2024-Anual,Anual,2024-12-10,3.45,3.27,3.38,Cumple lo esperado,False,BUK10710
BUK11191,2025-MidYear,Mid Year,2025-07-15,3.51,3.75,3.61,Sobresaliente,False,BUK10710
BUK11191,2025-Anual,Anual,2025-12-10,3.47,3.73,3.58,Sobresaliente,False,BUK10710
BUK11192,2024-Anual,Anual,2024-12-10,3.51,3.18,3.38,Cumple lo esperado,False,BUK10708
BUK11192,2025-MidYear,Mid Year,2025-07-15,3.21,3.41,3.29,Cumple lo esperado,False,BUK10708
BUK11192,2025-Anual,Anual,2025-12-10,3.53,3.91,3.68,Sobresaliente,False,BUK10708
BUK11192,2026-MidYear,Mid Year,2026-07-15,3.66,3.37,3.54,Sobresaliente,False,BUK10708
BUK11193,2026-MidYear,Mid Year,2026-07-15,3.49,3.96,3.68,Sobresaliente,False,BUK11407
BUK11194,2024-Anual,Anual,2024-12-10,3.63,3.91,3.74,Sobresaliente,False,BUK10766
BUK11194,2025-MidYear,Mid Year,2025-07-15,3.97,3.45,3.76,Sobresaliente,False,BUK10766
BUK11194,2025-Anual,Anual,2025-12-10,3.5,3.21,3.38,Cumple lo esperado,False,BUK10766
BUK11194,2026-MidYear,Mid Year,2026-07-15,3.62,3.52,3.58,Sobresaliente,False,BUK10766
BUK11195,2025-Anual,Anual,2025-12-10,2.76,3.12,2.9,Bajo lo esperado,True,BUK11009
BUK11195,2026-MidYear,Mid Year,2026-07-15,2.76,3.13,2.91,Bajo lo esperado,False,BUK11009
BUK11196,2025-MidYear,Mid Year,2025-07-15,3.83,3.88,3.85,Sobresaliente,False,BUK11177
BUK11196,2025-Anual,Anual,2025-12-10,3.65,3.39,3.54,Sobresaliente,False,BUK11177
BUK11196,2026-MidYear,Mid Year,2026-07-15,3.99,3.9,3.95,Sobresaliente,False,BUK11177
BUK11197,2025-Anual,Anual,2025-12-10,3.41,3.52,3.46,Cumple lo esperado,False,BUK11001
BUK11197,2026-MidYear,Mid Year,2026-07-15,3.35,3.39,3.37,Cumple lo esperado,False,BUK11001
BUK11198,2025-Anual,Anual,2025-12-10,3.71,3.46,3.61,Sobresaliente,False,BUK10122
BUK11198,2026-MidYear,Mid Year,2026-07-15,3.57,3.25,3.44,Cumple lo esperado,False,BUK10122
BUK11199,2025-MidYear,Mid Year,2025-07-15,3.56,3.59,3.57,Sobresaliente,False,
BUK11199,2025-Anual,Anual,2025-12-10,3.36,3.62,3.46,Cumple lo esperado,False,
BUK11200,2025-Anual,Anual,2025-12-10,3.54,3.52,3.53,Sobresaliente,False,BUK12615
BUK11200,2026-MidYear,Mid Year,2026-07-15,3.7,3.47,3.61,Sobresaliente,False,BUK12615
BUK11201,2024-Anual,Anual,2024-12-10,3.21,3.54,3.34,Cumple lo esperado,False,BUK12094
BUK11203,2024-Anual,Anual,2024-12-10,3.05,3.38,3.19,Cumple lo esperado,False,BUK10140
BUK11203,2025-MidYear,Mid Year,2025-07-15,3.67,3.75,3.7,Sobresaliente,False,BUK10140
BUK11203,2025-Anual,Anual,2025-12-10,3.78,3.7,3.75,Sobresaliente,False,BUK10140
BUK11203,2026-MidYear,Mid Year,2026-07-15,3.65,3.14,3.44,Cumple lo esperado,False,BUK10140
BUK11205,2026-MidYear,Mid Year,2026-07-15,3.44,3.28,3.38,Cumple lo esperado,False,BUK11409
BUK11206,2026-MidYear,Mid Year,2026-07-15,3.15,3.58,3.32,Cumple lo esperado,False,BUK10331
BUK11207,2026-MidYear,Mid Year,2026-07-15,3.41,3.96,3.63,Sobresaliente,False,BUK10437
BUK11208,2024-Anual,Anual,2024-12-10,3.4,3.34,3.37,Cumple lo esperado,False,BUK10297
BUK11208,2025-MidYear,Mid Year,2025-07-15,3.51,3.52,3.51,Sobresaliente,False,BUK10297
BUK11208,2025-Anual,Anual,2025-12-10,3.63,3.13,3.43,Cumple lo esperado,False,BUK10297
BUK11208,2026-MidYear,Mid Year,2026-07-15,3.22,3.31,3.26,Cumple lo esperado,False,BUK10297
BUK11210,2026-MidYear,Mid Year,2026-07-15,3.77,3.73,3.76,Sobresaliente,False,BUK10804
BUK11211,2024-Anual,Anual,2024-12-10,3.53,3.53,3.53,Sobresaliente,False,BUK12615
BUK11211,2025-MidYear,Mid Year,2025-07-15,3.69,3.57,3.64,Sobresaliente,False,BUK12615
BUK11211,2025-Anual,Anual,2025-12-10,3.54,3.29,3.44,Cumple lo esperado,False,BUK12615
BUK11211,2026-MidYear,Mid Year,2026-07-15,3.25,3.56,3.38,Cumple lo esperado,False,BUK12615
BUK11213,2025-Anual,Anual,2025-12-10,3.77,3.18,3.53,Sobresaliente,False,BUK11691
BUK11213,2026-MidYear,Mid Year,2026-07-15,3.73,3.25,3.54,Sobresaliente,False,BUK11691
BUK11214,2024-Anual,Anual,2024-12-10,3.63,3.09,3.41,Cumple lo esperado,False,BUK10867
BUK11214,2025-MidYear,Mid Year,2025-07-15,3.44,3.15,3.32,Cumple lo esperado,False,BUK10867
BUK11214,2025-Anual,Anual,2025-12-10,3.72,3.36,3.58,Sobresaliente,False,BUK10867
BUK11214,2026-MidYear,Mid Year,2026-07-15,3.43,3.27,3.36,Cumple lo esperado,False,BUK10867
BUK11215,2025-MidYear,Mid Year,2025-07-15,2.59,2.65,2.62,Bajo lo esperado,False,BUK11070
BUK11218,2026-MidYear,Mid Year,2026-07-15,2.94,3.71,3.25,Cumple lo esperado,False,BUK12496
BUK11219,2024-Anual,Anual,2024-12-10,3.52,3.29,3.43,Cumple lo esperado,False,BUK12496
BUK11219,2025-MidYear,Mid Year,2025-07-15,3.22,3.49,3.33,Cumple lo esperado,False,BUK12496
BUK11219,2025-Anual,Anual,2025-12-10,3.89,3.34,3.67,Sobresaliente,False,BUK12496
BUK11219,2026-MidYear,Mid Year,2026-07-15,3.8,3.17,3.55,Sobresaliente,False,BUK12496
BUK11220,2024-Anual,Anual,2024-12-10,3.32,3.2,3.27,Cumple lo esperado,False,BUK12529
BUK11220,2025-MidYear,Mid Year,2025-07-15,3.1,3.11,3.1,Cumple lo esperado,False,BUK12529
BUK11220,2025-Anual,Anual,2025-12-10,3.5,3.22,3.39,Cumple lo esperado,False,BUK12529
BUK11220,2026-MidYear,Mid Year,2026-07-15,3.67,3.47,3.59,Sobresaliente,False,BUK12529
BUK11222,2025-Anual,Anual,2025-12-10,3.5,3.43,3.47,Cumple lo esperado,False,BUK10900
BUK11222,2026-MidYear,Mid Year,2026-07-15,3.62,3.91,3.73,Sobresaliente,False,BUK10900
BUK11223,2024-Anual,Anual,2024-12-10,3.57,3.48,3.54,Sobresaliente,False,BUK10619
BUK11223,2025-MidYear,Mid Year,2025-07-15,3.58,3.39,3.5,Sobresaliente,False,BUK10619
BUK11223,2025-Anual,Anual,2025-12-10,3.51,3.72,3.59,Sobresaliente,False,BUK10619
BUK11223,2026-MidYear,Mid Year,2026-07-15,3.65,3.48,3.58,Sobresaliente,False,BUK10619
BUK11224,2026-MidYear,Mid Year,2026-07-15,3.26,3.04,3.17,Cumple lo esperado,False,BUK11563
BUK11225,2026-MidYear,Mid Year,2026-07-15,4.0,3.83,3.93,Sobresaliente,False,BUK11068
BUK11226,2024-Anual,Anual,2024-12-10,3.52,3.49,3.51,Sobresaliente,False,BUK10714
BUK11226,2025-MidYear,Mid Year,2025-07-15,3.9,3.58,3.77,Sobresaliente,False,BUK10714
BUK11226,2025-Anual,Anual,2025-12-10,3.63,3.31,3.5,Sobresaliente,False,BUK10714
BUK11226,2026-MidYear,Mid Year,2026-07-15,3.67,3.06,3.43,Cumple lo esperado,False,BUK10714
BUK11227,2025-MidYear,Mid Year,2025-07-15,3.61,3.66,3.63,Sobresaliente,False,
BUK11227,2025-Anual,Anual,2025-12-10,3.34,3.95,3.58,Sobresaliente,False,
BUK11227,2026-MidYear,Mid Year,2026-07-15,3.51,3.44,3.48,Cumple lo esperado,False,
BUK11228,2024-Anual,Anual,2024-12-10,3.13,3.5,3.28,Cumple lo esperado,False,BUK11964
BUK11228,2025-MidYear,Mid Year,2025-07-15,3.04,3.5,3.22,Cumple lo esperado,False,BUK11964
BUK11229,2024-Anual,Anual,2024-12-10,3.28,3.13,3.22,Cumple lo esperado,False,BUK11717
BUK11229,2025-MidYear,Mid Year,2025-07-15,3.34,3.35,3.35,Cumple lo esperado,False,BUK11717
BUK11229,2025-Anual,Anual,2025-12-10,3.24,3.34,3.28,Cumple lo esperado,False,BUK11717
BUK11229,2026-MidYear,Mid Year,2026-07-15,3.16,3.01,3.1,Cumple lo esperado,False,BUK11717
BUK11230,2025-MidYear,Mid Year,2025-07-15,3.55,3.6,3.57,Sobresaliente,False,BUK11307
BUK11230,2025-Anual,Anual,2025-12-10,3.25,2.99,3.14,Cumple lo esperado,False,BUK11307
BUK11230,2026-MidYear,Mid Year,2026-07-15,3.36,3.87,3.57,Sobresaliente,False,BUK11307
BUK11231,2024-Anual,Anual,2024-12-10,3.51,3.4,3.46,Cumple lo esperado,False,BUK10650
BUK11231,2025-MidYear,Mid Year,2025-07-15,3.62,3.32,3.5,Sobresaliente,False,BUK10650
BUK11231,2025-Anual,Anual,2025-12-10,3.59,3.61,3.6,Sobresaliente,False,BUK10650
BUK11231,2026-MidYear,Mid Year,2026-07-15,3.69,3.51,3.62,Sobresaliente,False,BUK10650
BUK11233,2024-Anual,Anual,2024-12-10,3.56,3.44,3.51,Sobresaliente,False,BUK10181
BUK11233,2025-MidYear,Mid Year,2025-07-15,3.37,3.63,3.47,Cumple lo esperado,False,BUK10181
BUK11235,2025-MidYear,Mid Year,2025-07-15,3.14,3.13,3.14,Cumple lo esperado,False,BUK11001
BUK11235,2025-Anual,Anual,2025-12-10,3.19,3.01,3.12,Cumple lo esperado,False,BUK11001
BUK11235,2026-MidYear,Mid Year,2026-07-15,3.1,2.99,3.05,Cumple lo esperado,False,BUK11001
BUK11237,2025-MidYear,Mid Year,2025-07-15,3.42,3.63,3.5,Sobresaliente,False,BUK12590
BUK11237,2025-Anual,Anual,2025-12-10,3.34,3.45,3.38,Cumple lo esperado,False,BUK12590
BUK11237,2026-MidYear,Mid Year,2026-07-15,3.18,3.5,3.31,Cumple lo esperado,False,BUK12590
BUK11238,2026-MidYear,Mid Year,2026-07-15,3.59,3.6,3.6,Sobresaliente,False,BUK11964
BUK11240,2025-Anual,Anual,2025-12-10,3.45,3.76,3.57,Sobresaliente,False,BUK11185
BUK11240,2026-MidYear,Mid Year,2026-07-15,3.37,3.68,3.5,Sobresaliente,False,BUK11185
BUK11241,2026-MidYear,Mid Year,2026-07-15,3.48,3.67,3.56,Sobresaliente,False,BUK10800
BUK11242,2026-MidYear,Mid Year,2026-07-15,2.89,3.67,3.2,Cumple lo esperado,False,BUK10289
BUK11243,2025-Anual,Anual,2025-12-10,3.84,3.63,3.76,Sobresaliente,False,BUK11901
BUK11243,2026-MidYear,Mid Year,2026-07-15,3.46,3.64,3.53,Sobresaliente,False,BUK11901
BUK11244,2026-MidYear,Mid Year,2026-07-15,3.39,3.37,3.39,Cumple lo esperado,False,BUK11468
BUK11246,2026-MidYear,Mid Year,2026-07-15,3.59,3.36,3.5,Sobresaliente,False,BUK10405
BUK11247,2024-Anual,Anual,2024-12-10,3.77,3.46,3.64,Sobresaliente,False,BUK11780
BUK11247,2025-MidYear,Mid Year,2025-07-15,3.84,3.66,3.77,Sobresaliente,False,BUK11780
BUK11247,2025-Anual,Anual,2025-12-10,3.5,3.4,3.46,Cumple lo esperado,False,BUK11780
BUK11247,2026-MidYear,Mid Year,2026-07-15,3.4,3.44,3.42,Cumple lo esperado,False,BUK11780
BUK11248,2025-MidYear,Mid Year,2025-07-15,3.2,3.76,3.43,Cumple lo esperado,False,BUK10455
BUK11248,2025-Anual,Anual,2025-12-10,3.36,3.74,3.51,Sobresaliente,False,BUK10455
BUK11248,2026-MidYear,Mid Year,2026-07-15,3.1,3.51,3.26,Cumple lo esperado,False,BUK10455
BUK11249,2025-Anual,Anual,2025-12-10,3.33,3.52,3.41,Cumple lo esperado,False,BUK10945
BUK11249,2026-MidYear,Mid Year,2026-07-15,3.75,3.55,3.67,Sobresaliente,False,BUK10945
BUK11251,2024-Anual,Anual,2024-12-10,3.84,3.08,3.53,Sobresaliente,False,BUK10949
BUK11251,2025-MidYear,Mid Year,2025-07-15,3.42,3.43,3.43,Cumple lo esperado,False,BUK10949
BUK11251,2025-Anual,Anual,2025-12-10,4.0,3.3,3.72,Sobresaliente,False,BUK10949
BUK11251,2026-MidYear,Mid Year,2026-07-15,3.36,3.95,3.6,Sobresaliente,False,BUK10949
BUK11252,2025-MidYear,Mid Year,2025-07-15,3.3,3.17,3.25,Cumple lo esperado,False,BUK10019
BUK11252,2025-Anual,Anual,2025-12-10,3.7,3.26,3.53,Sobresaliente,False,BUK10019
BUK11253,2025-MidYear,Mid Year,2025-07-15,3.8,3.68,3.75,Sobresaliente,False,BUK11474
BUK11253,2025-Anual,Anual,2025-12-10,3.68,4.0,3.81,Sobresaliente,False,BUK11474
BUK11253,2026-MidYear,Mid Year,2026-07-15,3.62,3.56,3.59,Sobresaliente,False,BUK11474
BUK11254,2026-MidYear,Mid Year,2026-07-15,2.37,2.48,2.41,Bajo lo esperado,False,BUK12603
BUK11255,2024-Anual,Anual,2024-12-10,3.52,3.25,3.41,Cumple lo esperado,False,BUK10800
BUK11255,2025-MidYear,Mid Year,2025-07-15,3.19,3.25,3.22,Cumple lo esperado,False,BUK10800
BUK11255,2025-Anual,Anual,2025-12-10,3.41,3.06,3.27,Cumple lo esperado,False,BUK10800
BUK11255,2026-MidYear,Mid Year,2026-07-15,3.52,3.14,3.37,Cumple lo esperado,False,BUK10800
BUK11256,2025-MidYear,Mid Year,2025-07-15,3.78,3.72,3.76,Sobresaliente,False,BUK10317
BUK11256,2025-Anual,Anual,2025-12-10,3.4,3.68,3.51,Sobresaliente,False,BUK10317
BUK11257,2024-Anual,Anual,2024-12-10,3.05,3.19,3.1,Cumple lo esperado,False,BUK10844
BUK11257,2025-MidYear,Mid Year,2025-07-15,3.0,2.82,2.93,Bajo lo esperado,False,BUK10844
BUK11257,2025-Anual,Anual,2025-12-10,3.14,3.22,3.17,Cumple lo esperado,False,BUK10844
BUK11257,2026-MidYear,Mid Year,2026-07-15,3.06,2.87,2.98,Bajo lo esperado,False,BUK10844
BUK11258,2026-MidYear,Mid Year,2026-07-15,3.69,3.48,3.61,Sobresaliente,False,BUK12537
BUK11259,2024-Anual,Anual,2024-12-10,4.0,3.57,3.83,Sobresaliente,False,BUK12606
BUK11259,2025-MidYear,Mid Year,2025-07-15,3.89,3.62,3.78,Sobresaliente,False,BUK12606
BUK11259,2025-Anual,Anual,2025-12-10,3.5,3.61,3.54,Sobresaliente,False,BUK12606
BUK11259,2026-MidYear,Mid Year,2026-07-15,3.68,3.33,3.54,Sobresaliente,False,BUK12606
BUK11260,2026-MidYear,Mid Year,2026-07-15,3.64,3.37,3.53,Sobresaliente,False,BUK11070
BUK11261,2024-Anual,Anual,2024-12-10,3.42,3.21,3.34,Cumple lo esperado,False,BUK11183
BUK11261,2025-MidYear,Mid Year,2025-07-15,3.25,3.42,3.32,Cumple lo esperado,False,BUK11183
BUK11261,2025-Anual,Anual,2025-12-10,3.2,3.38,3.27,Cumple lo esperado,False,BUK11183
BUK11262,2024-Anual,Anual,2024-12-10,3.66,3.54,3.62,Sobresaliente,False,BUK11623
BUK11262,2025-MidYear,Mid Year,2025-07-15,3.33,3.78,3.51,Sobresaliente,False,BUK11623
BUK11262,2025-Anual,Anual,2025-12-10,3.64,3.71,3.67,Sobresaliente,False,BUK11623
BUK11262,2026-MidYear,Mid Year,2026-07-15,3.67,3.7,3.69,Sobresaliente,False,BUK11623
BUK11263,2025-MidYear,Mid Year,2025-07-15,3.32,3.17,3.26,Cumple lo esperado,False,BUK11154
BUK11263,2025-Anual,Anual,2025-12-10,3.68,2.91,3.37,Cumple lo esperado,False,BUK11154
BUK11263,2026-MidYear,Mid Year,2026-07-15,3.49,3.57,3.52,Sobresaliente,False,BUK11154
BUK11264,2026-MidYear,Mid Year,2026-07-15,3.42,3.44,3.43,Cumple lo esperado,False,BUK12151
BUK11265,2024-Anual,Anual,2024-12-10,3.36,3.57,3.44,Cumple lo esperado,False,BUK11001
BUK11265,2025-MidYear,Mid Year,2025-07-15,3.55,3.49,3.53,Sobresaliente,False,BUK11001
BUK11265,2025-Anual,Anual,2025-12-10,3.41,3.59,3.48,Cumple lo esperado,False,BUK11001
BUK11265,2026-MidYear,Mid Year,2026-07-15,3.59,3.26,3.46,Cumple lo esperado,False,BUK11001
BUK11266,2026-MidYear,Mid Year,2026-07-15,3.2,3.7,3.4,Cumple lo esperado,False,BUK12338
BUK11267,2025-Anual,Anual,2025-12-10,3.16,3.56,3.32,Cumple lo esperado,False,BUK11552
BUK11267,2026-MidYear,Mid Year,2026-07-15,3.33,3.39,3.35,Cumple lo esperado,False,BUK11552
BUK11269,2026-MidYear,Mid Year,2026-07-15,3.44,3.28,3.38,Cumple lo esperado,False,BUK10312
BUK11270,2025-MidYear,Mid Year,2025-07-15,3.46,3.26,3.38,Cumple lo esperado,False,BUK11993
BUK11270,2025-Anual,Anual,2025-12-10,3.74,3.65,3.7,Sobresaliente,False,BUK11993
BUK11270,2026-MidYear,Mid Year,2026-07-15,3.57,3.15,3.41,Cumple lo esperado,False,BUK11993
BUK11271,2025-Anual,Anual,2025-12-10,3.4,3.75,3.54,Sobresaliente,False,BUK12632
BUK11271,2026-MidYear,Mid Year,2026-07-15,3.33,3.22,3.29,Cumple lo esperado,False,BUK12632
BUK11272,2025-Anual,Anual,2025-12-10,3.39,3.58,3.47,Cumple lo esperado,False,BUK10122
BUK11272,2026-MidYear,Mid Year,2026-07-15,3.65,3.54,3.6,Sobresaliente,False,BUK10122
BUK11273,2024-Anual,Anual,2024-12-10,3.6,3.66,3.62,Sobresaliente,False,BUK12458
BUK11273,2025-MidYear,Mid Year,2025-07-15,3.76,3.37,3.61,Sobresaliente,False,BUK12458
BUK11273,2025-Anual,Anual,2025-12-10,3.76,3.59,3.69,Sobresaliente,False,BUK12458
BUK11273,2026-MidYear,Mid Year,2026-07-15,3.7,3.58,3.66,Sobresaliente,False,BUK12458
BUK11274,2026-MidYear,Mid Year,2026-07-15,3.68,3.06,3.43,Cumple lo esperado,False,BUK10044
BUK11275,2026-MidYear,Mid Year,2026-07-15,3.11,3.5,3.27,Cumple lo esperado,False,BUK10302
BUK11276,2026-MidYear,Mid Year,2026-07-15,3.32,3.51,3.39,Cumple lo esperado,False,
BUK11277,2026-MidYear,Mid Year,2026-07-15,3.21,2.76,3.03,Cumple lo esperado,False,
BUK11278,2024-Anual,Anual,2024-12-10,3.27,3.41,3.33,Cumple lo esperado,False,BUK10478
BUK11278,2025-MidYear,Mid Year,2025-07-15,3.64,3.6,3.62,Sobresaliente,False,BUK10478
BUK11278,2025-Anual,Anual,2025-12-10,3.67,3.55,3.62,Sobresaliente,False,BUK10478
BUK11278,2026-MidYear,Mid Year,2026-07-15,3.56,3.61,3.58,Sobresaliente,False,BUK10478
BUK11279,2024-Anual,Anual,2024-12-10,3.08,2.86,2.99,Bajo lo esperado,True,BUK10746
BUK11279,2025-MidYear,Mid Year,2025-07-15,3.09,2.94,3.03,Cumple lo esperado,False,BUK10746
BUK11279,2025-Anual,Anual,2025-12-10,2.77,2.47,2.65,Bajo lo esperado,True,BUK10746
BUK11279,2026-MidYear,Mid Year,2026-07-15,3.19,3.16,3.18,Cumple lo esperado,False,BUK10746
BUK11282,2026-MidYear,Mid Year,2026-07-15,3.37,3.0,3.22,Cumple lo esperado,False,BUK12266
BUK11283,2025-MidYear,Mid Year,2025-07-15,3.64,3.19,3.46,Cumple lo esperado,False,BUK10800
BUK11283,2025-Anual,Anual,2025-12-10,3.86,3.25,3.61,Sobresaliente,False,BUK10800
BUK11283,2026-MidYear,Mid Year,2026-07-15,3.63,3.72,3.67,Sobresaliente,False,BUK10800
BUK11284,2025-MidYear,Mid Year,2025-07-15,3.3,3.9,3.54,Sobresaliente,False,BUK11964
BUK11284,2025-Anual,Anual,2025-12-10,3.39,3.7,3.52,Sobresaliente,False,BUK11964
BUK11284,2026-MidYear,Mid Year,2026-07-15,3.83,3.67,3.77,Sobresaliente,False,BUK11964
BUK11285,2026-MidYear,Mid Year,2026-07-15,3.17,3.33,3.23,Cumple lo esperado,False,BUK11186
BUK11286,2026-MidYear,Mid Year,2026-07-15,3.25,3.54,3.37,Cumple lo esperado,False,BUK10348
BUK11287,2024-Anual,Anual,2024-12-10,3.41,3.49,3.44,Cumple lo esperado,False,BUK10150
BUK11287,2025-MidYear,Mid Year,2025-07-15,3.73,3.54,3.65,Sobresaliente,False,BUK10150
BUK11287,2025-Anual,Anual,2025-12-10,3.33,3.57,3.42,Cumple lo esperado,False,BUK10150
BUK11287,2026-MidYear,Mid Year,2026-07-15,3.5,3.71,3.58,Sobresaliente,False,BUK10150
BUK11289,2026-MidYear,Mid Year,2026-07-15,3.55,3.23,3.42,Cumple lo esperado,False,BUK11409
BUK11290,2024-Anual,Anual,2024-12-10,3.07,3.55,3.27,Cumple lo esperado,False,BUK10900
BUK11290,2025-MidYear,Mid Year,2025-07-15,3.54,3.34,3.46,Cumple lo esperado,False,BUK10900
BUK11290,2025-Anual,Anual,2025-12-10,3.36,3.23,3.31,Cumple lo esperado,False,BUK10900
BUK11290,2026-MidYear,Mid Year,2026-07-15,3.39,3.1,3.28,Cumple lo esperado,False,BUK10900
BUK11291,2026-MidYear,Mid Year,2026-07-15,3.2,3.05,3.14,Cumple lo esperado,False,BUK10241
BUK11292,2025-MidYear,Mid Year,2025-07-15,3.61,3.58,3.6,Sobresaliente,False,BUK10331
BUK11292,2025-Anual,Anual,2025-12-10,3.42,3.54,3.47,Cumple lo esperado,False,BUK10331
BUK11292,2026-MidYear,Mid Year,2026-07-15,3.4,3.66,3.51,Sobresaliente,False,BUK10331
BUK11293,2025-MidYear,Mid Year,2025-07-15,3.95,4.0,3.97,Sobresaliente,False,BUK12151
BUK11293,2025-Anual,Anual,2025-12-10,3.86,3.57,3.75,Sobresaliente,False,BUK12151
BUK11294,2026-MidYear,Mid Year,2026-07-15,3.49,4.0,3.7,Sobresaliente,False,BUK10595
BUK11296,2026-MidYear,Mid Year,2026-07-15,3.8,3.86,3.82,Sobresaliente,False,BUK11901
BUK11297,2024-Anual,Anual,2024-12-10,3.18,3.41,3.28,Cumple lo esperado,False,BUK10796
BUK11297,2025-MidYear,Mid Year,2025-07-15,3.21,3.38,3.28,Cumple lo esperado,False,BUK10796
BUK11297,2025-Anual,Anual,2025-12-10,3.04,2.91,2.99,Bajo lo esperado,True,BUK10796
BUK11297,2026-MidYear,Mid Year,2026-07-15,3.31,3.76,3.49,Cumple lo esperado,False,BUK10796
BUK11298,2026-MidYear,Mid Year,2026-07-15,3.66,3.13,3.45,Cumple lo esperado,False,BUK12263
BUK11299,2024-Anual,Anual,2024-12-10,2.96,3.11,3.02,Cumple lo esperado,False,BUK12515
BUK11299,2025-MidYear,Mid Year,2025-07-15,3.21,3.44,3.3,Cumple lo esperado,False,BUK12515
BUK11299,2025-Anual,Anual,2025-12-10,2.96,2.85,2.91,Bajo lo esperado,True,BUK12515
BUK11299,2026-MidYear,Mid Year,2026-07-15,3.17,2.8,3.02,Cumple lo esperado,False,BUK12515
BUK11300,2024-Anual,Anual,2024-12-10,3.75,3.62,3.7,Sobresaliente,False,BUK11656
BUK11300,2025-MidYear,Mid Year,2025-07-15,3.44,3.7,3.55,Sobresaliente,False,BUK11656
BUK11300,2025-Anual,Anual,2025-12-10,3.26,3.01,3.16,Cumple lo esperado,False,BUK11656
BUK11300,2026-MidYear,Mid Year,2026-07-15,3.57,3.63,3.6,Sobresaliente,False,BUK11656
BUK11301,2025-Anual,Anual,2025-12-10,3.88,3.79,3.84,Sobresaliente,False,BUK11398
BUK11301,2026-MidYear,Mid Year,2026-07-15,3.9,3.55,3.76,Sobresaliente,False,BUK11398
BUK11302,2026-MidYear,Mid Year,2026-07-15,3.43,3.39,3.41,Cumple lo esperado,False,BUK12310
BUK11305,2024-Anual,Anual,2024-12-10,3.97,3.76,3.89,Sobresaliente,False,BUK10155
BUK11305,2025-MidYear,Mid Year,2025-07-15,3.86,3.64,3.77,Sobresaliente,False,BUK10155
BUK11305,2025-Anual,Anual,2025-12-10,3.83,3.92,3.87,Sobresaliente,False,BUK10155
BUK11305,2026-MidYear,Mid Year,2026-07-15,3.45,3.14,3.33,Cumple lo esperado,False,BUK10155
BUK11308,2024-Anual,Anual,2024-12-10,3.17,3.62,3.35,Cumple lo esperado,False,BUK12165
BUK11308,2025-MidYear,Mid Year,2025-07-15,3.39,3.23,3.33,Cumple lo esperado,False,BUK12165
BUK11308,2025-Anual,Anual,2025-12-10,3.1,3.36,3.21,Cumple lo esperado,False,BUK12165
BUK11308,2026-MidYear,Mid Year,2026-07-15,3.29,3.47,3.36,Cumple lo esperado,False,BUK12165
BUK11309,2024-Anual,Anual,2024-12-10,3.0,3.37,3.15,Cumple lo esperado,False,BUK11227
BUK11309,2025-MidYear,Mid Year,2025-07-15,3.18,3.51,3.31,Cumple lo esperado,False,BUK11227
BUK11309,2025-Anual,Anual,2025-12-10,3.38,3.41,3.4,Cumple lo esperado,False,BUK11227
BUK11309,2026-MidYear,Mid Year,2026-07-15,3.15,3.32,3.22,Cumple lo esperado,False,BUK11227
BUK11311,2024-Anual,Anual,2024-12-10,3.33,3.5,3.4,Cumple lo esperado,False,BUK12515
BUK11311,2025-MidYear,Mid Year,2025-07-15,3.59,3.53,3.57,Sobresaliente,False,BUK12515
BUK11311,2025-Anual,Anual,2025-12-10,3.71,3.48,3.62,Sobresaliente,False,BUK12515
BUK11311,2026-MidYear,Mid Year,2026-07-15,3.72,3.49,3.63,Sobresaliente,False,BUK12515
BUK11312,2024-Anual,Anual,2024-12-10,3.45,3.85,3.61,Sobresaliente,False,BUK10302
BUK11312,2025-MidYear,Mid Year,2025-07-15,3.54,3.48,3.52,Sobresaliente,False,BUK10302
BUK11312,2025-Anual,Anual,2025-12-10,3.6,3.8,3.68,Sobresaliente,False,BUK10302
BUK11312,2026-MidYear,Mid Year,2026-07-15,3.7,3.36,3.56,Sobresaliente,False,BUK10302
BUK11313,2024-Anual,Anual,2024-12-10,2.88,3.37,3.07,Cumple lo esperado,False,BUK10044
BUK11313,2025-MidYear,Mid Year,2025-07-15,3.03,3.28,3.13,Cumple lo esperado,False,BUK10044
BUK11313,2025-Anual,Anual,2025-12-10,2.95,3.33,3.1,Cumple lo esperado,False,BUK10044
BUK11313,2026-MidYear,Mid Year,2026-07-15,2.91,2.91,2.91,Bajo lo esperado,False,BUK10044
BUK11315,2026-MidYear,Mid Year,2026-07-15,3.08,3.14,3.11,Cumple lo esperado,False,BUK10183
BUK11317,2026-MidYear,Mid Year,2026-07-15,3.41,3.09,3.29,Cumple lo esperado,False,BUK10019
BUK11318,2024-Anual,Anual,2024-12-10,3.41,3.31,3.37,Cumple lo esperado,False,BUK10241
BUK11318,2025-MidYear,Mid Year,2025-07-15,3.02,3.48,3.21,Cumple lo esperado,False,BUK10241
BUK11318,2025-Anual,Anual,2025-12-10,3.33,3.17,3.26,Cumple lo esperado,False,BUK10241
BUK11318,2026-MidYear,Mid Year,2026-07-15,3.1,3.26,3.16,Cumple lo esperado,False,BUK10241
BUK11319,2026-MidYear,Mid Year,2026-07-15,3.15,2.96,3.07,Cumple lo esperado,False,BUK10844
BUK11320,2024-Anual,Anual,2024-12-10,3.01,3.41,3.17,Cumple lo esperado,False,BUK10708
BUK11320,2025-MidYear,Mid Year,2025-07-15,3.57,3.42,3.51,Sobresaliente,False,BUK10708
BUK11320,2025-Anual,Anual,2025-12-10,3.22,3.34,3.26,Cumple lo esperado,False,BUK10708
BUK11320,2026-MidYear,Mid Year,2026-07-15,2.89,3.62,3.18,Cumple lo esperado,False,BUK10708
BUK11321,2025-Anual,Anual,2025-12-10,3.2,3.94,3.5,Sobresaliente,False,BUK10619
BUK11321,2026-MidYear,Mid Year,2026-07-15,3.75,3.39,3.6,Sobresaliente,False,BUK10619
BUK11322,2024-Anual,Anual,2024-12-10,3.51,3.79,3.62,Sobresaliente,False,BUK10995
BUK11322,2025-MidYear,Mid Year,2025-07-15,3.4,3.47,3.43,Cumple lo esperado,False,BUK10995
BUK11322,2025-Anual,Anual,2025-12-10,3.14,3.33,3.22,Cumple lo esperado,False,BUK10995
BUK11322,2026-MidYear,Mid Year,2026-07-15,3.14,3.37,3.23,Cumple lo esperado,False,BUK10995
BUK11324,2025-MidYear,Mid Year,2025-07-15,2.88,3.39,3.09,Cumple lo esperado,False,BUK11262
BUK11324,2025-Anual,Anual,2025-12-10,2.56,3.17,2.8,Bajo lo esperado,True,BUK11262
BUK11324,2026-MidYear,Mid Year,2026-07-15,3.14,2.64,2.94,Bajo lo esperado,False,BUK11262
BUK11325,2025-MidYear,Mid Year,2025-07-15,3.66,3.54,3.61,Sobresaliente,False,BUK11227
BUK11325,2025-Anual,Anual,2025-12-10,3.74,3.55,3.66,Sobresaliente,False,BUK11227
BUK11325,2026-MidYear,Mid Year,2026-07-15,3.59,3.16,3.42,Cumple lo esperado,False,BUK11227
BUK11326,2024-Anual,Anual,2024-12-10,3.27,3.45,3.34,Cumple lo esperado,False,BUK10691
BUK11326,2025-MidYear,Mid Year,2025-07-15,3.41,2.82,3.18,Cumple lo esperado,False,BUK10691
BUK11326,2025-Anual,Anual,2025-12-10,3.5,2.97,3.29,Cumple lo esperado,False,BUK10691
BUK11326,2026-MidYear,Mid Year,2026-07-15,3.25,3.4,3.31,Cumple lo esperado,False,BUK10691
BUK11328,2024-Anual,Anual,2024-12-10,3.44,3.51,3.47,Cumple lo esperado,False,BUK11307
BUK11328,2025-MidYear,Mid Year,2025-07-15,3.77,3.33,3.59,Sobresaliente,False,BUK11307
BUK11328,2025-Anual,Anual,2025-12-10,3.37,3.46,3.4,Cumple lo esperado,False,BUK11307
BUK11328,2026-MidYear,Mid Year,2026-07-15,3.85,3.59,3.75,Sobresaliente,False,BUK11307
BUK11329,2025-MidYear,Mid Year,2025-07-15,3.94,3.87,3.91,Sobresaliente,False,BUK10150
BUK11329,2025-Anual,Anual,2025-12-10,3.41,3.63,3.5,Sobresaliente,False,BUK10150
BUK11329,2026-MidYear,Mid Year,2026-07-15,3.85,3.6,3.75,Sobresaliente,False,BUK10150
BUK11330,2024-Anual,Anual,2024-12-10,3.54,3.33,3.45,Cumple lo esperado,False,BUK12218
BUK11330,2025-MidYear,Mid Year,2025-07-15,3.93,3.8,3.88,Sobresaliente,False,BUK12218
BUK11330,2025-Anual,Anual,2025-12-10,3.39,3.76,3.54,Sobresaliente,False,BUK12218
BUK11330,2026-MidYear,Mid Year,2026-07-15,3.72,4.0,3.83,Sobresaliente,False,BUK12218
BUK11331,2025-Anual,Anual,2025-12-10,3.44,3.58,3.5,Sobresaliente,False,BUK11001
BUK11331,2026-MidYear,Mid Year,2026-07-15,3.99,3.61,3.84,Sobresaliente,False,BUK11001
BUK11332,2026-MidYear,Mid Year,2026-07-15,3.21,3.46,3.31,Cumple lo esperado,False,BUK12472
BUK11333,2024-Anual,Anual,2024-12-10,3.52,3.36,3.46,Cumple lo esperado,False,BUK11580
BUK11333,2025-MidYear,Mid Year,2025-07-15,3.59,3.29,3.47,Cumple lo esperado,False,BUK11580
BUK11333,2025-Anual,Anual,2025-12-10,3.33,3.42,3.36,Cumple lo esperado,False,BUK11580
BUK11334,2025-MidYear,Mid Year,2025-07-15,3.67,3.08,3.43,Cumple lo esperado,False,BUK10963
BUK11334,2025-Anual,Anual,2025-12-10,3.03,3.86,3.36,Cumple lo esperado,False,BUK10963
BUK11334,2026-MidYear,Mid Year,2026-07-15,3.21,3.5,3.33,Cumple lo esperado,False,BUK10963
BUK11335,2025-Anual,Anual,2025-12-10,3.08,2.96,3.03,Cumple lo esperado,False,BUK10921
BUK11335,2026-MidYear,Mid Year,2026-07-15,2.34,2.68,2.47,Bajo lo esperado,False,BUK10921
BUK11336,2024-Anual,Anual,2024-12-10,2.48,2.85,2.63,Bajo lo esperado,True,BUK12049
BUK11336,2025-MidYear,Mid Year,2025-07-15,2.62,2.76,2.67,Bajo lo esperado,False,BUK12049
BUK11336,2025-Anual,Anual,2025-12-10,2.53,2.9,2.68,Bajo lo esperado,True,BUK12049
BUK11337,2026-MidYear,Mid Year,2026-07-15,3.13,3.0,3.08,Cumple lo esperado,False,BUK11244
BUK11338,2026-MidYear,Mid Year,2026-07-15,3.54,3.62,3.57,Sobresaliente,False,BUK12606
BUK11339,2026-MidYear,Mid Year,2026-07-15,3.71,3.36,3.57,Sobresaliente,False,BUK11001
BUK11341,2025-MidYear,Mid Year,2025-07-15,2.81,2.38,2.64,Bajo lo esperado,False,BUK11001
BUK11342,2025-MidYear,Mid Year,2025-07-15,3.38,3.08,3.26,Cumple lo esperado,False,
BUK11342,2025-Anual,Anual,2025-12-10,3.28,3.73,3.46,Cumple lo esperado,False,
BUK11342,2026-MidYear,Mid Year,2026-07-15,3.44,3.6,3.5,Sobresaliente,False,
BUK11343,2024-Anual,Anual,2024-12-10,2.99,3.28,3.11,Cumple lo esperado,False,BUK11058
BUK11343,2025-MidYear,Mid Year,2025-07-15,2.91,2.82,2.87,Bajo lo esperado,False,BUK11058
BUK11343,2025-Anual,Anual,2025-12-10,3.14,2.94,3.06,Cumple lo esperado,False,BUK11058
BUK11343,2026-MidYear,Mid Year,2026-07-15,2.67,2.97,2.79,Bajo lo esperado,False,BUK11058
BUK11346,2025-Anual,Anual,2025-12-10,3.26,3.04,3.17,Cumple lo esperado,False,BUK11409
BUK11347,2025-Anual,Anual,2025-12-10,3.4,3.3,3.36,Cumple lo esperado,False,BUK10627
BUK11347,2026-MidYear,Mid Year,2026-07-15,3.24,3.44,3.32,Cumple lo esperado,False,BUK10627
BUK11348,2024-Anual,Anual,2024-12-10,3.36,3.46,3.4,Cumple lo esperado,False,BUK12151
BUK11348,2025-MidYear,Mid Year,2025-07-15,3.33,3.54,3.41,Cumple lo esperado,False,BUK12151
BUK11348,2025-Anual,Anual,2025-12-10,3.49,3.37,3.44,Cumple lo esperado,False,BUK12151
BUK11349,2024-Anual,Anual,2024-12-10,3.17,3.46,3.28,Cumple lo esperado,False,BUK10144
BUK11349,2025-MidYear,Mid Year,2025-07-15,3.58,3.44,3.52,Sobresaliente,False,BUK10144
BUK11349,2025-Anual,Anual,2025-12-10,3.39,2.9,3.2,Cumple lo esperado,False,BUK10144
BUK11349,2026-MidYear,Mid Year,2026-07-15,3.06,3.26,3.14,Cumple lo esperado,False,BUK10144
BUK11350,2026-MidYear,Mid Year,2026-07-15,3.18,3.28,3.22,Cumple lo esperado,False,BUK11183
BUK11351,2026-MidYear,Mid Year,2026-07-15,3.39,3.57,3.46,Cumple lo esperado,False,BUK10453
BUK11352,2024-Anual,Anual,2024-12-10,3.02,3.17,3.08,Cumple lo esperado,False,BUK10376
BUK11352,2025-MidYear,Mid Year,2025-07-15,3.58,3.58,3.58,Sobresaliente,False,BUK10376
BUK11352,2025-Anual,Anual,2025-12-10,2.98,3.54,3.21,Cumple lo esperado,False,BUK10376
BUK11352,2026-MidYear,Mid Year,2026-07-15,3.51,3.56,3.53,Sobresaliente,False,BUK10376
BUK11353,2025-MidYear,Mid Year,2025-07-15,3.35,3.66,3.48,Cumple lo esperado,False,BUK12338
BUK11353,2025-Anual,Anual,2025-12-10,3.18,3.6,3.35,Cumple lo esperado,False,BUK12338
BUK11354,2025-MidYear,Mid Year,2025-07-15,3.46,3.22,3.36,Cumple lo esperado,False,BUK11307
BUK11354,2025-Anual,Anual,2025-12-10,3.63,3.89,3.73,Sobresaliente,False,BUK11307
BUK11354,2026-MidYear,Mid Year,2026-07-15,3.24,3.24,3.24,Cumple lo esperado,False,BUK11307
BUK11355,2025-MidYear,Mid Year,2025-07-15,3.16,3.42,3.27,Cumple lo esperado,False,BUK11027
BUK11355,2025-Anual,Anual,2025-12-10,3.61,3.52,3.57,Sobresaliente,False,BUK11027
BUK11355,2026-MidYear,Mid Year,2026-07-15,3.48,3.6,3.53,Sobresaliente,False,BUK11027
BUK11356,2025-MidYear,Mid Year,2025-07-15,3.56,3.14,3.39,Cumple lo esperado,False,BUK10455
BUK11357,2025-MidYear,Mid Year,2025-07-15,3.39,2.6,3.08,Cumple lo esperado,False,BUK10083
BUK11357,2025-Anual,Anual,2025-12-10,3.08,2.96,3.03,Cumple lo esperado,False,BUK10083
BUK11357,2026-MidYear,Mid Year,2026-07-15,3.36,2.76,3.12,Cumple lo esperado,False,BUK10083
BUK11358,2024-Anual,Anual,2024-12-10,3.52,3.31,3.44,Cumple lo esperado,False,BUK10289
BUK11358,2025-MidYear,Mid Year,2025-07-15,3.38,4.0,3.63,Sobresaliente,False,BUK10289
BUK11358,2025-Anual,Anual,2025-12-10,3.4,3.66,3.5,Sobresaliente,False,BUK10289
BUK11358,2026-MidYear,Mid Year,2026-07-15,3.29,3.56,3.4,Cumple lo esperado,False,BUK10289
BUK11359,2024-Anual,Anual,2024-12-10,3.17,2.7,2.98,Bajo lo esperado,True,BUK12229
BUK11359,2025-MidYear,Mid Year,2025-07-15,3.27,3.29,3.28,Cumple lo esperado,False,BUK12229
BUK11359,2025-Anual,Anual,2025-12-10,3.38,3.59,3.46,Cumple lo esperado,False,BUK12229
BUK11359,2026-MidYear,Mid Year,2026-07-15,3.17,3.18,3.17,Cumple lo esperado,False,BUK12229
BUK11360,2025-MidYear,Mid Year,2025-07-15,3.25,3.83,3.48,Cumple lo esperado,False,BUK10118
BUK11360,2025-Anual,Anual,2025-12-10,3.37,3.53,3.43,Cumple lo esperado,False,BUK10118
BUK11360,2026-MidYear,Mid Year,2026-07-15,3.43,3.67,3.53,Sobresaliente,False,BUK10118
BUK11361,2024-Anual,Anual,2024-12-10,3.56,3.74,3.63,Sobresaliente,False,BUK10833
BUK11361,2025-MidYear,Mid Year,2025-07-15,3.15,3.87,3.44,Cumple lo esperado,False,BUK10833
BUK11361,2025-Anual,Anual,2025-12-10,3.58,3.32,3.47,Cumple lo esperado,False,BUK10833
BUK11361,2026-MidYear,Mid Year,2026-07-15,3.04,3.35,3.16,Cumple lo esperado,False,BUK10833
BUK11362,2026-MidYear,Mid Year,2026-07-15,3.51,3.19,3.38,Cumple lo esperado,False,BUK11001
BUK11363,2024-Anual,Anual,2024-12-10,3.01,3.45,3.19,Cumple lo esperado,False,BUK12266
BUK11363,2025-MidYear,Mid Year,2025-07-15,3.33,2.93,3.17,Cumple lo esperado,False,BUK12266
BUK11363,2025-Anual,Anual,2025-12-10,3.55,3.61,3.57,Sobresaliente,False,BUK12266
BUK11363,2026-MidYear,Mid Year,2026-07-15,3.45,3.66,3.53,Sobresaliente,False,BUK12266
BUK11364,2024-Anual,Anual,2024-12-10,3.53,3.54,3.53,Sobresaliente,False,BUK12572
BUK11365,2025-Anual,Anual,2025-12-10,3.48,3.03,3.3,Cumple lo esperado,False,BUK10595
BUK11367,2024-Anual,Anual,2024-12-10,3.54,3.67,3.59,Sobresaliente,False,BUK10949
BUK11367,2025-MidYear,Mid Year,2025-07-15,3.08,3.35,3.19,Cumple lo esperado,False,BUK10949
BUK11367,2025-Anual,Anual,2025-12-10,2.94,3.41,3.13,Cumple lo esperado,False,BUK10949
BUK11367,2026-MidYear,Mid Year,2026-07-15,3.66,3.53,3.61,Sobresaliente,False,BUK10949
BUK11368,2026-MidYear,Mid Year,2026-07-15,3.19,3.65,3.37,Cumple lo esperado,False,BUK11067
BUK11369,2026-MidYear,Mid Year,2026-07-15,2.85,2.74,2.8,Bajo lo esperado,False,BUK11152
BUK11370,2025-Anual,Anual,2025-12-10,2.8,2.6,2.72,Bajo lo esperado,True,BUK12151
BUK11371,2026-MidYear,Mid Year,2026-07-15,3.42,3.04,3.27,Cumple lo esperado,False,BUK10600
BUK11372,2026-MidYear,Mid Year,2026-07-15,3.24,3.22,3.23,Cumple lo esperado,False,BUK12027
BUK11374,2025-Anual,Anual,2025-12-10,3.64,3.11,3.43,Cumple lo esperado,False,BUK10183
BUK11374,2026-MidYear,Mid Year,2026-07-15,3.22,3.68,3.41,Cumple lo esperado,False,BUK10183
BUK11375,2025-MidYear,Mid Year,2025-07-15,3.43,3.68,3.53,Sobresaliente,False,BUK10183
BUK11375,2025-Anual,Anual,2025-12-10,3.36,3.54,3.43,Cumple lo esperado,False,BUK10183
BUK11375,2026-MidYear,Mid Year,2026-07-15,3.1,3.67,3.33,Cumple lo esperado,False,BUK10183
BUK11376,2025-Anual,Anual,2025-12-10,2.48,2.91,2.65,Bajo lo esperado,True,BUK10233
BUK11376,2026-MidYear,Mid Year,2026-07-15,2.38,2.57,2.46,Bajo lo esperado,False,BUK10233
BUK11380,2026-MidYear,Mid Year,2026-07-15,3.16,3.02,3.1,Cumple lo esperado,False,BUK11345
BUK11381,2024-Anual,Anual,2024-12-10,3.44,3.57,3.49,Cumple lo esperado,False,BUK10991
BUK11381,2025-MidYear,Mid Year,2025-07-15,3.65,3.68,3.66,Sobresaliente,False,BUK10991
BUK11381,2025-Anual,Anual,2025-12-10,3.35,3.49,3.4,Cumple lo esperado,False,BUK10991
BUK11381,2026-MidYear,Mid Year,2026-07-15,3.73,3.74,3.73,Sobresaliente,False,BUK10991
BUK11382,2024-Anual,Anual,2024-12-10,3.36,3.42,3.38,Cumple lo esperado,False,BUK11058
BUK11382,2025-MidYear,Mid Year,2025-07-15,3.52,3.62,3.56,Sobresaliente,False,BUK11058
BUK11382,2025-Anual,Anual,2025-12-10,3.79,3.61,3.72,Sobresaliente,False,BUK11058
BUK11382,2026-MidYear,Mid Year,2026-07-15,3.2,3.57,3.35,Cumple lo esperado,False,BUK11058
BUK11383,2025-MidYear,Mid Year,2025-07-15,2.96,2.66,2.84,Bajo lo esperado,False,BUK10691
BUK11383,2025-Anual,Anual,2025-12-10,2.84,2.63,2.76,Bajo lo esperado,True,BUK10691
BUK11383,2026-MidYear,Mid Year,2026-07-15,2.52,2.89,2.67,Bajo lo esperado,False,BUK10691
BUK11384,2025-MidYear,Mid Year,2025-07-15,3.21,3.25,3.23,Cumple lo esperado,False,BUK12615
BUK11384,2025-Anual,Anual,2025-12-10,2.75,3.35,2.99,Bajo lo esperado,True,BUK12615
BUK11384,2026-MidYear,Mid Year,2026-07-15,2.92,3.3,3.07,Cumple lo esperado,False,BUK12615
BUK11385,2025-MidYear,Mid Year,2025-07-15,4.0,3.11,3.64,Sobresaliente,False,BUK12245
BUK11385,2025-Anual,Anual,2025-12-10,3.59,3.11,3.4,Cumple lo esperado,False,BUK12245
BUK11385,2026-MidYear,Mid Year,2026-07-15,3.01,3.43,3.18,Cumple lo esperado,False,BUK12245
BUK11386,2024-Anual,Anual,2024-12-10,3.17,3.07,3.13,Cumple lo esperado,False,BUK11796
BUK11386,2025-MidYear,Mid Year,2025-07-15,3.13,2.93,3.05,Cumple lo esperado,False,BUK11796
BUK11386,2025-Anual,Anual,2025-12-10,3.18,2.94,3.09,Cumple lo esperado,False,BUK11796
BUK11386,2026-MidYear,Mid Year,2026-07-15,3.51,3.43,3.48,Cumple lo esperado,False,BUK11796
BUK11387,2025-MidYear,Mid Year,2025-07-15,3.55,3.15,3.39,Cumple lo esperado,False,BUK11186
BUK11387,2025-Anual,Anual,2025-12-10,3.47,3.52,3.49,Cumple lo esperado,False,BUK11186
BUK11387,2026-MidYear,Mid Year,2026-07-15,3.38,3.43,3.4,Cumple lo esperado,False,BUK11186
BUK11388,2025-MidYear,Mid Year,2025-07-15,3.49,3.36,3.44,Cumple lo esperado,False,BUK10442
BUK11388,2025-Anual,Anual,2025-12-10,3.79,3.86,3.82,Sobresaliente,False,BUK10442
BUK11388,2026-MidYear,Mid Year,2026-07-15,3.52,3.63,3.56,Sobresaliente,False,BUK10442
BUK11389,2024-Anual,Anual,2024-12-10,3.31,3.36,3.33,Cumple lo esperado,False,BUK11901
BUK11389,2025-MidYear,Mid Year,2025-07-15,3.51,3.41,3.47,Cumple lo esperado,False,BUK11901
BUK11389,2025-Anual,Anual,2025-12-10,3.39,3.31,3.36,Cumple lo esperado,False,BUK11901
BUK11389,2026-MidYear,Mid Year,2026-07-15,3.32,3.38,3.35,Cumple lo esperado,False,BUK11901
BUK11390,2024-Anual,Anual,2024-12-10,3.33,3.67,3.46,Cumple lo esperado,False,BUK10595
BUK11390,2025-MidYear,Mid Year,2025-07-15,3.4,3.4,3.4,Cumple lo esperado,False,BUK10595
BUK11390,2025-Anual,Anual,2025-12-10,2.93,2.96,2.94,Bajo lo esperado,True,BUK10595
BUK11390,2026-MidYear,Mid Year,2026-07-15,3.06,3.01,3.04,Cumple lo esperado,False,BUK10595
BUK11391,2025-MidYear,Mid Year,2025-07-15,3.28,3.2,3.25,Cumple lo esperado,False,BUK10118
BUK11391,2025-Anual,Anual,2025-12-10,3.81,3.8,3.81,Sobresaliente,False,BUK10118
BUK11391,2026-MidYear,Mid Year,2026-07-15,3.53,3.14,3.37,Cumple lo esperado,False,BUK10118
BUK11392,2025-Anual,Anual,2025-12-10,3.89,3.2,3.61,Sobresaliente,False,BUK11607
BUK11392,2026-MidYear,Mid Year,2026-07-15,3.67,3.01,3.41,Cumple lo esperado,False,BUK11607
BUK11394,2024-Anual,Anual,2024-12-10,3.39,3.42,3.4,Cumple lo esperado,False,BUK11262
BUK11394,2025-MidYear,Mid Year,2025-07-15,3.82,4.0,3.89,Sobresaliente,False,BUK11262
BUK11394,2025-Anual,Anual,2025-12-10,3.63,3.35,3.52,Sobresaliente,False,BUK11262
BUK11394,2026-MidYear,Mid Year,2026-07-15,3.59,3.34,3.49,Cumple lo esperado,False,BUK11262
BUK11395,2026-MidYear,Mid Year,2026-07-15,3.2,3.35,3.26,Cumple lo esperado,False,BUK10478
BUK11397,2026-MidYear,Mid Year,2026-07-15,3.65,3.58,3.62,Sobresaliente,False,BUK11186
BUK11400,2026-MidYear,Mid Year,2026-07-15,3.94,3.68,3.83,Sobresaliente,False,BUK10159
BUK11401,2025-MidYear,Mid Year,2025-07-15,3.41,3.38,3.4,Cumple lo esperado,False,BUK10248
BUK11401,2025-Anual,Anual,2025-12-10,3.77,3.38,3.62,Sobresaliente,False,BUK10248
BUK11401,2026-MidYear,Mid Year,2026-07-15,3.97,3.35,3.72,Sobresaliente,False,BUK10248
BUK11402,2024-Anual,Anual,2024-12-10,3.68,3.84,3.74,Sobresaliente,False,BUK10059
BUK11402,2025-MidYear,Mid Year,2025-07-15,3.56,3.35,3.47,Cumple lo esperado,False,BUK10059
BUK11402,2025-Anual,Anual,2025-12-10,3.21,3.35,3.27,Cumple lo esperado,False,BUK10059
BUK11402,2026-MidYear,Mid Year,2026-07-15,3.02,3.0,3.01,Cumple lo esperado,False,BUK10059
BUK11403,2024-Anual,Anual,2024-12-10,3.64,3.08,3.42,Cumple lo esperado,False,BUK12165
BUK11403,2025-MidYear,Mid Year,2025-07-15,2.94,3.01,2.97,Bajo lo esperado,False,BUK12165
BUK11403,2025-Anual,Anual,2025-12-10,3.35,3.48,3.4,Cumple lo esperado,False,BUK12165
BUK11403,2026-MidYear,Mid Year,2026-07-15,3.11,3.54,3.28,Cumple lo esperado,False,BUK12165
BUK11404,2024-Anual,Anual,2024-12-10,3.57,3.39,3.5,Sobresaliente,False,BUK10714
BUK11404,2025-MidYear,Mid Year,2025-07-15,3.08,3.74,3.34,Cumple lo esperado,False,BUK10714
BUK11404,2025-Anual,Anual,2025-12-10,3.35,3.29,3.33,Cumple lo esperado,False,BUK10714
BUK11404,2026-MidYear,Mid Year,2026-07-15,3.87,3.86,3.86,Sobresaliente,False,BUK10714
BUK11405,2024-Anual,Anual,2024-12-10,3.35,2.97,3.19,Cumple lo esperado,False,BUK10833
BUK11405,2025-MidYear,Mid Year,2025-07-15,3.53,3.85,3.66,Sobresaliente,False,BUK10833
BUK11405,2025-Anual,Anual,2025-12-10,3.45,3.47,3.46,Cumple lo esperado,False,BUK10833
BUK11405,2026-MidYear,Mid Year,2026-07-15,3.51,3.66,3.57,Sobresaliente,False,BUK10833
BUK11406,2024-Anual,Anual,2024-12-10,2.84,3.1,2.94,Bajo lo esperado,True,BUK12515
BUK11406,2025-MidYear,Mid Year,2025-07-15,2.55,2.79,2.65,Bajo lo esperado,False,BUK12515
BUK11406,2025-Anual,Anual,2025-12-10,2.4,2.99,2.64,Bajo lo esperado,True,BUK12515
BUK11406,2026-MidYear,Mid Year,2026-07-15,2.95,2.84,2.91,Bajo lo esperado,False,BUK12515
BUK11407,2025-MidYear,Mid Year,2025-07-15,3.59,3.91,3.72,Sobresaliente,False,BUK10471
BUK11407,2025-Anual,Anual,2025-12-10,3.57,4.0,3.74,Sobresaliente,False,BUK10471
BUK11407,2026-MidYear,Mid Year,2026-07-15,3.55,3.95,3.71,Sobresaliente,False,BUK10471
BUK11409,2024-Anual,Anual,2024-12-10,3.94,3.56,3.79,Sobresaliente,False,BUK11768
BUK11409,2025-MidYear,Mid Year,2025-07-15,3.54,3.54,3.54,Sobresaliente,False,BUK11768
BUK11409,2025-Anual,Anual,2025-12-10,3.31,3.48,3.38,Cumple lo esperado,False,BUK11768
BUK11409,2026-MidYear,Mid Year,2026-07-15,3.51,3.46,3.49,Cumple lo esperado,False,BUK11768
BUK11410,2026-MidYear,Mid Year,2026-07-15,3.15,3.17,3.16,Cumple lo esperado,False,BUK12590
BUK11411,2026-MidYear,Mid Year,2026-07-15,2.99,2.87,2.95,Bajo lo esperado,False,BUK12316
BUK11412,2024-Anual,Anual,2024-12-10,3.11,3.08,3.1,Cumple lo esperado,False,BUK11396
BUK11412,2025-MidYear,Mid Year,2025-07-15,2.96,3.06,3.0,Cumple lo esperado,False,BUK11396
BUK11412,2025-Anual,Anual,2025-12-10,3.55,3.27,3.44,Cumple lo esperado,False,BUK11396
BUK11412,2026-MidYear,Mid Year,2026-07-15,3.36,3.35,3.35,Cumple lo esperado,False,BUK11396
BUK11413,2025-MidYear,Mid Year,2025-07-15,3.06,3.35,3.18,Cumple lo esperado,False,BUK10093
BUK11413,2025-Anual,Anual,2025-12-10,3.43,3.8,3.57,Sobresaliente,False,BUK10093
BUK11413,2026-MidYear,Mid Year,2026-07-15,3.81,3.66,3.75,Sobresaliente,False,BUK10093
BUK11414,2024-Anual,Anual,2024-12-10,3.92,3.52,3.76,Sobresaliente,False,BUK12170
BUK11414,2025-MidYear,Mid Year,2025-07-15,3.5,3.9,3.66,Sobresaliente,False,BUK12170
BUK11414,2025-Anual,Anual,2025-12-10,3.35,3.78,3.52,Sobresaliente,False,BUK12170
BUK11418,2025-MidYear,Mid Year,2025-07-15,3.23,2.98,3.13,Cumple lo esperado,False,BUK12441
BUK11418,2025-Anual,Anual,2025-12-10,3.48,3.24,3.38,Cumple lo esperado,False,BUK12441
BUK11418,2026-MidYear,Mid Year,2026-07-15,3.01,3.16,3.07,Cumple lo esperado,False,BUK12441
BUK11419,2024-Anual,Anual,2024-12-10,3.23,3.37,3.29,Cumple lo esperado,False,BUK10881
BUK11419,2025-MidYear,Mid Year,2025-07-15,3.43,3.5,3.46,Cumple lo esperado,False,BUK10881
BUK11419,2025-Anual,Anual,2025-12-10,3.55,3.43,3.5,Sobresaliente,False,BUK10881
BUK11419,2026-MidYear,Mid Year,2026-07-15,3.5,3.34,3.44,Cumple lo esperado,False,BUK10881
BUK11420,2026-MidYear,Mid Year,2026-07-15,3.04,3.33,3.16,Cumple lo esperado,False,BUK10302
BUK11421,2025-Anual,Anual,2025-12-10,3.42,3.28,3.37,Cumple lo esperado,False,BUK12496
BUK11421,2026-MidYear,Mid Year,2026-07-15,3.53,3.69,3.6,Sobresaliente,False,BUK12496
BUK11423,2024-Anual,Anual,2024-12-10,3.26,4.0,3.55,Sobresaliente,False,BUK10595
BUK11423,2025-MidYear,Mid Year,2025-07-15,3.5,3.76,3.61,Sobresaliente,False,BUK10595
BUK11423,2025-Anual,Anual,2025-12-10,3.44,3.41,3.43,Cumple lo esperado,False,BUK10595
BUK11428,2026-MidYear,Mid Year,2026-07-15,3.24,3.27,3.25,Cumple lo esperado,False,BUK10665
BUK11429,2026-MidYear,Mid Year,2026-07-15,3.88,3.75,3.83,Sobresaliente,False,BUK11473
BUK11430,2025-Anual,Anual,2025-12-10,3.61,3.67,3.64,Sobresaliente,False,BUK10455
BUK11430,2026-MidYear,Mid Year,2026-07-15,3.77,3.64,3.72,Sobresaliente,False,BUK10455
BUK11433,2025-MidYear,Mid Year,2025-07-15,3.21,3.17,3.19,Cumple lo esperado,False,BUK10910
BUK11433,2025-Anual,Anual,2025-12-10,3.38,3.67,3.5,Sobresaliente,False,BUK10910
BUK11433,2026-MidYear,Mid Year,2026-07-15,3.1,3.23,3.15,Cumple lo esperado,False,BUK10910
BUK11434,2025-Anual,Anual,2025-12-10,3.37,3.2,3.3,Cumple lo esperado,False,BUK10910
BUK11434,2026-MidYear,Mid Year,2026-07-15,3.06,3.29,3.15,Cumple lo esperado,False,BUK10910
BUK11436,2024-Anual,Anual,2024-12-10,3.77,3.54,3.67,Sobresaliente,False,BUK11580
BUK11436,2025-MidYear,Mid Year,2025-07-15,3.46,3.41,3.44,Cumple lo esperado,False,BUK11580
BUK11436,2025-Anual,Anual,2025-12-10,3.31,3.37,3.33,Cumple lo esperado,False,BUK11580
BUK11436,2026-MidYear,Mid Year,2026-07-15,3.63,3.08,3.41,Cumple lo esperado,False,BUK11580
BUK11437,2024-Anual,Anual,2024-12-10,3.12,3.29,3.19,Cumple lo esperado,False,BUK10949
BUK11437,2025-MidYear,Mid Year,2025-07-15,3.26,3.0,3.16,Cumple lo esperado,False,BUK10949
BUK11437,2025-Anual,Anual,2025-12-10,2.76,3.46,3.04,Cumple lo esperado,False,BUK10949
BUK11438,2026-MidYear,Mid Year,2026-07-15,3.65,3.94,3.77,Sobresaliente,False,BUK10147
BUK11439,2026-MidYear,Mid Year,2026-07-15,3.53,3.63,3.57,Sobresaliente,False,BUK10140
BUK11440,2025-Anual,Anual,2025-12-10,3.56,3.3,3.46,Cumple lo esperado,False,BUK10326
BUK11440,2026-MidYear,Mid Year,2026-07-15,3.48,3.51,3.49,Cumple lo esperado,False,BUK10326
BUK11442,2025-MidYear,Mid Year,2025-07-15,3.32,3.47,3.38,Cumple lo esperado,False,BUK10987
BUK11442,2025-Anual,Anual,2025-12-10,2.97,2.94,2.96,Bajo lo esperado,True,BUK10987
BUK11444,2025-MidYear,Mid Year,2025-07-15,2.06,2.54,2.25,Bajo lo esperado,False,BUK12452
BUK11445,2025-MidYear,Mid Year,2025-07-15,3.68,3.58,3.64,Sobresaliente,False,BUK10796
BUK11445,2025-Anual,Anual,2025-12-10,3.57,3.38,3.49,Cumple lo esperado,False,BUK10796
BUK11445,2026-MidYear,Mid Year,2026-07-15,3.29,3.24,3.27,Cumple lo esperado,False,BUK10796
BUK11446,2025-Anual,Anual,2025-12-10,3.22,3.32,3.26,Cumple lo esperado,False,BUK12446
BUK11446,2026-MidYear,Mid Year,2026-07-15,3.45,3.11,3.31,Cumple lo esperado,False,BUK12446
BUK11447,2025-Anual,Anual,2025-12-10,3.15,3.43,3.26,Cumple lo esperado,False,BUK12529
BUK11447,2026-MidYear,Mid Year,2026-07-15,3.12,3.41,3.23,Cumple lo esperado,False,BUK12529
BUK11448,2025-MidYear,Mid Year,2025-07-15,4.0,3.68,3.87,Sobresaliente,False,BUK11435
BUK11449,2026-MidYear,Mid Year,2026-07-15,3.13,3.2,3.16,Cumple lo esperado,False,BUK11409
BUK11450,2025-MidYear,Mid Year,2025-07-15,3.46,3.28,3.39,Cumple lo esperado,False,BUK12027
BUK11450,2025-Anual,Anual,2025-12-10,3.5,2.99,3.3,Cumple lo esperado,False,BUK12027
BUK11450,2026-MidYear,Mid Year,2026-07-15,3.2,3.34,3.26,Cumple lo esperado,False,BUK12027
BUK11451,2024-Anual,Anual,2024-12-10,3.85,3.88,3.87,Sobresaliente,False,BUK10462
BUK11451,2025-MidYear,Mid Year,2025-07-15,3.77,3.88,3.81,Sobresaliente,False,BUK10462
BUK11451,2025-Anual,Anual,2025-12-10,4.0,3.72,3.89,Sobresaliente,False,BUK10462
BUK11451,2026-MidYear,Mid Year,2026-07-15,3.46,3.61,3.52,Sobresaliente,False,BUK10462
BUK11452,2026-MidYear,Mid Year,2026-07-15,2.64,2.13,2.43,Bajo lo esperado,False,BUK10694
BUK11453,2024-Anual,Anual,2024-12-10,2.95,3.55,3.19,Cumple lo esperado,False,BUK10900
BUK11453,2025-MidYear,Mid Year,2025-07-15,3.0,3.26,3.1,Cumple lo esperado,False,BUK10900
BUK11453,2025-Anual,Anual,2025-12-10,3.6,3.68,3.63,Sobresaliente,False,BUK10900
BUK11453,2026-MidYear,Mid Year,2026-07-15,3.14,3.16,3.14,Cumple lo esperado,False,BUK10900
BUK11454,2025-MidYear,Mid Year,2025-07-15,3.34,3.15,3.26,Cumple lo esperado,False,BUK12104
BUK11454,2025-Anual,Anual,2025-12-10,3.39,3.6,3.47,Cumple lo esperado,False,BUK12104
BUK11457,2025-Anual,Anual,2025-12-10,3.38,3.66,3.49,Cumple lo esperado,False,BUK10114
BUK11457,2026-MidYear,Mid Year,2026-07-15,3.68,3.4,3.57,Sobresaliente,False,BUK10114
BUK11458,2024-Anual,Anual,2024-12-10,3.94,3.38,3.72,Sobresaliente,False,BUK10326
BUK11458,2025-MidYear,Mid Year,2025-07-15,3.92,3.81,3.88,Sobresaliente,False,BUK10326
BUK11458,2025-Anual,Anual,2025-12-10,3.5,3.52,3.51,Sobresaliente,False,BUK10326
BUK11458,2026-MidYear,Mid Year,2026-07-15,3.67,3.83,3.74,Sobresaliente,False,BUK10326
BUK11459,2024-Anual,Anual,2024-12-10,3.73,3.33,3.57,Sobresaliente,False,BUK12049
BUK11459,2025-MidYear,Mid Year,2025-07-15,3.32,3.51,3.4,Cumple lo esperado,False,BUK12049
BUK11459,2025-Anual,Anual,2025-12-10,3.32,3.14,3.24,Cumple lo esperado,False,BUK12049
BUK11459,2026-MidYear,Mid Year,2026-07-15,3.24,3.69,3.42,Cumple lo esperado,False,BUK12049
BUK11460,2024-Anual,Anual,2024-12-10,3.49,2.94,3.27,Cumple lo esperado,False,BUK12151
BUK11460,2025-MidYear,Mid Year,2025-07-15,2.9,3.43,3.11,Cumple lo esperado,False,BUK12151
BUK11460,2025-Anual,Anual,2025-12-10,3.19,3.0,3.11,Cumple lo esperado,False,BUK12151
BUK11460,2026-MidYear,Mid Year,2026-07-15,3.36,3.36,3.36,Cumple lo esperado,False,BUK12151
BUK11461,2024-Anual,Anual,2024-12-10,3.14,3.5,3.28,Cumple lo esperado,False,BUK10812
BUK11461,2025-MidYear,Mid Year,2025-07-15,3.26,3.26,3.26,Cumple lo esperado,False,BUK10812
BUK11461,2025-Anual,Anual,2025-12-10,3.0,2.98,2.99,Bajo lo esperado,True,BUK10812
BUK11461,2026-MidYear,Mid Year,2026-07-15,3.33,3.45,3.38,Cumple lo esperado,False,BUK10812
BUK11462,2025-Anual,Anual,2025-12-10,3.65,3.39,3.55,Sobresaliente,False,BUK10995
BUK11462,2026-MidYear,Mid Year,2026-07-15,3.32,3.41,3.35,Cumple lo esperado,False,BUK10995
BUK11463,2024-Anual,Anual,2024-12-10,3.52,3.28,3.43,Cumple lo esperado,False,BUK12586
BUK11463,2025-MidYear,Mid Year,2025-07-15,3.38,3.61,3.47,Cumple lo esperado,False,BUK12586
BUK11463,2025-Anual,Anual,2025-12-10,3.6,3.84,3.69,Sobresaliente,False,BUK12586
BUK11463,2026-MidYear,Mid Year,2026-07-15,3.57,3.39,3.5,Sobresaliente,False,BUK12586
BUK11464,2026-MidYear,Mid Year,2026-07-15,3.35,3.1,3.25,Cumple lo esperado,False,BUK10867
BUK11466,2026-MidYear,Mid Year,2026-07-15,3.0,3.35,3.14,Cumple lo esperado,False,BUK10852
BUK11467,2025-MidYear,Mid Year,2025-07-15,3.54,3.41,3.49,Cumple lo esperado,False,BUK12499
BUK11467,2025-Anual,Anual,2025-12-10,3.67,3.45,3.58,Sobresaliente,False,BUK12499
BUK11467,2026-MidYear,Mid Year,2026-07-15,3.5,3.39,3.46,Cumple lo esperado,False,BUK12499
BUK11468,2026-MidYear,Mid Year,2026-07-15,3.08,3.53,3.26,Cumple lo esperado,False,BUK11756
BUK11469,2026-MidYear,Mid Year,2026-07-15,2.56,2.98,2.73,Bajo lo esperado,False,BUK10405
BUK11470,2024-Anual,Anual,2024-12-10,2.28,2.78,2.48,Bajo lo esperado,True,BUK12606
BUK11470,2025-MidYear,Mid Year,2025-07-15,2.58,3.06,2.77,Bajo lo esperado,False,BUK12606
BUK11470,2025-Anual,Anual,2025-12-10,2.61,2.73,2.66,Bajo lo esperado,True,BUK12606
BUK11470,2026-MidYear,Mid Year,2026-07-15,2.38,2.67,2.49,Bajo lo esperado,False,BUK12606
BUK11471,2025-MidYear,Mid Year,2025-07-15,3.43,3.42,3.42,Cumple lo esperado,False,BUK12632
BUK11471,2025-Anual,Anual,2025-12-10,3.53,3.38,3.47,Cumple lo esperado,False,BUK12632
BUK11471,2026-MidYear,Mid Year,2026-07-15,3.09,3.32,3.18,Cumple lo esperado,False,BUK12632
BUK11474,2026-MidYear,Mid Year,2026-07-15,3.45,3.43,3.44,Cumple lo esperado,False,BUK11816
BUK11476,2024-Anual,Anual,2024-12-10,3.34,3.35,3.34,Cumple lo esperado,False,BUK10118
BUK11476,2025-MidYear,Mid Year,2025-07-15,3.54,3.44,3.5,Sobresaliente,False,BUK10118
BUK11476,2025-Anual,Anual,2025-12-10,3.5,3.22,3.39,Cumple lo esperado,False,BUK10118
BUK11476,2026-MidYear,Mid Year,2026-07-15,3.61,3.53,3.58,Sobresaliente,False,BUK10118
BUK11477,2024-Anual,Anual,2024-12-10,2.99,3.13,3.05,Cumple lo esperado,False,BUK11546
BUK11477,2025-MidYear,Mid Year,2025-07-15,2.15,2.46,2.28,Bajo lo esperado,False,BUK11546
BUK11477,2025-Anual,Anual,2025-12-10,2.99,2.9,2.95,Bajo lo esperado,True,BUK11546
BUK11477,2026-MidYear,Mid Year,2026-07-15,2.93,3.07,2.99,Bajo lo esperado,False,BUK11546
BUK11478,2024-Anual,Anual,2024-12-10,3.57,3.55,3.56,Sobresaliente,False,BUK11407
BUK11478,2025-MidYear,Mid Year,2025-07-15,3.45,3.25,3.37,Cumple lo esperado,False,BUK11407
BUK11478,2025-Anual,Anual,2025-12-10,3.35,3.25,3.31,Cumple lo esperado,False,BUK11407
BUK11478,2026-MidYear,Mid Year,2026-07-15,3.89,3.51,3.74,Sobresaliente,False,BUK11407
BUK11479,2026-MidYear,Mid Year,2026-07-15,3.75,3.61,3.69,Sobresaliente,False,BUK12170
BUK11481,2025-MidYear,Mid Year,2025-07-15,3.32,3.64,3.45,Cumple lo esperado,False,BUK10478
BUK11481,2025-Anual,Anual,2025-12-10,3.26,3.5,3.35,Cumple lo esperado,False,BUK10478
BUK11481,2026-MidYear,Mid Year,2026-07-15,2.95,3.68,3.25,Cumple lo esperado,False,BUK10478
BUK11482,2024-Anual,Anual,2024-12-10,3.18,3.02,3.12,Cumple lo esperado,False,BUK11600
BUK11482,2025-MidYear,Mid Year,2025-07-15,2.93,3.13,3.01,Cumple lo esperado,False,BUK11600
BUK11482,2025-Anual,Anual,2025-12-10,3.31,3.15,3.24,Cumple lo esperado,False,BUK11600
BUK11482,2026-MidYear,Mid Year,2026-07-15,2.69,3.32,2.95,Bajo lo esperado,False,BUK11600
BUK11483,2026-MidYear,Mid Year,2026-07-15,3.12,3.22,3.16,Cumple lo esperado,False,BUK11244
BUK11484,2026-MidYear,Mid Year,2026-07-15,3.82,3.47,3.68,Sobresaliente,False,BUK11607
BUK11485,2025-Anual,Anual,2025-12-10,3.53,3.48,3.51,Sobresaliente,False,BUK10248
BUK11485,2026-MidYear,Mid Year,2026-07-15,3.16,3.34,3.24,Cumple lo esperado,False,BUK10248
BUK11487,2025-MidYear,Mid Year,2025-07-15,3.79,3.7,3.75,Sobresaliente,False,BUK10398
BUK11487,2025-Anual,Anual,2025-12-10,3.29,3.38,3.33,Cumple lo esperado,False,BUK10398
BUK11487,2026-MidYear,Mid Year,2026-07-15,3.63,3.97,3.77,Sobresaliente,False,BUK10398
BUK11489,2025-MidYear,Mid Year,2025-07-15,3.04,2.74,2.92,Bajo lo esperado,False,BUK11827
BUK11490,2025-Anual,Anual,2025-12-10,4.0,3.69,3.88,Sobresaliente,False,BUK11240
BUK11490,2026-MidYear,Mid Year,2026-07-15,3.65,3.57,3.62,Sobresaliente,False,BUK11240
BUK11491,2024-Anual,Anual,2024-12-10,3.09,3.33,3.19,Cumple lo esperado,False,BUK10991
BUK11491,2025-MidYear,Mid Year,2025-07-15,3.58,3.51,3.55,Sobresaliente,False,BUK10991
BUK11491,2025-Anual,Anual,2025-12-10,3.09,3.7,3.34,Cumple lo esperado,False,BUK10991
BUK11491,2026-MidYear,Mid Year,2026-07-15,3.51,3.71,3.59,Sobresaliente,False,BUK10991
BUK11493,2025-Anual,Anual,2025-12-10,3.54,3.61,3.57,Sobresaliente,False,BUK10789
BUK11494,2025-Anual,Anual,2025-12-10,3.08,3.23,3.14,Cumple lo esperado,False,BUK11827
BUK11494,2026-MidYear,Mid Year,2026-07-15,3.15,3.49,3.29,Cumple lo esperado,False,BUK11827
BUK11496,2025-Anual,Anual,2025-12-10,3.63,3.33,3.51,Sobresaliente,False,BUK10970
BUK11496,2026-MidYear,Mid Year,2026-07-15,3.46,3.48,3.47,Cumple lo esperado,False,BUK10970
BUK11497,2025-MidYear,Mid Year,2025-07-15,3.27,3.9,3.52,Sobresaliente,False,BUK10694
BUK11497,2025-Anual,Anual,2025-12-10,3.62,3.58,3.61,Sobresaliente,False,BUK10694
BUK11497,2026-MidYear,Mid Year,2026-07-15,3.33,3.72,3.49,Cumple lo esperado,False,BUK10694
BUK11498,2025-Anual,Anual,2025-12-10,3.91,4.0,3.94,Sobresaliente,False,BUK10241
BUK11498,2026-MidYear,Mid Year,2026-07-15,3.45,3.1,3.31,Cumple lo esperado,False,BUK10241
BUK11500,2025-MidYear,Mid Year,2025-07-15,3.42,3.37,3.4,Cumple lo esperado,False,BUK11070
BUK11500,2025-Anual,Anual,2025-12-10,3.41,3.49,3.45,Cumple lo esperado,False,BUK11070
BUK11501,2024-Anual,Anual,2024-12-10,3.49,3.53,3.5,Sobresaliente,False,BUK10327
BUK11501,2025-MidYear,Mid Year,2025-07-15,3.45,3.33,3.4,Cumple lo esperado,False,BUK10327
BUK11501,2025-Anual,Anual,2025-12-10,3.5,3.7,3.58,Sobresaliente,False,BUK10327
BUK11501,2026-MidYear,Mid Year,2026-07-15,3.32,3.85,3.53,Sobresaliente,False,BUK10327
BUK11502,2026-MidYear,Mid Year,2026-07-15,3.44,3.33,3.4,Cumple lo esperado,False,BUK10405
BUK11503,2024-Anual,Anual,2024-12-10,2.85,2.81,2.83,Bajo lo esperado,True,BUK10792
BUK11503,2025-MidYear,Mid Year,2025-07-15,2.71,2.91,2.79,Bajo lo esperado,False,BUK10792
BUK11503,2025-Anual,Anual,2025-12-10,3.19,2.89,3.07,Cumple lo esperado,False,BUK10792
BUK11503,2026-MidYear,Mid Year,2026-07-15,2.73,2.87,2.79,Bajo lo esperado,False,BUK10792
BUK11504,2024-Anual,Anual,2024-12-10,3.2,3.21,3.21,Cumple lo esperado,False,BUK11276
BUK11504,2025-MidYear,Mid Year,2025-07-15,2.73,2.87,2.79,Bajo lo esperado,False,BUK11276
BUK11504,2025-Anual,Anual,2025-12-10,2.84,2.87,2.85,Bajo lo esperado,True,BUK11276
BUK11504,2026-MidYear,Mid Year,2026-07-15,2.69,2.99,2.81,Bajo lo esperado,False,BUK11276
BUK11505,2024-Anual,Anual,2024-12-10,3.06,3.1,3.08,Cumple lo esperado,False,BUK10710
BUK11506,2025-MidYear,Mid Year,2025-07-15,3.36,3.9,3.57,Sobresaliente,False,BUK11396
BUK11507,2025-Anual,Anual,2025-12-10,3.14,3.34,3.22,Cumple lo esperado,False,BUK12311
BUK11507,2026-MidYear,Mid Year,2026-07-15,3.35,3.44,3.39,Cumple lo esperado,False,BUK12311
BUK11508,2024-Anual,Anual,2024-12-10,3.1,3.31,3.18,Cumple lo esperado,False,BUK10478
BUK11508,2025-MidYear,Mid Year,2025-07-15,3.22,3.69,3.41,Cumple lo esperado,False,BUK10478
BUK11508,2025-Anual,Anual,2025-12-10,3.07,3.55,3.26,Cumple lo esperado,False,BUK10478
BUK11508,2026-MidYear,Mid Year,2026-07-15,3.4,3.22,3.33,Cumple lo esperado,False,BUK10478
BUK11509,2024-Anual,Anual,2024-12-10,3.33,3.66,3.46,Cumple lo esperado,False,BUK11474
BUK11509,2025-MidYear,Mid Year,2025-07-15,3.9,3.79,3.86,Sobresaliente,False,BUK11474
BUK11509,2025-Anual,Anual,2025-12-10,3.74,3.63,3.7,Sobresaliente,False,BUK11474
BUK11509,2026-MidYear,Mid Year,2026-07-15,3.9,3.69,3.82,Sobresaliente,False,BUK11474
BUK11510,2026-MidYear,Mid Year,2026-07-15,3.28,3.29,3.29,Cumple lo esperado,False,BUK11123
BUK11511,2026-MidYear,Mid Year,2026-07-15,2.5,2.95,2.68,Bajo lo esperado,False,BUK11177
BUK11512,2024-Anual,Anual,2024-12-10,3.38,3.05,3.25,Cumple lo esperado,False,BUK10302
BUK11512,2025-MidYear,Mid Year,2025-07-15,3.35,3.73,3.5,Sobresaliente,False,BUK10302
BUK11512,2025-Anual,Anual,2025-12-10,3.28,3.45,3.35,Cumple lo esperado,False,BUK10302
BUK11512,2026-MidYear,Mid Year,2026-07-15,3.34,3.29,3.32,Cumple lo esperado,False,BUK10302
BUK11513,2026-MidYear,Mid Year,2026-07-15,3.24,2.91,3.11,Cumple lo esperado,False,BUK10866
BUK11514,2024-Anual,Anual,2024-12-10,3.37,3.61,3.46,Cumple lo esperado,False,BUK12229
BUK11514,2025-MidYear,Mid Year,2025-07-15,3.45,3.77,3.58,Sobresaliente,False,BUK12229
BUK11514,2025-Anual,Anual,2025-12-10,3.53,3.24,3.41,Cumple lo esperado,False,BUK12229
BUK11514,2026-MidYear,Mid Year,2026-07-15,3.64,3.01,3.38,Cumple lo esperado,False,BUK12229
BUK11517,2025-Anual,Anual,2025-12-10,3.94,3.46,3.74,Sobresaliente,False,BUK11373
BUK11517,2026-MidYear,Mid Year,2026-07-15,3.53,3.14,3.38,Cumple lo esperado,False,BUK11373
BUK11518,2025-Anual,Anual,2025-12-10,2.96,3.07,3.0,Cumple lo esperado,False,BUK10361
BUK11518,2026-MidYear,Mid Year,2026-07-15,3.66,3.6,3.64,Sobresaliente,False,BUK10361
BUK11519,2025-Anual,Anual,2025-12-10,3.44,3.5,3.46,Cumple lo esperado,False,BUK10691
BUK11519,2026-MidYear,Mid Year,2026-07-15,3.35,3.82,3.54,Sobresaliente,False,BUK10691
BUK11523,2024-Anual,Anual,2024-12-10,3.68,3.34,3.54,Sobresaliente,False,BUK10159
BUK11523,2025-MidYear,Mid Year,2025-07-15,3.45,3.62,3.52,Sobresaliente,False,BUK10159
BUK11523,2025-Anual,Anual,2025-12-10,3.61,2.98,3.36,Cumple lo esperado,False,BUK10159
BUK11523,2026-MidYear,Mid Year,2026-07-15,3.44,2.95,3.25,Cumple lo esperado,False,BUK10159
BUK11527,2026-MidYear,Mid Year,2026-07-15,3.61,3.2,3.45,Cumple lo esperado,False,BUK10093
BUK11528,2025-MidYear,Mid Year,2025-07-15,2.36,2.65,2.48,Bajo lo esperado,False,BUK10327
BUK11528,2025-Anual,Anual,2025-12-10,2.46,3.0,2.68,Bajo lo esperado,True,BUK10327
BUK11528,2026-MidYear,Mid Year,2026-07-15,2.77,3.12,2.91,Bajo lo esperado,False,BUK10327
BUK11529,2025-MidYear,Mid Year,2025-07-15,2.43,2.64,2.51,Bajo lo esperado,False,BUK12515
BUK11529,2025-Anual,Anual,2025-12-10,2.63,2.94,2.75,Bajo lo esperado,True,BUK12515
BUK11532,2024-Anual,Anual,2024-12-10,3.15,3.71,3.38,Cumple lo esperado,False,BUK10477
BUK11532,2025-MidYear,Mid Year,2025-07-15,2.96,3.19,3.05,Cumple lo esperado,False,BUK10477
BUK11532,2025-Anual,Anual,2025-12-10,3.91,3.44,3.72,Sobresaliente,False,BUK10477
BUK11533,2026-MidYear,Mid Year,2026-07-15,3.31,3.38,3.33,Cumple lo esperado,False,BUK11411
BUK11534,2025-MidYear,Mid Year,2025-07-15,3.04,3.2,3.1,Cumple lo esperado,False,BUK10233
BUK11534,2025-Anual,Anual,2025-12-10,3.05,3.08,3.06,Cumple lo esperado,False,BUK10233
BUK11534,2026-MidYear,Mid Year,2026-07-15,3.06,3.46,3.22,Cumple lo esperado,False,BUK10233
BUK11537,2026-MidYear,Mid Year,2026-07-15,3.83,3.96,3.88,Sobresaliente,False,BUK11580
BUK11539,2026-MidYear,Mid Year,2026-07-15,2.82,2.84,2.82,Bajo lo esperado,False,BUK12219
BUK11540,2026-MidYear,Mid Year,2026-07-15,3.06,3.17,3.1,Cumple lo esperado,False,BUK12104
BUK11541,2025-Anual,Anual,2025-12-10,3.39,3.24,3.33,Cumple lo esperado,False,BUK10900
BUK11541,2026-MidYear,Mid Year,2026-07-15,3.46,3.38,3.43,Cumple lo esperado,False,BUK10900
BUK11542,2025-MidYear,Mid Year,2025-07-15,3.35,3.38,3.36,Cumple lo esperado,False,BUK10478
BUK11542,2025-Anual,Anual,2025-12-10,3.73,3.82,3.76,Sobresaliente,False,BUK10478
BUK11542,2026-MidYear,Mid Year,2026-07-15,3.21,3.25,3.23,Cumple lo esperado,False,BUK10478
BUK11545,2026-MidYear,Mid Year,2026-07-15,3.09,3.25,3.15,Cumple lo esperado,False,BUK11717
BUK11546,2026-MidYear,Mid Year,2026-07-15,3.11,3.59,3.3,Cumple lo esperado,False,BUK12279
BUK11547,2024-Anual,Anual,2024-12-10,3.61,3.43,3.54,Sobresaliente,False,BUK11154
BUK11547,2025-MidYear,Mid Year,2025-07-15,3.34,3.06,3.23,Cumple lo esperado,False,BUK11154
BUK11547,2025-Anual,Anual,2025-12-10,3.5,2.99,3.3,Cumple lo esperado,False,BUK11154
BUK11547,2026-MidYear,Mid Year,2026-07-15,3.49,3.31,3.42,Cumple lo esperado,False,BUK11154
BUK11549,2026-MidYear,Mid Year,2026-07-15,3.78,3.36,3.61,Sobresaliente,False,BUK10708
BUK11550,2026-MidYear,Mid Year,2026-07-15,3.08,3.12,3.1,Cumple lo esperado,False,BUK11890
BUK11551,2024-Anual,Anual,2024-12-10,2.91,3.07,2.97,Bajo lo esperado,True,BUK11152
BUK11552,2026-MidYear,Mid Year,2026-07-15,3.1,3.62,3.31,Cumple lo esperado,False,BUK10604
BUK11553,2026-MidYear,Mid Year,2026-07-15,3.16,3.02,3.1,Cumple lo esperado,False,BUK10327
BUK11554,2024-Anual,Anual,2024-12-10,3.21,3.45,3.3,Cumple lo esperado,False,BUK11746
BUK11554,2025-MidYear,Mid Year,2025-07-15,3.02,3.53,3.22,Cumple lo esperado,False,BUK11746
BUK11554,2025-Anual,Anual,2025-12-10,3.37,3.6,3.46,Cumple lo esperado,False,BUK11746
BUK11554,2026-MidYear,Mid Year,2026-07-15,3.03,3.48,3.21,Cumple lo esperado,False,BUK11746
BUK11555,2024-Anual,Anual,2024-12-10,3.05,3.46,3.21,Cumple lo esperado,False,BUK12005
BUK11555,2025-MidYear,Mid Year,2025-07-15,3.99,3.41,3.76,Sobresaliente,False,BUK12005
BUK11555,2025-Anual,Anual,2025-12-10,3.35,3.26,3.31,Cumple lo esperado,False,BUK12005
BUK11555,2026-MidYear,Mid Year,2026-07-15,3.57,3.53,3.55,Sobresaliente,False,BUK12005
BUK11556,2025-MidYear,Mid Year,2025-07-15,3.58,3.53,3.56,Sobresaliente,False,
BUK11556,2025-Anual,Anual,2025-12-10,3.59,3.66,3.62,Sobresaliente,False,
BUK11556,2026-MidYear,Mid Year,2026-07-15,3.74,3.44,3.62,Sobresaliente,False,
BUK11557,2024-Anual,Anual,2024-12-10,2.91,2.47,2.74,Bajo lo esperado,True,BUK10262
BUK11557,2025-MidYear,Mid Year,2025-07-15,3.3,3.35,3.32,Cumple lo esperado,False,BUK10262
BUK11557,2025-Anual,Anual,2025-12-10,3.18,3.3,3.23,Cumple lo esperado,False,BUK10262
BUK11557,2026-MidYear,Mid Year,2026-07-15,2.99,3.34,3.13,Cumple lo esperado,False,BUK10262
BUK11559,2025-Anual,Anual,2025-12-10,3.62,3.28,3.48,Cumple lo esperado,False,BUK10289
BUK11559,2026-MidYear,Mid Year,2026-07-15,3.4,3.45,3.42,Cumple lo esperado,False,BUK10289
BUK11560,2025-Anual,Anual,2025-12-10,3.16,3.09,3.13,Cumple lo esperado,False,BUK11596
BUK11560,2026-MidYear,Mid Year,2026-07-15,3.31,3.56,3.41,Cumple lo esperado,False,BUK11596
BUK11562,2024-Anual,Anual,2024-12-10,3.07,2.83,2.97,Bajo lo esperado,True,BUK12641
BUK11563,2024-Anual,Anual,2024-12-10,2.41,2.66,2.51,Bajo lo esperado,True,BUK11301
BUK11564,2025-MidYear,Mid Year,2025-07-15,3.75,3.54,3.66,Sobresaliente,False,BUK10950
BUK11564,2025-Anual,Anual,2025-12-10,3.88,3.4,3.69,Sobresaliente,False,BUK10950
BUK11564,2026-MidYear,Mid Year,2026-07-15,3.87,3.56,3.75,Sobresaliente,False,BUK10950
BUK11565,2025-MidYear,Mid Year,2025-07-15,3.18,2.82,3.03,Cumple lo esperado,False,BUK10910
BUK11565,2025-Anual,Anual,2025-12-10,2.96,3.09,3.01,Cumple lo esperado,False,BUK10910
BUK11565,2026-MidYear,Mid Year,2026-07-15,2.86,2.97,2.9,Bajo lo esperado,False,BUK10910
BUK11566,2025-Anual,Anual,2025-12-10,3.35,2.93,3.18,Cumple lo esperado,False,BUK12310
BUK11566,2026-MidYear,Mid Year,2026-07-15,3.13,3.4,3.24,Cumple lo esperado,False,BUK12310
BUK11567,2025-MidYear,Mid Year,2025-07-15,3.5,3.51,3.5,Sobresaliente,False,BUK10241
BUK11567,2025-Anual,Anual,2025-12-10,3.53,3.53,3.53,Sobresaliente,False,BUK10241
BUK11567,2026-MidYear,Mid Year,2026-07-15,3.53,3.42,3.49,Cumple lo esperado,False,BUK10241
BUK11568,2026-MidYear,Mid Year,2026-07-15,2.84,3.18,2.97,Bajo lo esperado,False,BUK11186
BUK11569,2026-MidYear,Mid Year,2026-07-15,3.96,3.83,3.91,Sobresaliente,False,BUK10019
BUK11571,2025-MidYear,Mid Year,2025-07-15,3.56,3.69,3.62,Sobresaliente,False,BUK12499
BUK11571,2025-Anual,Anual,2025-12-10,3.92,3.58,3.79,Sobresaliente,False,BUK12499
BUK11571,2026-MidYear,Mid Year,2026-07-15,3.61,4.0,3.77,Sobresaliente,False,BUK12499
BUK11572,2025-Anual,Anual,2025-12-10,2.49,2.71,2.58,Bajo lo esperado,True,BUK10019
BUK11573,2025-MidYear,Mid Year,2025-07-15,2.79,2.49,2.67,Bajo lo esperado,False,BUK11816
BUK11573,2025-Anual,Anual,2025-12-10,2.83,2.78,2.81,Bajo lo esperado,True,BUK11816
BUK11573,2026-MidYear,Mid Year,2026-07-15,2.64,2.65,2.64,Bajo lo esperado,False,BUK11816
BUK11574,2025-Anual,Anual,2025-12-10,3.96,3.86,3.92,Sobresaliente,False,BUK11580
BUK11574,2026-MidYear,Mid Year,2026-07-15,3.62,3.35,3.51,Sobresaliente,False,BUK11580
BUK11575,2026-MidYear,Mid Year,2026-07-15,3.57,3.08,3.37,Cumple lo esperado,False,BUK10478
BUK11576,2024-Anual,Anual,2024-12-10,3.38,3.91,3.6,Sobresaliente,False,BUK11543
BUK11576,2025-MidYear,Mid Year,2025-07-15,3.61,3.33,3.49,Cumple lo esperado,False,BUK11543
BUK11576,2025-Anual,Anual,2025-12-10,3.61,3.81,3.69,Sobresaliente,False,BUK11543
BUK11576,2026-MidYear,Mid Year,2026-07-15,3.5,3.84,3.64,Sobresaliente,False,BUK11543
BUK11577,2026-MidYear,Mid Year,2026-07-15,2.99,3.21,3.08,Cumple lo esperado,False,BUK10928
BUK11578,2024-Anual,Anual,2024-12-10,3.27,3.12,3.21,Cumple lo esperado,False,BUK10118
BUK11578,2025-MidYear,Mid Year,2025-07-15,3.83,3.02,3.5,Sobresaliente,False,BUK10118
BUK11578,2025-Anual,Anual,2025-12-10,3.29,3.28,3.29,Cumple lo esperado,False,BUK10118
BUK11578,2026-MidYear,Mid Year,2026-07-15,3.19,3.35,3.25,Cumple lo esperado,False,BUK10118
BUK11579,2025-Anual,Anual,2025-12-10,3.56,3.89,3.69,Sobresaliente,False,BUK10250
BUK11579,2026-MidYear,Mid Year,2026-07-15,3.1,3.37,3.21,Cumple lo esperado,False,BUK10250
BUK11580,2024-Anual,Anual,2024-12-10,3.89,3.33,3.66,Sobresaliente,False,BUK11816
BUK11580,2025-MidYear,Mid Year,2025-07-15,3.57,3.36,3.48,Cumple lo esperado,False,BUK11816
BUK11580,2025-Anual,Anual,2025-12-10,3.4,3.23,3.33,Cumple lo esperado,False,BUK11816
BUK11580,2026-MidYear,Mid Year,2026-07-15,3.45,3.12,3.32,Cumple lo esperado,False,BUK11816
BUK11582,2024-Anual,Anual,2024-12-10,3.72,3.43,3.6,Sobresaliente,False,BUK11686
BUK11582,2025-MidYear,Mid Year,2025-07-15,3.52,3.53,3.53,Sobresaliente,False,BUK11686
BUK11582,2025-Anual,Anual,2025-12-10,3.44,3.62,3.51,Sobresaliente,False,BUK11686
BUK11582,2026-MidYear,Mid Year,2026-07-15,3.65,3.34,3.53,Sobresaliente,False,BUK11686
BUK11583,2024-Anual,Anual,2024-12-10,2.82,3.2,2.97,Bajo lo esperado,True,BUK12151
BUK11583,2025-MidYear,Mid Year,2025-07-15,2.9,3.14,2.99,Bajo lo esperado,False,BUK12151
BUK11583,2025-Anual,Anual,2025-12-10,2.78,2.75,2.77,Bajo lo esperado,True,BUK12151
BUK11583,2026-MidYear,Mid Year,2026-07-15,3.0,3.34,3.13,Cumple lo esperado,False,BUK12151
BUK11585,2026-MidYear,Mid Year,2026-07-15,3.41,3.15,3.31,Cumple lo esperado,False,BUK12472
BUK11587,2026-MidYear,Mid Year,2026-07-15,3.34,3.42,3.37,Cumple lo esperado,False,BUK12219
BUK11588,2025-MidYear,Mid Year,2025-07-15,3.33,3.56,3.42,Cumple lo esperado,False,BUK12496
BUK11588,2025-Anual,Anual,2025-12-10,3.75,3.88,3.8,Sobresaliente,False,BUK12496
BUK11588,2026-MidYear,Mid Year,2026-07-15,3.17,3.41,3.27,Cumple lo esperado,False,BUK12496
BUK11590,2024-Anual,Anual,2024-12-10,3.45,3.37,3.42,Cumple lo esperado,False,BUK12165
BUK11590,2025-MidYear,Mid Year,2025-07-15,3.34,3.27,3.31,Cumple lo esperado,False,BUK12165
BUK11590,2025-Anual,Anual,2025-12-10,3.33,3.33,3.33,Cumple lo esperado,False,BUK12165
BUK11590,2026-MidYear,Mid Year,2026-07-15,3.52,3.26,3.42,Cumple lo esperado,False,BUK12165
BUK11591,2026-MidYear,Mid Year,2026-07-15,3.21,2.82,3.06,Cumple lo esperado,False,BUK11001
BUK11593,2026-MidYear,Mid Year,2026-07-15,3.52,3.45,3.49,Cumple lo esperado,False,BUK12049
BUK11594,2025-MidYear,Mid Year,2025-07-15,3.34,3.41,3.37,Cumple lo esperado,False,BUK11345
BUK11594,2025-Anual,Anual,2025-12-10,3.28,3.38,3.32,Cumple lo esperado,False,BUK11345
BUK11594,2026-MidYear,Mid Year,2026-07-15,3.69,3.78,3.73,Sobresaliente,False,BUK11345
BUK11596,2024-Anual,Anual,2024-12-10,3.5,3.96,3.68,Sobresaliente,False,BUK10630
BUK11596,2025-MidYear,Mid Year,2025-07-15,3.66,4.0,3.79,Sobresaliente,False,BUK10630
BUK11596,2025-Anual,Anual,2025-12-10,4.0,3.92,3.97,Sobresaliente,False,BUK10630
BUK11596,2026-MidYear,Mid Year,2026-07-15,3.73,3.63,3.69,Sobresaliente,False,BUK10630
BUK11597,2024-Anual,Anual,2024-12-10,3.42,3.56,3.47,Cumple lo esperado,False,BUK10789
BUK11597,2025-MidYear,Mid Year,2025-07-15,3.15,3.34,3.23,Cumple lo esperado,False,BUK10789
BUK11597,2025-Anual,Anual,2025-12-10,3.54,3.31,3.44,Cumple lo esperado,False,BUK10789
BUK11597,2026-MidYear,Mid Year,2026-07-15,3.45,3.73,3.56,Sobresaliente,False,BUK10789
BUK11598,2025-Anual,Anual,2025-12-10,3.72,3.59,3.67,Sobresaliente,False,BUK10963
BUK11598,2026-MidYear,Mid Year,2026-07-15,3.73,3.49,3.64,Sobresaliente,False,BUK10963
BUK11599,2024-Anual,Anual,2024-12-10,2.97,3.27,3.09,Cumple lo esperado,False,BUK11875
BUK11599,2025-MidYear,Mid Year,2025-07-15,2.91,2.98,2.94,Bajo lo esperado,False,BUK11875
BUK11600,2024-Anual,Anual,2024-12-10,3.18,3.52,3.31,Cumple lo esperado,False,BUK10845
BUK11600,2025-MidYear,Mid Year,2025-07-15,3.44,3.32,3.39,Cumple lo esperado,False,BUK10845
BUK11600,2025-Anual,Anual,2025-12-10,3.43,3.33,3.39,Cumple lo esperado,False,BUK10845
BUK11600,2026-MidYear,Mid Year,2026-07-15,3.8,3.18,3.55,Sobresaliente,False,BUK10845
BUK11601,2025-MidYear,Mid Year,2025-07-15,3.49,3.08,3.33,Cumple lo esperado,False,BUK10627
BUK11601,2025-Anual,Anual,2025-12-10,3.69,3.6,3.65,Sobresaliente,False,BUK10627
BUK11601,2026-MidYear,Mid Year,2026-07-15,3.2,3.48,3.31,Cumple lo esperado,False,BUK10627
BUK11602,2024-Anual,Anual,2024-12-10,4.0,3.71,3.89,Sobresaliente,False,BUK10250
BUK11602,2025-MidYear,Mid Year,2025-07-15,3.44,3.36,3.41,Cumple lo esperado,False,BUK10250
BUK11602,2025-Anual,Anual,2025-12-10,3.62,3.33,3.5,Sobresaliente,False,BUK10250
BUK11602,2026-MidYear,Mid Year,2026-07-15,3.46,3.52,3.48,Cumple lo esperado,False,BUK10250
BUK11604,2024-Anual,Anual,2024-12-10,3.04,3.02,3.03,Cumple lo esperado,False,BUK10351
BUK11604,2025-MidYear,Mid Year,2025-07-15,3.29,3.36,3.32,Cumple lo esperado,False,BUK10351
BUK11604,2025-Anual,Anual,2025-12-10,2.99,3.11,3.04,Cumple lo esperado,False,BUK10351
BUK11604,2026-MidYear,Mid Year,2026-07-15,3.44,3.66,3.52,Sobresaliente,False,BUK10351
BUK11605,2024-Anual,Anual,2024-12-10,3.57,3.75,3.64,Sobresaliente,False,BUK11396
BUK11605,2025-MidYear,Mid Year,2025-07-15,3.42,3.67,3.52,Sobresaliente,False,BUK11396
BUK11605,2025-Anual,Anual,2025-12-10,3.63,3.42,3.55,Sobresaliente,False,BUK11396
BUK11605,2026-MidYear,Mid Year,2026-07-15,3.55,3.58,3.56,Sobresaliente,False,BUK11396
BUK11608,2024-Anual,Anual,2024-12-10,3.5,3.46,3.48,Cumple lo esperado,False,BUK10248
BUK11608,2025-MidYear,Mid Year,2025-07-15,3.73,3.87,3.78,Sobresaliente,False,BUK10248
BUK11608,2025-Anual,Anual,2025-12-10,3.71,3.84,3.76,Sobresaliente,False,BUK10248
BUK11608,2026-MidYear,Mid Year,2026-07-15,3.63,3.25,3.48,Cumple lo esperado,False,BUK10248
BUK11609,2025-MidYear,Mid Year,2025-07-15,3.48,3.43,3.46,Cumple lo esperado,False,BUK10348
BUK11609,2025-Anual,Anual,2025-12-10,3.4,3.25,3.34,Cumple lo esperado,False,BUK10348
BUK11609,2026-MidYear,Mid Year,2026-07-15,3.1,3.08,3.09,Cumple lo esperado,False,BUK10348
BUK11610,2025-MidYear,Mid Year,2025-07-15,3.62,3.09,3.41,Cumple lo esperado,False,BUK10812
BUK11611,2025-MidYear,Mid Year,2025-07-15,3.37,3.62,3.47,Cumple lo esperado,False,BUK10906
BUK11611,2025-Anual,Anual,2025-12-10,3.3,3.38,3.33,Cumple lo esperado,False,BUK10906
BUK11611,2026-MidYear,Mid Year,2026-07-15,3.66,3.42,3.57,Sobresaliente,False,BUK10906
BUK11612,2024-Anual,Anual,2024-12-10,3.68,3.85,3.75,Sobresaliente,False,BUK10789
BUK11612,2025-MidYear,Mid Year,2025-07-15,3.49,2.95,3.27,Cumple lo esperado,False,BUK10789
BUK11612,2025-Anual,Anual,2025-12-10,3.28,3.85,3.51,Sobresaliente,False,BUK10789
BUK11612,2026-MidYear,Mid Year,2026-07-15,3.65,3.57,3.62,Sobresaliente,False,BUK10789
BUK11613,2024-Anual,Anual,2024-12-10,2.94,3.48,3.16,Cumple lo esperado,False,BUK11487
BUK11613,2025-MidYear,Mid Year,2025-07-15,3.03,3.02,3.03,Cumple lo esperado,False,BUK11487
BUK11613,2025-Anual,Anual,2025-12-10,3.18,3.37,3.26,Cumple lo esperado,False,BUK11487
BUK11613,2026-MidYear,Mid Year,2026-07-15,3.04,2.97,3.01,Cumple lo esperado,False,BUK11487
BUK11614,2024-Anual,Anual,2024-12-10,3.7,3.82,3.75,Sobresaliente,False,BUK10083
BUK11614,2025-MidYear,Mid Year,2025-07-15,3.44,3.64,3.52,Sobresaliente,False,BUK10083
BUK11614,2025-Anual,Anual,2025-12-10,3.73,3.37,3.59,Sobresaliente,False,BUK10083
BUK11614,2026-MidYear,Mid Year,2026-07-15,3.08,3.48,3.24,Cumple lo esperado,False,BUK10083
BUK11615,2025-MidYear,Mid Year,2025-07-15,2.67,3.33,2.93,Bajo lo esperado,False,BUK10961
BUK11617,2026-MidYear,Mid Year,2026-07-15,3.38,3.36,3.37,Cumple lo esperado,False,BUK10798
BUK11618,2025-MidYear,Mid Year,2025-07-15,3.41,4.0,3.65,Sobresaliente,False,BUK10921
BUK11618,2025-Anual,Anual,2025-12-10,3.38,3.72,3.52,Sobresaliente,False,BUK10921
BUK11618,2026-MidYear,Mid Year,2026-07-15,3.23,3.25,3.23,Cumple lo esperado,False,BUK10921
BUK11621,2024-Anual,Anual,2024-12-10,2.79,3.21,2.96,Bajo lo esperado,True,BUK10029
BUK11621,2025-MidYear,Mid Year,2025-07-15,3.02,3.12,3.06,Cumple lo esperado,False,BUK10029
BUK11621,2025-Anual,Anual,2025-12-10,3.28,2.9,3.13,Cumple lo esperado,False,BUK10029
BUK11621,2026-MidYear,Mid Year,2026-07-15,2.92,3.08,2.98,Bajo lo esperado,False,BUK10029
BUK11622,2025-Anual,Anual,2025-12-10,3.32,3.49,3.39,Cumple lo esperado,False,BUK11435
BUK11622,2026-MidYear,Mid Year,2026-07-15,3.18,3.19,3.18,Cumple lo esperado,False,BUK11435
BUK11623,2025-Anual,Anual,2025-12-10,3.56,4.0,3.73,Sobresaliente,False,BUK10292
BUK11623,2026-MidYear,Mid Year,2026-07-15,3.34,3.19,3.28,Cumple lo esperado,False,BUK10292
BUK11624,2024-Anual,Anual,2024-12-10,2.96,3.48,3.17,Cumple lo esperado,False,BUK10250
BUK11624,2025-MidYear,Mid Year,2025-07-15,3.2,3.76,3.43,Cumple lo esperado,False,BUK10250
BUK11624,2025-Anual,Anual,2025-12-10,3.35,2.9,3.17,Cumple lo esperado,False,BUK10250
BUK11624,2026-MidYear,Mid Year,2026-07-15,2.95,3.15,3.03,Cumple lo esperado,False,BUK10250
BUK11625,2026-MidYear,Mid Year,2026-07-15,3.5,3.33,3.43,Cumple lo esperado,False,BUK12611
BUK11626,2026-MidYear,Mid Year,2026-07-15,3.25,3.47,3.34,Cumple lo esperado,False,BUK10800
BUK11628,2024-Anual,Anual,2024-12-10,2.7,3.1,2.86,Bajo lo esperado,True,BUK12554
BUK11628,2025-MidYear,Mid Year,2025-07-15,3.2,2.8,3.04,Cumple lo esperado,False,BUK12554
BUK11628,2025-Anual,Anual,2025-12-10,2.77,2.95,2.84,Bajo lo esperado,True,BUK12554
BUK11628,2026-MidYear,Mid Year,2026-07-15,2.91,2.92,2.92,Bajo lo esperado,False,BUK12554
BUK11629,2025-MidYear,Mid Year,2025-07-15,3.53,3.56,3.55,Sobresaliente,False,BUK11557
BUK11629,2025-Anual,Anual,2025-12-10,3.33,3.35,3.34,Cumple lo esperado,False,BUK11557
BUK11629,2026-MidYear,Mid Year,2026-07-15,3.44,3.54,3.48,Cumple lo esperado,False,BUK11557
BUK11630,2025-MidYear,Mid Year,2025-07-15,3.11,3.09,3.1,Cumple lo esperado,False,BUK10376
BUK11630,2025-Anual,Anual,2025-12-10,3.08,3.36,3.2,Cumple lo esperado,False,BUK10376
BUK11630,2026-MidYear,Mid Year,2026-07-15,3.26,3.01,3.16,Cumple lo esperado,False,BUK10376
BUK11631,2025-Anual,Anual,2025-12-10,3.26,3.04,3.17,Cumple lo esperado,False,BUK10607
BUK11631,2026-MidYear,Mid Year,2026-07-15,3.39,3.32,3.36,Cumple lo esperado,False,BUK10607
BUK11632,2026-MidYear,Mid Year,2026-07-15,3.52,3.52,3.52,Sobresaliente,False,BUK11154
BUK11633,2024-Anual,Anual,2024-12-10,3.34,3.27,3.31,Cumple lo esperado,False,BUK11543
BUK11633,2025-MidYear,Mid Year,2025-07-15,3.47,3.42,3.45,Cumple lo esperado,False,BUK11543
BUK11633,2025-Anual,Anual,2025-12-10,3.47,3.84,3.62,Sobresaliente,False,BUK11543
BUK11633,2026-MidYear,Mid Year,2026-07-15,3.43,3.51,3.46,Cumple lo esperado,False,BUK11543
BUK11634,2026-MidYear,Mid Year,2026-07-15,3.24,3.62,3.4,Cumple lo esperado,False,BUK12170
BUK11635,2025-MidYear,Mid Year,2025-07-15,2.73,3.14,2.89,Bajo lo esperado,False,BUK10910
BUK11635,2025-Anual,Anual,2025-12-10,2.7,2.92,2.79,Bajo lo esperado,True,BUK10910
BUK11635,2026-MidYear,Mid Year,2026-07-15,3.22,2.71,3.02,Cumple lo esperado,False,BUK10910
BUK11636,2024-Anual,Anual,2024-12-10,2.74,2.6,2.68,Bajo lo esperado,True,BUK12611
BUK11638,2024-Anual,Anual,2024-12-10,2.94,3.42,3.13,Cumple lo esperado,False,BUK11001
BUK11638,2025-MidYear,Mid Year,2025-07-15,2.95,3.16,3.03,Cumple lo esperado,False,BUK11001
BUK11638,2025-Anual,Anual,2025-12-10,3.01,3.15,3.07,Cumple lo esperado,False,BUK11001
BUK11638,2026-MidYear,Mid Year,2026-07-15,3.17,3.12,3.15,Cumple lo esperado,False,BUK11001
BUK11639,2024-Anual,Anual,2024-12-10,3.77,3.52,3.67,Sobresaliente,False,BUK12572
BUK11639,2025-MidYear,Mid Year,2025-07-15,2.86,3.4,3.08,Cumple lo esperado,False,BUK12572
BUK11639,2025-Anual,Anual,2025-12-10,3.58,3.65,3.61,Sobresaliente,False,BUK12572
BUK11639,2026-MidYear,Mid Year,2026-07-15,3.25,3.18,3.22,Cumple lo esperado,False,BUK12572
BUK11640,2026-MidYear,Mid Year,2026-07-15,3.01,3.42,3.18,Cumple lo esperado,False,BUK11921
BUK11641,2026-MidYear,Mid Year,2026-07-15,3.54,3.55,3.55,Sobresaliente,False,BUK12499
BUK11642,2025-Anual,Anual,2025-12-10,2.29,2.89,2.53,Bajo lo esperado,True,BUK12472
BUK11643,2026-MidYear,Mid Year,2026-07-15,3.07,3.16,3.11,Cumple lo esperado,False,BUK12606
BUK11644,2025-MidYear,Mid Year,2025-07-15,3.23,3.8,3.46,Cumple lo esperado,False,BUK10150
BUK11644,2025-Anual,Anual,2025-12-10,3.55,3.26,3.43,Cumple lo esperado,False,BUK10150
BUK11644,2026-MidYear,Mid Year,2026-07-15,3.19,3.9,3.47,Cumple lo esperado,False,BUK10150
BUK11645,2024-Anual,Anual,2024-12-10,3.47,3.54,3.5,Sobresaliente,False,BUK10867
BUK11645,2025-MidYear,Mid Year,2025-07-15,3.7,3.53,3.63,Sobresaliente,False,BUK10867
BUK11646,2025-Anual,Anual,2025-12-10,3.69,3.44,3.59,Sobresaliente,False,BUK10708
BUK11646,2026-MidYear,Mid Year,2026-07-15,3.43,4.0,3.66,Sobresaliente,False,BUK10708
BUK11647,2024-Anual,Anual,2024-12-10,3.59,3.42,3.52,Sobresaliente,False,BUK10970
BUK11647,2025-MidYear,Mid Year,2025-07-15,3.26,3.3,3.28,Cumple lo esperado,False,BUK10970
BUK11647,2025-Anual,Anual,2025-12-10,3.28,3.41,3.34,Cumple lo esperado,False,BUK10970
BUK11648,2025-MidYear,Mid Year,2025-07-15,4.0,4.0,4.0,Sobresaliente,False,BUK10867
BUK11648,2025-Anual,Anual,2025-12-10,3.8,3.54,3.7,Sobresaliente,False,BUK10867
BUK11648,2026-MidYear,Mid Year,2026-07-15,3.94,3.86,3.91,Sobresaliente,False,BUK10867
BUK11649,2025-MidYear,Mid Year,2025-07-15,3.44,3.31,3.39,Cumple lo esperado,False,BUK11396
BUK11649,2025-Anual,Anual,2025-12-10,3.34,3.46,3.38,Cumple lo esperado,False,BUK11396
BUK11649,2026-MidYear,Mid Year,2026-07-15,3.22,2.98,3.12,Cumple lo esperado,False,BUK11396
BUK11650,2025-MidYear,Mid Year,2025-07-15,3.92,3.64,3.81,Sobresaliente,False,BUK10250
BUK11650,2025-Anual,Anual,2025-12-10,3.5,3.51,3.5,Sobresaliente,False,BUK10250
BUK11650,2026-MidYear,Mid Year,2026-07-15,3.48,3.57,3.52,Sobresaliente,False,BUK10250
BUK11651,2024-Anual,Anual,2024-12-10,3.47,3.78,3.6,Sobresaliente,False,BUK11573
BUK11651,2025-MidYear,Mid Year,2025-07-15,3.51,3.09,3.34,Cumple lo esperado,False,BUK11573
BUK11651,2025-Anual,Anual,2025-12-10,3.23,3.34,3.28,Cumple lo esperado,False,BUK11573
BUK11651,2026-MidYear,Mid Year,2026-07-15,3.36,3.32,3.34,Cumple lo esperado,False,BUK11573
BUK11652,2024-Anual,Anual,2024-12-10,3.69,3.33,3.55,Sobresaliente,False,BUK12590
BUK11652,2025-MidYear,Mid Year,2025-07-15,3.45,3.76,3.58,Sobresaliente,False,BUK12590
BUK11652,2025-Anual,Anual,2025-12-10,2.94,3.81,3.29,Cumple lo esperado,False,BUK12590
BUK11652,2026-MidYear,Mid Year,2026-07-15,3.73,3.75,3.74,Sobresaliente,False,BUK12590
BUK11653,2026-MidYear,Mid Year,2026-07-15,3.83,3.45,3.68,Sobresaliente,False,BUK12572
BUK11654,2025-MidYear,Mid Year,2025-07-15,3.37,3.71,3.51,Sobresaliente,False,BUK10462
BUK11654,2025-Anual,Anual,2025-12-10,3.37,3.27,3.33,Cumple lo esperado,False,BUK10462
BUK11654,2026-MidYear,Mid Year,2026-07-15,3.29,3.17,3.24,Cumple lo esperado,False,BUK10462
BUK11655,2024-Anual,Anual,2024-12-10,3.44,3.67,3.53,Sobresaliente,False,BUK10708
BUK11655,2025-MidYear,Mid Year,2025-07-15,3.3,3.33,3.31,Cumple lo esperado,False,BUK10708
BUK11655,2025-Anual,Anual,2025-12-10,3.4,3.62,3.49,Cumple lo esperado,False,BUK10708
BUK11655,2026-MidYear,Mid Year,2026-07-15,3.79,3.93,3.85,Sobresaliente,False,BUK10708
BUK11656,2026-MidYear,Mid Year,2026-07-15,3.56,3.3,3.45,Cumple lo esperado,False,BUK10156
BUK11657,2026-MidYear,Mid Year,2026-07-15,3.06,2.65,2.89,Bajo lo esperado,False,BUK11345
BUK11658,2025-Anual,Anual,2025-12-10,3.46,2.94,3.25,Cumple lo esperado,False,BUK10852
BUK11658,2026-MidYear,Mid Year,2026-07-15,3.39,3.15,3.29,Cumple lo esperado,False,BUK10852
BUK11659,2024-Anual,Anual,2024-12-10,4.0,4.0,4.0,Sobresaliente,False,BUK11473
BUK11659,2025-MidYear,Mid Year,2025-07-15,4.0,3.94,3.98,Sobresaliente,False,BUK11473
BUK11659,2025-Anual,Anual,2025-12-10,3.89,4.0,3.93,Sobresaliente,False,BUK11473
BUK11659,2026-MidYear,Mid Year,2026-07-15,3.75,4.0,3.85,Sobresaliente,False,BUK11473
BUK11660,2024-Anual,Anual,2024-12-10,3.32,3.44,3.37,Cumple lo esperado,False,BUK11058
BUK11660,2025-MidYear,Mid Year,2025-07-15,3.18,3.14,3.17,Cumple lo esperado,False,BUK11058
BUK11660,2025-Anual,Anual,2025-12-10,3.84,3.19,3.58,Sobresaliente,False,BUK11058
BUK11660,2026-MidYear,Mid Year,2026-07-15,3.71,3.33,3.55,Sobresaliente,False,BUK11058
BUK11661,2026-MidYear,Mid Year,2026-07-15,3.26,3.63,3.41,Cumple lo esperado,False,BUK10949
BUK11662,2026-MidYear,Mid Year,2026-07-15,3.13,3.26,3.18,Cumple lo esperado,False,BUK12458
BUK11663,2025-MidYear,Mid Year,2025-07-15,3.97,3.55,3.8,Sobresaliente,False,BUK12572
BUK11663,2025-Anual,Anual,2025-12-10,3.78,4.0,3.87,Sobresaliente,False,BUK12572
BUK11663,2026-MidYear,Mid Year,2026-07-15,3.68,3.72,3.7,Sobresaliente,False,BUK12572
BUK11664,2026-MidYear,Mid Year,2026-07-15,2.47,2.92,2.65,Bajo lo esperado,False,BUK11058
BUK11666,2026-MidYear,Mid Year,2026-07-15,3.37,3.5,3.42,Cumple lo esperado,False,BUK10812
BUK11667,2024-Anual,Anual,2024-12-10,3.8,3.82,3.81,Sobresaliente,False,BUK12310
BUK11667,2025-MidYear,Mid Year,2025-07-15,3.65,3.64,3.64,Sobresaliente,False,BUK12310
BUK11667,2025-Anual,Anual,2025-12-10,3.29,3.46,3.36,Cumple lo esperado,False,BUK12310
BUK11667,2026-MidYear,Mid Year,2026-07-15,3.65,3.84,3.73,Sobresaliente,False,BUK12310
BUK11668,2025-Anual,Anual,2025-12-10,2.73,3.23,2.93,Bajo lo esperado,True,BUK11730
BUK11668,2026-MidYear,Mid Year,2026-07-15,3.06,2.7,2.91,Bajo lo esperado,False,BUK11730
BUK11669,2025-Anual,Anual,2025-12-10,3.16,3.35,3.23,Cumple lo esperado,False,BUK10326
BUK11669,2026-MidYear,Mid Year,2026-07-15,3.5,3.19,3.38,Cumple lo esperado,False,BUK10326
BUK11670,2025-Anual,Anual,2025-12-10,3.54,3.5,3.52,Sobresaliente,False,BUK12266
BUK11673,2025-Anual,Anual,2025-12-10,3.46,3.16,3.34,Cumple lo esperado,False,BUK11607
BUK11673,2026-MidYear,Mid Year,2026-07-15,3.2,3.15,3.18,Cumple lo esperado,False,BUK11607
BUK11674,2025-Anual,Anual,2025-12-10,3.44,3.25,3.36,Cumple lo esperado,False,BUK10574
BUK11674,2026-MidYear,Mid Year,2026-07-15,3.2,3.57,3.35,Cumple lo esperado,False,BUK10574
BUK11675,2026-MidYear,Mid Year,2026-07-15,2.95,3.06,2.99,Bajo lo esperado,False,BUK12499
BUK11676,2024-Anual,Anual,2024-12-10,3.71,3.68,3.7,Sobresaliente,False,BUK12563
BUK11676,2025-MidYear,Mid Year,2025-07-15,3.37,3.77,3.53,Sobresaliente,False,BUK12563
BUK11676,2025-Anual,Anual,2025-12-10,4.0,3.12,3.65,Sobresaliente,False,BUK12563
BUK11678,2026-MidYear,Mid Year,2026-07-15,3.24,3.55,3.36,Cumple lo esperado,False,BUK10403
BUK11679,2026-MidYear,Mid Year,2026-07-15,2.96,3.7,3.26,Cumple lo esperado,False,BUK10140
BUK11680,2026-MidYear,Mid Year,2026-07-15,2.86,3.68,3.19,Cumple lo esperado,False,BUK10181
BUK11681,2024-Anual,Anual,2024-12-10,3.49,3.77,3.6,Sobresaliente,False,BUK10650
BUK11681,2025-MidYear,Mid Year,2025-07-15,3.38,3.85,3.57,Sobresaliente,False,BUK10650
BUK11681,2025-Anual,Anual,2025-12-10,3.56,3.45,3.52,Sobresaliente,False,BUK10650
BUK11681,2026-MidYear,Mid Year,2026-07-15,3.77,3.53,3.67,Sobresaliente,False,BUK10650
BUK11684,2026-MidYear,Mid Year,2026-07-15,3.66,3.1,3.44,Cumple lo esperado,False,BUK10302
BUK11685,2024-Anual,Anual,2024-12-10,3.31,3.41,3.35,Cumple lo esperado,False,BUK11580
BUK11685,2025-MidYear,Mid Year,2025-07-15,3.28,3.3,3.29,Cumple lo esperado,False,BUK11580
BUK11685,2025-Anual,Anual,2025-12-10,3.02,3.55,3.23,Cumple lo esperado,False,BUK11580
BUK11685,2026-MidYear,Mid Year,2026-07-15,3.58,3.52,3.55,Sobresaliente,False,BUK11580
BUK11686,2024-Anual,Anual,2024-12-10,3.71,3.77,3.74,Sobresaliente,False,
BUK11686,2025-MidYear,Mid Year,2025-07-15,3.08,3.47,3.23,Cumple lo esperado,False,
BUK11686,2025-Anual,Anual,2025-12-10,3.62,3.56,3.6,Sobresaliente,False,
BUK11686,2026-MidYear,Mid Year,2026-07-15,3.59,3.5,3.56,Sobresaliente,False,
BUK11687,2025-MidYear,Mid Year,2025-07-15,3.39,3.46,3.41,Cumple lo esperado,False,BUK10804
BUK11687,2025-Anual,Anual,2025-12-10,3.28,3.72,3.46,Cumple lo esperado,False,BUK10804
BUK11687,2026-MidYear,Mid Year,2026-07-15,3.58,3.24,3.44,Cumple lo esperado,False,BUK10804
BUK11688,2024-Anual,Anual,2024-12-10,3.65,3.11,3.44,Cumple lo esperado,False,BUK10949
BUK11688,2025-MidYear,Mid Year,2025-07-15,3.58,3.49,3.54,Sobresaliente,False,BUK10949
BUK11688,2025-Anual,Anual,2025-12-10,3.12,3.3,3.19,Cumple lo esperado,False,BUK10949
BUK11688,2026-MidYear,Mid Year,2026-07-15,3.54,2.98,3.31,Cumple lo esperado,False,BUK10949
BUK11689,2025-MidYear,Mid Year,2025-07-15,3.34,3.19,3.28,Cumple lo esperado,False,BUK11373
BUK11689,2025-Anual,Anual,2025-12-10,2.98,3.55,3.21,Cumple lo esperado,False,BUK11373
BUK11689,2026-MidYear,Mid Year,2026-07-15,3.29,3.48,3.37,Cumple lo esperado,False,BUK11373
BUK11690,2024-Anual,Anual,2024-12-10,3.6,3.54,3.58,Sobresaliente,False,BUK12458
BUK11690,2025-MidYear,Mid Year,2025-07-15,3.11,3.48,3.26,Cumple lo esperado,False,BUK12458
BUK11690,2025-Anual,Anual,2025-12-10,3.74,3.14,3.5,Sobresaliente,False,BUK12458
BUK11690,2026-MidYear,Mid Year,2026-07-15,3.45,3.54,3.48,Cumple lo esperado,False,BUK12458
BUK11691,2025-Anual,Anual,2025-12-10,3.44,3.3,3.38,Cumple lo esperado,False,BUK10394
BUK11691,2026-MidYear,Mid Year,2026-07-15,3.41,3.42,3.42,Cumple lo esperado,False,BUK10394
BUK11692,2026-MidYear,Mid Year,2026-07-15,2.63,3.15,2.84,Bajo lo esperado,False,BUK11837
BUK11693,2026-MidYear,Mid Year,2026-07-15,3.08,3.42,3.21,Cumple lo esperado,False,BUK10950
BUK11694,2025-MidYear,Mid Year,2025-07-15,3.62,3.66,3.64,Sobresaliente,False,BUK10478
BUK11694,2025-Anual,Anual,2025-12-10,3.83,3.63,3.75,Sobresaliente,False,BUK10478
BUK11694,2026-MidYear,Mid Year,2026-07-15,3.78,4.0,3.87,Sobresaliente,False,BUK10478
BUK11695,2024-Anual,Anual,2024-12-10,3.29,3.7,3.46,Cumple lo esperado,False,BUK12529
BUK11695,2025-MidYear,Mid Year,2025-07-15,3.04,3.59,3.26,Cumple lo esperado,False,BUK12529
BUK11695,2025-Anual,Anual,2025-12-10,3.06,3.22,3.12,Cumple lo esperado,False,BUK12529
BUK11696,2025-MidYear,Mid Year,2025-07-15,3.02,3.18,3.09,Cumple lo esperado,False,BUK11573
BUK11696,2025-Anual,Anual,2025-12-10,2.92,3.24,3.05,Cumple lo esperado,False,BUK11573
BUK11696,2026-MidYear,Mid Year,2026-07-15,3.0,3.42,3.17,Cumple lo esperado,False,BUK11573
BUK11697,2024-Anual,Anual,2024-12-10,3.65,3.75,3.69,Sobresaliente,False,BUK12170
BUK11697,2025-MidYear,Mid Year,2025-07-15,3.38,3.5,3.43,Cumple lo esperado,False,BUK12170
BUK11697,2025-Anual,Anual,2025-12-10,3.33,3.27,3.31,Cumple lo esperado,False,BUK12170
BUK11697,2026-MidYear,Mid Year,2026-07-15,3.03,2.95,2.99,Bajo lo esperado,False,BUK12170
BUK11698,2026-MidYear,Mid Year,2026-07-15,2.86,3.17,2.99,Bajo lo esperado,False,BUK10250
BUK11699,2024-Anual,Anual,2024-12-10,3.13,3.35,3.22,Cumple lo esperado,False,BUK10796
BUK11699,2025-MidYear,Mid Year,2025-07-15,3.62,3.17,3.44,Cumple lo esperado,False,BUK10796
BUK11699,2025-Anual,Anual,2025-12-10,3.38,3.86,3.57,Sobresaliente,False,BUK10796
BUK11699,2026-MidYear,Mid Year,2026-07-15,3.62,3.68,3.64,Sobresaliente,False,BUK10796
BUK11700,2025-MidYear,Mid Year,2025-07-15,3.53,3.11,3.37,Cumple lo esperado,False,BUK11731
BUK11700,2025-Anual,Anual,2025-12-10,3.45,3.55,3.49,Cumple lo esperado,False,BUK11731
BUK11700,2026-MidYear,Mid Year,2026-07-15,3.18,3.69,3.38,Cumple lo esperado,False,BUK11731
BUK11701,2025-MidYear,Mid Year,2025-07-15,3.29,3.64,3.43,Cumple lo esperado,False,BUK12218
BUK11701,2025-Anual,Anual,2025-12-10,3.41,3.36,3.39,Cumple lo esperado,False,BUK12218
BUK11702,2024-Anual,Anual,2024-12-10,3.39,3.89,3.59,Sobresaliente,False,BUK10800
BUK11702,2025-MidYear,Mid Year,2025-07-15,3.58,3.43,3.52,Sobresaliente,False,BUK10800
BUK11702,2025-Anual,Anual,2025-12-10,3.62,3.98,3.77,Sobresaliente,False,BUK10800
BUK11702,2026-MidYear,Mid Year,2026-07-15,3.54,4.0,3.72,Sobresaliente,False,BUK10800
BUK11703,2025-MidYear,Mid Year,2025-07-15,3.06,3.3,3.16,Cumple lo esperado,False,BUK11881
BUK11703,2025-Anual,Anual,2025-12-10,3.69,3.39,3.57,Sobresaliente,False,BUK11881
BUK11703,2026-MidYear,Mid Year,2026-07-15,3.23,3.33,3.27,Cumple lo esperado,False,BUK11881
BUK11704,2025-Anual,Anual,2025-12-10,3.59,3.56,3.58,Sobresaliente,False,BUK12537
BUK11704,2026-MidYear,Mid Year,2026-07-15,3.69,3.33,3.54,Sobresaliente,False,BUK12537
BUK11706,2026-MidYear,Mid Year,2026-07-15,3.78,3.34,3.6,Sobresaliente,False,BUK11009
BUK11707,2024-Anual,Anual,2024-12-10,2.87,3.34,3.06,Cumple lo esperado,False,BUK10906
BUK11707,2025-MidYear,Mid Year,2025-07-15,2.97,3.53,3.19,Cumple lo esperado,False,BUK10906
BUK11707,2025-Anual,Anual,2025-12-10,3.03,3.4,3.18,Cumple lo esperado,False,BUK10906
BUK11707,2026-MidYear,Mid Year,2026-07-15,2.99,3.37,3.15,Cumple lo esperado,False,BUK10906
BUK11709,2026-MidYear,Mid Year,2026-07-15,3.36,3.66,3.48,Cumple lo esperado,False,BUK12081
BUK11711,2025-MidYear,Mid Year,2025-07-15,4.0,3.89,3.96,Sobresaliente,False,BUK11827
BUK11711,2025-Anual,Anual,2025-12-10,3.73,3.41,3.6,Sobresaliente,False,BUK11827
BUK11711,2026-MidYear,Mid Year,2026-07-15,3.57,4.0,3.74,Sobresaliente,False,BUK11827
BUK11712,2025-Anual,Anual,2025-12-10,3.66,3.37,3.54,Sobresaliente,False,BUK10714
BUK11712,2026-MidYear,Mid Year,2026-07-15,3.56,3.83,3.67,Sobresaliente,False,BUK10714
BUK11713,2024-Anual,Anual,2024-12-10,2.76,2.67,2.72,Bajo lo esperado,True,BUK11027
BUK11713,2025-MidYear,Mid Year,2025-07-15,2.84,2.48,2.69,Bajo lo esperado,False,BUK11027
BUK11713,2025-Anual,Anual,2025-12-10,2.53,2.93,2.69,Bajo lo esperado,True,BUK11027
BUK11713,2026-MidYear,Mid Year,2026-07-15,2.48,2.76,2.59,Bajo lo esperado,False,BUK11027
BUK11714,2026-MidYear,Mid Year,2026-07-15,3.48,3.69,3.57,Sobresaliente,False,BUK11881
BUK11715,2025-MidYear,Mid Year,2025-07-15,3.61,3.92,3.73,Sobresaliente,False,BUK11154
BUK11715,2025-Anual,Anual,2025-12-10,3.87,3.63,3.77,Sobresaliente,False,BUK11154
BUK11715,2026-MidYear,Mid Year,2026-07-15,3.89,3.66,3.8,Sobresaliente,False,BUK11154
BUK11716,2026-MidYear,Mid Year,2026-07-15,3.57,3.38,3.49,Cumple lo esperado,False,BUK10140
BUK11717,2024-Anual,Anual,2024-12-10,3.61,3.33,3.5,Sobresaliente,False,BUK10684
BUK11718,2025-Anual,Anual,2025-12-10,2.86,3.29,3.03,Cumple lo esperado,False,BUK11267
BUK11718,2026-MidYear,Mid Year,2026-07-15,3.04,3.34,3.16,Cumple lo esperado,False,BUK11267
BUK11719,2024-Anual,Anual,2024-12-10,2.81,2.71,2.77,Bajo lo esperado,True,BUK11244
BUK11720,2024-Anual,Anual,2024-12-10,3.32,3.54,3.41,Cumple lo esperado,False,BUK11993
BUK11721,2024-Anual,Anual,2024-12-10,3.3,3.66,3.44,Cumple lo esperado,False,BUK10975
BUK11721,2025-MidYear,Mid Year,2025-07-15,3.78,3.71,3.75,Sobresaliente,False,BUK10975
BUK11721,2025-Anual,Anual,2025-12-10,3.5,3.72,3.58,Sobresaliente,False,BUK10975
BUK11721,2026-MidYear,Mid Year,2026-07-15,3.68,3.62,3.65,Sobresaliente,False,BUK10975
BUK11722,2025-Anual,Anual,2025-12-10,2.83,3.11,2.94,Bajo lo esperado,True,BUK11573
BUK11722,2026-MidYear,Mid Year,2026-07-15,3.03,3.36,3.16,Cumple lo esperado,False,BUK11573
BUK11723,2026-MidYear,Mid Year,2026-07-15,3.2,3.65,3.38,Cumple lo esperado,False,BUK10248
BUK11724,2026-MidYear,Mid Year,2026-07-15,2.79,2.54,2.69,Bajo lo esperado,False,BUK12572
BUK11725,2024-Anual,Anual,2024-12-10,3.71,3.38,3.58,Sobresaliente,False,BUK10122
BUK11725,2025-MidYear,Mid Year,2025-07-15,3.37,3.28,3.33,Cumple lo esperado,False,BUK10122
BUK11725,2025-Anual,Anual,2025-12-10,3.32,3.39,3.35,Cumple lo esperado,False,BUK10122
BUK11725,2026-MidYear,Mid Year,2026-07-15,3.76,3.44,3.64,Sobresaliente,False,BUK10122
BUK11727,2026-MidYear,Mid Year,2026-07-15,3.47,3.61,3.53,Sobresaliente,False,BUK10780
BUK11728,2025-Anual,Anual,2025-12-10,3.72,3.7,3.71,Sobresaliente,False,BUK11396
BUK11729,2026-MidYear,Mid Year,2026-07-15,3.84,3.65,3.76,Sobresaliente,False,BUK12049
BUK11733,2024-Anual,Anual,2024-12-10,3.87,4.0,3.92,Sobresaliente,False,BUK10331
BUK11733,2025-MidYear,Mid Year,2025-07-15,3.78,3.92,3.84,Sobresaliente,False,BUK10331
BUK11733,2025-Anual,Anual,2025-12-10,4.0,3.96,3.98,Sobresaliente,False,BUK10331
BUK11733,2026-MidYear,Mid Year,2026-07-15,4.0,3.93,3.97,Sobresaliente,False,BUK10331
BUK11734,2024-Anual,Anual,2024-12-10,3.46,3.25,3.38,Cumple lo esperado,False,BUK11070
BUK11734,2025-MidYear,Mid Year,2025-07-15,3.82,3.21,3.58,Sobresaliente,False,BUK11070
BUK11734,2025-Anual,Anual,2025-12-10,3.43,3.17,3.33,Cumple lo esperado,False,BUK11070
BUK11734,2026-MidYear,Mid Year,2026-07-15,3.22,3.3,3.25,Cumple lo esperado,False,BUK11070
BUK11735,2024-Anual,Anual,2024-12-10,3.41,3.76,3.55,Sobresaliente,False,BUK12278
BUK11735,2025-MidYear,Mid Year,2025-07-15,3.55,3.32,3.46,Cumple lo esperado,False,BUK12278
BUK11735,2025-Anual,Anual,2025-12-10,3.37,3.42,3.39,Cumple lo esperado,False,BUK12278
BUK11735,2026-MidYear,Mid Year,2026-07-15,3.65,3.26,3.49,Cumple lo esperado,False,BUK12278
BUK11736,2024-Anual,Anual,2024-12-10,3.3,3.18,3.25,Cumple lo esperado,False,BUK10900
BUK11736,2025-MidYear,Mid Year,2025-07-15,3.33,3.34,3.34,Cumple lo esperado,False,BUK10900
BUK11736,2025-Anual,Anual,2025-12-10,3.11,3.71,3.35,Cumple lo esperado,False,BUK10900
BUK11736,2026-MidYear,Mid Year,2026-07-15,3.37,3.28,3.34,Cumple lo esperado,False,BUK10900
BUK11737,2024-Anual,Anual,2024-12-10,3.61,3.65,3.62,Sobresaliente,False,BUK10453
BUK11737,2025-MidYear,Mid Year,2025-07-15,3.56,3.34,3.47,Cumple lo esperado,False,BUK10453
BUK11737,2025-Anual,Anual,2025-12-10,3.01,3.91,3.37,Cumple lo esperado,False,BUK10453
BUK11737,2026-MidYear,Mid Year,2026-07-15,3.33,3.58,3.43,Cumple lo esperado,False,BUK10453
BUK11738,2024-Anual,Anual,2024-12-10,3.53,3.3,3.44,Cumple lo esperado,False,BUK10667
BUK11738,2025-MidYear,Mid Year,2025-07-15,3.58,3.47,3.54,Sobresaliente,False,BUK10667
BUK11738,2025-Anual,Anual,2025-12-10,3.32,3.58,3.42,Cumple lo esperado,False,BUK10667
BUK11738,2026-MidYear,Mid Year,2026-07-15,3.52,3.59,3.55,Sobresaliente,False,BUK10667
BUK11739,2024-Anual,Anual,2024-12-10,3.17,3.5,3.3,Cumple lo esperado,False,BUK10844
BUK11739,2025-MidYear,Mid Year,2025-07-15,3.33,3.55,3.42,Cumple lo esperado,False,BUK10844
BUK11739,2025-Anual,Anual,2025-12-10,3.4,3.37,3.39,Cumple lo esperado,False,BUK10844
BUK11739,2026-MidYear,Mid Year,2026-07-15,3.28,3.19,3.24,Cumple lo esperado,False,BUK10844
BUK11742,2025-Anual,Anual,2025-12-10,3.64,3.42,3.55,Sobresaliente,False,BUK12283
BUK11742,2026-MidYear,Mid Year,2026-07-15,3.43,3.21,3.34,Cumple lo esperado,False,BUK12283
BUK11743,2025-MidYear,Mid Year,2025-07-15,3.07,3.26,3.15,Cumple lo esperado,False,BUK10250
BUK11743,2025-Anual,Anual,2025-12-10,3.0,3.23,3.09,Cumple lo esperado,False,BUK10250
BUK11744,2024-Anual,Anual,2024-12-10,2.4,2.66,2.5,Bajo lo esperado,True,BUK10019
BUK11744,2025-MidYear,Mid Year,2025-07-15,2.9,3.08,2.97,Bajo lo esperado,False,BUK10019
BUK11744,2025-Anual,Anual,2025-12-10,2.88,2.83,2.86,Bajo lo esperado,True,BUK10019
BUK11744,2026-MidYear,Mid Year,2026-07-15,2.53,2.89,2.67,Bajo lo esperado,False,BUK10019
BUK11746,2026-MidYear,Mid Year,2026-07-15,3.35,3.58,3.44,Cumple lo esperado,False,BUK12566
BUK11747,2026-MidYear,Mid Year,2026-07-15,3.06,3.39,3.19,Cumple lo esperado,False,BUK10394
BUK11748,2024-Anual,Anual,2024-12-10,3.4,3.24,3.34,Cumple lo esperado,False,BUK12254
BUK11750,2025-MidYear,Mid Year,2025-07-15,3.3,3.41,3.35,Cumple lo esperado,False,BUK10866
BUK11750,2025-Anual,Anual,2025-12-10,3.3,3.91,3.54,Sobresaliente,False,BUK10866
BUK11750,2026-MidYear,Mid Year,2026-07-15,3.58,3.36,3.49,Cumple lo esperado,False,BUK10866
BUK11751,2024-Anual,Anual,2024-12-10,3.31,3.22,3.28,Cumple lo esperado,False,BUK11747
BUK11751,2025-MidYear,Mid Year,2025-07-15,3.43,3.27,3.37,Cumple lo esperado,False,BUK11747
BUK11751,2025-Anual,Anual,2025-12-10,3.37,3.3,3.34,Cumple lo esperado,False,BUK11747
BUK11751,2026-MidYear,Mid Year,2026-07-15,3.52,3.21,3.4,Cumple lo esperado,False,BUK11747
BUK11752,2024-Anual,Anual,2024-12-10,3.46,2.92,3.24,Cumple lo esperado,False,BUK10883
BUK11752,2025-MidYear,Mid Year,2025-07-15,3.43,3.31,3.38,Cumple lo esperado,False,BUK10883
BUK11752,2025-Anual,Anual,2025-12-10,3.14,3.44,3.26,Cumple lo esperado,False,BUK10883
BUK11752,2026-MidYear,Mid Year,2026-07-15,2.99,2.88,2.95,Bajo lo esperado,False,BUK10883
BUK11753,2025-Anual,Anual,2025-12-10,3.17,3.03,3.12,Cumple lo esperado,False,BUK12590
BUK11753,2026-MidYear,Mid Year,2026-07-15,3.47,3.51,3.49,Cumple lo esperado,False,BUK12590
BUK11754,2024-Anual,Anual,2024-12-10,3.16,3.67,3.36,Cumple lo esperado,False,BUK11546
BUK11754,2025-MidYear,Mid Year,2025-07-15,3.44,3.29,3.38,Cumple lo esperado,False,BUK11546
BUK11754,2025-Anual,Anual,2025-12-10,3.02,3.55,3.23,Cumple lo esperado,False,BUK11546
BUK11754,2026-MidYear,Mid Year,2026-07-15,3.25,3.39,3.31,Cumple lo esperado,False,BUK11546
BUK11755,2025-Anual,Anual,2025-12-10,3.71,3.35,3.57,Sobresaliente,False,BUK10093
BUK11756,2026-MidYear,Mid Year,2026-07-15,3.3,2.96,3.17,Cumple lo esperado,False,
BUK11757,2025-MidYear,Mid Year,2025-07-15,3.34,3.34,3.34,Cumple lo esperado,False,BUK11656
BUK11757,2025-Anual,Anual,2025-12-10,3.39,3.28,3.35,Cumple lo esperado,False,BUK11656
BUK11757,2026-MidYear,Mid Year,2026-07-15,3.5,3.46,3.48,Cumple lo esperado,False,BUK11656
BUK11758,2025-MidYear,Mid Year,2025-07-15,2.38,3.01,2.64,Bajo lo esperado,False,BUK12554
BUK11758,2025-Anual,Anual,2025-12-10,2.82,2.81,2.81,Bajo lo esperado,True,BUK12554
BUK11759,2024-Anual,Anual,2024-12-10,3.47,3.29,3.4,Cumple lo esperado,False,BUK10442
BUK11759,2025-MidYear,Mid Year,2025-07-15,3.6,3.83,3.69,Sobresaliente,False,BUK10442
BUK11759,2025-Anual,Anual,2025-12-10,3.1,3.68,3.34,Cumple lo esperado,False,BUK10442
BUK11759,2026-MidYear,Mid Year,2026-07-15,3.48,3.79,3.6,Sobresaliente,False,BUK10442
BUK11760,2025-MidYear,Mid Year,2025-07-15,3.61,3.15,3.43,Cumple lo esperado,False,BUK10248
BUK11760,2025-Anual,Anual,2025-12-10,3.33,3.72,3.48,Cumple lo esperado,False,BUK10248
BUK11760,2026-MidYear,Mid Year,2026-07-15,3.43,3.43,3.43,Cumple lo esperado,False,BUK10248
BUK11761,2024-Anual,Anual,2024-12-10,3.24,3.35,3.28,Cumple lo esperado,False,BUK11177
BUK11761,2025-MidYear,Mid Year,2025-07-15,3.65,3.66,3.65,Sobresaliente,False,BUK11177
BUK11761,2025-Anual,Anual,2025-12-10,3.55,3.62,3.58,Sobresaliente,False,BUK11177
BUK11761,2026-MidYear,Mid Year,2026-07-15,3.67,3.36,3.54,Sobresaliente,False,BUK11177
BUK11763,2024-Anual,Anual,2024-12-10,3.19,3.5,3.31,Cumple lo esperado,False,BUK11487
BUK11763,2025-MidYear,Mid Year,2025-07-15,3.57,3.29,3.46,Cumple lo esperado,False,BUK11487
BUK11763,2025-Anual,Anual,2025-12-10,3.71,3.66,3.69,Sobresaliente,False,BUK11487
BUK11763,2026-MidYear,Mid Year,2026-07-15,3.88,3.51,3.73,Sobresaliente,False,BUK11487
BUK11764,2026-MidYear,Mid Year,2026-07-15,3.27,3.31,3.29,Cumple lo esperado,False,BUK10866
BUK11765,2024-Anual,Anual,2024-12-10,3.52,3.66,3.57,Sobresaliente,False,BUK11746
BUK11765,2025-MidYear,Mid Year,2025-07-15,3.56,3.79,3.65,Sobresaliente,False,BUK11746
BUK11765,2025-Anual,Anual,2025-12-10,3.4,3.5,3.44,Cumple lo esperado,False,BUK11746
BUK11766,2026-MidYear,Mid Year,2026-07-15,3.87,3.77,3.83,Sobresaliente,False,BUK10689
BUK11767,2025-MidYear,Mid Year,2025-07-15,2.87,2.72,2.81,Bajo lo esperado,False,BUK10963
BUK11767,2025-Anual,Anual,2025-12-10,2.9,2.92,2.91,Bajo lo esperado,True,BUK10963
BUK11767,2026-MidYear,Mid Year,2026-07-15,3.15,3.14,3.15,Cumple lo esperado,False,BUK10963
BUK11768,2024-Anual,Anual,2024-12-10,3.14,3.82,3.41,Cumple lo esperado,False,BUK11276
BUK11768,2025-MidYear,Mid Year,2025-07-15,3.75,3.55,3.67,Sobresaliente,False,BUK11276
BUK11768,2025-Anual,Anual,2025-12-10,3.52,3.55,3.53,Sobresaliente,False,BUK11276
BUK11768,2026-MidYear,Mid Year,2026-07-15,3.36,4.0,3.61,Sobresaliente,False,BUK11276
BUK11769,2025-Anual,Anual,2025-12-10,3.61,3.53,3.58,Sobresaliente,False,BUK11557
BUK11770,2026-MidYear,Mid Year,2026-07-15,3.39,3.16,3.3,Cumple lo esperado,False,BUK12590
BUK11771,2025-MidYear,Mid Year,2025-07-15,3.84,4.0,3.91,Sobresaliente,False,BUK10317
BUK11771,2025-Anual,Anual,2025-12-10,3.39,3.43,3.41,Cumple lo esperado,False,BUK10317
BUK11771,2026-MidYear,Mid Year,2026-07-15,3.66,3.39,3.55,Sobresaliente,False,BUK10317
BUK11772,2026-MidYear,Mid Year,2026-07-15,3.68,3.44,3.58,Sobresaliente,False,BUK11543
BUK11773,2026-MidYear,Mid Year,2026-07-15,3.46,3.51,3.48,Cumple lo esperado,False,BUK12218
BUK11774,2025-MidYear,Mid Year,2025-07-15,3.32,3.11,3.23,Cumple lo esperado,False,BUK11070
BUK11774,2025-Anual,Anual,2025-12-10,3.73,3.62,3.69,Sobresaliente,False,BUK11070
BUK11774,2026-MidYear,Mid Year,2026-07-15,3.42,3.28,3.36,Cumple lo esperado,False,BUK11070
BUK11775,2025-Anual,Anual,2025-12-10,3.57,3.58,3.58,Sobresaliente,False,BUK12632
BUK11775,2026-MidYear,Mid Year,2026-07-15,3.44,3.82,3.59,Sobresaliente,False,BUK12632
BUK11776,2026-MidYear,Mid Year,2026-07-15,3.49,3.26,3.4,Cumple lo esperado,False,BUK11884
BUK11778,2024-Anual,Anual,2024-12-10,3.03,3.24,3.11,Cumple lo esperado,False,BUK12537
BUK11778,2025-MidYear,Mid Year,2025-07-15,3.29,3.63,3.43,Cumple lo esperado,False,BUK12537
BUK11778,2025-Anual,Anual,2025-12-10,3.39,3.64,3.49,Cumple lo esperado,False,BUK12537
BUK11778,2026-MidYear,Mid Year,2026-07-15,3.15,3.47,3.28,Cumple lo esperado,False,BUK12537
BUK11779,2024-Anual,Anual,2024-12-10,4.0,3.55,3.82,Sobresaliente,False,BUK10607
BUK11779,2025-MidYear,Mid Year,2025-07-15,3.8,3.95,3.86,Sobresaliente,False,BUK10607
BUK11779,2025-Anual,Anual,2025-12-10,3.56,3.89,3.69,Sobresaliente,False,BUK10607
BUK11779,2026-MidYear,Mid Year,2026-07-15,3.97,3.48,3.77,Sobresaliente,False,BUK10607
BUK11781,2025-Anual,Anual,2025-12-10,2.89,2.91,2.9,Bajo lo esperado,True,BUK11262
BUK11781,2026-MidYear,Mid Year,2026-07-15,3.06,3.35,3.18,Cumple lo esperado,False,BUK11262
BUK11782,2024-Anual,Anual,2024-12-10,2.89,3.08,2.97,Bajo lo esperado,True,BUK10327
BUK11783,2026-MidYear,Mid Year,2026-07-15,3.4,3.79,3.56,Sobresaliente,False,BUK11001
BUK11784,2026-MidYear,Mid Year,2026-07-15,2.92,2.79,2.87,Bajo lo esperado,False,BUK10691
BUK11786,2026-MidYear,Mid Year,2026-07-15,3.45,3.8,3.59,Sobresaliente,False,BUK12170
BUK11788,2026-MidYear,Mid Year,2026-07-15,3.76,3.36,3.6,Sobresaliente,False,BUK10881
BUK11789,2026-MidYear,Mid Year,2026-07-15,2.97,2.48,2.78,Bajo lo esperado,False,BUK12218
BUK11790,2024-Anual,Anual,2024-12-10,3.37,3.27,3.33,Cumple lo esperado,False,BUK10833
BUK11790,2025-MidYear,Mid Year,2025-07-15,3.63,3.39,3.54,Sobresaliente,False,BUK10833
BUK11790,2025-Anual,Anual,2025-12-10,3.42,3.63,3.5,Sobresaliente,False,BUK10833
BUK11790,2026-MidYear,Mid Year,2026-07-15,3.45,3.62,3.52,Sobresaliente,False,BUK10833
BUK11791,2024-Anual,Anual,2024-12-10,3.6,3.71,3.64,Sobresaliente,False,BUK10650
BUK11791,2025-MidYear,Mid Year,2025-07-15,3.83,3.99,3.89,Sobresaliente,False,BUK10650
BUK11791,2025-Anual,Anual,2025-12-10,3.74,3.58,3.68,Sobresaliente,False,BUK10650
BUK11791,2026-MidYear,Mid Year,2026-07-15,3.69,3.64,3.67,Sobresaliente,False,BUK10650
BUK11792,2025-Anual,Anual,2025-12-10,3.32,3.63,3.44,Cumple lo esperado,False,BUK10241
BUK11792,2026-MidYear,Mid Year,2026-07-15,3.37,3.72,3.51,Sobresaliente,False,BUK10241
BUK11794,2026-MidYear,Mid Year,2026-07-15,3.83,3.63,3.75,Sobresaliente,False,BUK11186
BUK11796,2025-MidYear,Mid Year,2025-07-15,3.22,3.76,3.43,Cumple lo esperado,False,BUK10398
BUK11796,2025-Anual,Anual,2025-12-10,3.7,3.37,3.57,Sobresaliente,False,BUK10398
BUK11797,2024-Anual,Anual,2024-12-10,2.88,3.15,2.99,Bajo lo esperado,True,BUK10866
BUK11798,2025-MidYear,Mid Year,2025-07-15,3.35,3.49,3.41,Cumple lo esperado,False,BUK12311
BUK11798,2025-Anual,Anual,2025-12-10,3.83,3.57,3.73,Sobresaliente,False,BUK12311
BUK11798,2026-MidYear,Mid Year,2026-07-15,3.36,3.45,3.4,Cumple lo esperado,False,BUK12311
BUK11799,2024-Anual,Anual,2024-12-10,3.76,3.85,3.8,Sobresaliente,False,BUK10147
BUK11799,2025-MidYear,Mid Year,2025-07-15,3.74,3.68,3.72,Sobresaliente,False,BUK10147
BUK11799,2025-Anual,Anual,2025-12-10,3.81,3.79,3.8,Sobresaliente,False,BUK10147
BUK11799,2026-MidYear,Mid Year,2026-07-15,4.0,3.62,3.85,Sobresaliente,False,BUK10147
BUK11800,2026-MidYear,Mid Year,2026-07-15,3.78,3.48,3.66,Sobresaliente,False,BUK10059
BUK11801,2025-MidYear,Mid Year,2025-07-15,3.36,2.95,3.2,Cumple lo esperado,False,BUK11580
BUK11801,2025-Anual,Anual,2025-12-10,3.25,3.55,3.37,Cumple lo esperado,False,BUK11580
BUK11801,2026-MidYear,Mid Year,2026-07-15,3.42,3.5,3.45,Cumple lo esperado,False,BUK11580
BUK11802,2024-Anual,Anual,2024-12-10,3.18,3.16,3.17,Cumple lo esperado,False,BUK10665
BUK11802,2025-MidYear,Mid Year,2025-07-15,3.6,3.46,3.54,Sobresaliente,False,BUK10665
BUK11802,2025-Anual,Anual,2025-12-10,3.83,3.14,3.55,Sobresaliente,False,BUK10665
BUK11802,2026-MidYear,Mid Year,2026-07-15,3.23,3.5,3.34,Cumple lo esperado,False,BUK10665
BUK11803,2026-MidYear,Mid Year,2026-07-15,3.36,3.92,3.59,Sobresaliente,False,BUK10442
BUK11805,2024-Anual,Anual,2024-12-10,3.82,3.66,3.76,Sobresaliente,False,BUK10478
BUK11805,2025-MidYear,Mid Year,2025-07-15,3.74,3.61,3.69,Sobresaliente,False,BUK10478
BUK11805,2025-Anual,Anual,2025-12-10,3.61,3.87,3.72,Sobresaliente,False,BUK10478
BUK11805,2026-MidYear,Mid Year,2026-07-15,3.46,3.62,3.53,Sobresaliente,False,BUK10478
BUK11806,2025-Anual,Anual,2025-12-10,2.86,2.61,2.76,Bajo lo esperado,True,BUK12218
BUK11806,2026-MidYear,Mid Year,2026-07-15,2.64,2.82,2.72,Bajo lo esperado,False,BUK12218
BUK11807,2025-MidYear,Mid Year,2025-07-15,2.93,2.75,2.86,Bajo lo esperado,False,BUK11717
BUK11807,2025-Anual,Anual,2025-12-10,2.68,2.46,2.59,Bajo lo esperado,True,BUK11717
BUK11807,2026-MidYear,Mid Year,2026-07-15,2.81,2.83,2.82,Bajo lo esperado,False,BUK11717
BUK11809,2024-Anual,Anual,2024-12-10,3.28,2.9,3.13,Cumple lo esperado,False,BUK11409
BUK11809,2025-MidYear,Mid Year,2025-07-15,3.11,2.77,2.98,Bajo lo esperado,False,BUK11409
BUK11809,2025-Anual,Anual,2025-12-10,3.07,3.29,3.16,Cumple lo esperado,False,BUK11409
BUK11809,2026-MidYear,Mid Year,2026-07-15,3.26,3.29,3.27,Cumple lo esperado,False,BUK11409
BUK11810,2026-MidYear,Mid Year,2026-07-15,2.92,3.39,3.11,Cumple lo esperado,False,BUK12515
BUK11813,2026-MidYear,Mid Year,2026-07-15,3.26,3.62,3.41,Cumple lo esperado,False,BUK10796
BUK11814,2025-MidYear,Mid Year,2025-07-15,3.23,3.37,3.29,Cumple lo esperado,False,BUK10833
BUK11814,2025-Anual,Anual,2025-12-10,3.56,3.05,3.35,Cumple lo esperado,False,BUK10833
BUK11814,2026-MidYear,Mid Year,2026-07-15,3.29,3.45,3.35,Cumple lo esperado,False,BUK10833
BUK11816,2026-MidYear,Mid Year,2026-07-15,3.14,3.79,3.4,Cumple lo esperado,False,BUK12219
BUK11817,2024-Anual,Anual,2024-12-10,3.45,3.61,3.52,Sobresaliente,False,BUK12452
BUK11817,2025-MidYear,Mid Year,2025-07-15,3.43,3.51,3.46,Cumple lo esperado,False,BUK12452
BUK11817,2025-Anual,Anual,2025-12-10,3.82,3.44,3.67,Sobresaliente,False,BUK12452
BUK11817,2026-MidYear,Mid Year,2026-07-15,3.0,3.24,3.09,Cumple lo esperado,False,BUK12452
BUK11819,2024-Anual,Anual,2024-12-10,3.02,2.65,2.87,Bajo lo esperado,True,BUK10844
BUK11819,2025-MidYear,Mid Year,2025-07-15,2.66,3.04,2.81,Bajo lo esperado,False,BUK10844
BUK11819,2025-Anual,Anual,2025-12-10,2.66,3.12,2.84,Bajo lo esperado,True,BUK10844
BUK11819,2026-MidYear,Mid Year,2026-07-15,2.78,3.23,2.96,Bajo lo esperado,False,BUK10844
BUK11820,2026-MidYear,Mid Year,2026-07-15,2.97,3.4,3.14,Cumple lo esperado,False,BUK11152
BUK11821,2026-MidYear,Mid Year,2026-07-15,3.52,3.23,3.4,Cumple lo esperado,False,BUK10289
BUK11823,2025-Anual,Anual,2025-12-10,3.26,3.29,3.27,Cumple lo esperado,False,BUK11027
BUK11823,2026-MidYear,Mid Year,2026-07-15,3.82,3.53,3.7,Sobresaliente,False,BUK11027
BUK11824,2026-MidYear,Mid Year,2026-07-15,3.55,3.33,3.46,Cumple lo esperado,False,BUK11827
BUK11825,2024-Anual,Anual,2024-12-10,3.11,3.16,3.13,Cumple lo esperado,False,BUK12465
BUK11825,2025-MidYear,Mid Year,2025-07-15,3.34,3.49,3.4,Cumple lo esperado,False,BUK12465
BUK11825,2025-Anual,Anual,2025-12-10,3.52,3.47,3.5,Sobresaliente,False,BUK12465
BUK11825,2026-MidYear,Mid Year,2026-07-15,3.13,3.54,3.3,Cumple lo esperado,False,BUK12465
BUK11827,2024-Anual,Anual,2024-12-10,3.46,4.0,3.67,Sobresaliente,False,BUK11207
BUK11827,2025-MidYear,Mid Year,2025-07-15,3.55,3.53,3.54,Sobresaliente,False,BUK11207
BUK11827,2025-Anual,Anual,2025-12-10,3.67,3.27,3.51,Sobresaliente,False,BUK11207
BUK11827,2026-MidYear,Mid Year,2026-07-15,3.09,3.4,3.21,Cumple lo esperado,False,BUK11207
BUK11828,2025-Anual,Anual,2025-12-10,3.28,3.14,3.22,Cumple lo esperado,False,BUK10710
BUK11828,2026-MidYear,Mid Year,2026-07-15,3.26,3.52,3.37,Cumple lo esperado,False,BUK10710
BUK11829,2024-Anual,Anual,2024-12-10,3.47,2.98,3.27,Cumple lo esperado,False,BUK10327
BUK11829,2025-MidYear,Mid Year,2025-07-15,3.19,3.27,3.22,Cumple lo esperado,False,BUK10327
BUK11830,2025-Anual,Anual,2025-12-10,3.02,3.22,3.1,Cumple lo esperado,False,BUK10780
BUK11830,2026-MidYear,Mid Year,2026-07-15,3.1,3.08,3.09,Cumple lo esperado,False,BUK10780
BUK11831,2024-Anual,Anual,2024-12-10,3.23,3.0,3.14,Cumple lo esperado,False,BUK11068
BUK11831,2025-MidYear,Mid Year,2025-07-15,3.22,3.24,3.23,Cumple lo esperado,False,BUK11068
BUK11831,2025-Anual,Anual,2025-12-10,2.92,3.02,2.96,Bajo lo esperado,True,BUK11068
BUK11831,2026-MidYear,Mid Year,2026-07-15,3.12,3.07,3.1,Cumple lo esperado,False,BUK11068
BUK11833,2024-Anual,Anual,2024-12-10,3.18,3.25,3.21,Cumple lo esperado,False,
BUK11833,2025-MidYear,Mid Year,2025-07-15,2.84,2.66,2.77,Bajo lo esperado,False,
BUK11833,2025-Anual,Anual,2025-12-10,3.41,3.29,3.36,Cumple lo esperado,False,
BUK11833,2026-MidYear,Mid Year,2026-07-15,3.4,3.27,3.35,Cumple lo esperado,False,
BUK11834,2025-MidYear,Mid Year,2025-07-15,3.36,3.59,3.45,Cumple lo esperado,False,BUK11244
BUK11834,2025-Anual,Anual,2025-12-10,3.51,3.85,3.64,Sobresaliente,False,BUK11244
BUK11834,2026-MidYear,Mid Year,2026-07-15,3.09,3.67,3.32,Cumple lo esperado,False,BUK11244
BUK11835,2024-Anual,Anual,2024-12-10,3.63,3.73,3.67,Sobresaliente,False,BUK10963
BUK11835,2025-MidYear,Mid Year,2025-07-15,3.67,3.41,3.57,Sobresaliente,False,BUK10963
BUK11835,2025-Anual,Anual,2025-12-10,3.79,3.37,3.62,Sobresaliente,False,BUK10963
BUK11835,2026-MidYear,Mid Year,2026-07-15,3.71,3.47,3.61,Sobresaliente,False,BUK10963
BUK11836,2024-Anual,Anual,2024-12-10,3.57,3.55,3.56,Sobresaliente,False,BUK10906
BUK11836,2025-MidYear,Mid Year,2025-07-15,3.66,3.48,3.59,Sobresaliente,False,BUK10906
BUK11836,2025-Anual,Anual,2025-12-10,3.59,3.19,3.43,Cumple lo esperado,False,BUK10906
BUK11836,2026-MidYear,Mid Year,2026-07-15,3.23,3.45,3.31,Cumple lo esperado,False,BUK10906
BUK11837,2024-Anual,Anual,2024-12-10,3.91,3.55,3.77,Sobresaliente,False,BUK12377
BUK11837,2025-MidYear,Mid Year,2025-07-15,3.93,3.79,3.87,Sobresaliente,False,BUK12377
BUK11837,2025-Anual,Anual,2025-12-10,3.16,3.67,3.36,Cumple lo esperado,False,BUK12377
BUK11837,2026-MidYear,Mid Year,2026-07-15,3.56,3.8,3.66,Sobresaliente,False,BUK12377
BUK11841,2026-MidYear,Mid Year,2026-07-15,3.2,3.35,3.26,Cumple lo esperado,False,BUK10289
BUK11842,2025-MidYear,Mid Year,2025-07-15,3.27,3.6,3.4,Cumple lo esperado,False,BUK10949
BUK11842,2025-Anual,Anual,2025-12-10,3.48,3.37,3.44,Cumple lo esperado,False,BUK10949
BUK11842,2026-MidYear,Mid Year,2026-07-15,3.26,3.18,3.22,Cumple lo esperado,False,BUK10949
BUK11843,2025-MidYear,Mid Year,2025-07-15,3.86,3.62,3.77,Sobresaliente,False,BUK10302
BUK11843,2025-Anual,Anual,2025-12-10,3.85,3.69,3.79,Sobresaliente,False,BUK10302
BUK11843,2026-MidYear,Mid Year,2026-07-15,3.66,3.63,3.65,Sobresaliente,False,BUK10302
BUK11844,2025-Anual,Anual,2025-12-10,2.78,3.24,2.96,Bajo lo esperado,True,BUK11276
BUK11845,2025-Anual,Anual,2025-12-10,3.14,3.2,3.16,Cumple lo esperado,False,BUK11827
BUK11845,2026-MidYear,Mid Year,2026-07-15,3.31,3.18,3.26,Cumple lo esperado,False,BUK11827
BUK11846,2024-Anual,Anual,2024-12-10,3.61,3.56,3.59,Sobresaliente,False,BUK12554
BUK11846,2025-MidYear,Mid Year,2025-07-15,3.84,3.88,3.86,Sobresaliente,False,BUK12554
BUK11846,2025-Anual,Anual,2025-12-10,3.65,3.43,3.56,Sobresaliente,False,BUK12554
BUK11846,2026-MidYear,Mid Year,2026-07-15,3.91,4.0,3.95,Sobresaliente,False,BUK12554
BUK11849,2026-MidYear,Mid Year,2026-07-15,2.9,3.12,2.99,Bajo lo esperado,False,BUK10289
BUK11853,2025-Anual,Anual,2025-12-10,3.67,3.69,3.68,Sobresaliente,False,BUK12537
BUK11853,2026-MidYear,Mid Year,2026-07-15,3.81,3.79,3.8,Sobresaliente,False,BUK12537
BUK11855,2024-Anual,Anual,2024-12-10,3.55,3.33,3.46,Cumple lo esperado,False,BUK12537
BUK11855,2025-MidYear,Mid Year,2025-07-15,3.37,3.67,3.49,Cumple lo esperado,False,BUK12537
BUK11855,2025-Anual,Anual,2025-12-10,3.78,3.74,3.76,Sobresaliente,False,BUK12537
BUK11855,2026-MidYear,Mid Year,2026-07-15,3.68,3.42,3.57,Sobresaliente,False,BUK12537
BUK11856,2024-Anual,Anual,2024-12-10,3.54,3.17,3.39,Cumple lo esperado,False,BUK11305
BUK11856,2025-MidYear,Mid Year,2025-07-15,3.52,3.51,3.52,Sobresaliente,False,BUK11305
BUK11857,2026-MidYear,Mid Year,2026-07-15,3.27,3.29,3.28,Cumple lo esperado,False,BUK11656
BUK11858,2025-MidYear,Mid Year,2025-07-15,3.28,3.48,3.36,Cumple lo esperado,False,BUK10975
BUK11858,2025-Anual,Anual,2025-12-10,3.54,3.38,3.48,Cumple lo esperado,False,BUK10975
BUK11858,2026-MidYear,Mid Year,2026-07-15,3.38,3.45,3.41,Cumple lo esperado,False,BUK10975
BUK11859,2025-MidYear,Mid Year,2025-07-15,3.28,3.41,3.33,Cumple lo esperado,False,BUK10286
BUK11859,2025-Anual,Anual,2025-12-10,4.0,3.3,3.72,Sobresaliente,False,BUK10286
BUK11859,2026-MidYear,Mid Year,2026-07-15,3.36,3.19,3.29,Cumple lo esperado,False,BUK10286
BUK11860,2026-MidYear,Mid Year,2026-07-15,3.13,3.33,3.21,Cumple lo esperado,False,BUK10029
BUK11861,2025-MidYear,Mid Year,2025-07-15,3.66,3.84,3.73,Sobresaliente,False,BUK12310
BUK11862,2026-MidYear,Mid Year,2026-07-15,3.46,3.3,3.39,Cumple lo esperado,False,BUK10881
BUK11865,2025-MidYear,Mid Year,2025-07-15,2.91,3.49,3.15,Cumple lo esperado,False,BUK11487
BUK11865,2025-Anual,Anual,2025-12-10,3.4,3.44,3.42,Cumple lo esperado,False,BUK11487
BUK11865,2026-MidYear,Mid Year,2026-07-15,3.27,3.47,3.35,Cumple lo esperado,False,BUK11487
BUK11866,2026-MidYear,Mid Year,2026-07-15,3.76,3.62,3.71,Sobresaliente,False,BUK10408
BUK11867,2024-Anual,Anual,2024-12-10,3.17,3.41,3.26,Cumple lo esperado,False,BUK12337
BUK11868,2024-Anual,Anual,2024-12-10,3.41,3.24,3.34,Cumple lo esperado,False,BUK10961
BUK11868,2025-MidYear,Mid Year,2025-07-15,3.24,3.65,3.4,Cumple lo esperado,False,BUK10961
BUK11868,2025-Anual,Anual,2025-12-10,3.08,3.5,3.25,Cumple lo esperado,False,BUK10961
BUK11868,2026-MidYear,Mid Year,2026-07-15,3.61,3.3,3.49,Cumple lo esperado,False,BUK10961
BUK11869,2025-MidYear,Mid Year,2025-07-15,3.45,3.43,3.44,Cumple lo esperado,False,BUK11596
BUK11869,2025-Anual,Anual,2025-12-10,3.46,3.22,3.36,Cumple lo esperado,False,BUK11596
BUK11870,2025-MidYear,Mid Year,2025-07-15,3.15,3.35,3.23,Cumple lo esperado,False,BUK10689
BUK11870,2025-Anual,Anual,2025-12-10,3.38,3.07,3.26,Cumple lo esperado,False,BUK10689
BUK11870,2026-MidYear,Mid Year,2026-07-15,3.2,3.47,3.31,Cumple lo esperado,False,BUK10689
BUK11871,2025-MidYear,Mid Year,2025-07-15,2.97,3.31,3.11,Cumple lo esperado,False,BUK12641
BUK11871,2025-Anual,Anual,2025-12-10,3.24,3.3,3.26,Cumple lo esperado,False,BUK12641
BUK11874,2024-Anual,Anual,2024-12-10,3.95,3.29,3.69,Sobresaliente,False,BUK10114
BUK11874,2025-MidYear,Mid Year,2025-07-15,3.8,3.99,3.88,Sobresaliente,False,BUK10114
BUK11874,2025-Anual,Anual,2025-12-10,3.29,3.56,3.4,Cumple lo esperado,False,BUK10114
BUK11876,2025-Anual,Anual,2025-12-10,2.72,2.87,2.78,Bajo lo esperado,True,BUK12266
BUK11876,2026-MidYear,Mid Year,2026-07-15,2.62,3.49,2.97,Bajo lo esperado,False,BUK12266
BUK11877,2025-MidYear,Mid Year,2025-07-15,3.32,3.34,3.33,Cumple lo esperado,False,BUK10852
BUK11877,2025-Anual,Anual,2025-12-10,3.78,2.98,3.46,Cumple lo esperado,False,BUK10852
BUK11877,2026-MidYear,Mid Year,2026-07-15,3.36,3.85,3.56,Sobresaliente,False,BUK10852
BUK11878,2024-Anual,Anual,2024-12-10,2.31,2.5,2.38,Bajo lo esperado,True,BUK10963
BUK11878,2025-MidYear,Mid Year,2025-07-15,2.49,2.67,2.56,Bajo lo esperado,False,BUK10963
BUK11878,2025-Anual,Anual,2025-12-10,2.74,2.67,2.72,Bajo lo esperado,True,BUK10963
BUK11879,2024-Anual,Anual,2024-12-10,3.48,3.88,3.64,Sobresaliente,False,BUK12641
BUK11879,2025-MidYear,Mid Year,2025-07-15,3.72,3.47,3.62,Sobresaliente,False,BUK12641
BUK11879,2025-Anual,Anual,2025-12-10,3.89,3.57,3.76,Sobresaliente,False,BUK12641
BUK11879,2026-MidYear,Mid Year,2026-07-15,3.29,3.45,3.36,Cumple lo esperado,False,BUK12641
BUK11880,2025-MidYear,Mid Year,2025-07-15,2.97,2.64,2.83,Bajo lo esperado,False,BUK11409
BUK11880,2025-Anual,Anual,2025-12-10,2.67,2.63,2.65,Bajo lo esperado,True,BUK11409
BUK11880,2026-MidYear,Mid Year,2026-07-15,2.4,2.78,2.56,Bajo lo esperado,False,BUK11409
BUK11882,2024-Anual,Anual,2024-12-10,3.64,3.43,3.56,Sobresaliente,False,BUK10233
BUK11882,2025-MidYear,Mid Year,2025-07-15,3.56,3.46,3.52,Sobresaliente,False,BUK10233
BUK11882,2025-Anual,Anual,2025-12-10,3.48,3.53,3.5,Sobresaliente,False,BUK10233
BUK11883,2024-Anual,Anual,2024-12-10,3.18,3.07,3.14,Cumple lo esperado,False,BUK10987
BUK11883,2025-MidYear,Mid Year,2025-07-15,2.83,3.1,2.94,Bajo lo esperado,False,BUK10987
BUK11883,2025-Anual,Anual,2025-12-10,3.1,2.94,3.04,Cumple lo esperado,False,BUK10987
BUK11883,2026-MidYear,Mid Year,2026-07-15,3.4,3.24,3.34,Cumple lo esperado,False,BUK10987
BUK11885,2024-Anual,Anual,2024-12-10,3.32,3.28,3.3,Cumple lo esperado,False,BUK10183
BUK11885,2025-MidYear,Mid Year,2025-07-15,3.25,3.67,3.42,Cumple lo esperado,False,BUK10183
BUK11885,2025-Anual,Anual,2025-12-10,3.57,3.6,3.58,Sobresaliente,False,BUK10183
BUK11885,2026-MidYear,Mid Year,2026-07-15,3.64,3.59,3.62,Sobresaliente,False,BUK10183
BUK11886,2025-MidYear,Mid Year,2025-07-15,3.43,3.16,3.32,Cumple lo esperado,False,BUK10987
BUK11886,2025-Anual,Anual,2025-12-10,3.42,3.49,3.45,Cumple lo esperado,False,BUK10987
BUK11886,2026-MidYear,Mid Year,2026-07-15,3.13,3.36,3.23,Cumple lo esperado,False,BUK10987
BUK11888,2024-Anual,Anual,2024-12-10,3.5,3.39,3.45,Cumple lo esperado,False,BUK11901
BUK11888,2025-MidYear,Mid Year,2025-07-15,3.05,3.03,3.04,Cumple lo esperado,False,BUK11901
BUK11888,2025-Anual,Anual,2025-12-10,3.42,3.22,3.34,Cumple lo esperado,False,BUK11901
BUK11888,2026-MidYear,Mid Year,2026-07-15,3.3,3.26,3.29,Cumple lo esperado,False,BUK11901
BUK11889,2025-Anual,Anual,2025-12-10,3.35,2.86,3.15,Cumple lo esperado,False,BUK10274
BUK11889,2026-MidYear,Mid Year,2026-07-15,3.18,3.23,3.2,Cumple lo esperado,False,BUK10274
BUK11890,2024-Anual,Anual,2024-12-10,3.64,3.24,3.48,Cumple lo esperado,False,BUK12566
BUK11890,2025-MidYear,Mid Year,2025-07-15,3.62,3.78,3.69,Sobresaliente,False,BUK12566
BUK11890,2025-Anual,Anual,2025-12-10,3.59,3.35,3.5,Sobresaliente,False,BUK12566
BUK11890,2026-MidYear,Mid Year,2026-07-15,3.12,3.94,3.45,Cumple lo esperado,False,BUK12566
BUK11891,2026-MidYear,Mid Year,2026-07-15,3.61,3.41,3.53,Sobresaliente,False,BUK10746
BUK11893,2025-Anual,Anual,2025-12-10,3.22,2.93,3.11,Cumple lo esperado,False,BUK12283
BUK11893,2026-MidYear,Mid Year,2026-07-15,2.88,2.78,2.84,Bajo lo esperado,False,BUK12283
BUK11894,2026-MidYear,Mid Year,2026-07-15,3.03,3.26,3.12,Cumple lo esperado,False,BUK10600
BUK11895,2025-Anual,Anual,2025-12-10,2.46,3.08,2.71,Bajo lo esperado,True,BUK12229
BUK11897,2026-MidYear,Mid Year,2026-07-15,3.74,3.38,3.6,Sobresaliente,False,BUK12515
BUK11898,2024-Anual,Anual,2024-12-10,3.42,3.31,3.38,Cumple lo esperado,False,BUK12441
BUK11898,2025-MidYear,Mid Year,2025-07-15,3.33,3.04,3.21,Cumple lo esperado,False,BUK12441
BUK11898,2025-Anual,Anual,2025-12-10,3.38,3.41,3.39,Cumple lo esperado,False,BUK12441
BUK11898,2026-MidYear,Mid Year,2026-07-15,3.0,3.44,3.18,Cumple lo esperado,False,BUK12441
BUK11899,2024-Anual,Anual,2024-12-10,3.34,3.27,3.31,Cumple lo esperado,False,BUK10714
BUK11899,2025-MidYear,Mid Year,2025-07-15,3.73,4.0,3.84,Sobresaliente,False,BUK10714
BUK11899,2025-Anual,Anual,2025-12-10,3.78,3.28,3.58,Sobresaliente,False,BUK10714
BUK11899,2026-MidYear,Mid Year,2026-07-15,3.46,3.2,3.36,Cumple lo esperado,False,BUK10714
BUK11900,2024-Anual,Anual,2024-12-10,3.46,3.31,3.4,Cumple lo esperado,False,BUK10183
BUK11900,2025-MidYear,Mid Year,2025-07-15,3.28,3.34,3.31,Cumple lo esperado,False,BUK10183
BUK11900,2025-Anual,Anual,2025-12-10,3.65,3.5,3.59,Sobresaliente,False,BUK10183
BUK11900,2026-MidYear,Mid Year,2026-07-15,3.19,4.0,3.51,Sobresaliente,False,BUK10183
BUK11901,2024-Anual,Anual,2024-12-10,2.97,3.28,3.09,Cumple lo esperado,False,BUK10359
BUK11903,2024-Anual,Anual,2024-12-10,3.34,3.3,3.32,Cumple lo esperado,False,BUK12311
BUK11903,2025-MidYear,Mid Year,2025-07-15,3.4,3.37,3.39,Cumple lo esperado,False,BUK12311
BUK11903,2025-Anual,Anual,2025-12-10,3.29,3.03,3.18,Cumple lo esperado,False,BUK12311
BUK11903,2026-MidYear,Mid Year,2026-07-15,3.52,3.6,3.55,Sobresaliente,False,BUK12311
BUK11904,2026-MidYear,Mid Year,2026-07-15,3.25,3.17,3.22,Cumple lo esperado,False,BUK11796
BUK11905,2025-MidYear,Mid Year,2025-07-15,3.31,3.16,3.25,Cumple lo esperado,False,BUK10867
BUK11905,2025-Anual,Anual,2025-12-10,3.37,2.97,3.21,Cumple lo esperado,False,BUK10867
BUK11905,2026-MidYear,Mid Year,2026-07-15,3.28,3.36,3.31,Cumple lo esperado,False,BUK10867
BUK11908,2024-Anual,Anual,2024-12-10,3.45,3.4,3.43,Cumple lo esperado,False,BUK10403
BUK11908,2025-MidYear,Mid Year,2025-07-15,3.49,3.6,3.53,Sobresaliente,False,BUK10403
BUK11908,2025-Anual,Anual,2025-12-10,3.58,3.44,3.52,Sobresaliente,False,BUK10403
BUK11910,2024-Anual,Anual,2024-12-10,3.42,3.24,3.35,Cumple lo esperado,False,BUK10312
BUK11910,2025-MidYear,Mid Year,2025-07-15,3.24,3.67,3.42,Cumple lo esperado,False,BUK10312
BUK11910,2025-Anual,Anual,2025-12-10,3.27,3.77,3.47,Cumple lo esperado,False,BUK10312
BUK11910,2026-MidYear,Mid Year,2026-07-15,3.65,2.82,3.32,Cumple lo esperado,False,BUK10312
BUK11911,2024-Anual,Anual,2024-12-10,3.34,3.28,3.32,Cumple lo esperado,False,BUK10181
BUK11911,2025-MidYear,Mid Year,2025-07-15,3.1,3.43,3.23,Cumple lo esperado,False,BUK10181
BUK11911,2025-Anual,Anual,2025-12-10,3.53,2.94,3.29,Cumple lo esperado,False,BUK10181
BUK11911,2026-MidYear,Mid Year,2026-07-15,3.1,3.17,3.13,Cumple lo esperado,False,BUK10181
BUK11913,2024-Anual,Anual,2024-12-10,3.47,3.42,3.45,Cumple lo esperado,False,BUK10710
BUK11913,2025-MidYear,Mid Year,2025-07-15,2.87,3.02,2.93,Bajo lo esperado,False,BUK10710
BUK11913,2025-Anual,Anual,2025-12-10,2.91,3.31,3.07,Cumple lo esperado,False,BUK10710
BUK11913,2026-MidYear,Mid Year,2026-07-15,3.16,3.21,3.18,Cumple lo esperado,False,BUK10710
BUK11915,2025-Anual,Anual,2025-12-10,3.61,3.48,3.56,Sobresaliente,False,BUK10274
BUK11915,2026-MidYear,Mid Year,2026-07-15,3.6,3.22,3.45,Cumple lo esperado,False,BUK10274
BUK11916,2026-MidYear,Mid Year,2026-07-15,2.44,2.43,2.43,Bajo lo esperado,False,BUK10833
BUK11917,2026-MidYear,Mid Year,2026-07-15,3.13,3.78,3.39,Cumple lo esperado,False,BUK12465
BUK11918,2026-MidYear,Mid Year,2026-07-15,3.11,3.15,3.13,Cumple lo esperado,False,BUK11473
BUK11919,2026-MidYear,Mid Year,2026-07-15,2.66,2.76,2.7,Bajo lo esperado,False,BUK10921
BUK11921,2024-Anual,Anual,2024-12-10,3.43,2.93,3.23,Cumple lo esperado,False,BUK11463
BUK11921,2025-MidYear,Mid Year,2025-07-15,3.11,3.29,3.18,Cumple lo esperado,False,BUK11463
BUK11921,2025-Anual,Anual,2025-12-10,3.29,3.24,3.27,Cumple lo esperado,False,BUK11463
BUK11922,2026-MidYear,Mid Year,2026-07-15,3.09,3.47,3.24,Cumple lo esperado,False,BUK12283
BUK11923,2024-Anual,Anual,2024-12-10,4.0,4.0,4.0,Sobresaliente,False,BUK11991
BUK11923,2025-MidYear,Mid Year,2025-07-15,3.79,3.75,3.78,Sobresaliente,False,BUK11991
BUK11923,2025-Anual,Anual,2025-12-10,3.76,3.84,3.79,Sobresaliente,False,BUK11991
BUK11923,2026-MidYear,Mid Year,2026-07-15,3.94,3.89,3.92,Sobresaliente,False,BUK11991
BUK11924,2025-Anual,Anual,2025-12-10,3.04,3.2,3.1,Cumple lo esperado,False,BUK12218
BUK11924,2026-MidYear,Mid Year,2026-07-15,3.1,2.81,2.98,Bajo lo esperado,False,BUK12218
BUK11925,2024-Anual,Anual,2024-12-10,3.24,3.26,3.25,Cumple lo esperado,False,BUK11557
BUK11925,2025-MidYear,Mid Year,2025-07-15,3.18,3.5,3.31,Cumple lo esperado,False,BUK11557
BUK11926,2026-MidYear,Mid Year,2026-07-15,3.57,3.84,3.68,Sobresaliente,False,BUK10949
BUK11927,2024-Anual,Anual,2024-12-10,3.79,3.06,3.5,Sobresaliente,False,BUK10408
BUK11927,2025-MidYear,Mid Year,2025-07-15,3.2,3.27,3.23,Cumple lo esperado,False,BUK10408
BUK11927,2025-Anual,Anual,2025-12-10,3.0,3.33,3.13,Cumple lo esperado,False,BUK10408
BUK11927,2026-MidYear,Mid Year,2026-07-15,2.91,3.17,3.01,Cumple lo esperado,False,BUK10408
BUK11928,2024-Anual,Anual,2024-12-10,3.41,3.12,3.3,Cumple lo esperado,False,BUK10852
BUK11928,2025-MidYear,Mid Year,2025-07-15,2.75,3.2,2.93,Bajo lo esperado,False,BUK10852
BUK11928,2025-Anual,Anual,2025-12-10,3.11,3.16,3.13,Cumple lo esperado,False,BUK10852
BUK11928,2026-MidYear,Mid Year,2026-07-15,3.29,2.88,3.13,Cumple lo esperado,False,BUK10852
BUK11929,2025-Anual,Anual,2025-12-10,2.61,2.87,2.71,Bajo lo esperado,True,BUK11027
BUK11929,2026-MidYear,Mid Year,2026-07-15,2.5,2.77,2.61,Bajo lo esperado,False,BUK11027
BUK11930,2026-MidYear,Mid Year,2026-07-15,3.29,3.44,3.35,Cumple lo esperado,False,BUK11596
BUK11932,2026-MidYear,Mid Year,2026-07-15,3.25,3.36,3.3,Cumple lo esperado,False,BUK12104
BUK11933,2024-Anual,Anual,2024-12-10,3.34,3.1,3.24,Cumple lo esperado,False,BUK11890
BUK11933,2025-MidYear,Mid Year,2025-07-15,3.48,3.43,3.46,Cumple lo esperado,False,BUK11890
BUK11933,2025-Anual,Anual,2025-12-10,3.22,3.3,3.25,Cumple lo esperado,False,BUK11890
BUK11933,2026-MidYear,Mid Year,2026-07-15,3.73,3.19,3.51,Sobresaliente,False,BUK11890
BUK11934,2024-Anual,Anual,2024-12-10,3.26,3.62,3.4,Cumple lo esperado,False,BUK11487
BUK11934,2025-MidYear,Mid Year,2025-07-15,3.55,3.1,3.37,Cumple lo esperado,False,BUK11487
BUK11934,2025-Anual,Anual,2025-12-10,3.54,3.86,3.67,Sobresaliente,False,BUK11487
BUK11934,2026-MidYear,Mid Year,2026-07-15,3.42,3.41,3.41,Cumple lo esperado,False,BUK11487
BUK11935,2025-Anual,Anual,2025-12-10,3.44,3.52,3.47,Cumple lo esperado,False,BUK10714
BUK11935,2026-MidYear,Mid Year,2026-07-15,3.48,3.27,3.4,Cumple lo esperado,False,BUK10714
BUK11937,2026-MidYear,Mid Year,2026-07-15,3.52,3.3,3.43,Cumple lo esperado,False,BUK11827
BUK11940,2024-Anual,Anual,2024-12-10,3.21,3.26,3.23,Cumple lo esperado,False,BUK12515
BUK11940,2025-MidYear,Mid Year,2025-07-15,3.03,2.97,3.01,Cumple lo esperado,False,BUK12515
BUK11940,2025-Anual,Anual,2025-12-10,2.31,3.02,2.6,Bajo lo esperado,True,BUK12515
BUK11941,2026-MidYear,Mid Year,2026-07-15,3.67,3.73,3.69,Sobresaliente,False,BUK12151
BUK11942,2026-MidYear,Mid Year,2026-07-15,3.41,3.31,3.37,Cumple lo esperado,False,BUK10650
BUK11943,2026-MidYear,Mid Year,2026-07-15,3.37,3.52,3.43,Cumple lo esperado,False,BUK11186
BUK11944,2024-Anual,Anual,2024-12-10,2.67,2.78,2.72,Bajo lo esperado,True,BUK11884
BUK11945,2024-Anual,Anual,2024-12-10,3.64,3.4,3.54,Sobresaliente,False,BUK11152
BUK11945,2025-MidYear,Mid Year,2025-07-15,3.47,3.41,3.44,Cumple lo esperado,False,BUK11152
BUK11945,2025-Anual,Anual,2025-12-10,3.46,3.18,3.35,Cumple lo esperado,False,BUK11152
BUK11945,2026-MidYear,Mid Year,2026-07-15,3.35,3.19,3.28,Cumple lo esperado,False,BUK11152
BUK11946,2026-MidYear,Mid Year,2026-07-15,3.19,3.63,3.36,Cumple lo esperado,False,BUK12338
BUK11947,2024-Anual,Anual,2024-12-10,3.52,3.42,3.48,Cumple lo esperado,False,BUK10462
BUK11947,2025-MidYear,Mid Year,2025-07-15,3.47,3.77,3.59,Sobresaliente,False,BUK10462
BUK11947,2025-Anual,Anual,2025-12-10,3.59,3.28,3.46,Cumple lo esperado,False,BUK10462
BUK11947,2026-MidYear,Mid Year,2026-07-15,3.56,3.45,3.52,Sobresaliente,False,BUK10462
BUK11948,2025-MidYear,Mid Year,2025-07-15,2.88,2.78,2.84,Bajo lo esperado,False,BUK11154
BUK11948,2025-Anual,Anual,2025-12-10,2.72,2.55,2.65,Bajo lo esperado,True,BUK11154
BUK11949,2025-MidYear,Mid Year,2025-07-15,3.4,3.52,3.45,Cumple lo esperado,False,BUK10992
BUK11949,2025-Anual,Anual,2025-12-10,3.61,3.72,3.66,Sobresaliente,False,BUK10992
BUK11949,2026-MidYear,Mid Year,2026-07-15,3.56,3.61,3.58,Sobresaliente,False,BUK10992
BUK11950,2024-Anual,Anual,2024-12-10,3.85,3.42,3.67,Sobresaliente,False,BUK10691
BUK11950,2025-MidYear,Mid Year,2025-07-15,3.46,3.76,3.58,Sobresaliente,False,BUK10691
BUK11951,2026-MidYear,Mid Year,2026-07-15,3.48,3.72,3.58,Sobresaliente,False,BUK11097
BUK11953,2026-MidYear,Mid Year,2026-07-15,3.48,3.13,3.34,Cumple lo esperado,False,BUK10800
BUK11954,2026-MidYear,Mid Year,2026-07-15,3.74,3.63,3.7,Sobresaliente,False,BUK12229
BUK11958,2026-MidYear,Mid Year,2026-07-15,2.51,2.62,2.55,Bajo lo esperado,False,BUK12615
BUK11959,2024-Anual,Anual,2024-12-10,3.45,3.64,3.53,Sobresaliente,False,BUK11040
BUK11959,2025-MidYear,Mid Year,2025-07-15,3.27,3.4,3.32,Cumple lo esperado,False,BUK11040
BUK11959,2025-Anual,Anual,2025-12-10,3.42,3.46,3.43,Cumple lo esperado,False,BUK11040
BUK11959,2026-MidYear,Mid Year,2026-07-15,3.75,2.89,3.41,Cumple lo esperado,False,BUK11040
BUK11961,2026-MidYear,Mid Year,2026-07-15,3.04,3.33,3.15,Cumple lo esperado,False,BUK10995
BUK11962,2024-Anual,Anual,2024-12-10,3.56,3.45,3.52,Sobresaliente,False,BUK11154
BUK11962,2025-MidYear,Mid Year,2025-07-15,2.89,3.39,3.09,Cumple lo esperado,False,BUK11154
BUK11962,2025-Anual,Anual,2025-12-10,3.64,3.4,3.54,Sobresaliente,False,BUK11154
BUK11962,2026-MidYear,Mid Year,2026-07-15,3.09,3.44,3.23,Cumple lo esperado,False,BUK11154
BUK11963,2024-Anual,Anual,2024-12-10,2.91,3.23,3.04,Cumple lo esperado,False,BUK12218
BUK11963,2025-MidYear,Mid Year,2025-07-15,3.67,2.97,3.39,Cumple lo esperado,False,BUK12218
BUK11963,2025-Anual,Anual,2025-12-10,2.69,3.28,2.93,Bajo lo esperado,True,BUK12218
BUK11963,2026-MidYear,Mid Year,2026-07-15,3.06,3.27,3.14,Cumple lo esperado,False,BUK12218
BUK11964,2024-Anual,Anual,2024-12-10,3.46,3.53,3.49,Cumple lo esperado,False,BUK11923
BUK11964,2025-MidYear,Mid Year,2025-07-15,3.54,3.79,3.64,Sobresaliente,False,BUK11923
BUK11964,2025-Anual,Anual,2025-12-10,3.64,3.32,3.51,Sobresaliente,False,BUK11923
BUK11964,2026-MidYear,Mid Year,2026-07-15,3.6,3.17,3.43,Cumple lo esperado,False,BUK11923
BUK11965,2025-MidYear,Mid Year,2025-07-15,2.14,2.49,2.28,Bajo lo esperado,False,BUK10789
BUK11966,2024-Anual,Anual,2024-12-10,3.21,3.17,3.19,Cumple lo esperado,False,BUK11600
BUK11966,2025-MidYear,Mid Year,2025-07-15,3.33,3.34,3.34,Cumple lo esperado,False,BUK11600
BUK11966,2025-Anual,Anual,2025-12-10,3.07,3.45,3.22,Cumple lo esperado,False,BUK11600
BUK11966,2026-MidYear,Mid Year,2026-07-15,3.16,3.52,3.3,Cumple lo esperado,False,BUK11600
BUK11967,2024-Anual,Anual,2024-12-10,3.47,2.95,3.26,Cumple lo esperado,False,BUK10623
BUK11967,2025-MidYear,Mid Year,2025-07-15,3.31,3.33,3.32,Cumple lo esperado,False,BUK10623
BUK11967,2025-Anual,Anual,2025-12-10,3.39,3.58,3.47,Cumple lo esperado,False,BUK10623
BUK11967,2026-MidYear,Mid Year,2026-07-15,3.33,3.37,3.35,Cumple lo esperado,False,BUK10623
BUK11968,2024-Anual,Anual,2024-12-10,3.49,3.66,3.56,Sobresaliente,False,BUK10867
BUK11968,2025-MidYear,Mid Year,2025-07-15,3.17,3.16,3.17,Cumple lo esperado,False,BUK10867
BUK11968,2025-Anual,Anual,2025-12-10,3.42,3.37,3.4,Cumple lo esperado,False,BUK10867
BUK11968,2026-MidYear,Mid Year,2026-07-15,3.38,3.45,3.4,Cumple lo esperado,False,BUK10867
BUK11970,2024-Anual,Anual,2024-12-10,3.0,3.2,3.08,Cumple lo esperado,False,BUK11183
BUK11970,2025-MidYear,Mid Year,2025-07-15,3.37,3.31,3.34,Cumple lo esperado,False,BUK11183
BUK11970,2025-Anual,Anual,2025-12-10,3.25,3.53,3.36,Cumple lo esperado,False,BUK11183
BUK11970,2026-MidYear,Mid Year,2026-07-15,3.41,3.08,3.28,Cumple lo esperado,False,BUK11183
BUK11971,2026-MidYear,Mid Year,2026-07-15,3.68,3.45,3.59,Sobresaliente,False,BUK11827
BUK11974,2026-MidYear,Mid Year,2026-07-15,3.41,3.85,3.59,Sobresaliente,False,BUK11474
BUK11975,2024-Anual,Anual,2024-12-10,3.39,3.33,3.36,Cumple lo esperado,False,BUK10297
BUK11975,2025-MidYear,Mid Year,2025-07-15,3.17,3.19,3.18,Cumple lo esperado,False,BUK10297
BUK11975,2025-Anual,Anual,2025-12-10,3.15,3.02,3.1,Cumple lo esperado,False,BUK10297
BUK11975,2026-MidYear,Mid Year,2026-07-15,3.05,3.44,3.2,Cumple lo esperado,False,BUK10297
BUK11976,2025-MidYear,Mid Year,2025-07-15,2.99,3.26,3.1,Cumple lo esperado,False,BUK10181
BUK11976,2025-Anual,Anual,2025-12-10,2.97,3.33,3.11,Cumple lo esperado,False,BUK10181
BUK11976,2026-MidYear,Mid Year,2026-07-15,3.27,3.25,3.26,Cumple lo esperado,False,BUK10181
BUK11977,2024-Anual,Anual,2024-12-10,3.23,3.43,3.31,Cumple lo esperado,False,BUK10800
BUK11977,2025-MidYear,Mid Year,2025-07-15,3.07,3.45,3.22,Cumple lo esperado,False,BUK10800
BUK11977,2025-Anual,Anual,2025-12-10,3.08,3.11,3.09,Cumple lo esperado,False,BUK10800
BUK11977,2026-MidYear,Mid Year,2026-07-15,3.55,3.31,3.45,Cumple lo esperado,False,BUK10800
BUK11978,2026-MidYear,Mid Year,2026-07-15,3.01,2.9,2.97,Bajo lo esperado,False,BUK12338
BUK11979,2024-Anual,Anual,2024-12-10,3.64,4.0,3.79,Sobresaliente,False,BUK12615
BUK11979,2025-MidYear,Mid Year,2025-07-15,3.45,3.79,3.58,Sobresaliente,False,BUK12615
BUK11980,2025-Anual,Anual,2025-12-10,3.58,3.0,3.35,Cumple lo esperado,False,BUK11731
BUK11980,2026-MidYear,Mid Year,2026-07-15,3.42,3.86,3.59,Sobresaliente,False,BUK11731
BUK11982,2025-Anual,Anual,2025-12-10,3.99,3.62,3.84,Sobresaliente,False,BUK10600
BUK11982,2026-MidYear,Mid Year,2026-07-15,3.76,3.28,3.57,Sobresaliente,False,BUK10600
BUK11984,2025-Anual,Anual,2025-12-10,3.84,3.35,3.65,Sobresaliente,False,BUK12472
BUK11984,2026-MidYear,Mid Year,2026-07-15,3.91,3.72,3.83,Sobresaliente,False,BUK12472
BUK11986,2024-Anual,Anual,2024-12-10,3.11,3.41,3.23,Cumple lo esperado,False,BUK10289
BUK11986,2025-MidYear,Mid Year,2025-07-15,3.6,3.57,3.59,Sobresaliente,False,BUK10289
BUK11986,2025-Anual,Anual,2025-12-10,3.41,3.04,3.26,Cumple lo esperado,False,BUK10289
BUK11986,2026-MidYear,Mid Year,2026-07-15,3.58,3.43,3.52,Sobresaliente,False,BUK10289
BUK11987,2024-Anual,Anual,2024-12-10,3.92,3.37,3.7,Sobresaliente,False,BUK10455
BUK11987,2025-MidYear,Mid Year,2025-07-15,3.99,3.64,3.85,Sobresaliente,False,BUK10455
BUK11987,2025-Anual,Anual,2025-12-10,3.52,3.46,3.5,Sobresaliente,False,BUK10455
BUK11987,2026-MidYear,Mid Year,2026-07-15,3.76,3.61,3.7,Sobresaliente,False,BUK10455
BUK11988,2026-MidYear,Mid Year,2026-07-15,3.65,3.41,3.55,Sobresaliente,False,BUK10987
BUK11989,2025-MidYear,Mid Year,2025-07-15,2.93,3.19,3.03,Cumple lo esperado,False,BUK10181
BUK11989,2025-Anual,Anual,2025-12-10,3.29,3.25,3.28,Cumple lo esperado,False,BUK10181
BUK11989,2026-MidYear,Mid Year,2026-07-15,3.15,3.52,3.3,Cumple lo esperado,False,BUK10181
BUK11990,2025-Anual,Anual,2025-12-10,3.07,3.52,3.25,Cumple lo esperado,False,BUK10881
BUK11990,2026-MidYear,Mid Year,2026-07-15,3.44,3.2,3.34,Cumple lo esperado,False,BUK10881
BUK11991,2024-Anual,Anual,2024-12-10,3.5,3.44,3.48,Cumple lo esperado,False,
BUK11991,2025-MidYear,Mid Year,2025-07-15,4.0,3.64,3.85,Sobresaliente,False,
BUK11991,2025-Anual,Anual,2025-12-10,3.57,3.98,3.74,Sobresaliente,False,
BUK11991,2026-MidYear,Mid Year,2026-07-15,3.66,3.81,3.72,Sobresaliente,False,
BUK11993,2024-Anual,Anual,2024-12-10,3.47,3.74,3.57,Sobresaliente,False,BUK11636
BUK11993,2025-MidYear,Mid Year,2025-07-15,3.52,3.12,3.36,Cumple lo esperado,False,BUK11636
BUK11993,2025-Anual,Anual,2025-12-10,3.2,3.57,3.35,Cumple lo esperado,False,BUK11636
BUK11993,2026-MidYear,Mid Year,2026-07-15,3.76,3.73,3.75,Sobresaliente,False,BUK11636
BUK11994,2024-Anual,Anual,2024-12-10,3.16,3.74,3.39,Cumple lo esperado,False,BUK10852
BUK11994,2025-MidYear,Mid Year,2025-07-15,3.49,3.18,3.37,Cumple lo esperado,False,BUK10852
BUK11994,2025-Anual,Anual,2025-12-10,3.56,3.61,3.58,Sobresaliente,False,BUK10852
BUK11994,2026-MidYear,Mid Year,2026-07-15,3.84,3.58,3.73,Sobresaliente,False,BUK10852
BUK11995,2024-Anual,Anual,2024-12-10,2.81,3.35,3.03,Cumple lo esperado,False,BUK12632
BUK11995,2025-MidYear,Mid Year,2025-07-15,2.8,3.17,2.95,Bajo lo esperado,False,BUK12632
BUK11995,2025-Anual,Anual,2025-12-10,2.76,3.21,2.94,Bajo lo esperado,True,BUK12632
BUK11995,2026-MidYear,Mid Year,2026-07-15,3.26,3.16,3.22,Cumple lo esperado,False,BUK12632
BUK11996,2024-Anual,Anual,2024-12-10,3.28,3.59,3.4,Cumple lo esperado,False,BUK11183
BUK11998,2025-MidYear,Mid Year,2025-07-15,3.62,2.86,3.32,Cumple lo esperado,False,BUK10796
BUK11998,2025-Anual,Anual,2025-12-10,3.39,3.19,3.31,Cumple lo esperado,False,BUK10796
BUK11998,2026-MidYear,Mid Year,2026-07-15,3.31,3.11,3.23,Cumple lo esperado,False,BUK10796
BUK11999,2026-MidYear,Mid Year,2026-07-15,2.52,2.84,2.65,Bajo lo esperado,False,BUK11731
BUK12000,2025-Anual,Anual,2025-12-10,3.59,3.44,3.53,Sobresaliente,False,BUK11691
BUK12000,2026-MidYear,Mid Year,2026-07-15,3.53,3.59,3.56,Sobresaliente,False,BUK11691
BUK12001,2024-Anual,Anual,2024-12-10,3.6,3.38,3.51,Sobresaliente,False,BUK11183
BUK12002,2025-Anual,Anual,2025-12-10,3.28,3.18,3.24,Cumple lo esperado,False,BUK10950
BUK12002,2026-MidYear,Mid Year,2026-07-15,4.0,3.59,3.84,Sobresaliente,False,BUK10950
BUK12003,2025-Anual,Anual,2025-12-10,3.29,3.25,3.27,Cumple lo esperado,False,BUK10949
BUK12003,2026-MidYear,Mid Year,2026-07-15,3.3,2.95,3.16,Cumple lo esperado,False,BUK10949
BUK12004,2025-Anual,Anual,2025-12-10,3.49,3.24,3.39,Cumple lo esperado,False,BUK10181
BUK12004,2026-MidYear,Mid Year,2026-07-15,3.53,3.47,3.5,Sobresaliente,False,BUK10181
BUK12005,2025-Anual,Anual,2025-12-10,3.03,3.19,3.09,Cumple lo esperado,False,BUK10262
BUK12006,2026-MidYear,Mid Year,2026-07-15,3.19,3.03,3.13,Cumple lo esperado,False,BUK11027
BUK12007,2024-Anual,Anual,2024-12-10,3.46,3.82,3.6,Sobresaliente,False,BUK10122
BUK12007,2025-MidYear,Mid Year,2025-07-15,3.45,3.11,3.31,Cumple lo esperado,False,BUK10122
BUK12007,2025-Anual,Anual,2025-12-10,3.5,3.27,3.41,Cumple lo esperado,False,BUK10122
BUK12008,2024-Anual,Anual,2024-12-10,2.23,2.74,2.43,Bajo lo esperado,True,BUK12278
BUK12008,2025-MidYear,Mid Year,2025-07-15,2.42,2.94,2.63,Bajo lo esperado,False,BUK12278
BUK12010,2024-Anual,Anual,2024-12-10,3.8,3.51,3.69,Sobresaliente,False,BUK10881
BUK12010,2025-MidYear,Mid Year,2025-07-15,3.21,3.66,3.39,Cumple lo esperado,False,BUK10881
BUK12010,2025-Anual,Anual,2025-12-10,3.02,3.25,3.11,Cumple lo esperado,False,BUK10881
BUK12010,2026-MidYear,Mid Year,2026-07-15,3.24,3.26,3.25,Cumple lo esperado,False,BUK10881
BUK12011,2024-Anual,Anual,2024-12-10,3.34,3.34,3.34,Cumple lo esperado,False,BUK11409
BUK12011,2025-MidYear,Mid Year,2025-07-15,3.19,3.32,3.24,Cumple lo esperado,False,BUK11409
BUK12012,2025-Anual,Anual,2025-12-10,3.66,3.62,3.64,Sobresaliente,False,BUK12254
BUK12012,2026-MidYear,Mid Year,2026-07-15,3.24,3.69,3.42,Cumple lo esperado,False,BUK12254
BUK12013,2024-Anual,Anual,2024-12-10,3.74,3.58,3.68,Sobresaliente,False,BUK10961
BUK12013,2025-MidYear,Mid Year,2025-07-15,3.53,3.31,3.44,Cumple lo esperado,False,BUK10961
BUK12013,2025-Anual,Anual,2025-12-10,3.62,3.6,3.62,Sobresaliente,False,BUK10961
BUK12013,2026-MidYear,Mid Year,2026-07-15,3.23,3.29,3.25,Cumple lo esperado,False,BUK10961
BUK12014,2024-Anual,Anual,2024-12-10,2.73,2.91,2.8,Bajo lo esperado,True,BUK10462
BUK12014,2025-MidYear,Mid Year,2025-07-15,2.61,3.04,2.78,Bajo lo esperado,False,BUK10462
BUK12014,2025-Anual,Anual,2025-12-10,2.54,2.45,2.51,Bajo lo esperado,True,BUK10462
BUK12014,2026-MidYear,Mid Year,2026-07-15,3.07,2.7,2.92,Bajo lo esperado,False,BUK10462
BUK12015,2026-MidYear,Mid Year,2026-07-15,3.47,3.59,3.52,Sobresaliente,False,BUK11827
BUK12017,2024-Anual,Anual,2024-12-10,3.47,3.85,3.62,Sobresaliente,False,BUK11262
BUK12017,2025-MidYear,Mid Year,2025-07-15,3.52,3.53,3.52,Sobresaliente,False,BUK11262
BUK12017,2025-Anual,Anual,2025-12-10,3.17,3.31,3.23,Cumple lo esperado,False,BUK11262
BUK12017,2026-MidYear,Mid Year,2026-07-15,3.49,3.3,3.41,Cumple lo esperado,False,BUK11262
BUK12018,2025-MidYear,Mid Year,2025-07-15,2.95,3.09,3.0,Cumple lo esperado,False,BUK11409
BUK12018,2025-Anual,Anual,2025-12-10,3.04,2.82,2.95,Bajo lo esperado,True,BUK11409
BUK12018,2026-MidYear,Mid Year,2026-07-15,2.98,2.88,2.94,Bajo lo esperado,False,BUK11409
BUK12019,2024-Anual,Anual,2024-12-10,3.76,3.34,3.59,Sobresaliente,False,BUK10800
BUK12019,2025-MidYear,Mid Year,2025-07-15,3.0,3.46,3.19,Cumple lo esperado,False,BUK10800
BUK12019,2025-Anual,Anual,2025-12-10,3.26,3.36,3.3,Cumple lo esperado,False,BUK10800
BUK12019,2026-MidYear,Mid Year,2026-07-15,3.33,3.51,3.4,Cumple lo esperado,False,BUK10800
BUK12020,2024-Anual,Anual,2024-12-10,4.0,4.0,4.0,Sobresaliente,False,BUK10351
BUK12020,2025-MidYear,Mid Year,2025-07-15,3.76,4.0,3.85,Sobresaliente,False,BUK10351
BUK12020,2025-Anual,Anual,2025-12-10,3.9,3.73,3.83,Sobresaliente,False,BUK10351
BUK12020,2026-MidYear,Mid Year,2026-07-15,3.78,3.7,3.75,Sobresaliente,False,BUK10351
BUK12021,2024-Anual,Anual,2024-12-10,3.69,3.91,3.78,Sobresaliente,False,BUK12632
BUK12021,2025-MidYear,Mid Year,2025-07-15,3.48,3.31,3.41,Cumple lo esperado,False,BUK12632
BUK12021,2025-Anual,Anual,2025-12-10,3.57,3.45,3.52,Sobresaliente,False,BUK12632
BUK12021,2026-MidYear,Mid Year,2026-07-15,3.13,3.73,3.37,Cumple lo esperado,False,BUK12632
BUK12022,2024-Anual,Anual,2024-12-10,4.0,3.57,3.83,Sobresaliente,False,BUK10852
BUK12022,2025-MidYear,Mid Year,2025-07-15,3.6,3.7,3.64,Sobresaliente,False,BUK10852
BUK12022,2025-Anual,Anual,2025-12-10,3.37,3.78,3.53,Sobresaliente,False,BUK10852
BUK12022,2026-MidYear,Mid Year,2026-07-15,3.36,3.4,3.37,Cumple lo esperado,False,BUK10852
BUK12023,2026-MidYear,Mid Year,2026-07-15,3.64,3.46,3.57,Sobresaliente,False,BUK12151
BUK12027,2024-Anual,Anual,2024-12-10,3.25,3.7,3.43,Cumple lo esperado,False,BUK12581
BUK12027,2025-MidYear,Mid Year,2025-07-15,3.42,3.61,3.49,Cumple lo esperado,False,BUK12581
BUK12027,2025-Anual,Anual,2025-12-10,3.82,3.65,3.75,Sobresaliente,False,BUK12581
BUK12027,2026-MidYear,Mid Year,2026-07-15,3.76,3.89,3.81,Sobresaliente,False,BUK12581
BUK12028,2026-MidYear,Mid Year,2026-07-15,3.32,3.54,3.41,Cumple lo esperado,False,BUK10949
BUK12029,2024-Anual,Anual,2024-12-10,3.69,3.61,3.66,Sobresaliente,False,BUK10297
BUK12029,2025-MidYear,Mid Year,2025-07-15,3.32,3.61,3.43,Cumple lo esperado,False,BUK10297
BUK12029,2025-Anual,Anual,2025-12-10,3.96,3.63,3.83,Sobresaliente,False,BUK10297
BUK12029,2026-MidYear,Mid Year,2026-07-15,3.39,3.67,3.5,Sobresaliente,False,BUK10297
BUK12030,2025-MidYear,Mid Year,2025-07-15,2.98,3.26,3.09,Cumple lo esperado,False,BUK10963
BUK12030,2025-Anual,Anual,2025-12-10,3.33,3.4,3.36,Cumple lo esperado,False,BUK10963
BUK12030,2026-MidYear,Mid Year,2026-07-15,3.57,3.42,3.51,Sobresaliente,False,BUK10963
BUK12032,2024-Anual,Anual,2024-12-10,2.94,3.21,3.05,Cumple lo esperado,False,BUK10140
BUK12033,2025-Anual,Anual,2025-12-10,3.64,3.26,3.48,Cumple lo esperado,False,BUK10326
BUK12034,2024-Anual,Anual,2024-12-10,3.67,3.68,3.67,Sobresaliente,False,BUK12027
BUK12034,2025-MidYear,Mid Year,2025-07-15,3.33,3.65,3.46,Cumple lo esperado,False,BUK12027
BUK12035,2026-MidYear,Mid Year,2026-07-15,2.51,2.77,2.61,Bajo lo esperado,False,BUK10796
BUK12037,2024-Anual,Anual,2024-12-10,3.73,3.55,3.66,Sobresaliente,False,BUK12603
BUK12037,2025-MidYear,Mid Year,2025-07-15,3.48,3.26,3.39,Cumple lo esperado,False,BUK12603
BUK12037,2025-Anual,Anual,2025-12-10,3.69,3.44,3.59,Sobresaliente,False,BUK12603
BUK12037,2026-MidYear,Mid Year,2026-07-15,3.63,3.68,3.65,Sobresaliente,False,BUK12603
BUK12040,2024-Anual,Anual,2024-12-10,3.71,3.52,3.63,Sobresaliente,False,BUK10317
BUK12040,2025-MidYear,Mid Year,2025-07-15,3.64,3.71,3.66,Sobresaliente,False,BUK10317
BUK12040,2025-Anual,Anual,2025-12-10,3.74,3.15,3.5,Sobresaliente,False,BUK10317
BUK12040,2026-MidYear,Mid Year,2026-07-15,3.19,3.68,3.38,Cumple lo esperado,False,BUK10317
BUK12041,2025-MidYear,Mid Year,2025-07-15,3.39,3.28,3.34,Cumple lo esperado,False,BUK10949
BUK12041,2025-Anual,Anual,2025-12-10,3.54,3.24,3.42,Cumple lo esperado,False,BUK10949
BUK12041,2026-MidYear,Mid Year,2026-07-15,3.15,3.54,3.31,Cumple lo esperado,False,BUK10949
BUK12042,2025-Anual,Anual,2025-12-10,3.19,3.26,3.22,Cumple lo esperado,False,BUK12266
BUK12042,2026-MidYear,Mid Year,2026-07-15,3.21,3.13,3.18,Cumple lo esperado,False,BUK12266
BUK12043,2026-MidYear,Mid Year,2026-07-15,2.72,3.31,2.96,Bajo lo esperado,False,BUK12441
BUK12044,2026-MidYear,Mid Year,2026-07-15,3.7,3.49,3.62,Sobresaliente,False,BUK10950
BUK12045,2026-MidYear,Mid Year,2026-07-15,3.14,3.41,3.25,Cumple lo esperado,False,BUK10714
BUK12046,2026-MidYear,Mid Year,2026-07-15,3.73,3.98,3.83,Sobresaliente,False,BUK11067
BUK12048,2025-Anual,Anual,2025-12-10,3.12,3.21,3.16,Cumple lo esperado,False,BUK12229
BUK12049,2024-Anual,Anual,2024-12-10,3.82,3.77,3.8,Sobresaliente,False,BUK10154
BUK12049,2025-MidYear,Mid Year,2025-07-15,3.57,3.77,3.65,Sobresaliente,False,BUK10154
BUK12049,2025-Anual,Anual,2025-12-10,3.62,3.54,3.59,Sobresaliente,False,BUK10154
BUK12049,2026-MidYear,Mid Year,2026-07-15,4.0,3.58,3.83,Sobresaliente,False,BUK10154
BUK12050,2024-Anual,Anual,2024-12-10,2.72,3.07,2.86,Bajo lo esperado,True,BUK10921
BUK12050,2025-MidYear,Mid Year,2025-07-15,3.56,3.25,3.44,Cumple lo esperado,False,BUK10921
BUK12050,2025-Anual,Anual,2025-12-10,3.33,3.2,3.28,Cumple lo esperado,False,BUK10921
BUK12050,2026-MidYear,Mid Year,2026-07-15,3.32,3.19,3.27,Cumple lo esperado,False,BUK10921
BUK12051,2025-MidYear,Mid Year,2025-07-15,3.37,3.42,3.39,Cumple lo esperado,False,BUK11993
BUK12051,2025-Anual,Anual,2025-12-10,3.47,3.24,3.38,Cumple lo esperado,False,BUK11993
BUK12051,2026-MidYear,Mid Year,2026-07-15,3.13,3.16,3.14,Cumple lo esperado,False,BUK11993
BUK12052,2026-MidYear,Mid Year,2026-07-15,3.27,3.06,3.18,Cumple lo esperado,False,BUK11884
BUK12053,2024-Anual,Anual,2024-12-10,2.73,3.21,2.92,Bajo lo esperado,True,BUK10619
BUK12053,2025-MidYear,Mid Year,2025-07-15,2.83,3.8,3.22,Cumple lo esperado,False,BUK10619
BUK12053,2025-Anual,Anual,2025-12-10,3.3,3.06,3.2,Cumple lo esperado,False,BUK10619
BUK12053,2026-MidYear,Mid Year,2026-07-15,2.85,3.04,2.93,Bajo lo esperado,False,BUK10619
BUK12054,2026-MidYear,Mid Year,2026-07-15,3.62,3.55,3.59,Sobresaliente,False,BUK10949
BUK12055,2024-Anual,Anual,2024-12-10,3.36,3.47,3.4,Cumple lo esperado,False,BUK12094
BUK12055,2025-MidYear,Mid Year,2025-07-15,3.05,3.43,3.2,Cumple lo esperado,False,BUK12094
BUK12055,2025-Anual,Anual,2025-12-10,2.99,3.24,3.09,Cumple lo esperado,False,BUK12094
BUK12055,2026-MidYear,Mid Year,2026-07-15,3.44,3.62,3.52,Sobresaliente,False,BUK12094
BUK12056,2024-Anual,Anual,2024-12-10,3.37,3.84,3.56,Sobresaliente,False,BUK11731
BUK12056,2025-MidYear,Mid Year,2025-07-15,3.4,3.5,3.44,Cumple lo esperado,False,BUK11731
BUK12056,2025-Anual,Anual,2025-12-10,3.61,3.35,3.51,Sobresaliente,False,BUK11731
BUK12057,2026-MidYear,Mid Year,2026-07-15,3.18,3.24,3.2,Cumple lo esperado,False,BUK10114
BUK12058,2024-Anual,Anual,2024-12-10,3.31,3.58,3.42,Cumple lo esperado,False,BUK11009
BUK12058,2025-MidYear,Mid Year,2025-07-15,3.39,3.15,3.3,Cumple lo esperado,False,BUK11009
BUK12058,2025-Anual,Anual,2025-12-10,3.36,3.9,3.58,Sobresaliente,False,BUK11009
BUK12058,2026-MidYear,Mid Year,2026-07-15,3.62,3.6,3.61,Sobresaliente,False,BUK11009
BUK12059,2025-Anual,Anual,2025-12-10,3.08,3.12,3.1,Cumple lo esperado,False,BUK10289
BUK12059,2026-MidYear,Mid Year,2026-07-15,3.38,3.44,3.41,Cumple lo esperado,False,BUK10289
BUK12060,2026-MidYear,Mid Year,2026-07-15,3.53,3.48,3.51,Sobresaliente,False,BUK10691
BUK12062,2026-MidYear,Mid Year,2026-07-15,3.6,3.97,3.74,Sobresaliente,False,BUK11543
BUK12063,2026-MidYear,Mid Year,2026-07-15,3.35,3.53,3.42,Cumple lo esperado,False,BUK10708
BUK12064,2026-MidYear,Mid Year,2026-07-15,3.39,3.05,3.26,Cumple lo esperado,False,BUK12005
BUK12065,2025-MidYear,Mid Year,2025-07-15,3.65,3.41,3.56,Sobresaliente,False,BUK11557
BUK12065,2025-Anual,Anual,2025-12-10,3.68,3.82,3.74,Sobresaliente,False,BUK11557
BUK12065,2026-MidYear,Mid Year,2026-07-15,3.97,3.41,3.75,Sobresaliente,False,BUK11557
BUK12066,2026-MidYear,Mid Year,2026-07-15,2.56,2.91,2.7,Bajo lo esperado,False,BUK11993
BUK12067,2024-Anual,Anual,2024-12-10,3.28,3.33,3.3,Cumple lo esperado,False,BUK11244
BUK12067,2025-MidYear,Mid Year,2025-07-15,3.37,3.58,3.45,Cumple lo esperado,False,BUK11244
BUK12067,2025-Anual,Anual,2025-12-10,2.83,3.38,3.05,Cumple lo esperado,False,BUK11244
BUK12067,2026-MidYear,Mid Year,2026-07-15,3.25,2.97,3.14,Cumple lo esperado,False,BUK11244
BUK12069,2026-MidYear,Mid Year,2026-07-15,3.46,3.51,3.48,Cumple lo esperado,False,BUK12572
BUK12070,2026-MidYear,Mid Year,2026-07-15,3.6,3.63,3.61,Sobresaliente,False,BUK12279
BUK12072,2025-MidYear,Mid Year,2025-07-15,2.92,3.03,2.97,Bajo lo esperado,False,BUK10326
BUK12072,2025-Anual,Anual,2025-12-10,3.23,2.99,3.13,Cumple lo esperado,False,BUK10326
BUK12072,2026-MidYear,Mid Year,2026-07-15,3.31,3.61,3.43,Cumple lo esperado,False,BUK10326
BUK12074,2024-Anual,Anual,2024-12-10,3.58,3.44,3.53,Sobresaliente,False,BUK11154
BUK12074,2025-MidYear,Mid Year,2025-07-15,3.52,3.43,3.49,Cumple lo esperado,False,BUK11154
BUK12074,2025-Anual,Anual,2025-12-10,3.48,3.49,3.48,Cumple lo esperado,False,BUK11154
BUK12074,2026-MidYear,Mid Year,2026-07-15,3.29,3.81,3.5,Sobresaliente,False,BUK11154
BUK12075,2025-MidYear,Mid Year,2025-07-15,3.49,3.39,3.45,Cumple lo esperado,False,BUK12337
BUK12075,2025-Anual,Anual,2025-12-10,3.02,3.17,3.08,Cumple lo esperado,False,BUK12337
BUK12075,2026-MidYear,Mid Year,2026-07-15,3.26,3.44,3.33,Cumple lo esperado,False,BUK12337
BUK12076,2026-MidYear,Mid Year,2026-07-15,3.66,3.34,3.53,Sobresaliente,False,BUK10118
BUK12077,2025-MidYear,Mid Year,2025-07-15,3.52,3.8,3.63,Sobresaliente,False,BUK11152
BUK12077,2025-Anual,Anual,2025-12-10,3.76,3.59,3.69,Sobresaliente,False,BUK11152
BUK12077,2026-MidYear,Mid Year,2026-07-15,3.41,3.93,3.62,Sobresaliente,False,BUK11152
BUK12079,2024-Anual,Anual,2024-12-10,3.38,3.1,3.27,Cumple lo esperado,False,BUK12338
BUK12079,2025-MidYear,Mid Year,2025-07-15,3.11,3.38,3.22,Cumple lo esperado,False,BUK12338
BUK12079,2025-Anual,Anual,2025-12-10,2.87,3.32,3.05,Cumple lo esperado,False,BUK12338
BUK12079,2026-MidYear,Mid Year,2026-07-15,3.14,3.45,3.26,Cumple lo esperado,False,BUK12338
BUK12080,2024-Anual,Anual,2024-12-10,3.67,3.12,3.45,Cumple lo esperado,False,BUK11881
BUK12080,2025-MidYear,Mid Year,2025-07-15,3.75,3.55,3.67,Sobresaliente,False,BUK11881
BUK12080,2025-Anual,Anual,2025-12-10,3.66,3.44,3.57,Sobresaliente,False,BUK11881
BUK12080,2026-MidYear,Mid Year,2026-07-15,3.7,3.27,3.53,Sobresaliente,False,BUK11881
BUK12081,2024-Anual,Anual,2024-12-10,3.48,3.39,3.44,Cumple lo esperado,False,BUK12566
BUK12081,2025-MidYear,Mid Year,2025-07-15,3.16,3.05,3.11,Cumple lo esperado,False,BUK12566
BUK12081,2025-Anual,Anual,2025-12-10,3.33,3.29,3.32,Cumple lo esperado,False,BUK12566
BUK12081,2026-MidYear,Mid Year,2026-07-15,3.5,3.1,3.34,Cumple lo esperado,False,BUK12566
BUK12083,2026-MidYear,Mid Year,2026-07-15,2.77,3.52,3.07,Cumple lo esperado,False,BUK11097
BUK12085,2024-Anual,Anual,2024-12-10,3.4,3.08,3.27,Cumple lo esperado,False,BUK10796
BUK12085,2025-MidYear,Mid Year,2025-07-15,3.24,3.4,3.3,Cumple lo esperado,False,BUK10796
BUK12085,2025-Anual,Anual,2025-12-10,3.03,3.55,3.24,Cumple lo esperado,False,BUK10796
BUK12085,2026-MidYear,Mid Year,2026-07-15,3.25,3.81,3.48,Cumple lo esperado,False,BUK10796
BUK12087,2025-Anual,Anual,2025-12-10,3.35,3.78,3.52,Sobresaliente,False,BUK12081
BUK12087,2026-MidYear,Mid Year,2026-07-15,3.36,3.42,3.39,Cumple lo esperado,False,BUK12081
BUK12088,2025-MidYear,Mid Year,2025-07-15,2.51,2.75,2.6,Bajo lo esperado,False,BUK10405
BUK12088,2025-Anual,Anual,2025-12-10,2.74,2.91,2.8,Bajo lo esperado,True,BUK10405
BUK12088,2026-MidYear,Mid Year,2026-07-15,2.51,2.87,2.65,Bajo lo esperado,False,BUK10405
BUK12089,2026-MidYear,Mid Year,2026-07-15,3.5,3.77,3.61,Sobresaliente,False,BUK10796
BUK12091,2024-Anual,Anual,2024-12-10,3.11,3.05,3.09,Cumple lo esperado,False,BUK10322
BUK12092,2024-Anual,Anual,2024-12-10,2.96,3.05,3.0,Cumple lo esperado,False,BUK12446
BUK12092,2025-MidYear,Mid Year,2025-07-15,3.77,3.68,3.73,Sobresaliente,False,BUK12446
BUK12092,2025-Anual,Anual,2025-12-10,3.55,3.22,3.42,Cumple lo esperado,False,BUK12446
BUK12092,2026-MidYear,Mid Year,2026-07-15,3.17,3.56,3.32,Cumple lo esperado,False,BUK12446
BUK12093,2026-MidYear,Mid Year,2026-07-15,2.98,3.46,3.17,Cumple lo esperado,False,BUK10796
BUK12094,2025-MidYear,Mid Year,2025-07-15,3.59,3.82,3.68,Sobresaliente,False,BUK11054
BUK12094,2025-Anual,Anual,2025-12-10,3.42,3.68,3.52,Sobresaliente,False,BUK11054
BUK12094,2026-MidYear,Mid Year,2026-07-15,3.85,3.66,3.77,Sobresaliente,False,BUK11054
BUK12095,2025-MidYear,Mid Year,2025-07-15,2.98,3.29,3.11,Cumple lo esperado,False,BUK11563
BUK12095,2025-Anual,Anual,2025-12-10,3.49,3.38,3.45,Cumple lo esperado,False,BUK11563
BUK12095,2026-MidYear,Mid Year,2026-07-15,3.4,3.21,3.33,Cumple lo esperado,False,BUK11563
BUK12096,2025-Anual,Anual,2025-12-10,2.9,3.24,3.04,Cumple lo esperado,False,BUK11901
BUK12096,2026-MidYear,Mid Year,2026-07-15,3.09,2.96,3.04,Cumple lo esperado,False,BUK11901
BUK12097,2025-MidYear,Mid Year,2025-07-15,3.03,3.18,3.09,Cumple lo esperado,False,BUK10462
BUK12097,2025-Anual,Anual,2025-12-10,2.88,3.17,2.99,Bajo lo esperado,True,BUK10462
BUK12097,2026-MidYear,Mid Year,2026-07-15,2.49,3.22,2.78,Bajo lo esperado,False,BUK10462
BUK12098,2025-MidYear,Mid Year,2025-07-15,3.1,3.1,3.1,Cumple lo esperado,False,BUK10867
BUK12098,2025-Anual,Anual,2025-12-10,3.53,3.33,3.45,Cumple lo esperado,False,BUK10867
BUK12098,2026-MidYear,Mid Year,2026-07-15,3.29,3.45,3.36,Cumple lo esperado,False,BUK10867
BUK12099,2024-Anual,Anual,2024-12-10,3.39,3.14,3.29,Cumple lo esperado,False,BUK11600
BUK12099,2025-MidYear,Mid Year,2025-07-15,3.42,3.22,3.34,Cumple lo esperado,False,BUK11600
BUK12099,2025-Anual,Anual,2025-12-10,3.24,3.36,3.29,Cumple lo esperado,False,BUK11600
BUK12099,2026-MidYear,Mid Year,2026-07-15,3.17,3.74,3.4,Cumple lo esperado,False,BUK11600
BUK12100,2025-Anual,Anual,2025-12-10,3.48,3.41,3.45,Cumple lo esperado,False,BUK10462
BUK12100,2026-MidYear,Mid Year,2026-07-15,3.25,3.71,3.44,Cumple lo esperado,False,BUK10462
BUK12101,2026-MidYear,Mid Year,2026-07-15,4.0,3.68,3.87,Sobresaliente,False,BUK10312
BUK12103,2024-Anual,Anual,2024-12-10,3.79,3.69,3.75,Sobresaliente,False,BUK10694
BUK12103,2025-MidYear,Mid Year,2025-07-15,3.43,4.0,3.66,Sobresaliente,False,BUK10694
BUK12103,2025-Anual,Anual,2025-12-10,3.51,3.81,3.63,Sobresaliente,False,BUK10694
BUK12103,2026-MidYear,Mid Year,2026-07-15,3.87,3.69,3.8,Sobresaliente,False,BUK10694
BUK12104,2024-Anual,Anual,2024-12-10,3.35,3.5,3.41,Cumple lo esperado,False,BUK10630
BUK12104,2025-MidYear,Mid Year,2025-07-15,2.93,3.76,3.26,Cumple lo esperado,False,BUK10630
BUK12105,2024-Anual,Anual,2024-12-10,2.89,3.24,3.03,Cumple lo esperado,False,BUK12606
BUK12105,2025-MidYear,Mid Year,2025-07-15,2.77,2.81,2.79,Bajo lo esperado,False,BUK12606
BUK12105,2025-Anual,Anual,2025-12-10,3.31,3.08,3.22,Cumple lo esperado,False,BUK12606
BUK12105,2026-MidYear,Mid Year,2026-07-15,2.86,3.21,3.0,Cumple lo esperado,False,BUK12606
BUK12106,2026-MidYear,Mid Year,2026-07-15,2.58,2.84,2.68,Bajo lo esperado,False,BUK12165
BUK12107,2026-MidYear,Mid Year,2026-07-15,2.81,3.07,2.91,Bajo lo esperado,False,BUK10906
BUK12108,2025-Anual,Anual,2025-12-10,3.62,4.0,3.77,Sobresaliente,False,BUK11964
BUK12108,2026-MidYear,Mid Year,2026-07-15,3.25,3.59,3.38,Cumple lo esperado,False,BUK11964
BUK12110,2024-Anual,Anual,2024-12-10,2.79,2.94,2.85,Bajo lo esperado,True,BUK10780
BUK12110,2025-MidYear,Mid Year,2025-07-15,3.04,2.73,2.92,Bajo lo esperado,False,BUK10780
BUK12110,2025-Anual,Anual,2025-12-10,2.61,3.1,2.81,Bajo lo esperado,True,BUK10780
BUK12110,2026-MidYear,Mid Year,2026-07-15,2.42,3.16,2.71,Bajo lo esperado,False,BUK10780
BUK12112,2025-Anual,Anual,2025-12-10,3.54,3.52,3.54,Sobresaliente,False,BUK11186
BUK12112,2026-MidYear,Mid Year,2026-07-15,3.64,3.33,3.52,Sobresaliente,False,BUK11186
BUK12113,2026-MidYear,Mid Year,2026-07-15,3.23,3.4,3.3,Cumple lo esperado,False,BUK11815
BUK12114,2026-MidYear,Mid Year,2026-07-15,3.42,3.6,3.49,Cumple lo esperado,False,BUK10714
BUK12115,2024-Anual,Anual,2024-12-10,3.5,3.63,3.55,Sobresaliente,False,BUK10029
BUK12115,2025-MidYear,Mid Year,2025-07-15,3.3,3.71,3.46,Cumple lo esperado,False,BUK10029
BUK12115,2025-Anual,Anual,2025-12-10,3.44,3.34,3.4,Cumple lo esperado,False,BUK10029
BUK12115,2026-MidYear,Mid Year,2026-07-15,3.37,3.9,3.58,Sobresaliente,False,BUK10029
BUK12116,2024-Anual,Anual,2024-12-10,3.21,3.45,3.31,Cumple lo esperado,False,BUK10945
BUK12116,2025-MidYear,Mid Year,2025-07-15,3.18,3.63,3.36,Cumple lo esperado,False,BUK10945
BUK12116,2025-Anual,Anual,2025-12-10,3.54,3.38,3.48,Cumple lo esperado,False,BUK10945
BUK12116,2026-MidYear,Mid Year,2026-07-15,3.04,2.98,3.02,Cumple lo esperado,False,BUK10945
BUK12117,2024-Anual,Anual,2024-12-10,3.78,3.79,3.78,Sobresaliente,False,BUK12081
BUK12117,2025-MidYear,Mid Year,2025-07-15,3.54,3.62,3.57,Sobresaliente,False,BUK12081
BUK12117,2025-Anual,Anual,2025-12-10,4.0,3.7,3.88,Sobresaliente,False,BUK12081
BUK12117,2026-MidYear,Mid Year,2026-07-15,3.82,3.49,3.69,Sobresaliente,False,BUK12081
BUK12118,2024-Anual,Anual,2024-12-10,2.69,3.1,2.85,Bajo lo esperado,True,BUK10248
BUK12118,2025-MidYear,Mid Year,2025-07-15,3.13,3.01,3.08,Cumple lo esperado,False,BUK10248
BUK12118,2025-Anual,Anual,2025-12-10,2.65,2.6,2.63,Bajo lo esperado,True,BUK10248
BUK12119,2024-Anual,Anual,2024-12-10,3.6,3.72,3.65,Sobresaliente,False,BUK11901
BUK12119,2025-MidYear,Mid Year,2025-07-15,3.71,3.15,3.49,Cumple lo esperado,False,BUK11901
BUK12119,2025-Anual,Anual,2025-12-10,3.25,3.72,3.44,Cumple lo esperado,False,BUK11901
BUK12119,2026-MidYear,Mid Year,2026-07-15,3.31,3.27,3.29,Cumple lo esperado,False,BUK11901
BUK12120,2025-MidYear,Mid Year,2025-07-15,3.36,3.12,3.27,Cumple lo esperado,False,BUK10910
BUK12120,2025-Anual,Anual,2025-12-10,3.47,3.37,3.43,Cumple lo esperado,False,BUK10910
BUK12121,2026-MidYear,Mid Year,2026-07-15,3.02,3.48,3.21,Cumple lo esperado,False,BUK11573
BUK12122,2024-Anual,Anual,2024-12-10,3.68,3.38,3.56,Sobresaliente,False,BUK10881
BUK12122,2025-MidYear,Mid Year,2025-07-15,3.47,3.9,3.64,Sobresaliente,False,BUK10881
BUK12122,2025-Anual,Anual,2025-12-10,3.53,3.19,3.4,Cumple lo esperado,False,BUK10881
BUK12123,2024-Anual,Anual,2024-12-10,3.21,3.63,3.38,Cumple lo esperado,False,BUK10547
BUK12123,2025-MidYear,Mid Year,2025-07-15,3.21,3.52,3.33,Cumple lo esperado,False,BUK10547
BUK12123,2025-Anual,Anual,2025-12-10,3.45,3.42,3.44,Cumple lo esperado,False,BUK10547
BUK12123,2026-MidYear,Mid Year,2026-07-15,3.6,3.78,3.67,Sobresaliente,False,BUK10547
BUK12124,2026-MidYear,Mid Year,2026-07-15,3.52,2.98,3.3,Cumple lo esperado,False,BUK10250
BUK12125,2024-Anual,Anual,2024-12-10,3.29,3.74,3.47,Cumple lo esperado,False,BUK11435
BUK12125,2025-MidYear,Mid Year,2025-07-15,3.67,3.64,3.66,Sobresaliente,False,BUK11435
BUK12125,2025-Anual,Anual,2025-12-10,3.85,3.41,3.67,Sobresaliente,False,BUK11435
BUK12125,2026-MidYear,Mid Year,2026-07-15,3.34,3.49,3.4,Cumple lo esperado,False,BUK11435
BUK12126,2026-MidYear,Mid Year,2026-07-15,3.72,3.57,3.66,Sobresaliente,False,BUK10183
BUK12127,2024-Anual,Anual,2024-12-10,3.41,3.18,3.32,Cumple lo esperado,False,BUK10992
BUK12127,2025-MidYear,Mid Year,2025-07-15,3.15,3.75,3.39,Cumple lo esperado,False,BUK10992
BUK12127,2025-Anual,Anual,2025-12-10,3.31,3.37,3.34,Cumple lo esperado,False,BUK10992
BUK12127,2026-MidYear,Mid Year,2026-07-15,3.32,3.18,3.26,Cumple lo esperado,False,BUK10992
BUK12128,2025-MidYear,Mid Year,2025-07-15,2.99,3.24,3.09,Cumple lo esperado,False,BUK10852
BUK12128,2025-Anual,Anual,2025-12-10,3.49,3.34,3.43,Cumple lo esperado,False,BUK10852
BUK12129,2026-MidYear,Mid Year,2026-07-15,2.96,3.39,3.13,Cumple lo esperado,False,BUK10118
BUK12131,2024-Anual,Anual,2024-12-10,3.47,3.33,3.41,Cumple lo esperado,False,BUK10351
BUK12131,2025-MidYear,Mid Year,2025-07-15,3.24,3.44,3.32,Cumple lo esperado,False,BUK10351
BUK12131,2025-Anual,Anual,2025-12-10,3.44,2.85,3.2,Cumple lo esperado,False,BUK10351
BUK12131,2026-MidYear,Mid Year,2026-07-15,3.3,2.94,3.16,Cumple lo esperado,False,BUK10351
BUK12132,2025-MidYear,Mid Year,2025-07-15,3.51,3.58,3.54,Sobresaliente,False,BUK11815
BUK12132,2025-Anual,Anual,2025-12-10,3.39,3.25,3.33,Cumple lo esperado,False,BUK11815
BUK12133,2024-Anual,Anual,2024-12-10,3.54,3.82,3.65,Sobresaliente,False,BUK11411
BUK12133,2025-MidYear,Mid Year,2025-07-15,3.61,3.57,3.59,Sobresaliente,False,BUK11411
BUK12133,2025-Anual,Anual,2025-12-10,3.58,3.5,3.55,Sobresaliente,False,BUK11411
BUK12133,2026-MidYear,Mid Year,2026-07-15,3.48,3.37,3.43,Cumple lo esperado,False,BUK11411
BUK12134,2024-Anual,Anual,2024-12-10,3.63,3.4,3.54,Sobresaliente,False,BUK11993
BUK12134,2025-MidYear,Mid Year,2025-07-15,3.37,3.66,3.48,Cumple lo esperado,False,BUK11993
BUK12134,2025-Anual,Anual,2025-12-10,3.58,3.58,3.58,Sobresaliente,False,BUK11993
BUK12134,2026-MidYear,Mid Year,2026-07-15,3.44,3.7,3.54,Sobresaliente,False,BUK11993
BUK12135,2024-Anual,Anual,2024-12-10,3.37,2.86,3.16,Cumple lo esperado,False,BUK11993
BUK12135,2025-MidYear,Mid Year,2025-07-15,3.37,3.59,3.46,Cumple lo esperado,False,BUK11993
BUK12135,2025-Anual,Anual,2025-12-10,3.58,3.35,3.49,Cumple lo esperado,False,BUK11993
BUK12135,2026-MidYear,Mid Year,2026-07-15,3.6,3.73,3.65,Sobresaliente,False,BUK11993
BUK12136,2024-Anual,Anual,2024-12-10,3.41,3.44,3.42,Cumple lo esperado,False,BUK12611
BUK12136,2025-MidYear,Mid Year,2025-07-15,3.42,3.46,3.44,Cumple lo esperado,False,BUK12611
BUK12136,2025-Anual,Anual,2025-12-10,3.05,3.25,3.13,Cumple lo esperado,False,BUK12611
BUK12136,2026-MidYear,Mid Year,2026-07-15,3.35,3.29,3.33,Cumple lo esperado,False,BUK12611
BUK12137,2024-Anual,Anual,2024-12-10,3.94,3.78,3.88,Sobresaliente,False,BUK10833
BUK12137,2025-MidYear,Mid Year,2025-07-15,4.0,3.38,3.75,Sobresaliente,False,BUK10833
BUK12137,2025-Anual,Anual,2025-12-10,4.0,3.49,3.8,Sobresaliente,False,BUK10833
BUK12137,2026-MidYear,Mid Year,2026-07-15,3.5,3.72,3.59,Sobresaliente,False,BUK10833
BUK12138,2025-Anual,Anual,2025-12-10,2.91,3.29,3.06,Cumple lo esperado,False,BUK10963
BUK12138,2026-MidYear,Mid Year,2026-07-15,3.15,3.21,3.17,Cumple lo esperado,False,BUK10963
BUK12139,2025-MidYear,Mid Year,2025-07-15,3.2,3.4,3.28,Cumple lo esperado,False,BUK11068
BUK12139,2025-Anual,Anual,2025-12-10,3.29,3.23,3.27,Cumple lo esperado,False,BUK11068
BUK12139,2026-MidYear,Mid Year,2026-07-15,3.02,3.48,3.2,Cumple lo esperado,False,BUK11068
BUK12140,2026-MidYear,Mid Year,2026-07-15,3.27,3.28,3.27,Cumple lo esperado,False,BUK11373
BUK12141,2025-Anual,Anual,2025-12-10,3.26,3.01,3.16,Cumple lo esperado,False,BUK11557
BUK12141,2026-MidYear,Mid Year,2026-07-15,3.35,3.19,3.29,Cumple lo esperado,False,BUK11557
BUK12143,2026-MidYear,Mid Year,2026-07-15,3.17,3.66,3.36,Cumple lo esperado,False,BUK10462
BUK12144,2024-Anual,Anual,2024-12-10,3.79,3.38,3.62,Sobresaliente,False,BUK12554
BUK12144,2025-MidYear,Mid Year,2025-07-15,3.32,3.24,3.29,Cumple lo esperado,False,BUK12554
BUK12144,2025-Anual,Anual,2025-12-10,3.0,3.7,3.28,Cumple lo esperado,False,BUK12554
BUK12144,2026-MidYear,Mid Year,2026-07-15,3.05,3.46,3.21,Cumple lo esperado,False,BUK12554
BUK12145,2026-MidYear,Mid Year,2026-07-15,3.65,3.47,3.58,Sobresaliente,False,BUK12094
BUK12146,2024-Anual,Anual,2024-12-10,2.9,2.55,2.76,Bajo lo esperado,True,BUK10796
BUK12146,2025-MidYear,Mid Year,2025-07-15,2.54,2.59,2.56,Bajo lo esperado,False,BUK10796
BUK12146,2025-Anual,Anual,2025-12-10,2.45,2.85,2.61,Bajo lo esperado,True,BUK10796
BUK12147,2025-MidYear,Mid Year,2025-07-15,3.99,3.65,3.85,Sobresaliente,False,BUK10792
BUK12147,2025-Anual,Anual,2025-12-10,3.88,3.81,3.85,Sobresaliente,False,BUK10792
BUK12147,2026-MidYear,Mid Year,2026-07-15,3.67,3.83,3.74,Sobresaliente,False,BUK10792
BUK12149,2024-Anual,Anual,2024-12-10,2.8,2.98,2.87,Bajo lo esperado,True,BUK10995
BUK12150,2024-Anual,Anual,2024-12-10,3.38,3.49,3.42,Cumple lo esperado,False,BUK10691
BUK12150,2025-MidYear,Mid Year,2025-07-15,3.4,3.54,3.46,Cumple lo esperado,False,BUK10691
BUK12150,2025-Anual,Anual,2025-12-10,3.56,3.27,3.44,Cumple lo esperado,False,BUK10691
BUK12150,2026-MidYear,Mid Year,2026-07-15,3.23,3.21,3.23,Cumple lo esperado,False,BUK10691
BUK12151,2025-Anual,Anual,2025-12-10,3.16,3.66,3.36,Cumple lo esperado,False,BUK12234
BUK12152,2024-Anual,Anual,2024-12-10,2.75,3.01,2.86,Bajo lo esperado,True,BUK11580
BUK12152,2025-MidYear,Mid Year,2025-07-15,3.69,3.12,3.47,Cumple lo esperado,False,BUK11580
BUK12152,2025-Anual,Anual,2025-12-10,3.33,3.2,3.28,Cumple lo esperado,False,BUK11580
BUK12152,2026-MidYear,Mid Year,2026-07-15,3.19,3.37,3.26,Cumple lo esperado,False,BUK11580
BUK12153,2026-MidYear,Mid Year,2026-07-15,3.16,3.41,3.26,Cumple lo esperado,False,BUK12338
BUK12154,2026-MidYear,Mid Year,2026-07-15,3.24,3.31,3.27,Cumple lo esperado,False,BUK10950
BUK12155,2025-Anual,Anual,2025-12-10,3.03,3.13,3.07,Cumple lo esperado,False,BUK10928
BUK12155,2026-MidYear,Mid Year,2026-07-15,3.24,3.27,3.25,Cumple lo esperado,False,BUK10928
BUK12157,2025-Anual,Anual,2025-12-10,3.62,3.88,3.73,Sobresaliente,False,BUK11717
BUK12157,2026-MidYear,Mid Year,2026-07-15,4.0,3.69,3.88,Sobresaliente,False,BUK11717
BUK12158,2024-Anual,Anual,2024-12-10,3.06,3.62,3.28,Cumple lo esperado,False,BUK11435
BUK12158,2025-MidYear,Mid Year,2025-07-15,3.26,3.24,3.26,Cumple lo esperado,False,BUK11435
BUK12158,2025-Anual,Anual,2025-12-10,3.39,3.46,3.42,Cumple lo esperado,False,BUK11435
BUK12158,2026-MidYear,Mid Year,2026-07-15,3.62,3.32,3.5,Sobresaliente,False,BUK11435
BUK12159,2024-Anual,Anual,2024-12-10,3.38,3.48,3.42,Cumple lo esperado,False,BUK10766
BUK12159,2025-MidYear,Mid Year,2025-07-15,3.44,3.64,3.52,Sobresaliente,False,BUK10766
BUK12159,2025-Anual,Anual,2025-12-10,3.6,3.81,3.68,Sobresaliente,False,BUK10766
BUK12159,2026-MidYear,Mid Year,2026-07-15,3.78,3.75,3.77,Sobresaliente,False,BUK10766
BUK12160,2026-MidYear,Mid Year,2026-07-15,3.3,2.91,3.14,Cumple lo esperado,False,BUK10398
BUK12161,2026-MidYear,Mid Year,2026-07-15,2.38,3.0,2.63,Bajo lo esperado,False,BUK10867
BUK12162,2026-MidYear,Mid Year,2026-07-15,3.52,3.54,3.53,Sobresaliente,False,BUK11717
BUK12164,2024-Anual,Anual,2024-12-10,3.08,3.53,3.26,Cumple lo esperado,False,BUK11307
BUK12164,2025-MidYear,Mid Year,2025-07-15,3.44,3.67,3.53,Sobresaliente,False,BUK11307
BUK12164,2025-Anual,Anual,2025-12-10,3.29,3.38,3.33,Cumple lo esperado,False,BUK11307
BUK12164,2026-MidYear,Mid Year,2026-07-15,3.59,3.55,3.58,Sobresaliente,False,BUK11307
BUK12166,2024-Anual,Anual,2024-12-10,3.68,3.46,3.59,Sobresaliente,False,BUK10326
BUK12166,2025-MidYear,Mid Year,2025-07-15,3.66,3.35,3.54,Sobresaliente,False,BUK10326
BUK12166,2025-Anual,Anual,2025-12-10,3.45,3.39,3.42,Cumple lo esperado,False,BUK10326
BUK12166,2026-MidYear,Mid Year,2026-07-15,3.69,3.66,3.67,Sobresaliente,False,BUK10326
BUK12167,2024-Anual,Anual,2024-12-10,3.37,3.38,3.38,Cumple lo esperado,False,BUK11901
BUK12167,2025-MidYear,Mid Year,2025-07-15,3.43,3.35,3.4,Cumple lo esperado,False,BUK11901
BUK12167,2025-Anual,Anual,2025-12-10,3.48,3.55,3.51,Sobresaliente,False,BUK11901
BUK12167,2026-MidYear,Mid Year,2026-07-15,3.52,3.52,3.52,Sobresaliente,False,BUK11901
BUK12168,2026-MidYear,Mid Year,2026-07-15,3.27,3.06,3.18,Cumple lo esperado,False,BUK11186
BUK12169,2024-Anual,Anual,2024-12-10,3.48,3.37,3.44,Cumple lo esperado,False,BUK12611
BUK12169,2025-MidYear,Mid Year,2025-07-15,2.93,2.88,2.91,Bajo lo esperado,False,BUK12611
BUK12169,2025-Anual,Anual,2025-12-10,2.96,2.38,2.73,Bajo lo esperado,True,BUK12611
BUK12170,2025-Anual,Anual,2025-12-10,3.33,3.2,3.28,Cumple lo esperado,False,BUK11859
BUK12170,2026-MidYear,Mid Year,2026-07-15,3.65,3.49,3.59,Sobresaliente,False,BUK11859
BUK12171,2026-MidYear,Mid Year,2026-07-15,3.02,3.11,3.05,Cumple lo esperado,False,BUK11152
BUK12174,2024-Anual,Anual,2024-12-10,3.5,3.25,3.4,Cumple lo esperado,False,BUK10798
BUK12174,2025-MidYear,Mid Year,2025-07-15,3.79,3.52,3.68,Sobresaliente,False,BUK10798
BUK12174,2025-Anual,Anual,2025-12-10,3.7,3.67,3.69,Sobresaliente,False,BUK10798
BUK12174,2026-MidYear,Mid Year,2026-07-15,3.62,3.14,3.43,Cumple lo esperado,False,BUK10798
BUK12176,2025-MidYear,Mid Year,2025-07-15,3.49,3.77,3.61,Sobresaliente,False,BUK10906
BUK12176,2025-Anual,Anual,2025-12-10,3.66,3.67,3.66,Sobresaliente,False,BUK10906
BUK12176,2026-MidYear,Mid Year,2026-07-15,3.53,3.28,3.43,Cumple lo esperado,False,BUK10906
BUK12177,2024-Anual,Anual,2024-12-10,3.07,3.6,3.28,Cumple lo esperado,False,BUK12263
BUK12179,2025-MidYear,Mid Year,2025-07-15,3.33,3.71,3.48,Cumple lo esperado,False,BUK10250
BUK12179,2025-Anual,Anual,2025-12-10,3.36,3.37,3.37,Cumple lo esperado,False,BUK10250
BUK12179,2026-MidYear,Mid Year,2026-07-15,3.53,3.59,3.55,Sobresaliente,False,BUK10250
BUK12180,2026-MidYear,Mid Year,2026-07-15,3.26,3.21,3.24,Cumple lo esperado,False,BUK12441
BUK12181,2026-MidYear,Mid Year,2026-07-15,2.9,2.31,2.67,Bajo lo esperado,False,BUK11656
BUK12182,2026-MidYear,Mid Year,2026-07-15,3.58,3.27,3.46,Cumple lo esperado,False,BUK11177
BUK12183,2024-Anual,Anual,2024-12-10,3.67,3.67,3.67,Sobresaliente,False,BUK10250
BUK12183,2025-MidYear,Mid Year,2025-07-15,3.68,3.9,3.77,Sobresaliente,False,BUK10250
BUK12183,2025-Anual,Anual,2025-12-10,3.5,3.59,3.53,Sobresaliente,False,BUK10250
BUK12183,2026-MidYear,Mid Year,2026-07-15,3.93,3.23,3.65,Sobresaliente,False,BUK10250
BUK12184,2026-MidYear,Mid Year,2026-07-15,3.22,3.35,3.27,Cumple lo esperado,False,BUK11546
BUK12185,2025-Anual,Anual,2025-12-10,3.57,3.8,3.66,Sobresaliente,False,BUK12027
BUK12185,2026-MidYear,Mid Year,2026-07-15,3.53,3.56,3.54,Sobresaliente,False,BUK12027
BUK12186,2024-Anual,Anual,2024-12-10,3.82,3.48,3.69,Sobresaliente,False,BUK11305
BUK12186,2025-MidYear,Mid Year,2025-07-15,3.78,3.83,3.8,Sobresaliente,False,BUK11305
BUK12186,2025-Anual,Anual,2025-12-10,3.44,3.73,3.56,Sobresaliente,False,BUK11305
BUK12186,2026-MidYear,Mid Year,2026-07-15,3.6,3.35,3.5,Sobresaliente,False,BUK11305
BUK12190,2024-Anual,Anual,2024-12-10,3.31,3.43,3.36,Cumple lo esperado,False,BUK11487
BUK12190,2025-MidYear,Mid Year,2025-07-15,3.29,3.41,3.34,Cumple lo esperado,False,BUK11487
BUK12190,2025-Anual,Anual,2025-12-10,3.17,3.63,3.35,Cumple lo esperado,False,BUK11487
BUK12190,2026-MidYear,Mid Year,2026-07-15,3.33,3.51,3.4,Cumple lo esperado,False,BUK11487
BUK12191,2026-MidYear,Mid Year,2026-07-15,3.6,3.82,3.69,Sobresaliente,False,BUK11964
BUK12192,2025-Anual,Anual,2025-12-10,3.22,3.52,3.34,Cumple lo esperado,False,BUK11881
BUK12192,2026-MidYear,Mid Year,2026-07-15,3.28,3.12,3.22,Cumple lo esperado,False,BUK11881
BUK12196,2024-Anual,Anual,2024-12-10,3.72,3.24,3.53,Sobresaliente,False,BUK12632
BUK12199,2024-Anual,Anual,2024-12-10,3.23,2.97,3.12,Cumple lo esperado,False,BUK10044
BUK12199,2025-MidYear,Mid Year,2025-07-15,3.57,3.48,3.53,Sobresaliente,False,BUK10044
BUK12199,2025-Anual,Anual,2025-12-10,3.31,3.64,3.44,Cumple lo esperado,False,BUK10044
BUK12199,2026-MidYear,Mid Year,2026-07-15,3.55,3.41,3.5,Sobresaliente,False,BUK10044
BUK12200,2024-Anual,Anual,2024-12-10,3.36,3.35,3.36,Cumple lo esperado,False,BUK12515
BUK12200,2025-MidYear,Mid Year,2025-07-15,3.51,3.46,3.49,Cumple lo esperado,False,BUK12515
BUK12200,2025-Anual,Anual,2025-12-10,3.93,3.64,3.81,Sobresaliente,False,BUK12515
BUK12200,2026-MidYear,Mid Year,2026-07-15,3.16,3.17,3.16,Cumple lo esperado,False,BUK12515
BUK12202,2025-MidYear,Mid Year,2025-07-15,3.28,3.42,3.34,Cumple lo esperado,False,BUK11009
BUK12202,2025-Anual,Anual,2025-12-10,3.73,3.28,3.55,Sobresaliente,False,BUK11009
BUK12202,2026-MidYear,Mid Year,2026-07-15,3.81,3.32,3.61,Sobresaliente,False,BUK11009
BUK12203,2024-Anual,Anual,2024-12-10,3.69,3.38,3.56,Sobresaliente,False,BUK12446
BUK12203,2025-MidYear,Mid Year,2025-07-15,3.04,3.13,3.07,Cumple lo esperado,False,BUK12446
BUK12203,2025-Anual,Anual,2025-12-10,3.55,3.21,3.41,Cumple lo esperado,False,BUK12446
BUK12203,2026-MidYear,Mid Year,2026-07-15,3.62,3.81,3.7,Sobresaliente,False,BUK12446
BUK12204,2026-MidYear,Mid Year,2026-07-15,3.25,3.78,3.46,Cumple lo esperado,False,BUK10792
BUK12206,2024-Anual,Anual,2024-12-10,3.7,3.96,3.8,Sobresaliente,False,BUK12496
BUK12206,2025-MidYear,Mid Year,2025-07-15,3.54,3.33,3.45,Cumple lo esperado,False,BUK12496
BUK12206,2025-Anual,Anual,2025-12-10,3.42,3.85,3.59,Sobresaliente,False,BUK12496
BUK12206,2026-MidYear,Mid Year,2026-07-15,3.95,3.56,3.79,Sobresaliente,False,BUK12496
BUK12207,2024-Anual,Anual,2024-12-10,3.08,3.39,3.2,Cumple lo esperado,False,BUK11001
BUK12207,2025-MidYear,Mid Year,2025-07-15,3.77,3.78,3.78,Sobresaliente,False,BUK11001
BUK12207,2025-Anual,Anual,2025-12-10,3.77,3.91,3.83,Sobresaliente,False,BUK11001
BUK12207,2026-MidYear,Mid Year,2026-07-15,3.73,3.45,3.62,Sobresaliente,False,BUK11001
BUK12210,2024-Anual,Anual,2024-12-10,2.89,3.65,3.2,Cumple lo esperado,False,BUK10780
BUK12210,2025-MidYear,Mid Year,2025-07-15,3.29,2.92,3.14,Cumple lo esperado,False,BUK10780
BUK12210,2025-Anual,Anual,2025-12-10,3.24,3.14,3.2,Cumple lo esperado,False,BUK10780
BUK12210,2026-MidYear,Mid Year,2026-07-15,3.01,3.05,3.03,Cumple lo esperado,False,BUK10780
BUK12211,2026-MidYear,Mid Year,2026-07-15,3.3,3.41,3.35,Cumple lo esperado,False,BUK12499
BUK12212,2024-Anual,Anual,2024-12-10,3.71,3.5,3.63,Sobresaliente,False,BUK10710
BUK12212,2025-MidYear,Mid Year,2025-07-15,3.28,3.1,3.21,Cumple lo esperado,False,BUK10710
BUK12212,2025-Anual,Anual,2025-12-10,3.45,3.48,3.46,Cumple lo esperado,False,BUK10710
BUK12212,2026-MidYear,Mid Year,2026-07-15,3.32,3.53,3.4,Cumple lo esperado,False,BUK10710
BUK12213,2025-MidYear,Mid Year,2025-07-15,3.32,2.62,3.04,Cumple lo esperado,False,BUK12496
BUK12213,2025-Anual,Anual,2025-12-10,3.4,3.3,3.36,Cumple lo esperado,False,BUK12496
BUK12213,2026-MidYear,Mid Year,2026-07-15,3.32,2.95,3.17,Cumple lo esperado,False,BUK12496
BUK12214,2026-MidYear,Mid Year,2026-07-15,3.25,3.3,3.27,Cumple lo esperado,False,BUK10453
BUK12215,2025-Anual,Anual,2025-12-10,3.14,3.0,3.09,Cumple lo esperado,False,BUK10623
BUK12215,2026-MidYear,Mid Year,2026-07-15,3.22,3.57,3.36,Cumple lo esperado,False,BUK10623
BUK12217,2024-Anual,Anual,2024-12-10,2.73,3.2,2.92,Bajo lo esperado,True,BUK11307
BUK12217,2025-MidYear,Mid Year,2025-07-15,2.59,2.66,2.62,Bajo lo esperado,False,BUK11307
BUK12217,2025-Anual,Anual,2025-12-10,2.89,2.7,2.81,Bajo lo esperado,True,BUK11307
BUK12217,2026-MidYear,Mid Year,2026-07-15,2.46,2.36,2.42,Bajo lo esperado,False,BUK11307
BUK12218,2025-MidYear,Mid Year,2025-07-15,3.89,3.87,3.89,Sobresaliente,False,BUK10845
BUK12218,2025-Anual,Anual,2025-12-10,4.0,3.54,3.81,Sobresaliente,False,BUK10845
BUK12218,2026-MidYear,Mid Year,2026-07-15,4.0,3.85,3.94,Sobresaliente,False,BUK10845
BUK12219,2025-Anual,Anual,2025-12-10,3.31,3.28,3.29,Cumple lo esperado,False,
BUK12219,2026-MidYear,Mid Year,2026-07-15,3.38,3.6,3.47,Cumple lo esperado,False,
BUK12220,2025-MidYear,Mid Year,2025-07-15,2.98,2.99,2.98,Bajo lo esperado,False,BUK12590
BUK12220,2025-Anual,Anual,2025-12-10,2.94,3.34,3.1,Cumple lo esperado,False,BUK12590
BUK12220,2026-MidYear,Mid Year,2026-07-15,3.09,3.07,3.08,Cumple lo esperado,False,BUK12590
BUK12221,2026-MidYear,Mid Year,2026-07-15,2.42,3.21,2.74,Bajo lo esperado,False,BUK10766
BUK12222,2024-Anual,Anual,2024-12-10,3.41,3.05,3.27,Cumple lo esperado,False,BUK11546
BUK12222,2025-MidYear,Mid Year,2025-07-15,3.5,3.45,3.48,Cumple lo esperado,False,BUK11546
BUK12222,2025-Anual,Anual,2025-12-10,3.58,3.35,3.49,Cumple lo esperado,False,BUK11546
BUK12222,2026-MidYear,Mid Year,2026-07-15,3.75,3.15,3.51,Sobresaliente,False,BUK11546
BUK12223,2026-MidYear,Mid Year,2026-07-15,3.09,3.31,3.18,Cumple lo esperado,False,BUK11186
BUK12225,2025-Anual,Anual,2025-12-10,3.89,3.39,3.69,Sobresaliente,False,BUK11487
BUK12225,2026-MidYear,Mid Year,2026-07-15,3.47,3.49,3.48,Cumple lo esperado,False,BUK11487
BUK12226,2026-MidYear,Mid Year,2026-07-15,3.98,3.38,3.74,Sobresaliente,False,BUK10667
BUK12227,2024-Anual,Anual,2024-12-10,3.14,3.54,3.3,Cumple lo esperado,False,BUK10312
BUK12228,2025-MidYear,Mid Year,2025-07-15,2.89,3.28,3.05,Cumple lo esperado,False,BUK11563
BUK12228,2025-Anual,Anual,2025-12-10,2.34,2.86,2.55,Bajo lo esperado,True,BUK11563
BUK12228,2026-MidYear,Mid Year,2026-07-15,2.84,2.82,2.83,Bajo lo esperado,False,BUK11563
BUK12229,2024-Anual,Anual,2024-12-10,3.76,3.49,3.65,Sobresaliente,False,BUK11859
BUK12229,2025-MidYear,Mid Year,2025-07-15,3.1,3.61,3.3,Cumple lo esperado,False,BUK11859
BUK12229,2025-Anual,Anual,2025-12-10,3.71,3.76,3.73,Sobresaliente,False,BUK11859
BUK12229,2026-MidYear,Mid Year,2026-07-15,3.38,2.93,3.2,Cumple lo esperado,False,BUK11859
BUK12230,2024-Anual,Anual,2024-12-10,2.67,2.75,2.7,Bajo lo esperado,True,BUK12245
BUK12230,2025-MidYear,Mid Year,2025-07-15,2.52,2.99,2.71,Bajo lo esperado,False,BUK12245
BUK12230,2025-Anual,Anual,2025-12-10,2.61,2.79,2.68,Bajo lo esperado,True,BUK12245
BUK12230,2026-MidYear,Mid Year,2026-07-15,2.79,2.57,2.7,Bajo lo esperado,False,BUK12245
BUK12231,2025-Anual,Anual,2025-12-10,3.19,3.28,3.22,Cumple lo esperado,False,BUK12229
BUK12231,2026-MidYear,Mid Year,2026-07-15,2.89,3.37,3.08,Cumple lo esperado,False,BUK12229
BUK12232,2024-Anual,Anual,2024-12-10,2.69,3.13,2.87,Bajo lo esperado,True,BUK10150
BUK12233,2026-MidYear,Mid Year,2026-07-15,3.57,3.53,3.56,Sobresaliente,False,BUK11244
BUK12234,2026-MidYear,Mid Year,2026-07-15,3.86,3.51,3.72,Sobresaliente,False,BUK11991
BUK12235,2024-Anual,Anual,2024-12-10,3.35,3.54,3.43,Cumple lo esperado,False,BUK11993
BUK12235,2025-MidYear,Mid Year,2025-07-15,3.23,3.4,3.3,Cumple lo esperado,False,BUK11993
BUK12235,2025-Anual,Anual,2025-12-10,3.64,2.79,3.3,Cumple lo esperado,False,BUK11993
BUK12235,2026-MidYear,Mid Year,2026-07-15,3.15,3.3,3.21,Cumple lo esperado,False,BUK11993
BUK12236,2025-Anual,Anual,2025-12-10,3.37,3.15,3.28,Cumple lo esperado,False,BUK10209
BUK12236,2026-MidYear,Mid Year,2026-07-15,3.68,3.45,3.59,Sobresaliente,False,BUK10209
BUK12237,2026-MidYear,Mid Year,2026-07-15,3.5,2.83,3.23,Cumple lo esperado,False,BUK11780
BUK12238,2026-MidYear,Mid Year,2026-07-15,3.52,3.66,3.58,Sobresaliente,False,BUK10331
BUK12239,2026-MidYear,Mid Year,2026-07-15,3.6,3.29,3.48,Cumple lo esperado,False,BUK10949
BUK12240,2026-MidYear,Mid Year,2026-07-15,3.38,3.21,3.31,Cumple lo esperado,False,BUK11152
BUK12241,2025-Anual,Anual,2025-12-10,3.79,3.78,3.79,Sobresaliente,False,BUK10746
BUK12241,2026-MidYear,Mid Year,2026-07-15,3.51,3.72,3.6,Sobresaliente,False,BUK10746
BUK12243,2025-MidYear,Mid Year,2025-07-15,3.63,3.33,3.51,Sobresaliente,False,BUK11815
BUK12243,2025-Anual,Anual,2025-12-10,3.28,3.78,3.48,Cumple lo esperado,False,BUK11815
BUK12243,2026-MidYear,Mid Year,2026-07-15,3.63,3.35,3.52,Sobresaliente,False,BUK11815
BUK12244,2026-MidYear,Mid Year,2026-07-15,3.4,3.78,3.55,Sobresaliente,False,BUK11373
BUK12245,2025-MidYear,Mid Year,2025-07-15,3.32,3.2,3.27,Cumple lo esperado,False,BUK10397
BUK12245,2025-Anual,Anual,2025-12-10,3.33,3.09,3.23,Cumple lo esperado,False,BUK10397
BUK12245,2026-MidYear,Mid Year,2026-07-15,3.27,3.65,3.42,Cumple lo esperado,False,BUK10397
BUK12246,2025-Anual,Anual,2025-12-10,2.56,3.01,2.74,Bajo lo esperado,True,BUK10547
BUK12246,2026-MidYear,Mid Year,2026-07-15,2.76,2.95,2.84,Bajo lo esperado,False,BUK10547
BUK12247,2025-MidYear,Mid Year,2025-07-15,3.3,3.13,3.23,Cumple lo esperado,False,BUK10455
BUK12247,2025-Anual,Anual,2025-12-10,3.44,3.5,3.46,Cumple lo esperado,False,BUK10455
BUK12247,2026-MidYear,Mid Year,2026-07-15,3.07,3.86,3.39,Cumple lo esperado,False,BUK10455
BUK12249,2026-MidYear,Mid Year,2026-07-15,2.85,3.31,3.04,Cumple lo esperado,False,BUK10789
BUK12251,2025-MidYear,Mid Year,2025-07-15,3.69,3.51,3.62,Sobresaliente,False,BUK10844
BUK12251,2025-Anual,Anual,2025-12-10,3.87,3.59,3.76,Sobresaliente,False,BUK10844
BUK12251,2026-MidYear,Mid Year,2026-07-15,3.58,3.83,3.68,Sobresaliente,False,BUK10844
BUK12252,2026-MidYear,Mid Year,2026-07-15,3.08,3.36,3.2,Cumple lo esperado,False,BUK10921
BUK12253,2024-Anual,Anual,2024-12-10,3.4,3.3,3.36,Cumple lo esperado,False,BUK12310
BUK12253,2025-MidYear,Mid Year,2025-07-15,3.32,3.54,3.41,Cumple lo esperado,False,BUK12310
BUK12253,2025-Anual,Anual,2025-12-10,3.26,3.44,3.33,Cumple lo esperado,False,BUK12310
BUK12253,2026-MidYear,Mid Year,2026-07-15,3.29,3.72,3.46,Cumple lo esperado,False,BUK12310
BUK12255,2026-MidYear,Mid Year,2026-07-15,3.48,3.44,3.46,Cumple lo esperado,False,BUK10241
BUK12257,2026-MidYear,Mid Year,2026-07-15,3.1,3.62,3.31,Cumple lo esperado,False,BUK10691
BUK12258,2026-MidYear,Mid Year,2026-07-15,3.14,3.03,3.1,Cumple lo esperado,False,BUK12283
BUK12259,2025-MidYear,Mid Year,2025-07-15,2.9,3.13,2.99,Bajo lo esperado,False,BUK12049
BUK12259,2025-Anual,Anual,2025-12-10,2.95,3.13,3.02,Cumple lo esperado,False,BUK12049
BUK12259,2026-MidYear,Mid Year,2026-07-15,3.21,3.5,3.32,Cumple lo esperado,False,BUK12049
BUK12260,2024-Anual,Anual,2024-12-10,3.01,3.1,3.04,Cumple lo esperado,False,BUK12337
BUK12260,2025-MidYear,Mid Year,2025-07-15,2.72,2.92,2.8,Bajo lo esperado,False,BUK12337
BUK12260,2025-Anual,Anual,2025-12-10,3.0,3.05,3.02,Cumple lo esperado,False,BUK12337
BUK12260,2026-MidYear,Mid Year,2026-07-15,2.97,3.09,3.02,Cumple lo esperado,False,BUK12337
BUK12261,2024-Anual,Anual,2024-12-10,3.31,3.79,3.5,Sobresaliente,False,BUK11183
BUK12261,2025-MidYear,Mid Year,2025-07-15,3.44,3.25,3.36,Cumple lo esperado,False,BUK11183
BUK12261,2025-Anual,Anual,2025-12-10,3.52,3.42,3.48,Cumple lo esperado,False,BUK11183
BUK12261,2026-MidYear,Mid Year,2026-07-15,3.29,3.68,3.45,Cumple lo esperado,False,BUK11183
BUK12262,2024-Anual,Anual,2024-12-10,3.23,3.53,3.35,Cumple lo esperado,False,BUK10302
BUK12262,2025-MidYear,Mid Year,2025-07-15,3.69,3.51,3.62,Sobresaliente,False,BUK10302
BUK12262,2025-Anual,Anual,2025-12-10,3.52,3.56,3.53,Sobresaliente,False,BUK10302
BUK12262,2026-MidYear,Mid Year,2026-07-15,3.2,3.4,3.28,Cumple lo esperado,False,BUK10302
BUK12263,2024-Anual,Anual,2024-12-10,3.71,3.84,3.76,Sobresaliente,False,BUK11463
BUK12263,2025-MidYear,Mid Year,2025-07-15,3.85,3.59,3.74,Sobresaliente,False,BUK11463
BUK12263,2025-Anual,Anual,2025-12-10,3.35,3.72,3.5,Sobresaliente,False,BUK11463
BUK12263,2026-MidYear,Mid Year,2026-07-15,3.31,3.58,3.42,Cumple lo esperado,False,BUK11463
BUK12264,2026-MidYear,Mid Year,2026-07-15,3.74,3.7,3.72,Sobresaliente,False,BUK11027
BUK12265,2025-Anual,Anual,2025-12-10,3.34,3.6,3.44,Cumple lo esperado,False,BUK11731
BUK12265,2026-MidYear,Mid Year,2026-07-15,3.55,3.46,3.51,Sobresaliente,False,BUK11731
BUK12266,2025-Anual,Anual,2025-12-10,2.98,3.08,3.02,Cumple lo esperado,False,BUK11817
BUK12266,2026-MidYear,Mid Year,2026-07-15,3.23,3.34,3.27,Cumple lo esperado,False,BUK11817
BUK12267,2024-Anual,Anual,2024-12-10,3.48,3.15,3.35,Cumple lo esperado,False,BUK11607
BUK12267,2025-MidYear,Mid Year,2025-07-15,3.69,3.56,3.64,Sobresaliente,False,BUK11607
BUK12267,2025-Anual,Anual,2025-12-10,3.7,3.65,3.68,Sobresaliente,False,BUK11607
BUK12268,2025-MidYear,Mid Year,2025-07-15,3.48,2.78,3.2,Cumple lo esperado,False,BUK11183
BUK12268,2025-Anual,Anual,2025-12-10,3.22,3.23,3.22,Cumple lo esperado,False,BUK11183
BUK12268,2026-MidYear,Mid Year,2026-07-15,2.96,2.94,2.95,Bajo lo esperado,False,BUK11183
BUK12270,2024-Anual,Anual,2024-12-10,3.51,3.28,3.42,Cumple lo esperado,False,BUK12219
BUK12270,2025-MidYear,Mid Year,2025-07-15,3.76,3.44,3.63,Sobresaliente,False,BUK12219
BUK12270,2025-Anual,Anual,2025-12-10,3.49,3.63,3.54,Sobresaliente,False,BUK12219
BUK12270,2026-MidYear,Mid Year,2026-07-15,3.54,3.59,3.56,Sobresaliente,False,BUK12219
BUK12271,2025-Anual,Anual,2025-12-10,3.36,3.35,3.35,Cumple lo esperado,False,BUK11097
BUK12271,2026-MidYear,Mid Year,2026-07-15,3.38,3.09,3.26,Cumple lo esperado,False,BUK11097
BUK12272,2024-Anual,Anual,2024-12-10,3.53,3.58,3.55,Sobresaliente,False,BUK10159
BUK12272,2025-MidYear,Mid Year,2025-07-15,3.68,3.41,3.57,Sobresaliente,False,BUK10159
BUK12272,2025-Anual,Anual,2025-12-10,3.78,3.7,3.75,Sobresaliente,False,BUK10159
BUK12272,2026-MidYear,Mid Year,2026-07-15,3.95,3.89,3.93,Sobresaliente,False,BUK10159
BUK12273,2026-MidYear,Mid Year,2026-07-15,3.47,3.79,3.6,Sobresaliente,False,BUK10921
BUK12274,2026-MidYear,Mid Year,2026-07-15,3.47,3.42,3.45,Cumple lo esperado,False,BUK11901
BUK12275,2024-Anual,Anual,2024-12-10,3.4,3.45,3.42,Cumple lo esperado,False,BUK11543
BUK12275,2025-MidYear,Mid Year,2025-07-15,3.26,3.46,3.34,Cumple lo esperado,False,BUK11543
BUK12276,2025-MidYear,Mid Year,2025-07-15,3.42,3.64,3.51,Sobresaliente,False,BUK12338
BUK12276,2025-Anual,Anual,2025-12-10,3.36,3.27,3.32,Cumple lo esperado,False,BUK12338
BUK12276,2026-MidYear,Mid Year,2026-07-15,3.53,3.49,3.51,Sobresaliente,False,BUK12338
BUK12277,2025-MidYear,Mid Year,2025-07-15,3.83,3.87,3.84,Sobresaliente,False,BUK10317
BUK12277,2025-Anual,Anual,2025-12-10,3.66,4.0,3.8,Sobresaliente,False,BUK10317
BUK12277,2026-MidYear,Mid Year,2026-07-15,3.48,3.65,3.55,Sobresaliente,False,BUK10317
BUK12278,2026-MidYear,Mid Year,2026-07-15,3.48,3.0,3.29,Cumple lo esperado,False,BUK12563
BUK12279,2025-MidYear,Mid Year,2025-07-15,3.48,3.7,3.57,Sobresaliente,False,BUK10621
BUK12279,2025-Anual,Anual,2025-12-10,3.47,3.74,3.58,Sobresaliente,False,BUK10621
BUK12279,2026-MidYear,Mid Year,2026-07-15,3.84,3.62,3.75,Sobresaliente,False,BUK10621
BUK12281,2024-Anual,Anual,2024-12-10,3.87,3.91,3.88,Sobresaliente,False,BUK11815
BUK12281,2025-MidYear,Mid Year,2025-07-15,3.71,3.86,3.77,Sobresaliente,False,BUK11815
BUK12281,2025-Anual,Anual,2025-12-10,3.96,3.67,3.84,Sobresaliente,False,BUK11815
BUK12281,2026-MidYear,Mid Year,2026-07-15,3.47,3.51,3.48,Cumple lo esperado,False,BUK11815
BUK12282,2025-MidYear,Mid Year,2025-07-15,3.24,3.12,3.19,Cumple lo esperado,False,BUK11731
BUK12282,2025-Anual,Anual,2025-12-10,3.52,3.46,3.5,Sobresaliente,False,BUK11731
BUK12282,2026-MidYear,Mid Year,2026-07-15,3.24,3.25,3.24,Cumple lo esperado,False,BUK11731
BUK12283,2025-MidYear,Mid Year,2025-07-15,2.49,2.83,2.63,Bajo lo esperado,False,BUK12090
BUK12284,2025-MidYear,Mid Year,2025-07-15,3.27,3.72,3.45,Cumple lo esperado,False,BUK10852
BUK12284,2025-Anual,Anual,2025-12-10,3.72,3.17,3.5,Sobresaliente,False,BUK10852
BUK12284,2026-MidYear,Mid Year,2026-07-15,3.71,3.51,3.63,Sobresaliente,False,BUK10852
BUK12285,2026-MidYear,Mid Year,2026-07-15,3.51,3.35,3.45,Cumple lo esperado,False,BUK10326
BUK12288,2024-Anual,Anual,2024-12-10,3.47,3.47,3.47,Cumple lo esperado,False,BUK11058
BUK12288,2025-MidYear,Mid Year,2025-07-15,3.02,3.05,3.03,Cumple lo esperado,False,BUK11058
BUK12288,2025-Anual,Anual,2025-12-10,3.47,3.3,3.4,Cumple lo esperado,False,BUK11058
BUK12288,2026-MidYear,Mid Year,2026-07-15,3.24,3.28,3.25,Cumple lo esperado,False,BUK11058
BUK12289,2025-MidYear,Mid Year,2025-07-15,3.04,3.53,3.24,Cumple lo esperado,False,BUK10714
BUK12289,2025-Anual,Anual,2025-12-10,3.43,3.38,3.41,Cumple lo esperado,False,BUK10714
BUK12290,2024-Anual,Anual,2024-12-10,3.14,3.36,3.23,Cumple lo esperado,False,BUK11837
BUK12290,2025-MidYear,Mid Year,2025-07-15,3.54,3.53,3.53,Sobresaliente,False,BUK11837
BUK12290,2025-Anual,Anual,2025-12-10,3.4,3.63,3.49,Cumple lo esperado,False,BUK11837
BUK12290,2026-MidYear,Mid Year,2026-07-15,3.76,3.35,3.59,Sobresaliente,False,BUK11837
BUK12291,2024-Anual,Anual,2024-12-10,3.43,3.52,3.47,Cumple lo esperado,False,BUK10144
BUK12291,2025-MidYear,Mid Year,2025-07-15,3.47,3.58,3.52,Sobresaliente,False,BUK10144
BUK12291,2025-Anual,Anual,2025-12-10,3.87,3.14,3.58,Sobresaliente,False,BUK10144
BUK12291,2026-MidYear,Mid Year,2026-07-15,2.94,3.17,3.03,Cumple lo esperado,False,BUK10144
BUK12293,2024-Anual,Anual,2024-12-10,2.98,3.31,3.11,Cumple lo esperado,False,BUK10326
BUK12293,2025-MidYear,Mid Year,2025-07-15,3.31,3.31,3.31,Cumple lo esperado,False,BUK10326
BUK12293,2025-Anual,Anual,2025-12-10,3.29,2.96,3.16,Cumple lo esperado,False,BUK10326
BUK12296,2024-Anual,Anual,2024-12-10,4.0,3.6,3.84,Sobresaliente,False,BUK11881
BUK12296,2025-MidYear,Mid Year,2025-07-15,3.42,3.48,3.44,Cumple lo esperado,False,BUK11881
BUK12296,2025-Anual,Anual,2025-12-10,3.87,3.23,3.61,Sobresaliente,False,BUK11881
BUK12296,2026-MidYear,Mid Year,2026-07-15,3.76,3.86,3.8,Sobresaliente,False,BUK11881
BUK12297,2024-Anual,Anual,2024-12-10,3.6,3.62,3.61,Sobresaliente,False,BUK11152
BUK12297,2025-MidYear,Mid Year,2025-07-15,3.11,3.34,3.21,Cumple lo esperado,False,BUK11152
BUK12297,2025-Anual,Anual,2025-12-10,3.13,3.54,3.29,Cumple lo esperado,False,BUK11152
BUK12297,2026-MidYear,Mid Year,2026-07-15,3.58,3.06,3.37,Cumple lo esperado,False,BUK11152
BUK12298,2026-MidYear,Mid Year,2026-07-15,3.26,2.92,3.13,Cumple lo esperado,False,BUK11027
BUK12299,2026-MidYear,Mid Year,2026-07-15,3.51,3.02,3.31,Cumple lo esperado,False,BUK10595
BUK12300,2025-MidYear,Mid Year,2025-07-15,3.1,3.29,3.18,Cumple lo esperado,False,BUK10881
BUK12300,2025-Anual,Anual,2025-12-10,3.14,2.93,3.06,Cumple lo esperado,False,BUK10881
BUK12300,2026-MidYear,Mid Year,2026-07-15,2.89,3.07,2.96,Bajo lo esperado,False,BUK10881
BUK12301,2025-MidYear,Mid Year,2025-07-15,3.56,3.49,3.53,Sobresaliente,False,BUK10317
BUK12301,2025-Anual,Anual,2025-12-10,3.97,3.77,3.89,Sobresaliente,False,BUK10317
BUK12301,2026-MidYear,Mid Year,2026-07-15,3.59,3.34,3.49,Cumple lo esperado,False,BUK10317
BUK12303,2026-MidYear,Mid Year,2026-07-15,3.22,3.82,3.46,Cumple lo esperado,False,BUK11730
BUK12304,2024-Anual,Anual,2024-12-10,3.53,3.06,3.34,Cumple lo esperado,False,BUK12104
BUK12304,2025-MidYear,Mid Year,2025-07-15,3.36,3.72,3.5,Sobresaliente,False,BUK12104
BUK12304,2025-Anual,Anual,2025-12-10,3.47,3.45,3.46,Cumple lo esperado,False,BUK12104
BUK12304,2026-MidYear,Mid Year,2026-07-15,3.31,3.76,3.49,Cumple lo esperado,False,BUK12104
BUK12305,2024-Anual,Anual,2024-12-10,3.51,2.99,3.3,Cumple lo esperado,False,BUK10792
BUK12305,2025-MidYear,Mid Year,2025-07-15,3.58,3.39,3.51,Sobresaliente,False,BUK10792
BUK12305,2025-Anual,Anual,2025-12-10,3.53,3.42,3.49,Cumple lo esperado,False,BUK10792
BUK12305,2026-MidYear,Mid Year,2026-07-15,3.02,3.7,3.29,Cumple lo esperado,False,BUK10792
BUK12306,2024-Anual,Anual,2024-12-10,3.39,3.43,3.41,Cumple lo esperado,False,BUK11964
BUK12306,2025-MidYear,Mid Year,2025-07-15,3.36,3.43,3.39,Cumple lo esperado,False,BUK11964
BUK12306,2025-Anual,Anual,2025-12-10,3.44,3.66,3.53,Sobresaliente,False,BUK11964
BUK12306,2026-MidYear,Mid Year,2026-07-15,3.31,3.68,3.46,Cumple lo esperado,False,BUK11964
BUK12309,2025-MidYear,Mid Year,2025-07-15,3.21,3.43,3.3,Cumple lo esperado,False,BUK11473
BUK12309,2025-Anual,Anual,2025-12-10,3.48,3.64,3.55,Sobresaliente,False,BUK11473
BUK12309,2026-MidYear,Mid Year,2026-07-15,3.0,3.14,3.05,Cumple lo esperado,False,BUK11473
BUK12310,2025-MidYear,Mid Year,2025-07-15,2.81,2.45,2.67,Bajo lo esperado,False,BUK11185
BUK12310,2025-Anual,Anual,2025-12-10,2.91,2.74,2.84,Bajo lo esperado,True,BUK11185
BUK12310,2026-MidYear,Mid Year,2026-07-15,3.04,2.67,2.89,Bajo lo esperado,False,BUK11185
BUK12311,2024-Anual,Anual,2024-12-10,3.38,3.53,3.44,Cumple lo esperado,False,BUK11325
BUK12311,2025-MidYear,Mid Year,2025-07-15,3.66,3.32,3.52,Sobresaliente,False,BUK11325
BUK12311,2025-Anual,Anual,2025-12-10,3.46,3.26,3.38,Cumple lo esperado,False,BUK11325
BUK12311,2026-MidYear,Mid Year,2026-07-15,3.32,3.51,3.39,Cumple lo esperado,False,BUK11325
BUK12312,2026-MidYear,Mid Year,2026-07-15,3.86,4.0,3.92,Sobresaliente,False,BUK11543
BUK12313,2025-Anual,Anual,2025-12-10,3.24,3.57,3.37,Cumple lo esperado,False,BUK11009
BUK12314,2025-MidYear,Mid Year,2025-07-15,3.31,3.47,3.38,Cumple lo esperado,False,BUK12266
BUK12314,2025-Anual,Anual,2025-12-10,3.54,3.46,3.5,Sobresaliente,False,BUK12266
BUK12314,2026-MidYear,Mid Year,2026-07-15,3.33,3.37,3.34,Cumple lo esperado,False,BUK12266
BUK12315,2024-Anual,Anual,2024-12-10,3.66,3.15,3.46,Cumple lo esperado,False,BUK10650
BUK12315,2025-MidYear,Mid Year,2025-07-15,3.61,3.74,3.66,Sobresaliente,False,BUK10650
BUK12315,2025-Anual,Anual,2025-12-10,3.43,3.63,3.51,Sobresaliente,False,BUK10650
BUK12315,2026-MidYear,Mid Year,2026-07-15,3.33,3.63,3.45,Cumple lo esperado,False,BUK10650
BUK12316,2024-Anual,Anual,2024-12-10,3.21,3.4,3.29,Cumple lo esperado,False,BUK11209
BUK12316,2025-MidYear,Mid Year,2025-07-15,2.91,2.96,2.93,Bajo lo esperado,False,BUK11209
BUK12316,2025-Anual,Anual,2025-12-10,3.19,3.15,3.17,Cumple lo esperado,False,BUK11209
BUK12316,2026-MidYear,Mid Year,2026-07-15,3.62,3.51,3.57,Sobresaliente,False,BUK11209
BUK12318,2024-Anual,Anual,2024-12-10,3.72,3.7,3.72,Sobresaliente,False,BUK12387
BUK12318,2025-MidYear,Mid Year,2025-07-15,3.77,3.6,3.7,Sobresaliente,False,BUK12387
BUK12318,2025-Anual,Anual,2025-12-10,3.51,3.63,3.56,Sobresaliente,False,BUK12387
BUK12318,2026-MidYear,Mid Year,2026-07-15,3.11,3.45,3.25,Cumple lo esperado,False,BUK12387
BUK12319,2024-Anual,Anual,2024-12-10,3.27,3.59,3.4,Cumple lo esperado,False,BUK10274
BUK12319,2025-MidYear,Mid Year,2025-07-15,3.66,3.28,3.51,Sobresaliente,False,BUK10274
BUK12319,2025-Anual,Anual,2025-12-10,3.58,3.39,3.5,Sobresaliente,False,BUK10274
BUK12319,2026-MidYear,Mid Year,2026-07-15,3.18,3.07,3.13,Cumple lo esperado,False,BUK10274
BUK12320,2026-MidYear,Mid Year,2026-07-15,3.84,3.56,3.73,Sobresaliente,False,BUK11152
BUK12321,2025-Anual,Anual,2025-12-10,3.37,3.68,3.5,Sobresaliente,False,BUK12229
BUK12321,2026-MidYear,Mid Year,2026-07-15,3.65,3.47,3.58,Sobresaliente,False,BUK12229
BUK12322,2024-Anual,Anual,2024-12-10,2.17,2.72,2.39,Bajo lo esperado,True,BUK10746
BUK12322,2025-MidYear,Mid Year,2025-07-15,2.45,2.73,2.56,Bajo lo esperado,False,BUK10746
BUK12322,2025-Anual,Anual,2025-12-10,3.05,3.06,3.05,Cumple lo esperado,False,BUK10746
BUK12322,2026-MidYear,Mid Year,2026-07-15,2.44,2.79,2.58,Bajo lo esperado,False,BUK10746
BUK12324,2024-Anual,Anual,2024-12-10,3.01,3.51,3.21,Cumple lo esperado,False,BUK11473
BUK12324,2025-MidYear,Mid Year,2025-07-15,3.36,3.29,3.33,Cumple lo esperado,False,BUK11473
BUK12324,2025-Anual,Anual,2025-12-10,3.29,3.22,3.26,Cumple lo esperado,False,BUK11473
BUK12324,2026-MidYear,Mid Year,2026-07-15,3.2,3.36,3.26,Cumple lo esperado,False,BUK11473
BUK12325,2026-MidYear,Mid Year,2026-07-15,3.51,3.49,3.5,Sobresaliente,False,BUK10118
BUK12326,2026-MidYear,Mid Year,2026-07-15,3.33,3.38,3.35,Cumple lo esperado,False,BUK10322
BUK12327,2025-Anual,Anual,2025-12-10,3.14,2.83,3.01,Cumple lo esperado,False,BUK10348
BUK12327,2026-MidYear,Mid Year,2026-07-15,2.97,3.1,3.02,Cumple lo esperado,False,BUK10348
BUK12328,2024-Anual,Anual,2024-12-10,3.46,3.53,3.49,Cumple lo esperado,False,BUK11901
BUK12328,2025-MidYear,Mid Year,2025-07-15,3.76,3.46,3.64,Sobresaliente,False,BUK11901
BUK12328,2025-Anual,Anual,2025-12-10,3.17,3.67,3.37,Cumple lo esperado,False,BUK11901
BUK12328,2026-MidYear,Mid Year,2026-07-15,3.6,3.59,3.6,Sobresaliente,False,BUK11901
BUK12330,2024-Anual,Anual,2024-12-10,3.42,3.79,3.57,Sobresaliente,False,BUK10233
BUK12330,2025-MidYear,Mid Year,2025-07-15,3.99,3.83,3.92,Sobresaliente,False,BUK10233
BUK12330,2025-Anual,Anual,2025-12-10,3.85,3.38,3.66,Sobresaliente,False,BUK10233
BUK12331,2024-Anual,Anual,2024-12-10,3.34,4.0,3.61,Sobresaliente,False,BUK11881
BUK12331,2025-MidYear,Mid Year,2025-07-15,3.58,3.78,3.66,Sobresaliente,False,BUK11881
BUK12331,2025-Anual,Anual,2025-12-10,3.56,3.55,3.56,Sobresaliente,False,BUK11881
BUK12331,2026-MidYear,Mid Year,2026-07-15,3.09,3.4,3.21,Cumple lo esperado,False,BUK11881
BUK12334,2025-Anual,Anual,2025-12-10,2.88,2.8,2.85,Bajo lo esperado,True,BUK11411
BUK12334,2026-MidYear,Mid Year,2026-07-15,2.92,3.09,2.99,Bajo lo esperado,False,BUK11411
BUK12335,2024-Anual,Anual,2024-12-10,2.65,2.6,2.63,Bajo lo esperado,True,BUK11307
BUK12335,2025-MidYear,Mid Year,2025-07-15,2.5,2.57,2.53,Bajo lo esperado,False,BUK11307
BUK12335,2025-Anual,Anual,2025-12-10,2.34,2.83,2.54,Bajo lo esperado,True,BUK11307
BUK12336,2026-MidYear,Mid Year,2026-07-15,3.21,3.84,3.46,Cumple lo esperado,False,BUK11305
BUK12337,2024-Anual,Anual,2024-12-10,3.57,3.32,3.47,Cumple lo esperado,False,BUK11301
BUK12337,2025-MidYear,Mid Year,2025-07-15,3.04,3.56,3.25,Cumple lo esperado,False,BUK11301
BUK12337,2025-Anual,Anual,2025-12-10,3.63,3.36,3.52,Sobresaliente,False,BUK11301
BUK12337,2026-MidYear,Mid Year,2026-07-15,3.93,3.68,3.83,Sobresaliente,False,BUK11301
BUK12338,2026-MidYear,Mid Year,2026-07-15,2.77,3.28,2.98,Bajo lo esperado,False,BUK10359
BUK12339,2024-Anual,Anual,2024-12-10,3.64,3.2,3.47,Cumple lo esperado,False,BUK10789
BUK12339,2025-MidYear,Mid Year,2025-07-15,3.31,3.48,3.38,Cumple lo esperado,False,BUK10789
BUK12339,2025-Anual,Anual,2025-12-10,3.67,3.67,3.67,Sobresaliente,False,BUK10789
BUK12339,2026-MidYear,Mid Year,2026-07-15,3.75,3.91,3.81,Sobresaliente,False,BUK10789
BUK12341,2024-Anual,Anual,2024-12-10,3.36,3.36,3.36,Cumple lo esperado,False,BUK10950
BUK12341,2025-MidYear,Mid Year,2025-07-15,3.36,3.39,3.37,Cumple lo esperado,False,BUK10950
BUK12341,2025-Anual,Anual,2025-12-10,3.12,3.43,3.25,Cumple lo esperado,False,BUK10950
BUK12341,2026-MidYear,Mid Year,2026-07-15,2.93,3.22,3.05,Cumple lo esperado,False,BUK10950
BUK12342,2026-MidYear,Mid Year,2026-07-15,3.73,3.14,3.5,Sobresaliente,False,BUK11827
BUK12344,2025-MidYear,Mid Year,2025-07-15,3.59,3.71,3.64,Sobresaliente,False,BUK11796
BUK12344,2025-Anual,Anual,2025-12-10,3.39,3.8,3.55,Sobresaliente,False,BUK11796
BUK12344,2026-MidYear,Mid Year,2026-07-15,3.14,3.57,3.31,Cumple lo esperado,False,BUK11796
BUK12346,2025-MidYear,Mid Year,2025-07-15,2.9,2.91,2.91,Bajo lo esperado,False,BUK12263
BUK12348,2024-Anual,Anual,2024-12-10,3.15,3.35,3.23,Cumple lo esperado,False,BUK10708
BUK12349,2026-MidYear,Mid Year,2026-07-15,3.99,3.24,3.69,Sobresaliente,False,BUK11993
BUK12350,2024-Anual,Anual,2024-12-10,3.23,3.94,3.52,Sobresaliente,False,BUK10122
BUK12350,2025-MidYear,Mid Year,2025-07-15,3.31,3.23,3.28,Cumple lo esperado,False,BUK10122
BUK12350,2025-Anual,Anual,2025-12-10,3.08,2.93,3.02,Cumple lo esperado,False,BUK10122
BUK12350,2026-MidYear,Mid Year,2026-07-15,3.63,3.34,3.51,Sobresaliente,False,BUK10122
BUK12351,2024-Anual,Anual,2024-12-10,3.92,4.0,3.95,Sobresaliente,False,BUK11557
BUK12351,2025-MidYear,Mid Year,2025-07-15,3.67,3.67,3.67,Sobresaliente,False,BUK11557
BUK12351,2025-Anual,Anual,2025-12-10,3.72,3.13,3.49,Cumple lo esperado,False,BUK11557
BUK12351,2026-MidYear,Mid Year,2026-07-15,3.93,3.46,3.75,Sobresaliente,False,BUK11557
BUK12352,2025-MidYear,Mid Year,2025-07-15,2.63,2.27,2.49,Bajo lo esperado,False,BUK11890
BUK12353,2024-Anual,Anual,2024-12-10,3.66,3.69,3.67,Sobresaliente,False,BUK11409
BUK12353,2025-MidYear,Mid Year,2025-07-15,3.57,3.91,3.71,Sobresaliente,False,BUK11409
BUK12353,2025-Anual,Anual,2025-12-10,3.42,3.77,3.56,Sobresaliente,False,BUK11409
BUK12353,2026-MidYear,Mid Year,2026-07-15,3.31,3.43,3.35,Cumple lo esperado,False,BUK11409
BUK12354,2025-Anual,Anual,2025-12-10,2.99,3.3,3.12,Cumple lo esperado,False,BUK10650
BUK12355,2025-MidYear,Mid Year,2025-07-15,3.64,3.77,3.69,Sobresaliente,False,BUK12529
BUK12355,2025-Anual,Anual,2025-12-10,3.52,3.45,3.49,Cumple lo esperado,False,BUK12529
BUK12355,2026-MidYear,Mid Year,2026-07-15,3.75,3.48,3.64,Sobresaliente,False,BUK12529
BUK12356,2025-MidYear,Mid Year,2025-07-15,3.28,3.2,3.25,Cumple lo esperado,False,BUK11780
BUK12356,2025-Anual,Anual,2025-12-10,3.1,3.16,3.12,Cumple lo esperado,False,BUK11780
BUK12356,2026-MidYear,Mid Year,2026-07-15,3.27,3.15,3.22,Cumple lo esperado,False,BUK11780
BUK12357,2025-MidYear,Mid Year,2025-07-15,3.54,3.15,3.39,Cumple lo esperado,False,BUK11607
BUK12357,2025-Anual,Anual,2025-12-10,3.32,3.39,3.35,Cumple lo esperado,False,BUK11607
BUK12357,2026-MidYear,Mid Year,2026-07-15,3.06,3.72,3.32,Cumple lo esperado,False,BUK11607
BUK12358,2025-Anual,Anual,2025-12-10,3.61,3.72,3.65,Sobresaliente,False,BUK12615
BUK12358,2026-MidYear,Mid Year,2026-07-15,3.43,3.24,3.35,Cumple lo esperado,False,BUK12615
BUK12359,2025-Anual,Anual,2025-12-10,3.29,3.72,3.46,Cumple lo esperado,False,BUK10322
BUK12359,2026-MidYear,Mid Year,2026-07-15,3.43,3.57,3.48,Cumple lo esperado,False,BUK10322
BUK12360,2024-Anual,Anual,2024-12-10,3.17,3.18,3.18,Cumple lo esperado,False,BUK10376
BUK12362,2025-Anual,Anual,2025-12-10,3.66,3.57,3.62,Sobresaliente,False,BUK10477
BUK12362,2026-MidYear,Mid Year,2026-07-15,3.65,3.88,3.74,Sobresaliente,False,BUK10477
BUK12363,2025-MidYear,Mid Year,2025-07-15,3.75,3.73,3.74,Sobresaliente,False,BUK12572
BUK12363,2025-Anual,Anual,2025-12-10,3.38,3.36,3.37,Cumple lo esperado,False,BUK12572
BUK12363,2026-MidYear,Mid Year,2026-07-15,3.51,3.48,3.5,Sobresaliente,False,BUK12572
BUK12364,2026-MidYear,Mid Year,2026-07-15,3.35,3.57,3.44,Cumple lo esperado,False,BUK11068
BUK12365,2026-MidYear,Mid Year,2026-07-15,3.82,3.69,3.77,Sobresaliente,False,BUK10928
BUK12366,2025-Anual,Anual,2025-12-10,3.41,3.27,3.35,Cumple lo esperado,False,BUK11890
BUK12366,2026-MidYear,Mid Year,2026-07-15,3.3,3.42,3.35,Cumple lo esperado,False,BUK11890
BUK12367,2026-MidYear,Mid Year,2026-07-15,3.65,3.25,3.49,Cumple lo esperado,False,BUK11411
BUK12369,2024-Anual,Anual,2024-12-10,2.48,2.66,2.55,Bajo lo esperado,True,BUK10322
BUK12369,2025-MidYear,Mid Year,2025-07-15,2.79,2.5,2.68,Bajo lo esperado,False,BUK10322
BUK12369,2025-Anual,Anual,2025-12-10,2.94,3.12,3.01,Cumple lo esperado,False,BUK10322
BUK12369,2026-MidYear,Mid Year,2026-07-15,2.57,2.69,2.62,Bajo lo esperado,False,BUK10322
BUK12371,2026-MidYear,Mid Year,2026-07-15,3.59,3.5,3.56,Sobresaliente,False,BUK10752
BUK12372,2025-MidYear,Mid Year,2025-07-15,3.36,3.46,3.4,Cumple lo esperado,False,BUK10710
BUK12372,2025-Anual,Anual,2025-12-10,3.19,3.51,3.32,Cumple lo esperado,False,BUK10710
BUK12373,2024-Anual,Anual,2024-12-10,3.25,3.0,3.15,Cumple lo esperado,False,BUK12170
BUK12373,2025-MidYear,Mid Year,2025-07-15,2.8,2.96,2.86,Bajo lo esperado,False,BUK12170
BUK12373,2025-Anual,Anual,2025-12-10,3.19,3.56,3.34,Cumple lo esperado,False,BUK12170
BUK12377,2026-MidYear,Mid Year,2026-07-15,3.59,3.81,3.68,Sobresaliente,False,BUK10621
BUK12378,2025-Anual,Anual,2025-12-10,2.95,3.2,3.05,Cumple lo esperado,False,BUK12496
BUK12378,2026-MidYear,Mid Year,2026-07-15,3.39,3.34,3.37,Cumple lo esperado,False,BUK12496
BUK12380,2026-MidYear,Mid Year,2026-07-15,3.6,3.16,3.42,Cumple lo esperado,False,BUK10991
BUK12381,2026-MidYear,Mid Year,2026-07-15,3.65,3.37,3.54,Sobresaliente,False,BUK10766
BUK12382,2025-Anual,Anual,2025-12-10,3.54,3.82,3.65,Sobresaliente,False,BUK10796
BUK12382,2026-MidYear,Mid Year,2026-07-15,3.71,3.68,3.69,Sobresaliente,False,BUK10796
BUK12384,2026-MidYear,Mid Year,2026-07-15,3.72,3.76,3.74,Sobresaliente,False,BUK10949
BUK12386,2026-MidYear,Mid Year,2026-07-15,3.73,3.26,3.54,Sobresaliente,False,BUK11780
BUK12387,2024-Anual,Anual,2024-12-10,3.55,3.31,3.45,Cumple lo esperado,False,
BUK12387,2025-MidYear,Mid Year,2025-07-15,3.69,3.5,3.61,Sobresaliente,False,
BUK12388,2025-MidYear,Mid Year,2025-07-15,3.8,3.97,3.87,Sobresaliente,False,BUK10800
BUK12388,2025-Anual,Anual,2025-12-10,3.56,3.38,3.49,Cumple lo esperado,False,BUK10800
BUK12388,2026-MidYear,Mid Year,2026-07-15,3.61,3.61,3.61,Sobresaliente,False,BUK10800
BUK12389,2024-Anual,Anual,2024-12-10,3.73,3.32,3.56,Sobresaliente,False,BUK11305
BUK12389,2025-MidYear,Mid Year,2025-07-15,3.57,3.69,3.62,Sobresaliente,False,BUK11305
BUK12389,2025-Anual,Anual,2025-12-10,3.24,3.58,3.38,Cumple lo esperado,False,BUK11305
BUK12390,2026-MidYear,Mid Year,2026-07-15,3.59,3.55,3.57,Sobresaliente,False,BUK10975
BUK12391,2026-MidYear,Mid Year,2026-07-15,3.12,2.9,3.03,Cumple lo esperado,False,BUK10312
BUK12392,2026-MidYear,Mid Year,2026-07-15,2.92,3.06,2.97,Bajo lo esperado,False,BUK11023
BUK12394,2026-MidYear,Mid Year,2026-07-15,3.74,3.95,3.82,Sobresaliente,False,BUK11504
BUK12397,2025-Anual,Anual,2025-12-10,3.61,3.28,3.48,Cumple lo esperado,False,BUK11411
BUK12397,2026-MidYear,Mid Year,2026-07-15,3.5,3.57,3.53,Sobresaliente,False,BUK11411
BUK12398,2024-Anual,Anual,2024-12-10,2.97,3.26,3.08,Cumple lo esperado,False,BUK10326
BUK12398,2025-MidYear,Mid Year,2025-07-15,3.38,2.95,3.21,Cumple lo esperado,False,BUK10326
BUK12398,2025-Anual,Anual,2025-12-10,3.44,3.18,3.34,Cumple lo esperado,False,BUK10326
BUK12398,2026-MidYear,Mid Year,2026-07-15,3.09,3.21,3.14,Cumple lo esperado,False,BUK10326
BUK12401,2026-MidYear,Mid Year,2026-07-15,3.58,3.6,3.59,Sobresaliente,False,BUK10233
BUK12402,2025-Anual,Anual,2025-12-10,3.8,3.39,3.64,Sobresaliente,False,BUK10619
BUK12402,2026-MidYear,Mid Year,2026-07-15,3.42,3.49,3.45,Cumple lo esperado,False,BUK10619
BUK12403,2026-MidYear,Mid Year,2026-07-15,3.49,3.75,3.59,Sobresaliente,False,BUK12337
BUK12404,2024-Anual,Anual,2024-12-10,3.73,3.74,3.73,Sobresaliente,False,BUK11964
BUK12404,2025-MidYear,Mid Year,2025-07-15,3.4,3.84,3.57,Sobresaliente,False,BUK11964
BUK12404,2025-Anual,Anual,2025-12-10,3.32,3.13,3.25,Cumple lo esperado,False,BUK11964
BUK12406,2025-MidYear,Mid Year,2025-07-15,3.4,3.21,3.33,Cumple lo esperado,False,BUK10619
BUK12406,2025-Anual,Anual,2025-12-10,3.31,3.35,3.32,Cumple lo esperado,False,BUK10619
BUK12406,2026-MidYear,Mid Year,2026-07-15,3.38,2.97,3.22,Cumple lo esperado,False,BUK10619
BUK12407,2026-MidYear,Mid Year,2026-07-15,3.87,3.29,3.64,Sobresaliente,False,BUK11027
BUK12410,2026-MidYear,Mid Year,2026-07-15,2.4,3.02,2.65,Bajo lo esperado,False,BUK10619
BUK12411,2026-MidYear,Mid Year,2026-07-15,3.43,3.65,3.52,Sobresaliente,False,BUK10183
BUK12412,2024-Anual,Anual,2024-12-10,3.36,3.3,3.33,Cumple lo esperado,False,BUK12446
BUK12412,2025-MidYear,Mid Year,2025-07-15,3.39,3.82,3.56,Sobresaliente,False,BUK12446
BUK12412,2025-Anual,Anual,2025-12-10,3.44,3.0,3.26,Cumple lo esperado,False,BUK12446
BUK12412,2026-MidYear,Mid Year,2026-07-15,3.2,3.19,3.2,Cumple lo esperado,False,BUK12446
BUK12413,2025-Anual,Anual,2025-12-10,3.26,3.37,3.31,Cumple lo esperado,False,BUK11027
BUK12413,2026-MidYear,Mid Year,2026-07-15,3.64,3.24,3.48,Cumple lo esperado,False,BUK11027
BUK12414,2025-Anual,Anual,2025-12-10,3.19,3.31,3.24,Cumple lo esperado,False,BUK11796
BUK12414,2026-MidYear,Mid Year,2026-07-15,3.23,3.25,3.24,Cumple lo esperado,False,BUK11796
BUK12415,2024-Anual,Anual,2024-12-10,3.29,3.54,3.39,Cumple lo esperado,False,BUK11607
BUK12415,2025-MidYear,Mid Year,2025-07-15,3.14,3.62,3.33,Cumple lo esperado,False,BUK11607
BUK12415,2025-Anual,Anual,2025-12-10,3.6,3.06,3.38,Cumple lo esperado,False,BUK11607
BUK12415,2026-MidYear,Mid Year,2026-07-15,3.6,3.36,3.5,Sobresaliente,False,BUK11607
BUK12417,2026-MidYear,Mid Year,2026-07-15,3.27,3.39,3.32,Cumple lo esperado,False,BUK10241
BUK12418,2026-MidYear,Mid Year,2026-07-15,3.52,3.37,3.46,Cumple lo esperado,False,BUK10708
BUK12419,2024-Anual,Anual,2024-12-10,3.11,3.4,3.22,Cumple lo esperado,False,BUK11474
BUK12419,2025-MidYear,Mid Year,2025-07-15,3.27,3.68,3.44,Cumple lo esperado,False,BUK11474
BUK12419,2025-Anual,Anual,2025-12-10,3.33,3.28,3.31,Cumple lo esperado,False,BUK11474
BUK12419,2026-MidYear,Mid Year,2026-07-15,3.05,3.26,3.13,Cumple lo esperado,False,BUK11474
BUK12420,2024-Anual,Anual,2024-12-10,3.3,3.38,3.33,Cumple lo esperado,False,BUK10455
BUK12420,2025-MidYear,Mid Year,2025-07-15,2.93,3.09,2.99,Bajo lo esperado,False,BUK10455
BUK12420,2025-Anual,Anual,2025-12-10,3.29,2.86,3.12,Cumple lo esperado,False,BUK10455
BUK12420,2026-MidYear,Mid Year,2026-07-15,3.32,3.49,3.39,Cumple lo esperado,False,BUK10455
BUK12421,2024-Anual,Anual,2024-12-10,3.21,3.32,3.26,Cumple lo esperado,False,BUK10408
BUK12421,2025-MidYear,Mid Year,2025-07-15,3.84,3.58,3.74,Sobresaliente,False,BUK10408
BUK12421,2025-Anual,Anual,2025-12-10,3.46,3.24,3.37,Cumple lo esperado,False,BUK10408
BUK12421,2026-MidYear,Mid Year,2026-07-15,3.52,3.46,3.5,Sobresaliente,False,BUK10408
BUK12422,2025-MidYear,Mid Year,2025-07-15,3.34,3.12,3.26,Cumple lo esperado,False,BUK10796
BUK12422,2025-Anual,Anual,2025-12-10,3.54,3.58,3.56,Sobresaliente,False,BUK10796
BUK12422,2026-MidYear,Mid Year,2026-07-15,3.29,3.17,3.24,Cumple lo esperado,False,BUK10796
BUK12424,2024-Anual,Anual,2024-12-10,3.18,3.79,3.43,Cumple lo esperado,False,BUK10928
BUK12424,2025-MidYear,Mid Year,2025-07-15,3.44,3.76,3.57,Sobresaliente,False,BUK10928
BUK12425,2024-Anual,Anual,2024-12-10,2.81,2.99,2.88,Bajo lo esperado,True,BUK11780
BUK12425,2025-MidYear,Mid Year,2025-07-15,3.04,2.89,2.98,Bajo lo esperado,False,BUK11780
BUK12425,2025-Anual,Anual,2025-12-10,3.2,3.23,3.21,Cumple lo esperado,False,BUK11780
BUK12425,2026-MidYear,Mid Year,2026-07-15,3.14,3.62,3.33,Cumple lo esperado,False,BUK11780
BUK12426,2026-MidYear,Mid Year,2026-07-15,2.77,3.12,2.91,Bajo lo esperado,False,BUK10327
BUK12427,2025-Anual,Anual,2025-12-10,3.23,3.26,3.24,Cumple lo esperado,False,BUK10680
BUK12428,2026-MidYear,Mid Year,2026-07-15,3.33,2.89,3.16,Cumple lo esperado,False,BUK11993
BUK12429,2024-Anual,Anual,2024-12-10,3.38,4.0,3.63,Sobresaliente,False,BUK11815
BUK12429,2025-MidYear,Mid Year,2025-07-15,3.6,3.7,3.64,Sobresaliente,False,BUK11815
BUK12429,2025-Anual,Anual,2025-12-10,3.32,3.18,3.27,Cumple lo esperado,False,BUK11815
BUK12429,2026-MidYear,Mid Year,2026-07-15,3.72,3.5,3.63,Sobresaliente,False,BUK11815
BUK12430,2024-Anual,Anual,2024-12-10,3.95,3.39,3.73,Sobresaliente,False,BUK11881
BUK12430,2025-MidYear,Mid Year,2025-07-15,3.68,3.42,3.58,Sobresaliente,False,BUK11881
BUK12430,2025-Anual,Anual,2025-12-10,3.13,3.87,3.43,Cumple lo esperado,False,BUK11881
BUK12430,2026-MidYear,Mid Year,2026-07-15,3.3,3.56,3.4,Cumple lo esperado,False,BUK11881
BUK12432,2026-MidYear,Mid Year,2026-07-15,3.32,3.22,3.28,Cumple lo esperado,False,BUK10147
BUK12434,2024-Anual,Anual,2024-12-10,2.37,2.76,2.53,Bajo lo esperado,True,BUK10477
BUK12434,2025-MidYear,Mid Year,2025-07-15,2.28,2.51,2.37,Bajo lo esperado,False,BUK10477
BUK12434,2025-Anual,Anual,2025-12-10,2.73,2.45,2.62,Bajo lo esperado,True,BUK10477
BUK12434,2026-MidYear,Mid Year,2026-07-15,2.55,2.7,2.61,Bajo lo esperado,False,BUK10477
BUK12435,2025-Anual,Anual,2025-12-10,3.08,3.1,3.09,Cumple lo esperado,False,BUK12615
BUK12435,2026-MidYear,Mid Year,2026-07-15,3.56,3.55,3.56,Sobresaliente,False,BUK12615
BUK12436,2026-MidYear,Mid Year,2026-07-15,3.29,3.2,3.26,Cumple lo esperado,False,BUK10302
BUK12437,2024-Anual,Anual,2024-12-10,3.17,3.35,3.24,Cumple lo esperado,False,BUK11307
BUK12437,2025-MidYear,Mid Year,2025-07-15,3.27,3.34,3.29,Cumple lo esperado,False,BUK11307
BUK12437,2025-Anual,Anual,2025-12-10,4.0,3.56,3.82,Sobresaliente,False,BUK11307
BUK12438,2024-Anual,Anual,2024-12-10,3.46,3.63,3.53,Sobresaliente,False,BUK12515
BUK12438,2025-MidYear,Mid Year,2025-07-15,3.68,3.56,3.63,Sobresaliente,False,BUK12515
BUK12438,2025-Anual,Anual,2025-12-10,3.27,3.83,3.49,Cumple lo esperado,False,BUK12515
BUK12438,2026-MidYear,Mid Year,2026-07-15,3.39,3.04,3.25,Cumple lo esperado,False,BUK12515
BUK12439,2024-Anual,Anual,2024-12-10,3.34,3.0,3.21,Cumple lo esperado,False,BUK10118
BUK12439,2025-MidYear,Mid Year,2025-07-15,3.79,3.26,3.58,Sobresaliente,False,BUK10118
BUK12439,2025-Anual,Anual,2025-12-10,3.16,3.26,3.2,Cumple lo esperado,False,BUK10118
BUK12439,2026-MidYear,Mid Year,2026-07-15,3.41,3.29,3.36,Cumple lo esperado,False,BUK10118
BUK12441,2026-MidYear,Mid Year,2026-07-15,3.15,3.22,3.18,Cumple lo esperado,False,BUK10630
BUK12442,2024-Anual,Anual,2024-12-10,3.46,3.89,3.63,Sobresaliente,False,BUK11240
BUK12442,2025-MidYear,Mid Year,2025-07-15,3.67,3.47,3.59,Sobresaliente,False,BUK11240
BUK12442,2025-Anual,Anual,2025-12-10,3.61,3.38,3.52,Sobresaliente,False,BUK11240
BUK12442,2026-MidYear,Mid Year,2026-07-15,3.29,3.69,3.45,Cumple lo esperado,False,BUK11240
BUK12443,2025-MidYear,Mid Year,2025-07-15,3.64,3.31,3.51,Sobresaliente,False,BUK10844
BUK12443,2025-Anual,Anual,2025-12-10,3.49,3.39,3.45,Cumple lo esperado,False,BUK10844
BUK12443,2026-MidYear,Mid Year,2026-07-15,3.5,3.43,3.47,Cumple lo esperado,False,BUK10844
BUK12444,2024-Anual,Anual,2024-12-10,2.82,2.65,2.75,Bajo lo esperado,True,BUK12165
BUK12444,2025-MidYear,Mid Year,2025-07-15,3.0,3.07,3.03,Cumple lo esperado,False,BUK12165
BUK12444,2025-Anual,Anual,2025-12-10,3.51,3.34,3.44,Cumple lo esperado,False,BUK12165
BUK12447,2024-Anual,Anual,2024-12-10,2.71,2.62,2.67,Bajo lo esperado,True,BUK10866
BUK12448,2025-MidYear,Mid Year,2025-07-15,3.44,3.62,3.51,Sobresaliente,False,BUK10963
BUK12448,2025-Anual,Anual,2025-12-10,3.36,3.4,3.38,Cumple lo esperado,False,BUK10963
BUK12448,2026-MidYear,Mid Year,2026-07-15,3.13,3.33,3.21,Cumple lo esperado,False,BUK10963
BUK12450,2024-Anual,Anual,2024-12-10,2.94,2.76,2.87,Bajo lo esperado,True,BUK11411
BUK12450,2025-MidYear,Mid Year,2025-07-15,3.35,2.98,3.2,Cumple lo esperado,False,BUK11411
BUK12450,2025-Anual,Anual,2025-12-10,3.29,3.3,3.29,Cumple lo esperado,False,BUK11411
BUK12450,2026-MidYear,Mid Year,2026-07-15,3.36,3.78,3.53,Sobresaliente,False,BUK11411
BUK12451,2024-Anual,Anual,2024-12-10,3.48,3.0,3.29,Cumple lo esperado,False,BUK10694
BUK12451,2025-MidYear,Mid Year,2025-07-15,3.43,3.57,3.49,Cumple lo esperado,False,BUK10694
BUK12451,2025-Anual,Anual,2025-12-10,3.27,3.12,3.21,Cumple lo esperado,False,BUK10694
BUK12451,2026-MidYear,Mid Year,2026-07-15,3.04,2.75,2.92,Bajo lo esperado,False,BUK10694
BUK12452,2024-Anual,Anual,2024-12-10,3.09,3.37,3.2,Cumple lo esperado,False,
BUK12452,2025-MidYear,Mid Year,2025-07-15,3.23,3.19,3.21,Cumple lo esperado,False,
BUK12454,2024-Anual,Anual,2024-12-10,3.46,4.0,3.68,Sobresaliente,False,BUK10792
BUK12454,2025-MidYear,Mid Year,2025-07-15,3.54,3.82,3.65,Sobresaliente,False,BUK10792
BUK12454,2025-Anual,Anual,2025-12-10,3.68,3.33,3.54,Sobresaliente,False,BUK10792
BUK12454,2026-MidYear,Mid Year,2026-07-15,3.91,3.64,3.8,Sobresaliente,False,BUK10792
BUK12455,2026-MidYear,Mid Year,2026-07-15,3.33,3.63,3.45,Cumple lo esperado,False,BUK11407
BUK12456,2025-MidYear,Mid Year,2025-07-15,3.8,3.3,3.6,Sobresaliente,False,BUK11607
BUK12456,2025-Anual,Anual,2025-12-10,3.52,3.21,3.4,Cumple lo esperado,False,BUK11607
BUK12456,2026-MidYear,Mid Year,2026-07-15,3.68,3.43,3.58,Sobresaliente,False,BUK11607
BUK12457,2025-MidYear,Mid Year,2025-07-15,2.89,3.07,2.96,Bajo lo esperado,False,BUK11827
BUK12462,2025-MidYear,Mid Year,2025-07-15,3.64,3.7,3.67,Sobresaliente,False,BUK10122
BUK12462,2025-Anual,Anual,2025-12-10,3.76,3.35,3.6,Sobresaliente,False,BUK10122
BUK12462,2026-MidYear,Mid Year,2026-07-15,3.37,3.62,3.47,Cumple lo esperado,False,BUK10122
BUK12463,2024-Anual,Anual,2024-12-10,3.45,3.23,3.36,Cumple lo esperado,False,BUK10752
BUK12463,2025-MidYear,Mid Year,2025-07-15,3.86,3.79,3.84,Sobresaliente,False,BUK10752
BUK12463,2025-Anual,Anual,2025-12-10,3.91,3.87,3.9,Sobresaliente,False,BUK10752
BUK12463,2026-MidYear,Mid Year,2026-07-15,3.71,3.41,3.59,Sobresaliente,False,BUK10752
BUK12464,2025-MidYear,Mid Year,2025-07-15,3.73,3.36,3.58,Sobresaliente,False,BUK11884
BUK12464,2025-Anual,Anual,2025-12-10,3.59,3.63,3.61,Sobresaliente,False,BUK11884
BUK12464,2026-MidYear,Mid Year,2026-07-15,3.63,3.46,3.57,Sobresaliente,False,BUK11884
BUK12465,2025-MidYear,Mid Year,2025-07-15,3.48,3.4,3.45,Cumple lo esperado,False,BUK12127
BUK12465,2025-Anual,Anual,2025-12-10,3.69,3.51,3.62,Sobresaliente,False,BUK12127
BUK12465,2026-MidYear,Mid Year,2026-07-15,3.16,3.04,3.11,Cumple lo esperado,False,BUK12127
BUK12466,2025-Anual,Anual,2025-12-10,2.58,2.85,2.69,Bajo lo esperado,True,BUK11676
BUK12466,2026-MidYear,Mid Year,2026-07-15,2.52,2.65,2.57,Bajo lo esperado,False,BUK11676
BUK12467,2024-Anual,Anual,2024-12-10,3.61,3.52,3.57,Sobresaliente,False,BUK11411
BUK12467,2025-MidYear,Mid Year,2025-07-15,3.47,3.86,3.63,Sobresaliente,False,BUK11411
BUK12467,2025-Anual,Anual,2025-12-10,3.72,3.67,3.7,Sobresaliente,False,BUK11411
BUK12467,2026-MidYear,Mid Year,2026-07-15,3.88,3.98,3.92,Sobresaliente,False,BUK11411
BUK12468,2025-MidYear,Mid Year,2025-07-15,3.49,3.08,3.33,Cumple lo esperado,False,BUK11964
BUK12468,2025-Anual,Anual,2025-12-10,3.67,3.27,3.51,Sobresaliente,False,BUK11964
BUK12469,2026-MidYear,Mid Year,2026-07-15,3.28,3.36,3.31,Cumple lo esperado,False,BUK11070
BUK12470,2024-Anual,Anual,2024-12-10,3.67,3.22,3.49,Cumple lo esperado,False,BUK12603
BUK12470,2025-MidYear,Mid Year,2025-07-15,3.78,3.55,3.69,Sobresaliente,False,BUK12603
BUK12470,2025-Anual,Anual,2025-12-10,3.46,4.0,3.68,Sobresaliente,False,BUK12603
BUK12470,2026-MidYear,Mid Year,2026-07-15,3.74,3.61,3.69,Sobresaliente,False,BUK12603
BUK12472,2024-Anual,Anual,2024-12-10,3.07,2.75,2.94,Bajo lo esperado,True,BUK11582
BUK12472,2025-MidYear,Mid Year,2025-07-15,3.51,2.96,3.29,Cumple lo esperado,False,BUK11582
BUK12472,2025-Anual,Anual,2025-12-10,3.21,3.74,3.42,Cumple lo esperado,False,BUK11582
BUK12472,2026-MidYear,Mid Year,2026-07-15,3.2,3.38,3.27,Cumple lo esperado,False,BUK11582
BUK12473,2025-Anual,Anual,2025-12-10,2.92,3.02,2.96,Bajo lo esperado,True,BUK10233
BUK12473,2026-MidYear,Mid Year,2026-07-15,2.98,2.99,2.98,Bajo lo esperado,False,BUK10233
BUK12475,2024-Anual,Anual,2024-12-10,3.47,3.71,3.57,Sobresaliente,False,BUK10975
BUK12475,2025-MidYear,Mid Year,2025-07-15,3.47,3.43,3.46,Cumple lo esperado,False,BUK10975
BUK12475,2025-Anual,Anual,2025-12-10,3.21,3.97,3.52,Sobresaliente,False,BUK10975
BUK12475,2026-MidYear,Mid Year,2026-07-15,3.95,3.83,3.9,Sobresaliente,False,BUK10975
BUK12476,2026-MidYear,Mid Year,2026-07-15,3.98,3.56,3.81,Sobresaliente,False,BUK10746
BUK12478,2024-Anual,Anual,2024-12-10,3.4,3.57,3.47,Cumple lo esperado,False,BUK10455
BUK12478,2025-MidYear,Mid Year,2025-07-15,3.6,3.75,3.66,Sobresaliente,False,BUK10455
BUK12478,2025-Anual,Anual,2025-12-10,3.59,3.56,3.58,Sobresaliente,False,BUK10455
BUK12478,2026-MidYear,Mid Year,2026-07-15,3.35,3.15,3.27,Cumple lo esperado,False,BUK10455
BUK12479,2025-Anual,Anual,2025-12-10,3.51,3.17,3.38,Cumple lo esperado,False,BUK12465
BUK12479,2026-MidYear,Mid Year,2026-07-15,3.66,3.54,3.61,Sobresaliente,False,BUK12465
BUK12481,2026-MidYear,Mid Year,2026-07-15,3.44,3.32,3.39,Cumple lo esperado,False,BUK10963
BUK12482,2026-MidYear,Mid Year,2026-07-15,3.78,3.25,3.57,Sobresaliente,False,BUK12615
BUK12483,2024-Anual,Anual,2024-12-10,3.42,3.43,3.43,Cumple lo esperado,False,BUK10987
BUK12483,2025-MidYear,Mid Year,2025-07-15,3.5,3.23,3.4,Cumple lo esperado,False,BUK10987
BUK12483,2025-Anual,Anual,2025-12-10,3.15,3.11,3.13,Cumple lo esperado,False,BUK10987
BUK12483,2026-MidYear,Mid Year,2026-07-15,3.69,3.11,3.46,Cumple lo esperado,False,BUK10987
BUK12485,2024-Anual,Anual,2024-12-10,3.5,3.26,3.4,Cumple lo esperado,False,BUK10019
BUK12485,2025-MidYear,Mid Year,2025-07-15,3.73,3.48,3.63,Sobresaliente,False,BUK10019
BUK12485,2025-Anual,Anual,2025-12-10,3.37,2.94,3.2,Cumple lo esperado,False,BUK10019
BUK12485,2026-MidYear,Mid Year,2026-07-15,3.04,3.2,3.1,Cumple lo esperado,False,BUK10019
BUK12486,2024-Anual,Anual,2024-12-10,4.0,3.51,3.8,Sobresaliente,False,BUK10442
BUK12486,2025-MidYear,Mid Year,2025-07-15,3.82,4.0,3.89,Sobresaliente,False,BUK10442
BUK12486,2025-Anual,Anual,2025-12-10,3.56,3.24,3.43,Cumple lo esperado,False,BUK10442
BUK12486,2026-MidYear,Mid Year,2026-07-15,3.59,3.72,3.65,Sobresaliente,False,BUK10442
BUK12487,2024-Anual,Anual,2024-12-10,3.61,3.21,3.45,Cumple lo esperado,False,BUK11154
BUK12487,2025-MidYear,Mid Year,2025-07-15,3.32,3.47,3.38,Cumple lo esperado,False,BUK11154
BUK12487,2025-Anual,Anual,2025-12-10,3.14,3.79,3.4,Cumple lo esperado,False,BUK11154
BUK12487,2026-MidYear,Mid Year,2026-07-15,3.32,2.98,3.18,Cumple lo esperado,False,BUK11154
BUK12488,2025-MidYear,Mid Year,2025-07-15,3.05,3.82,3.36,Cumple lo esperado,False,BUK12170
BUK12488,2025-Anual,Anual,2025-12-10,3.56,3.21,3.42,Cumple lo esperado,False,BUK12170
BUK12488,2026-MidYear,Mid Year,2026-07-15,3.69,3.66,3.68,Sobresaliente,False,BUK12170
BUK12490,2024-Anual,Anual,2024-12-10,3.64,3.43,3.56,Sobresaliente,False,BUK10900
BUK12490,2025-MidYear,Mid Year,2025-07-15,3.77,3.65,3.72,Sobresaliente,False,BUK10900
BUK12490,2025-Anual,Anual,2025-12-10,3.57,3.68,3.62,Sobresaliente,False,BUK10900
BUK12490,2026-MidYear,Mid Year,2026-07-15,3.46,3.28,3.39,Cumple lo esperado,False,BUK10900
BUK12491,2026-MidYear,Mid Year,2026-07-15,3.2,2.98,3.11,Cumple lo esperado,False,BUK11546
BUK12492,2024-Anual,Anual,2024-12-10,3.74,3.81,3.77,Sobresaliente,False,BUK12554
BUK12492,2025-MidYear,Mid Year,2025-07-15,3.49,3.43,3.47,Cumple lo esperado,False,BUK12554
BUK12492,2025-Anual,Anual,2025-12-10,3.24,3.84,3.48,Cumple lo esperado,False,BUK12554
BUK12492,2026-MidYear,Mid Year,2026-07-15,3.88,3.9,3.89,Sobresaliente,False,BUK12554
BUK12493,2024-Anual,Anual,2024-12-10,3.33,3.24,3.3,Cumple lo esperado,False,BUK11993
BUK12493,2025-MidYear,Mid Year,2025-07-15,3.35,3.81,3.53,Sobresaliente,False,BUK11993
BUK12493,2025-Anual,Anual,2025-12-10,3.29,3.45,3.36,Cumple lo esperado,False,BUK11993
BUK12493,2026-MidYear,Mid Year,2026-07-15,3.32,3.2,3.27,Cumple lo esperado,False,BUK11993
BUK12494,2025-MidYear,Mid Year,2025-07-15,3.43,3.05,3.28,Cumple lo esperado,False,BUK10852
BUK12494,2025-Anual,Anual,2025-12-10,3.85,3.63,3.76,Sobresaliente,False,BUK10852
BUK12494,2026-MidYear,Mid Year,2026-07-15,3.27,3.2,3.24,Cumple lo esperado,False,BUK10852
BUK12495,2026-MidYear,Mid Year,2026-07-15,3.37,3.42,3.39,Cumple lo esperado,False,BUK10746
BUK12497,2024-Anual,Anual,2024-12-10,3.37,3.55,3.44,Cumple lo esperado,False,BUK10442
BUK12497,2025-MidYear,Mid Year,2025-07-15,3.38,3.53,3.44,Cumple lo esperado,False,BUK10442
BUK12497,2025-Anual,Anual,2025-12-10,3.3,3.75,3.48,Cumple lo esperado,False,BUK10442
BUK12497,2026-MidYear,Mid Year,2026-07-15,3.65,3.15,3.45,Cumple lo esperado,False,BUK10442
BUK12499,2024-Anual,Anual,2024-12-10,3.13,3.18,3.15,Cumple lo esperado,False,BUK11587
BUK12499,2025-MidYear,Mid Year,2025-07-15,3.33,3.32,3.33,Cumple lo esperado,False,BUK11587
BUK12499,2025-Anual,Anual,2025-12-10,3.59,3.16,3.42,Cumple lo esperado,False,BUK11587
BUK12499,2026-MidYear,Mid Year,2026-07-15,3.5,3.18,3.37,Cumple lo esperado,False,BUK11587
BUK12500,2025-MidYear,Mid Year,2025-07-15,3.79,3.21,3.56,Sobresaliente,False,BUK11154
BUK12500,2025-Anual,Anual,2025-12-10,3.45,3.53,3.48,Cumple lo esperado,False,BUK11154
BUK12500,2026-MidYear,Mid Year,2026-07-15,3.49,3.35,3.43,Cumple lo esperado,False,BUK11154
BUK12501,2024-Anual,Anual,2024-12-10,3.23,3.2,3.22,Cumple lo esperado,False,BUK10910
BUK12502,2024-Anual,Anual,2024-12-10,3.28,3.9,3.53,Sobresaliente,False,BUK10975
BUK12502,2025-MidYear,Mid Year,2025-07-15,3.5,3.73,3.59,Sobresaliente,False,BUK10975
BUK12502,2025-Anual,Anual,2025-12-10,3.85,3.35,3.65,Sobresaliente,False,BUK10975
BUK12502,2026-MidYear,Mid Year,2026-07-15,3.33,3.31,3.32,Cumple lo esperado,False,BUK10975
BUK12503,2026-MidYear,Mid Year,2026-07-15,2.89,2.91,2.9,Bajo lo esperado,False,BUK10595
BUK12504,2025-Anual,Anual,2025-12-10,3.87,3.82,3.85,Sobresaliente,False,BUK11407
BUK12504,2026-MidYear,Mid Year,2026-07-15,3.84,3.55,3.73,Sobresaliente,False,BUK11407
BUK12505,2025-MidYear,Mid Year,2025-07-15,3.66,3.89,3.75,Sobresaliente,False,BUK10991
BUK12505,2025-Anual,Anual,2025-12-10,3.85,3.69,3.78,Sobresaliente,False,BUK10991
BUK12505,2026-MidYear,Mid Year,2026-07-15,3.09,3.8,3.37,Cumple lo esperado,False,BUK10991
BUK12506,2024-Anual,Anual,2024-12-10,3.04,3.35,3.16,Cumple lo esperado,False,BUK12465
BUK12506,2025-MidYear,Mid Year,2025-07-15,3.55,3.51,3.54,Sobresaliente,False,BUK12465
BUK12506,2025-Anual,Anual,2025-12-10,3.52,3.64,3.56,Sobresaliente,False,BUK12465
BUK12506,2026-MidYear,Mid Year,2026-07-15,3.36,3.26,3.32,Cumple lo esperado,False,BUK12465
BUK12507,2025-MidYear,Mid Year,2025-07-15,2.45,2.31,2.39,Bajo lo esperado,False,BUK11543
BUK12507,2025-Anual,Anual,2025-12-10,2.12,2.53,2.29,Bajo lo esperado,True,BUK11543
BUK12507,2026-MidYear,Mid Year,2026-07-15,2.34,2.7,2.49,Bajo lo esperado,False,BUK11543
BUK12508,2024-Anual,Anual,2024-12-10,3.58,3.07,3.37,Cumple lo esperado,False,BUK10150
BUK12508,2025-MidYear,Mid Year,2025-07-15,3.6,3.1,3.4,Cumple lo esperado,False,BUK10150
BUK12508,2025-Anual,Anual,2025-12-10,3.28,3.4,3.33,Cumple lo esperado,False,BUK10150
BUK12508,2026-MidYear,Mid Year,2026-07-15,3.21,3.53,3.34,Cumple lo esperado,False,BUK10150
BUK12509,2024-Anual,Anual,2024-12-10,3.5,3.53,3.51,Sobresaliente,False,BUK11305
BUK12509,2025-MidYear,Mid Year,2025-07-15,3.24,3.25,3.24,Cumple lo esperado,False,BUK11305
BUK12509,2025-Anual,Anual,2025-12-10,3.39,3.01,3.24,Cumple lo esperado,False,BUK11305
BUK12509,2026-MidYear,Mid Year,2026-07-15,3.26,3.56,3.38,Cumple lo esperado,False,BUK11305
BUK12510,2025-Anual,Anual,2025-12-10,3.44,2.74,3.16,Cumple lo esperado,False,BUK10844
BUK12510,2026-MidYear,Mid Year,2026-07-15,3.35,3.17,3.28,Cumple lo esperado,False,BUK10844
BUK12511,2024-Anual,Anual,2024-12-10,3.18,3.26,3.21,Cumple lo esperado,False,BUK10792
BUK12511,2025-MidYear,Mid Year,2025-07-15,3.48,3.75,3.59,Sobresaliente,False,BUK10792
BUK12511,2025-Anual,Anual,2025-12-10,3.54,3.57,3.55,Sobresaliente,False,BUK10792
BUK12512,2024-Anual,Anual,2024-12-10,2.69,3.15,2.87,Bajo lo esperado,True,BUK11240
BUK12512,2025-MidYear,Mid Year,2025-07-15,2.74,2.84,2.78,Bajo lo esperado,False,BUK11240
BUK12512,2025-Anual,Anual,2025-12-10,2.73,3.03,2.85,Bajo lo esperado,True,BUK11240
BUK12513,2025-MidYear,Mid Year,2025-07-15,3.28,3.28,3.28,Cumple lo esperado,False,BUK10478
BUK12513,2025-Anual,Anual,2025-12-10,3.14,3.8,3.41,Cumple lo esperado,False,BUK10478
BUK12513,2026-MidYear,Mid Year,2026-07-15,3.36,3.19,3.29,Cumple lo esperado,False,BUK10478
BUK12514,2025-MidYear,Mid Year,2025-07-15,3.37,3.49,3.42,Cumple lo esperado,False,BUK10910
BUK12514,2025-Anual,Anual,2025-12-10,3.78,4.0,3.87,Sobresaliente,False,BUK10910
BUK12514,2026-MidYear,Mid Year,2026-07-15,3.96,3.93,3.95,Sobresaliente,False,BUK10910
BUK12515,2025-Anual,Anual,2025-12-10,3.7,3.7,3.7,Sobresaliente,False,BUK10359
BUK12515,2026-MidYear,Mid Year,2026-07-15,3.3,3.75,3.48,Cumple lo esperado,False,BUK10359
BUK12516,2024-Anual,Anual,2024-12-10,3.23,3.42,3.31,Cumple lo esperado,False,BUK11881
BUK12516,2025-MidYear,Mid Year,2025-07-15,3.57,3.19,3.42,Cumple lo esperado,False,BUK11881
BUK12516,2025-Anual,Anual,2025-12-10,3.07,3.51,3.24,Cumple lo esperado,False,BUK11881
BUK12516,2026-MidYear,Mid Year,2026-07-15,3.23,3.45,3.32,Cumple lo esperado,False,BUK11881
BUK12517,2025-MidYear,Mid Year,2025-07-15,3.52,3.41,3.48,Cumple lo esperado,False,BUK10250
BUK12517,2025-Anual,Anual,2025-12-10,3.03,3.86,3.36,Cumple lo esperado,False,BUK10250
BUK12517,2026-MidYear,Mid Year,2026-07-15,3.61,3.3,3.49,Cumple lo esperado,False,BUK10250
BUK12519,2024-Anual,Anual,2024-12-10,2.66,2.63,2.65,Bajo lo esperado,True,BUK11563
BUK12519,2025-MidYear,Mid Year,2025-07-15,2.86,2.95,2.89,Bajo lo esperado,False,BUK11563
BUK12519,2025-Anual,Anual,2025-12-10,2.53,2.94,2.69,Bajo lo esperado,True,BUK11563
BUK12519,2026-MidYear,Mid Year,2026-07-15,2.79,3.21,2.96,Bajo lo esperado,False,BUK11563
BUK12520,2026-MidYear,Mid Year,2026-07-15,3.21,3.6,3.36,Cumple lo esperado,False,BUK11921
BUK12522,2024-Anual,Anual,2024-12-10,3.0,2.76,2.9,Bajo lo esperado,True,BUK10949
BUK12524,2024-Anual,Anual,2024-12-10,3.23,3.42,3.31,Cumple lo esperado,False,BUK12572
BUK12524,2025-MidYear,Mid Year,2025-07-15,3.34,3.54,3.42,Cumple lo esperado,False,BUK12572
BUK12524,2025-Anual,Anual,2025-12-10,3.3,3.26,3.28,Cumple lo esperado,False,BUK12572
BUK12524,2026-MidYear,Mid Year,2026-07-15,3.37,3.75,3.52,Sobresaliente,False,BUK12572
BUK12525,2025-Anual,Anual,2025-12-10,2.9,3.2,3.02,Cumple lo esperado,False,BUK10949
BUK12525,2026-MidYear,Mid Year,2026-07-15,3.61,3.07,3.39,Cumple lo esperado,False,BUK10949
BUK12527,2024-Anual,Anual,2024-12-10,3.67,3.36,3.54,Sobresaliente,False,BUK10780
BUK12527,2025-MidYear,Mid Year,2025-07-15,3.67,3.68,3.67,Sobresaliente,False,BUK10780
BUK12527,2025-Anual,Anual,2025-12-10,3.64,3.7,3.67,Sobresaliente,False,BUK10780
BUK12527,2026-MidYear,Mid Year,2026-07-15,3.58,3.68,3.62,Sobresaliente,False,BUK10780
BUK12529,2025-MidYear,Mid Year,2025-07-15,3.05,3.23,3.12,Cumple lo esperado,False,BUK10291
BUK12529,2025-Anual,Anual,2025-12-10,3.29,3.31,3.3,Cumple lo esperado,False,BUK10291
BUK12529,2026-MidYear,Mid Year,2026-07-15,3.13,3.12,3.13,Cumple lo esperado,False,BUK10291
BUK12530,2026-MidYear,Mid Year,2026-07-15,3.46,2.94,3.25,Cumple lo esperado,False,BUK11780
BUK12531,2025-MidYear,Mid Year,2025-07-15,3.06,3.15,3.09,Cumple lo esperado,False,BUK11717
BUK12531,2025-Anual,Anual,2025-12-10,3.62,3.3,3.49,Cumple lo esperado,False,BUK11717
BUK12531,2026-MidYear,Mid Year,2026-07-15,3.22,3.61,3.38,Cumple lo esperado,False,BUK11717
BUK12532,2025-MidYear,Mid Year,2025-07-15,3.79,3.38,3.63,Sobresaliente,False,BUK11964
BUK12532,2025-Anual,Anual,2025-12-10,3.64,3.33,3.52,Sobresaliente,False,BUK11964
BUK12532,2026-MidYear,Mid Year,2026-07-15,3.83,3.96,3.88,Sobresaliente,False,BUK11964
BUK12533,2025-Anual,Anual,2025-12-10,3.18,4.0,3.51,Sobresaliente,False,BUK12641
BUK12533,2026-MidYear,Mid Year,2026-07-15,3.44,3.22,3.35,Cumple lo esperado,False,BUK12641
BUK12534,2025-MidYear,Mid Year,2025-07-15,3.5,3.02,3.31,Cumple lo esperado,False,BUK10949
BUK12534,2025-Anual,Anual,2025-12-10,2.98,3.03,3.0,Cumple lo esperado,False,BUK10949
BUK12534,2026-MidYear,Mid Year,2026-07-15,3.14,3.37,3.23,Cumple lo esperado,False,BUK10949
BUK12535,2026-MidYear,Mid Year,2026-07-15,3.29,3.66,3.44,Cumple lo esperado,False,BUK10780
BUK12536,2024-Anual,Anual,2024-12-10,3.14,3.25,3.19,Cumple lo esperado,False,BUK11473
BUK12536,2025-MidYear,Mid Year,2025-07-15,3.26,3.22,3.25,Cumple lo esperado,False,BUK11473
BUK12536,2025-Anual,Anual,2025-12-10,3.29,3.27,3.28,Cumple lo esperado,False,BUK11473
BUK12536,2026-MidYear,Mid Year,2026-07-15,3.24,3.23,3.24,Cumple lo esperado,False,BUK11473
BUK12537,2026-MidYear,Mid Year,2026-07-15,3.72,3.74,3.73,Sobresaliente,False,BUK10845
BUK12538,2025-MidYear,Mid Year,2025-07-15,2.93,2.97,2.95,Bajo lo esperado,False,BUK10442
BUK12538,2025-Anual,Anual,2025-12-10,3.67,3.23,3.5,Sobresaliente,False,BUK10442
BUK12538,2026-MidYear,Mid Year,2026-07-15,3.11,3.21,3.15,Cumple lo esperado,False,BUK10442
BUK12540,2025-Anual,Anual,2025-12-10,3.64,3.21,3.47,Cumple lo esperado,False,BUK10405
BUK12540,2026-MidYear,Mid Year,2026-07-15,3.66,3.61,3.64,Sobresaliente,False,BUK10405
BUK12543,2024-Anual,Anual,2024-12-10,2.56,2.81,2.66,Bajo lo esperado,True,BUK10780
BUK12543,2025-MidYear,Mid Year,2025-07-15,2.42,2.67,2.52,Bajo lo esperado,False,BUK10780
BUK12543,2025-Anual,Anual,2025-12-10,2.58,2.8,2.67,Bajo lo esperado,True,BUK10780
BUK12543,2026-MidYear,Mid Year,2026-07-15,2.65,2.77,2.7,Bajo lo esperado,False,BUK10780
BUK12546,2025-MidYear,Mid Year,2025-07-15,3.38,3.42,3.4,Cumple lo esperado,False,BUK12078
BUK12546,2025-Anual,Anual,2025-12-10,3.5,3.77,3.61,Sobresaliente,False,BUK12078
BUK12546,2026-MidYear,Mid Year,2026-07-15,3.67,3.56,3.62,Sobresaliente,False,BUK12078
BUK12547,2026-MidYear,Mid Year,2026-07-15,3.44,3.5,3.46,Cumple lo esperado,False,BUK12283
BUK12548,2025-Anual,Anual,2025-12-10,3.24,3.36,3.29,Cumple lo esperado,False,BUK12070
BUK12549,2025-MidYear,Mid Year,2025-07-15,3.51,3.4,3.47,Cumple lo esperado,False,BUK10477
BUK12549,2025-Anual,Anual,2025-12-10,2.79,3.01,2.88,Bajo lo esperado,True,BUK10477
BUK12549,2026-MidYear,Mid Year,2026-07-15,3.01,3.44,3.19,Cumple lo esperado,False,BUK10477
BUK12552,2025-Anual,Anual,2025-12-10,3.75,3.44,3.63,Sobresaliente,False,BUK11068
BUK12552,2026-MidYear,Mid Year,2026-07-15,3.68,3.87,3.76,Sobresaliente,False,BUK11068
BUK12553,2025-Anual,Anual,2025-12-10,3.49,3.56,3.52,Sobresaliente,False,BUK11396
BUK12553,2026-MidYear,Mid Year,2026-07-15,3.8,3.22,3.57,Sobresaliente,False,BUK11396
BUK12554,2026-MidYear,Mid Year,2026-07-15,3.55,3.41,3.49,Cumple lo esperado,False,BUK11859
BUK12555,2024-Anual,Anual,2024-12-10,3.19,3.59,3.35,Cumple lo esperado,False,BUK12465
BUK12555,2025-MidYear,Mid Year,2025-07-15,3.13,3.2,3.16,Cumple lo esperado,False,BUK12465
BUK12555,2025-Anual,Anual,2025-12-10,3.5,3.52,3.51,Sobresaliente,False,BUK12465
BUK12555,2026-MidYear,Mid Year,2026-07-15,3.56,3.31,3.46,Cumple lo esperado,False,BUK12465
BUK12556,2025-MidYear,Mid Year,2025-07-15,3.43,3.38,3.41,Cumple lo esperado,False,BUK10312
BUK12556,2025-Anual,Anual,2025-12-10,3.55,3.44,3.51,Sobresaliente,False,BUK10312
BUK12556,2026-MidYear,Mid Year,2026-07-15,3.34,3.43,3.37,Cumple lo esperado,False,BUK10312
BUK12557,2025-Anual,Anual,2025-12-10,3.88,3.3,3.65,Sobresaliente,False,BUK12499
BUK12560,2024-Anual,Anual,2024-12-10,3.69,4.0,3.82,Sobresaliente,False,BUK12229
BUK12560,2025-MidYear,Mid Year,2025-07-15,3.43,3.75,3.56,Sobresaliente,False,BUK12229
BUK12560,2025-Anual,Anual,2025-12-10,3.37,3.38,3.37,Cumple lo esperado,False,BUK12229
BUK12560,2026-MidYear,Mid Year,2026-07-15,3.69,3.85,3.76,Sobresaliente,False,BUK12229
BUK12561,2024-Anual,Anual,2024-12-10,3.45,3.92,3.64,Sobresaliente,False,BUK12278
BUK12561,2025-MidYear,Mid Year,2025-07-15,3.66,3.2,3.48,Cumple lo esperado,False,BUK12278
BUK12561,2025-Anual,Anual,2025-12-10,3.71,3.63,3.68,Sobresaliente,False,BUK12278
BUK12561,2026-MidYear,Mid Year,2026-07-15,3.8,3.77,3.78,Sobresaliente,False,BUK12278
BUK12562,2026-MidYear,Mid Year,2026-07-15,2.98,2.84,2.92,Bajo lo esperado,False,BUK10881
BUK12564,2024-Anual,Anual,2024-12-10,2.82,2.73,2.79,Bajo lo esperado,True,BUK10019
BUK12564,2025-MidYear,Mid Year,2025-07-15,2.89,2.82,2.86,Bajo lo esperado,False,BUK10019
BUK12564,2025-Anual,Anual,2025-12-10,2.87,2.52,2.73,Bajo lo esperado,True,BUK10019
BUK12564,2026-MidYear,Mid Year,2026-07-15,2.69,2.72,2.7,Bajo lo esperado,False,BUK10019
BUK12567,2025-Anual,Anual,2025-12-10,3.61,3.82,3.7,Sobresaliente,False,BUK10650
BUK12567,2026-MidYear,Mid Year,2026-07-15,3.42,3.94,3.62,Sobresaliente,False,BUK10650
BUK12568,2026-MidYear,Mid Year,2026-07-15,3.15,3.49,3.28,Cumple lo esperado,False,BUK10844
BUK12569,2025-Anual,Anual,2025-12-10,3.35,3.64,3.47,Cumple lo esperado,False,BUK10833
BUK12569,2026-MidYear,Mid Year,2026-07-15,2.89,3.07,2.97,Bajo lo esperado,False,BUK10833
BUK12570,2025-Anual,Anual,2025-12-10,3.18,3.62,3.36,Cumple lo esperado,False,BUK10453
BUK12570,2026-MidYear,Mid Year,2026-07-15,2.72,3.62,3.08,Cumple lo esperado,False,BUK10453
BUK12571,2024-Anual,Anual,2024-12-10,3.82,3.79,3.81,Sobresaliente,False,BUK10867
BUK12571,2025-MidYear,Mid Year,2025-07-15,3.27,3.4,3.32,Cumple lo esperado,False,BUK10867
BUK12571,2025-Anual,Anual,2025-12-10,3.61,3.56,3.59,Sobresaliente,False,BUK10867
BUK12571,2026-MidYear,Mid Year,2026-07-15,3.25,3.95,3.53,Sobresaliente,False,BUK10867
BUK12572,2025-MidYear,Mid Year,2025-07-15,3.58,3.53,3.56,Sobresaliente,False,BUK12234
BUK12572,2025-Anual,Anual,2025-12-10,3.46,3.79,3.59,Sobresaliente,False,BUK12234
BUK12572,2026-MidYear,Mid Year,2026-07-15,3.64,4.0,3.78,Sobresaliente,False,BUK12234
BUK12573,2026-MidYear,Mid Year,2026-07-15,3.5,3.36,3.45,Cumple lo esperado,False,BUK10752
BUK12576,2025-MidYear,Mid Year,2025-07-15,3.33,3.79,3.52,Sobresaliente,False,BUK11396
BUK12576,2025-Anual,Anual,2025-12-10,3.25,3.49,3.35,Cumple lo esperado,False,BUK11396
BUK12578,2025-Anual,Anual,2025-12-10,3.73,3.41,3.61,Sobresaliente,False,BUK10650
BUK12578,2026-MidYear,Mid Year,2026-07-15,3.48,3.38,3.44,Cumple lo esperado,False,BUK10650
BUK12579,2025-Anual,Anual,2025-12-10,3.89,3.3,3.66,Sobresaliente,False,BUK10963
BUK12579,2026-MidYear,Mid Year,2026-07-15,3.89,3.05,3.55,Sobresaliente,False,BUK10963
BUK12580,2026-MidYear,Mid Year,2026-07-15,3.47,3.15,3.34,Cumple lo esperado,False,BUK10326
BUK12582,2024-Anual,Anual,2024-12-10,3.09,3.23,3.15,Cumple lo esperado,False,BUK10833
BUK12582,2025-MidYear,Mid Year,2025-07-15,3.41,3.39,3.4,Cumple lo esperado,False,BUK10833
BUK12582,2025-Anual,Anual,2025-12-10,2.96,3.34,3.11,Cumple lo esperado,False,BUK10833
BUK12582,2026-MidYear,Mid Year,2026-07-15,3.42,3.59,3.49,Cumple lo esperado,False,BUK10833
BUK12583,2025-MidYear,Mid Year,2025-07-15,3.52,3.31,3.44,Cumple lo esperado,False,BUK11373
BUK12583,2025-Anual,Anual,2025-12-10,3.07,2.63,2.89,Bajo lo esperado,True,BUK11373
BUK12584,2025-Anual,Anual,2025-12-10,2.71,2.94,2.8,Bajo lo esperado,True,BUK10302
BUK12584,2026-MidYear,Mid Year,2026-07-15,2.91,3.03,2.96,Bajo lo esperado,False,BUK10302
BUK12586,2024-Anual,Anual,2024-12-10,3.74,3.65,3.71,Sobresaliente,False,
BUK12586,2025-MidYear,Mid Year,2025-07-15,3.27,2.99,3.16,Cumple lo esperado,False,
BUK12586,2025-Anual,Anual,2025-12-10,3.54,3.3,3.44,Cumple lo esperado,False,
BUK12588,2024-Anual,Anual,2024-12-10,1.92,2.24,2.05,Bajo lo esperado,True,BUK10327
BUK12592,2024-Anual,Anual,2024-12-10,3.46,3.93,3.65,Sobresaliente,False,BUK12338
BUK12592,2025-MidYear,Mid Year,2025-07-15,3.51,3.26,3.41,Cumple lo esperado,False,BUK12338
BUK12592,2025-Anual,Anual,2025-12-10,3.62,3.49,3.57,Sobresaliente,False,BUK12338
BUK12592,2026-MidYear,Mid Year,2026-07-15,3.86,3.49,3.72,Sobresaliente,False,BUK12338
BUK12593,2026-MidYear,Mid Year,2026-07-15,3.52,3.43,3.49,Cumple lo esperado,False,BUK10150
BUK12594,2026-MidYear,Mid Year,2026-07-15,3.21,3.3,3.25,Cumple lo esperado,False,BUK10906
BUK12596,2024-Anual,Anual,2024-12-10,3.85,3.67,3.78,Sobresaliente,False,BUK10248
BUK12596,2025-MidYear,Mid Year,2025-07-15,3.69,3.75,3.71,Sobresaliente,False,BUK10248
BUK12596,2025-Anual,Anual,2025-12-10,3.85,3.84,3.84,Sobresaliente,False,BUK10248
BUK12596,2026-MidYear,Mid Year,2026-07-15,3.48,3.83,3.62,Sobresaliente,False,BUK10248
BUK12597,2024-Anual,Anual,2024-12-10,3.34,3.26,3.31,Cumple lo esperado,False,BUK10667
BUK12601,2025-MidYear,Mid Year,2025-07-15,3.58,3.5,3.55,Sobresaliente,False,BUK12632
BUK12601,2025-Anual,Anual,2025-12-10,3.52,3.6,3.56,Sobresaliente,False,BUK12632
BUK12601,2026-MidYear,Mid Year,2026-07-15,3.55,3.4,3.49,Cumple lo esperado,False,BUK12632
BUK12602,2026-MidYear,Mid Year,2026-07-15,3.79,3.46,3.65,Sobresaliente,False,BUK10147
BUK12605,2024-Anual,Anual,2024-12-10,3.17,3.96,3.49,Cumple lo esperado,False,BUK10945
BUK12605,2025-MidYear,Mid Year,2025-07-15,3.34,3.43,3.38,Cumple lo esperado,False,BUK10945
BUK12606,2024-Anual,Anual,2024-12-10,3.49,3.9,3.65,Sobresaliente,False,BUK11314
BUK12606,2025-MidYear,Mid Year,2025-07-15,3.34,3.39,3.36,Cumple lo esperado,False,BUK11314
BUK12606,2025-Anual,Anual,2025-12-10,3.72,3.72,3.72,Sobresaliente,False,BUK11314
BUK12606,2026-MidYear,Mid Year,2026-07-15,3.51,3.3,3.43,Cumple lo esperado,False,BUK11314
BUK12608,2024-Anual,Anual,2024-12-10,3.47,3.51,3.49,Cumple lo esperado,False,BUK10710
BUK12608,2025-MidYear,Mid Year,2025-07-15,3.29,3.27,3.28,Cumple lo esperado,False,BUK10710
BUK12608,2025-Anual,Anual,2025-12-10,3.47,3.61,3.53,Sobresaliente,False,BUK10710
BUK12608,2026-MidYear,Mid Year,2026-07-15,3.33,3.28,3.31,Cumple lo esperado,False,BUK10710
BUK12610,2025-MidYear,Mid Year,2025-07-15,3.48,3.5,3.49,Cumple lo esperado,False,BUK11691
BUK12610,2025-Anual,Anual,2025-12-10,3.58,3.19,3.42,Cumple lo esperado,False,BUK11691
BUK12610,2026-MidYear,Mid Year,2026-07-15,4.0,3.37,3.75,Sobresaliente,False,BUK11691
BUK12611,2024-Anual,Anual,2024-12-10,2.31,2.28,2.3,Bajo lo esperado,True,
BUK12611,2025-MidYear,Mid Year,2025-07-15,2.64,2.56,2.61,Bajo lo esperado,False,
BUK12611,2025-Anual,Anual,2025-12-10,2.23,2.84,2.47,Bajo lo esperado,True,
BUK12612,2024-Anual,Anual,2024-12-10,3.22,3.97,3.52,Sobresaliente,False,BUK10680
BUK12612,2025-MidYear,Mid Year,2025-07-15,3.59,3.49,3.55,Sobresaliente,False,BUK10680
BUK12612,2025-Anual,Anual,2025-12-10,3.92,3.89,3.91,Sobresaliente,False,BUK10680
BUK12612,2026-MidYear,Mid Year,2026-07-15,3.88,3.67,3.79,Sobresaliente,False,BUK10680
BUK12613,2025-MidYear,Mid Year,2025-07-15,3.29,2.82,3.1,Cumple lo esperado,False,BUK11001
BUK12613,2025-Anual,Anual,2025-12-10,2.85,3.27,3.02,Cumple lo esperado,False,BUK11001
BUK12613,2026-MidYear,Mid Year,2026-07-15,2.92,2.63,2.81,Bajo lo esperado,False,BUK11001
BUK12616,2025-Anual,Anual,2025-12-10,3.62,3.66,3.64,Sobresaliente,False,BUK10883
BUK12616,2026-MidYear,Mid Year,2026-07-15,3.68,3.43,3.58,Sobresaliente,False,BUK10883
BUK12618,2024-Anual,Anual,2024-12-10,3.28,3.47,3.36,Cumple lo esperado,False,BUK11546
BUK12619,2024-Anual,Anual,2024-12-10,3.76,3.7,3.73,Sobresaliente,False,BUK12529
BUK12619,2025-MidYear,Mid Year,2025-07-15,3.75,3.72,3.73,Sobresaliente,False,BUK12529
BUK12619,2025-Anual,Anual,2025-12-10,3.57,3.95,3.72,Sobresaliente,False,BUK12529
BUK12619,2026-MidYear,Mid Year,2026-07-15,3.49,3.87,3.64,Sobresaliente,False,BUK12529
BUK12620,2024-Anual,Anual,2024-12-10,3.45,3.37,3.42,Cumple lo esperado,False,BUK12441
BUK12620,2025-MidYear,Mid Year,2025-07-15,3.71,3.65,3.69,Sobresaliente,False,BUK12441
BUK12620,2025-Anual,Anual,2025-12-10,3.54,3.33,3.45,Cumple lo esperado,False,BUK12441
BUK12620,2026-MidYear,Mid Year,2026-07-15,3.47,3.57,3.51,Sobresaliente,False,BUK12441
BUK12621,2025-MidYear,Mid Year,2025-07-15,3.54,3.6,3.56,Sobresaliente,False,BUK10921
BUK12622,2026-MidYear,Mid Year,2026-07-15,3.62,3.86,3.72,Sobresaliente,False,BUK11409
BUK12623,2025-MidYear,Mid Year,2025-07-15,2.84,3.35,3.04,Cumple lo esperado,False,BUK10478
BUK12623,2025-Anual,Anual,2025-12-10,2.93,3.33,3.09,Cumple lo esperado,False,BUK10478
BUK12624,2026-MidYear,Mid Year,2026-07-15,3.12,2.55,2.89,Bajo lo esperado,False,BUK11001
BUK12625,2024-Anual,Anual,2024-12-10,3.83,3.56,3.72,Sobresaliente,False,BUK10900
BUK12625,2025-MidYear,Mid Year,2025-07-15,3.6,3.62,3.61,Sobresaliente,False,BUK10900
BUK12625,2025-Anual,Anual,2025-12-10,3.54,3.75,3.62,Sobresaliente,False,BUK10900
BUK12625,2026-MidYear,Mid Year,2026-07-15,3.62,3.9,3.73,Sobresaliente,False,BUK10900
BUK12626,2025-Anual,Anual,2025-12-10,3.32,3.35,3.33,Cumple lo esperado,False,BUK12615
BUK12627,2024-Anual,Anual,2024-12-10,3.22,3.57,3.36,Cumple lo esperado,False,BUK10796
BUK12627,2025-MidYear,Mid Year,2025-07-15,2.95,3.88,3.32,Cumple lo esperado,False,BUK10796
BUK12627,2025-Anual,Anual,2025-12-10,3.54,3.91,3.69,Sobresaliente,False,BUK10796
BUK12628,2026-MidYear,Mid Year,2026-07-15,3.09,3.23,3.15,Cumple lo esperado,False,BUK11827
BUK12629,2026-MidYear,Mid Year,2026-07-15,3.34,3.16,3.27,Cumple lo esperado,False,BUK12446
BUK12631,2025-MidYear,Mid Year,2025-07-15,3.76,3.01,3.46,Cumple lo esperado,False,BUK10987
BUK12631,2025-Anual,Anual,2025-12-10,3.19,3.25,3.22,Cumple lo esperado,False,BUK10987
BUK12632,2024-Anual,Anual,2024-12-10,3.51,3.22,3.4,Cumple lo esperado,False,BUK10359
BUK12632,2025-MidYear,Mid Year,2025-07-15,3.49,3.45,3.47,Cumple lo esperado,False,BUK10359
BUK12632,2025-Anual,Anual,2025-12-10,3.56,3.69,3.61,Sobresaliente,False,BUK10359
BUK12632,2026-MidYear,Mid Year,2026-07-15,3.09,3.28,3.17,Cumple lo esperado,False,BUK10359
BUK12634,2024-Anual,Anual,2024-12-10,3.24,3.33,3.28,Cumple lo esperado,False,BUK10600
BUK12634,2025-MidYear,Mid Year,2025-07-15,3.24,2.82,3.08,Cumple lo esperado,False,BUK10600
BUK12634,2025-Anual,Anual,2025-12-10,3.28,3.22,3.26,Cumple lo esperado,False,BUK10600
BUK12635,2024-Anual,Anual,2024-12-10,3.2,3.09,3.16,Cumple lo esperado,False,BUK11780
BUK12635,2025-MidYear,Mid Year,2025-07-15,3.4,3.34,3.38,Cumple lo esperado,False,BUK11780
BUK12635,2025-Anual,Anual,2025-12-10,3.19,3.22,3.2,Cumple lo esperado,False,BUK11780
BUK12635,2026-MidYear,Mid Year,2026-07-15,3.14,3.08,3.11,Cumple lo esperado,False,BUK11780
BUK12636,2024-Anual,Anual,2024-12-10,3.36,3.64,3.47,Cumple lo esperado,False,BUK10752
BUK12636,2025-MidYear,Mid Year,2025-07-15,3.25,3.27,3.26,Cumple lo esperado,False,BUK10752
BUK12636,2025-Anual,Anual,2025-12-10,3.09,3.33,3.19,Cumple lo esperado,False,BUK10752
BUK12636,2026-MidYear,Mid Year,2026-07-15,3.35,3.59,3.44,Cumple lo esperado,False,BUK10752
BUK12637,2025-Anual,Anual,2025-12-10,3.67,3.6,3.65,Sobresaliente,False,BUK11305
BUK12637,2026-MidYear,Mid Year,2026-07-15,3.24,3.69,3.42,Cumple lo esperado,False,BUK11305
BUK12638,2025-MidYear,Mid Year,2025-07-15,3.08,3.21,3.13,Cumple lo esperado,False,BUK10114
BUK12638,2025-Anual,Anual,2025-12-10,2.85,2.4,2.67,Bajo lo esperado,True,BUK10114
BUK12638,2026-MidYear,Mid Year,2026-07-15,2.8,2.99,2.87,Bajo lo esperado,False,BUK10114
BUK12640,2026-MidYear,Mid Year,2026-07-15,3.57,4.0,3.74,Sobresaliente,False,BUK12441
BUK12641,2025-Anual,Anual,2025-12-10,3.74,3.81,3.77,Sobresaliente,False,BUK12563
BUK12641,2026-MidYear,Mid Year,2026-07-15,3.92,3.48,3.74,Sobresaliente,False,BUK12563
BUK12642,2025-Anual,Anual,2025-12-10,3.2,3.65,3.38,Cumple lo esperado,False,BUK12229
BUK12642,2026-MidYear,Mid Year,2026-07-15,4.0,3.69,3.88,Sobresaliente,False,BUK12229
BUK12643,2026-MidYear,Mid Year,2026-07-15,3.0,3.24,3.1,Cumple lo esperado,False,BUK10181
BUK12644,2024-Anual,Anual,2024-12-10,3.6,3.82,3.69,Sobresaliente,False,BUK11123
BUK12646,2024-Anual,Anual,2024-12-10,2.94,2.99,2.96,Bajo lo esperado,True,BUK11027
BUK12646,2025-MidYear,Mid Year,2025-07-15,3.02,3.1,3.05,Cumple lo esperado,False,BUK11027
BUK12646,2025-Anual,Anual,2025-12-10,3.26,3.27,3.26,Cumple lo esperado,False,BUK11027
BUK12646,2026-MidYear,Mid Year,2026-07-15,3.32,3.11,3.24,Cumple lo esperado,False,BUK11027
BUK12647,2026-MidYear,Mid Year,2026-07-15,3.94,3.6,3.8,Sobresaliente,False,BUK10987
BUK12648,2024-Anual,Anual,2024-12-10,3.1,3.32,3.19,Cumple lo esperado,False,BUK10665
BUK12648,2025-MidYear,Mid Year,2025-07-15,2.65,2.97,2.77,Bajo lo esperado,False,BUK10665
BUK12648,2025-Anual,Anual,2025-12-10,3.23,3.13,3.19,Cumple lo esperado,False,BUK10665
BUK12648,2026-MidYear,Mid Year,2026-07-15,2.98,2.88,2.94,Bajo lo esperado,False,BUK10665
BUK12649,2026-MidYear,Mid Year,2026-07-15,3.65,3.34,3.53,Sobresaliente,False,BUK10881
