employee_id,fecha,_tono_real,_temas_reales
BUK10000,2025-09-08,pos,movilidad_interna|carga_trabajo|herramientas_procesos
BUK10000,2026-04-17,neu,claridad_rol|carga_trabajo
BUK10001,2025-11-28,neg,compensacion|cambio_organizacional|movilidad_interna
BUK10001,2025-12-01,neu,relacion_con_lider|movilidad_interna
BUK10001,2026-01-23,pos,balance_vida_trabajo
BUK10001,2026-02-08,neu,herramientas_procesos
BUK10001,2026-03-07,pos,relacion_con_lider
BUK10001,2026-06-06,pos,carga_trabajo|clima_equipo|herramientas_procesos
BUK10001,2026-06-28,pos,compensacion
BUK10002,2025-12-03,neu,clima_equipo
BUK10002,2026-06-28,neu,balance_vida_trabajo|carga_trabajo
BUK10003,2025-09-25,neu,desarrollo_carrera|reconocimiento
BUK10003,2025-10-01,neu,desarrollo_carrera|compensacion|reconocimiento
BUK10003,2025-11-22,neu,compensacion|desarrollo_carrera
BUK10003,2025-12-01,pos,desarrollo_carrera|movilidad_interna
BUK10003,2026-01-17,neu,reconocimiento|compensacion|movilidad_interna
BUK10003,2026-03-23,neu,desarrollo_carrera|movilidad_interna
BUK10003,2026-05-12,neg,movilidad_interna|reconocimiento
BUK10004,2025-10-24,neu,claridad_rol
BUK10004,2026-03-17,neu,herramientas_procesos|claridad_rol
BUK10004,2026-05-17,pos,balance_vida_trabajo
BUK10004,2026-05-28,neu,cambio_organizacional|desarrollo_carrera
BUK10004,2026-07-24,neu,herramientas_procesos|carga_trabajo|onboarding
BUK10005,2025-05-03,neu,compensacion
BUK10005,2026-04-28,neu,onboarding|cambio_organizacional|movilidad_interna
BUK10006,2026-03-16,neu,balance_vida_trabajo|carga_trabajo
BUK10006,2026-04-25,neu,reconocimiento|cambio_organizacional|carga_trabajo
BUK10006,2026-06-05,neu,clima_equipo|balance_vida_trabajo|cambio_organizacional
BUK10006,2026-06-21,pos,balance_vida_trabajo
BUK10007,2025-09-01,neu,claridad_rol
BUK10007,2025-10-26,pos,claridad_rol|onboarding|clima_equipo
BUK10007,2025-12-18,pos,claridad_rol|movilidad_interna
BUK10007,2026-03-21,pos,movilidad_interna|balance_vida_trabajo
BUK10007,2026-05-05,neu,relacion_con_lider|onboarding
BUK10007,2026-08-16,pos,compensacion
BUK10008,2026-06-23,neu,balance_vida_trabajo|relacion_con_lider
BUK10008,2026-07-08,neu,movilidad_interna
BUK10008,2026-07-11,pos,compensacion|reconocimiento
BUK10008,2026-08-01,neu,balance_vida_trabajo|herramientas_procesos|claridad_rol
BUK10008,2026-08-03,neg,claridad_rol
BUK10008,2026-08-05,pos,claridad_rol|clima_equipo
BUK10009,2026-05-27,neg,compensacion|carga_trabajo
BUK10009,2026-07-09,pos,herramientas_procesos|relacion_con_lider
BUK10010,2025-08-28,neu,balance_vida_trabajo|onboarding
BUK10010,2026-03-19,pos,relacion_con_lider|reconocimiento|claridad_rol
BUK10011,2025-09-05,neu,reconocimiento|cambio_organizacional|herramientas_procesos
BUK10011,2026-06-19,pos,herramientas_procesos
BUK10012,2025-04-07,neu,relacion_con_lider
BUK10012,2025-04-27,neg,herramientas_procesos|claridad_rol
BUK10012,2026-07-04,neg,relacion_con_lider|claridad_rol|herramientas_procesos
BUK10013,2026-03-27,neu,relacion_con_lider|claridad_rol
BUK10013,2026-04-08,neu,onboarding|herramientas_procesos
BUK10013,2026-05-02,neu,onboarding|relacion_con_lider
BUK10013,2026-05-13,neg,claridad_rol|relacion_con_lider|herramientas_procesos
BUK10013,2026-05-14,neu,claridad_rol|relacion_con_lider|herramientas_procesos
BUK10014,2026-04-04,pos,balance_vida_trabajo|clima_equipo
BUK10014,2026-04-20,neu,reconocimiento|compensacion
BUK10014,2026-07-24,neu,onboarding|reconocimiento
BUK10015,2025-04-03,neu,movilidad_interna|compensacion
BUK10015,2025-12-10,neu,desarrollo_carrera
BUK10015,2026-01-13,neu,compensacion|desarrollo_carrera
BUK10015,2026-06-12,neu,movilidad_interna|desarrollo_carrera|reconocimiento
BUK10017,2025-08-05,neu,cambio_organizacional
BUK10017,2025-12-30,pos,onboarding|reconocimiento
BUK10017,2026-02-11,pos,carga_trabajo|reconocimiento
BUK10017,2026-08-29,neu,herramientas_procesos|carga_trabajo
BUK10018,2025-08-11,pos,reconocimiento|balance_vida_trabajo|claridad_rol
BUK10018,2025-12-12,neu,onboarding|relacion_con_lider|herramientas_procesos
BUK10018,2026-04-28,neu,carga_trabajo|herramientas_procesos
BUK10018,2026-07-11,pos,clima_equipo|movilidad_interna|herramientas_procesos
BUK10019,2025-12-30,pos,clima_equipo|reconocimiento|claridad_rol
BUK10019,2026-05-04,pos,relacion_con_lider|herramientas_procesos
BUK10019,2026-05-05,pos,clima_equipo
BUK10020,2026-04-03,pos,onboarding
BUK10021,2026-06-21,pos,compensacion
BUK10021,2026-07-20,pos,onboarding
BUK10021,2026-08-02,pos,desarrollo_carrera|claridad_rol
BUK10021,2026-08-26,neu,cambio_organizacional|carga_trabajo
BUK10022,2025-12-18,neu,compensacion|movilidad_interna
BUK10022,2026-05-05,neu,cambio_organizacional|reconocimiento|relacion_con_lider
BUK10023,2025-03-27,neu,balance_vida_trabajo|herramientas_procesos
BUK10023,2026-05-18,pos,balance_vida_trabajo|herramientas_procesos
BUK10024,2025-03-03,pos,herramientas_procesos
BUK10024,2025-03-24,neu,movilidad_interna
BUK10024,2025-04-26,neu,herramientas_procesos|balance_vida_trabajo|compensacion
BUK10024,2025-05-22,neu,clima_equipo|cambio_organizacional|desarrollo_carrera
BUK10024,2025-05-26,neg,balance_vida_trabajo|movilidad_interna
BUK10025,2025-09-01,neu,desarrollo_carrera|claridad_rol
BUK10025,2025-10-24,neu,onboarding|movilidad_interna|balance_vida_trabajo
BUK10025,2026-04-22,neu,relacion_con_lider|compensacion
BUK10025,2026-08-16,neg,herramientas_procesos|cambio_organizacional|balance_vida_trabajo
BUK10025,2026-08-18,neu,reconocimiento|herramientas_procesos
BUK10026,2025-06-11,pos,cambio_organizacional|relacion_con_lider|reconocimiento
BUK10026,2025-07-21,neu,balance_vida_trabajo|cambio_organizacional
BUK10026,2025-09-29,pos,cambio_organizacional
BUK10026,2026-03-20,pos,balance_vida_trabajo|cambio_organizacional|reconocimiento
BUK10026,2026-08-01,neu,clima_equipo|reconocimiento|balance_vida_trabajo
BUK10027,2025-10-21,neu,claridad_rol
BUK10027,2025-11-21,neu,herramientas_procesos|relacion_con_lider
BUK10027,2025-12-12,pos,herramientas_procesos
BUK10027,2026-01-14,neg,herramientas_procesos|onboarding
BUK10028,2025-11-26,neu,onboarding|relacion_con_lider|reconocimiento
BUK10028,2026-01-01,neu,movilidad_interna|relacion_con_lider
BUK10028,2026-02-19,neu,desarrollo_carrera|compensacion
BUK10029,2026-05-15,neg,herramientas_procesos|relacion_con_lider
BUK10029,2026-07-06,neu,desarrollo_carrera|claridad_rol|relacion_con_lider
BUK10030,2026-02-23,neg,relacion_con_lider|claridad_rol|onboarding
BUK10030,2026-03-11,neu,onboarding|relacion_con_lider|herramientas_procesos
BUK10030,2026-05-15,neu,claridad_rol
BUK10030,2026-06-07,neu,relacion_con_lider|claridad_rol|herramientas_procesos
BUK10030,2026-06-16,neg,herramientas_procesos
BUK10030,2026-08-08,neu,onboarding|herramientas_procesos
BUK10030,2026-08-20,neg,claridad_rol|herramientas_procesos|onboarding
BUK10031,2025-08-25,pos,cambio_organizacional
BUK10031,2025-09-06,pos,clima_equipo|relacion_con_lider
BUK10031,2025-10-19,pos,compensacion
BUK10031,2025-12-21,pos,reconocimiento
BUK10032,2025-11-06,pos,movilidad_interna|cambio_organizacional
BUK10032,2026-06-14,pos,cambio_organizacional|balance_vida_trabajo|claridad_rol
BUK10033,2026-04-20,pos,carga_trabajo
BUK10033,2026-04-26,pos,claridad_rol|clima_equipo
BUK10033,2026-06-25,pos,balance_vida_trabajo|desarrollo_carrera
BUK10034,2026-07-15,neg,desarrollo_carrera
BUK10035,2026-07-20,pos,reconocimiento|desarrollo_carrera
BUK10035,2026-07-26,neg,claridad_rol|clima_equipo
BUK10035,2026-08-30,pos,compensacion|cambio_organizacional|relacion_con_lider
BUK10036,2025-10-30,pos,balance_vida_trabajo|clima_equipo
BUK10036,2026-01-07,pos,desarrollo_carrera|relacion_con_lider
BUK10036,2026-01-22,pos,desarrollo_carrera
BUK10037,2026-05-09,pos,desarrollo_carrera
BUK10037,2026-06-06,pos,onboarding
BUK10037,2026-07-13,pos,carga_trabajo|desarrollo_carrera|movilidad_interna
BUK10038,2025-05-03,pos,movilidad_interna
BUK10038,2025-05-03,pos,compensacion|balance_vida_trabajo
BUK10038,2025-07-29,pos,relacion_con_lider
BUK10038,2026-01-05,pos,balance_vida_trabajo|clima_equipo
BUK10038,2026-08-15,neu,claridad_rol|balance_vida_trabajo
BUK10039,2025-07-18,neg,clima_equipo|reconocimiento
BUK10039,2025-08-01,neg,herramientas_procesos|desarrollo_carrera
BUK10039,2026-03-07,neu,relacion_con_lider|desarrollo_carrera
BUK10039,2026-05-07,neu,compensacion|movilidad_interna
BUK10040,2025-11-29,pos,desarrollo_carrera|claridad_rol
BUK10040,2026-03-27,neg,carga_trabajo|cambio_organizacional
BUK10040,2026-06-13,pos,cambio_organizacional|relacion_con_lider
BUK10041,2025-03-08,pos,onboarding
BUK10041,2025-03-29,neu,clima_equipo|movilidad_interna
BUK10041,2025-08-14,pos,relacion_con_lider|claridad_rol
BUK10042,2025-10-22,neu,compensacion|relacion_con_lider
BUK10042,2026-01-07,neg,carga_trabajo|relacion_con_lider
BUK10042,2026-02-18,neu,balance_vida_trabajo
BUK10042,2026-03-05,pos,clima_equipo|compensacion
BUK10042,2026-08-11,neg,compensacion
BUK10043,2025-12-20,pos,balance_vida_trabajo
BUK10043,2026-05-05,neu,compensacion|clima_equipo|reconocimiento
BUK10043,2026-05-19,pos,clima_equipo|claridad_rol
BUK10044,2025-09-05,neu,compensacion
BUK10044,2025-09-10,neu,movilidad_interna
BUK10044,2025-09-22,neu,desarrollo_carrera|reconocimiento
BUK10045,2025-06-16,neu,carga_trabajo|balance_vida_trabajo
BUK10045,2025-09-19,pos,herramientas_procesos|clima_equipo
BUK10045,2025-12-31,neg,reconocimiento|relacion_con_lider
BUK10045,2026-01-06,pos,movilidad_interna
BUK10045,2026-04-10,pos,reconocimiento
BUK10046,2025-07-10,pos,desarrollo_carrera|onboarding
BUK10046,2025-08-14,neu,claridad_rol
BUK10046,2025-08-25,neu,carga_trabajo|onboarding
BUK10046,2025-10-10,pos,desarrollo_carrera|balance_vida_trabajo
BUK10046,2025-12-18,neu,cambio_organizacional|onboarding
BUK10046,2026-07-30,neu,movilidad_interna|compensacion
BUK10047,2025-05-10,neu,carga_trabajo|balance_vida_trabajo
BUK10047,2025-07-03,pos,relacion_con_lider|clima_equipo
BUK10047,2025-07-05,neu,clima_equipo|carga_trabajo
BUK10047,2025-12-14,neu,clima_equipo|balance_vida_trabajo|relacion_con_lider
BUK10047,2026-05-26,pos,reconocimiento|carga_trabajo
BUK10048,2025-05-31,neu,compensacion|desarrollo_carrera|reconocimiento
BUK10048,2025-11-28,neu,desarrollo_carrera|reconocimiento
BUK10049,2026-03-13,neu,onboarding
BUK10049,2026-04-01,pos,herramientas_procesos
BUK10049,2026-05-31,neu,herramientas_procesos|balance_vida_trabajo
BUK10050,2025-03-03,pos,clima_equipo|relacion_con_lider
BUK10050,2025-06-17,pos,cambio_organizacional|relacion_con_lider
BUK10050,2025-07-05,pos,movilidad_interna
BUK10050,2025-09-16,pos,movilidad_interna|clima_equipo
BUK10051,2025-03-01,neu,relacion_con_lider|herramientas_procesos
BUK10051,2025-03-28,pos,claridad_rol|desarrollo_carrera
BUK10051,2026-06-28,neu,relacion_con_lider
BUK10051,2026-07-14,neu,herramientas_procesos|desarrollo_carrera|claridad_rol
BUK10051,2026-07-24,neu,claridad_rol|relacion_con_lider
BUK10052,2025-05-15,pos,claridad_rol
BUK10052,2026-02-11,pos,cambio_organizacional|reconocimiento
BUK10053,2026-07-19,neu,onboarding|herramientas_procesos
BUK10053,2026-07-30,pos,herramientas_procesos|relacion_con_lider
BUK10053,2026-08-06,neu,herramientas_procesos|relacion_con_lider
BUK10053,2026-08-06,pos,relacion_con_lider|herramientas_procesos|onboarding
BUK10053,2026-08-08,neu,claridad_rol|relacion_con_lider|herramientas_procesos
BUK10054,2025-06-06,neu,reconocimiento|carga_trabajo
BUK10054,2025-12-14,pos,clima_equipo
BUK10054,2026-08-05,neg,cambio_organizacional|clima_equipo
BUK10055,2025-03-27,neg,balance_vida_trabajo
BUK10055,2025-05-25,neu,clima_equipo|relacion_con_lider|reconocimiento
BUK10056,2025-03-29,neu,claridad_rol|onboarding|herramientas_procesos
BUK10056,2025-08-06,pos,reconocimiento|clima_equipo
BUK10056,2025-08-27,neu,reconocimiento
BUK10056,2025-12-26,pos,balance_vida_trabajo|onboarding|carga_trabajo
BUK10057,2026-07-16,pos,clima_equipo|reconocimiento|relacion_con_lider
BUK10057,2026-08-07,pos,carga_trabajo|reconocimiento
BUK10057,2026-08-14,pos,balance_vida_trabajo|claridad_rol
BUK10058,2025-08-14,pos,claridad_rol|desarrollo_carrera
BUK10058,2025-10-16,neg,relacion_con_lider|claridad_rol
BUK10058,2026-07-19,neu,relacion_con_lider|herramientas_procesos|desarrollo_carrera
BUK10059,2026-03-15,neu,cambio_organizacional|relacion_con_lider
BUK10060,2025-11-17,pos,cambio_organizacional|carga_trabajo
BUK10060,2026-06-06,neu,carga_trabajo|balance_vida_trabajo
BUK10061,2025-10-02,pos,compensacion|herramientas_procesos
BUK10061,2025-12-02,pos,onboarding|relacion_con_lider
BUK10062,2025-08-19,pos,cambio_organizacional|herramientas_procesos|desarrollo_carrera
BUK10062,2026-02-22,neu,onboarding|desarrollo_carrera
BUK10062,2026-06-25,pos,relacion_con_lider|clima_equipo|desarrollo_carrera
BUK10063,2025-03-23,neg,reconocimiento
BUK10063,2025-04-06,neu,herramientas_procesos
BUK10063,2025-06-26,pos,desarrollo_carrera
BUK10064,2026-08-15,pos,claridad_rol|carga_trabajo
BUK10064,2026-08-25,pos,onboarding|reconocimiento|clima_equipo
BUK10065,2026-02-01,neu,cambio_organizacional
BUK10065,2026-02-26,neg,reconocimiento|clima_equipo
BUK10065,2026-07-17,neg,reconocimiento
BUK10066,2026-03-10,neu,balance_vida_trabajo|cambio_organizacional
BUK10066,2026-03-17,pos,desarrollo_carrera|herramientas_procesos|relacion_con_lider
BUK10066,2026-04-18,neg,reconocimiento
BUK10066,2026-04-18,neg,compensacion|claridad_rol|movilidad_interna
BUK10066,2026-06-20,neu,desarrollo_carrera|relacion_con_lider
BUK10066,2026-08-08,neu,balance_vida_trabajo|reconocimiento
BUK10067,2026-04-23,neg,herramientas_procesos|reconocimiento
BUK10067,2026-05-01,pos,herramientas_procesos
BUK10067,2026-05-15,pos,herramientas_procesos|onboarding|reconocimiento
BUK10068,2025-05-08,neg,relacion_con_lider|herramientas_procesos|claridad_rol
BUK10068,2025-06-24,neg,relacion_con_lider|desarrollo_carrera
BUK10068,2026-07-01,neg,claridad_rol|herramientas_procesos
BUK10068,2026-08-24,neg,claridad_rol|herramientas_procesos
BUK10069,2026-05-18,neu,herramientas_procesos|relacion_con_lider
BUK10069,2026-07-01,neu,reconocimiento
BUK10069,2026-08-10,pos,onboarding
BUK10069,2026-08-15,neu,cambio_organizacional|onboarding
BUK10070,2025-09-22,neu,claridad_rol|cambio_organizacional
BUK10070,2026-06-01,pos,herramientas_procesos|reconocimiento
BUK10071,2025-03-06,neg,claridad_rol|desarrollo_carrera|relacion_con_lider
BUK10071,2025-05-09,neg,claridad_rol|desarrollo_carrera|herramientas_procesos
BUK10071,2025-05-24,neu,relacion_con_lider
BUK10071,2025-08-08,pos,claridad_rol|relacion_con_lider
BUK10071,2025-11-16,neu,claridad_rol|relacion_con_lider
BUK10072,2025-11-06,pos,clima_equipo|movilidad_interna
BUK10072,2026-06-04,pos,cambio_organizacional|clima_equipo
BUK10072,2026-07-31,neu,carga_trabajo
BUK10073,2025-08-17,neu,herramientas_procesos|claridad_rol|desarrollo_carrera
BUK10073,2025-09-26,neu,herramientas_procesos|relacion_con_lider
BUK10073,2025-11-03,neg,claridad_rol
BUK10074,2025-09-16,neu,herramientas_procesos|cambio_organizacional|relacion_con_lider
BUK10074,2025-12-04,neg,carga_trabajo|onboarding
BUK10074,2026-08-07,neu,compensacion|claridad_rol
BUK10074,2026-08-24,neg,relacion_con_lider|reconocimiento
BUK10075,2025-06-23,neu,compensacion
BUK10075,2025-07-10,neg,clima_equipo
BUK10075,2025-08-23,pos,cambio_organizacional|balance_vida_trabajo
BUK10075,2025-12-23,neu,movilidad_interna|reconocimiento
BUK10075,2026-04-29,pos,cambio_organizacional|compensacion
BUK10075,2026-05-07,pos,claridad_rol|relacion_con_lider
BUK10076,2026-06-19,neg,relacion_con_lider
BUK10076,2026-07-07,neg,onboarding|relacion_con_lider
BUK10076,2026-07-08,neg,claridad_rol|onboarding
BUK10076,2026-07-14,neg,claridad_rol
BUK10076,2026-08-15,neg,claridad_rol|relacion_con_lider
BUK10077,2025-08-14,neu,relacion_con_lider|balance_vida_trabajo|herramientas_procesos
BUK10077,2025-12-06,neu,movilidad_interna|onboarding
BUK10077,2026-02-13,pos,claridad_rol|clima_equipo
BUK10077,2026-08-09,neg,movilidad_interna|cambio_organizacional|reconocimiento
BUK10077,2026-08-10,neu,reconocimiento|relacion_con_lider|herramientas_procesos
BUK10078,2026-01-06,pos,cambio_organizacional|movilidad_interna|relacion_con_lider
BUK10078,2026-04-18,pos,clima_equipo|compensacion|cambio_organizacional
BUK10079,2025-06-20,neu,balance_vida_trabajo|claridad_rol
BUK10079,2025-09-25,neu,claridad_rol
BUK10079,2026-04-11,neu,reconocimiento|clima_equipo
BUK10079,2026-06-21,neg,balance_vida_trabajo|carga_trabajo|claridad_rol
BUK10080,2025-09-16,pos,herramientas_procesos|movilidad_interna
BUK10080,2025-10-16,pos,herramientas_procesos|clima_equipo
BUK10080,2025-10-21,pos,relacion_con_lider|clima_equipo
BUK10080,2025-11-12,pos,onboarding|compensacion
BUK10080,2026-03-23,pos,onboarding
BUK10080,2026-04-23,neu,reconocimiento
BUK10081,2026-04-10,neg,clima_equipo|carga_trabajo
BUK10081,2026-05-14,neg,balance_vida_trabajo|clima_equipo
BUK10081,2026-07-18,neu,cambio_organizacional|carga_trabajo
BUK10081,2026-07-27,neg,clima_equipo|reconocimiento|carga_trabajo
BUK10081,2026-08-05,neg,reconocimiento|relacion_con_lider|balance_vida_trabajo
BUK10081,2026-08-10,neg,relacion_con_lider
BUK10082,2026-05-25,pos,herramientas_procesos|compensacion
BUK10082,2026-08-19,neu,relacion_con_lider
BUK10083,2025-09-07,neu,cambio_organizacional|compensacion
BUK10083,2026-01-19,pos,carga_trabajo|reconocimiento
BUK10083,2026-04-29,pos,carga_trabajo|desarrollo_carrera
BUK10083,2026-06-07,neu,claridad_rol|balance_vida_trabajo|onboarding
BUK10083,2026-06-24,neg,claridad_rol|clima_equipo
BUK10084,2025-04-09,pos,compensacion
BUK10084,2025-04-13,pos,movilidad_interna|desarrollo_carrera
BUK10084,2025-05-08,pos,compensacion|desarrollo_carrera
BUK10084,2025-07-18,neu,compensacion|reconocimiento
BUK10084,2026-03-30,pos,desarrollo_carrera|compensacion
BUK10084,2026-04-29,pos,reconocimiento|movilidad_interna
BUK10084,2026-07-26,pos,movilidad_interna|reconocimiento
BUK10085,2026-01-28,neu,onboarding|clima_equipo
BUK10085,2026-01-30,neg,carga_trabajo|compensacion|desarrollo_carrera
BUK10086,2026-04-30,pos,carga_trabajo|desarrollo_carrera|compensacion
BUK10086,2026-04-30,pos,herramientas_procesos|reconocimiento
BUK10086,2026-05-25,pos,desarrollo_carrera
BUK10086,2026-07-08,pos,herramientas_procesos|balance_vida_trabajo
BUK10087,2025-05-19,pos,compensacion
BUK10087,2026-01-09,neu,reconocimiento
BUK10087,2026-02-20,neu,reconocimiento
BUK10088,2025-06-13,pos,carga_trabajo|balance_vida_trabajo
BUK10088,2025-12-30,neu,carga_trabajo|reconocimiento
BUK10088,2026-01-18,pos,relacion_con_lider|clima_equipo|cambio_organizacional
BUK10088,2026-06-06,neu,cambio_organizacional|clima_equipo
BUK10089,2025-10-16,neu,carga_trabajo|relacion_con_lider
BUK10089,2026-01-26,neu,reconocimiento
BUK10089,2026-02-02,neu,cambio_organizacional|relacion_con_lider|carga_trabajo
BUK10089,2026-02-05,pos,claridad_rol|reconocimiento|relacion_con_lider
BUK10089,2026-05-16,pos,claridad_rol|reconocimiento
BUK10090,2026-01-13,pos,carga_trabajo
BUK10090,2026-03-12,neu,onboarding|herramientas_procesos
BUK10090,2026-04-03,neu,clima_equipo
BUK10090,2026-04-04,neu,claridad_rol|balance_vida_trabajo
BUK10090,2026-05-01,neu,relacion_con_lider|onboarding
BUK10091,2025-03-10,pos,compensacion|onboarding|reconocimiento
BUK10091,2025-05-18,neu,relacion_con_lider|balance_vida_trabajo
BUK10091,2025-08-07,neu,onboarding
BUK10091,2026-01-11,pos,onboarding|balance_vida_trabajo|cambio_organizacional
BUK10091,2026-08-07,pos,herramientas_procesos|onboarding|movilidad_interna
BUK10092,2026-04-14,neu,relacion_con_lider|onboarding
BUK10092,2026-04-25,neu,herramientas_procesos
BUK10093,2026-08-16,pos,claridad_rol
BUK10093,2026-08-20,neu,carga_trabajo|reconocimiento
BUK10093,2026-08-29,neg,balance_vida_trabajo|carga_trabajo
BUK10093,2026-08-30,pos,herramientas_procesos|relacion_con_lider
BUK10094,2025-04-27,neg,clima_equipo
BUK10095,2026-01-31,neg,herramientas_procesos|claridad_rol
BUK10095,2026-06-15,neg,relacion_con_lider|herramientas_procesos|desarrollo_carrera
BUK10095,2026-07-06,neg,desarrollo_carrera|claridad_rol|herramientas_procesos
BUK10096,2025-11-01,pos,movilidad_interna|compensacion|herramientas_procesos
BUK10096,2026-05-10,pos,carga_trabajo|movilidad_interna|compensacion
BUK10096,2026-08-01,pos,carga_trabajo|cambio_organizacional
BUK10097,2025-12-12,pos,compensacion|reconocimiento
BUK10097,2026-02-19,pos,desarrollo_carrera|compensacion
BUK10097,2026-02-27,pos,reconocimiento
BUK10097,2026-05-09,pos,movilidad_interna|desarrollo_carrera
BUK10097,2026-06-24,pos,desarrollo_carrera|compensacion
BUK10098,2025-03-07,neu,cambio_organizacional|herramientas_procesos
BUK10098,2025-11-04,pos,movilidad_interna
BUK10098,2026-02-27,neu,relacion_con_lider
BUK10098,2026-03-29,neu,cambio_organizacional|relacion_con_lider
BUK10099,2025-11-07,neu,onboarding
BUK10099,2026-04-04,pos,herramientas_procesos|movilidad_interna|balance_vida_trabajo
BUK10100,2025-03-16,neg,desarrollo_carrera|clima_equipo
BUK10100,2025-08-07,pos,carga_trabajo
BUK10100,2025-12-21,pos,onboarding
BUK10100,2025-12-31,neu,compensacion|onboarding
BUK10101,2025-03-16,neu,compensacion
BUK10101,2025-03-21,neu,compensacion
BUK10101,2025-04-20,neu,reconocimiento
BUK10101,2025-04-25,pos,desarrollo_carrera|movilidad_interna|reconocimiento
BUK10101,2025-05-17,neu,reconocimiento|movilidad_interna|compensacion
BUK10102,2025-07-08,pos,clima_equipo|relacion_con_lider
BUK10102,2025-12-21,pos,cambio_organizacional|herramientas_procesos
BUK10102,2026-05-05,pos,clima_equipo|claridad_rol
BUK10103,2025-05-09,neg,reconocimiento
BUK10103,2025-09-12,neg,onboarding|relacion_con_lider
BUK10103,2025-11-28,neu,cambio_organizacional
BUK10103,2026-08-05,neu,cambio_organizacional
BUK10104,2025-07-17,neg,relacion_con_lider|balance_vida_trabajo|reconocimiento
BUK10104,2025-08-02,neu,balance_vida_trabajo|onboarding
BUK10104,2025-08-28,neu,relacion_con_lider|reconocimiento
BUK10104,2025-11-25,neu,balance_vida_trabajo|herramientas_procesos|onboarding
BUK10104,2026-03-13,neg,compensacion
BUK10104,2026-06-04,neu,claridad_rol|cambio_organizacional|compensacion
BUK10104,2026-07-09,pos,reconocimiento|desarrollo_carrera|claridad_rol
BUK10105,2025-05-11,pos,onboarding|clima_equipo
BUK10105,2025-07-04,pos,relacion_con_lider|movilidad_interna
BUK10105,2025-10-29,pos,onboarding|balance_vida_trabajo
BUK10105,2026-03-09,neu,desarrollo_carrera
BUK10106,2026-07-22,neu,onboarding
BUK10106,2026-08-08,neu,relacion_con_lider|balance_vida_trabajo|claridad_rol
BUK10106,2026-08-19,neg,movilidad_interna
BUK10107,2026-03-09,pos,cambio_organizacional|compensacion
BUK10107,2026-04-09,pos,reconocimiento|balance_vida_trabajo|clima_equipo
BUK10107,2026-07-17,neu,relacion_con_lider|claridad_rol
BUK10108,2025-08-15,neu,compensacion|balance_vida_trabajo
BUK10108,2025-11-01,neu,clima_equipo
BUK10108,2025-11-25,neu,carga_trabajo
BUK10108,2026-07-16,neu,cambio_organizacional|movilidad_interna
BUK10109,2025-04-02,neu,cambio_organizacional
BUK10109,2026-02-08,pos,balance_vida_trabajo|desarrollo_carrera
BUK10109,2026-05-21,neu,cambio_organizacional|movilidad_interna
BUK10110,2025-04-27,pos,movilidad_interna|balance_vida_trabajo|onboarding
BUK10110,2025-07-17,neu,relacion_con_lider|cambio_organizacional
BUK10110,2025-07-20,neg,balance_vida_trabajo|relacion_con_lider|carga_trabajo
BUK10110,2025-10-02,neg,carga_trabajo|compensacion
BUK10110,2026-05-25,neu,desarrollo_carrera
BUK10110,2026-07-23,neg,onboarding|compensacion|balance_vida_trabajo
BUK10110,2026-08-30,neg,balance_vida_trabajo|relacion_con_lider
BUK10111,2026-05-09,neg,claridad_rol
BUK10111,2026-07-07,neg,relacion_con_lider|herramientas_procesos
BUK10111,2026-07-24,neg,claridad_rol|herramientas_procesos
BUK10111,2026-07-27,neg,onboarding|relacion_con_lider
BUK10112,2026-02-25,neu,carga_trabajo|cambio_organizacional|reconocimiento
BUK10112,2026-04-25,neu,movilidad_interna|clima_equipo
BUK10112,2026-07-07,neu,balance_vida_trabajo|movilidad_interna|claridad_rol
BUK10112,2026-08-03,pos,carga_trabajo|clima_equipo
BUK10112,2026-08-17,pos,relacion_con_lider|cambio_organizacional|herramientas_procesos
BUK10113,2026-06-06,neu,relacion_con_lider|cambio_organizacional
BUK10113,2026-06-17,pos,movilidad_interna|cambio_organizacional
BUK10113,2026-06-21,neu,herramientas_procesos|onboarding
BUK10113,2026-07-11,pos,relacion_con_lider|cambio_organizacional|desarrollo_carrera
BUK10113,2026-08-30,pos,reconocimiento|compensacion
BUK10114,2025-03-19,pos,compensacion|claridad_rol|movilidad_interna
BUK10114,2025-03-29,neu,balance_vida_trabajo|herramientas_procesos|claridad_rol
BUK10114,2025-04-13,pos,balance_vida_trabajo
BUK10114,2025-08-01,neu,clima_equipo|relacion_con_lider
BUK10114,2025-09-20,pos,herramientas_procesos
BUK10114,2025-10-29,neu,claridad_rol|relacion_con_lider
BUK10114,2026-06-26,pos,cambio_organizacional
BUK10115,2025-06-24,neu,compensacion|movilidad_interna
BUK10115,2025-11-11,pos,movilidad_interna|compensacion
BUK10115,2026-04-22,neg,reconocimiento
BUK10115,2026-07-13,pos,desarrollo_carrera|movilidad_interna
BUK10116,2025-09-09,pos,desarrollo_carrera|claridad_rol
BUK10116,2025-12-28,neg,relacion_con_lider|balance_vida_trabajo|clima_equipo
BUK10116,2026-07-08,neu,carga_trabajo|herramientas_procesos
BUK10117,2025-05-18,neu,relacion_con_lider|clima_equipo
BUK10117,2025-07-22,pos,onboarding
BUK10117,2026-08-01,pos,desarrollo_carrera|herramientas_procesos|cambio_organizacional
BUK10118,2025-08-05,neu,reconocimiento|compensacion
BUK10118,2026-04-05,neu,herramientas_procesos
BUK10118,2026-05-29,neg,movilidad_interna
BUK10119,2025-07-24,pos,movilidad_interna|onboarding
BUK10119,2025-10-17,pos,onboarding|desarrollo_carrera
BUK10119,2026-05-04,pos,herramientas_procesos|reconocimiento
BUK10119,2026-05-06,neu,balance_vida_trabajo
BUK10119,2026-06-12,pos,relacion_con_lider|cambio_organizacional
BUK10120,2026-03-06,pos,desarrollo_carrera
BUK10120,2026-05-16,neg,desarrollo_carrera
BUK10121,2026-06-01,pos,cambio_organizacional
BUK10122,2025-05-19,pos,claridad_rol|movilidad_interna
BUK10122,2025-08-25,neu,clima_equipo|desarrollo_carrera
BUK10122,2025-09-23,pos,balance_vida_trabajo|relacion_con_lider
BUK10122,2025-09-25,neu,clima_equipo|reconocimiento
BUK10122,2025-10-02,neu,movilidad_interna|desarrollo_carrera|clima_equipo
BUK10122,2026-06-06,neu,desarrollo_carrera
BUK10123,2025-11-15,neu,carga_trabajo|movilidad_interna
BUK10123,2026-04-09,pos,movilidad_interna|carga_trabajo
BUK10123,2026-05-15,pos,reconocimiento|cambio_organizacional
BUK10124,2026-07-20,neg,relacion_con_lider
BUK10124,2026-08-08,neg,reconocimiento|clima_equipo
BUK10124,2026-08-12,neg,cambio_organizacional|reconocimiento
BUK10125,2026-07-13,neg,carga_trabajo|cambio_organizacional
BUK10126,2025-03-25,pos,compensacion|reconocimiento
BUK10126,2025-04-08,neu,desarrollo_carrera|movilidad_interna|compensacion
BUK10126,2025-05-18,pos,reconocimiento
BUK10126,2025-08-17,pos,reconocimiento|movilidad_interna|compensacion
BUK10126,2025-09-07,neu,compensacion|desarrollo_carrera
BUK10126,2025-10-03,neu,compensacion
BUK10126,2025-11-14,pos,reconocimiento
BUK10127,2025-04-08,neu,balance_vida_trabajo|movilidad_interna
BUK10127,2025-10-19,pos,reconocimiento
BUK10127,2026-01-03,neu,herramientas_procesos|compensacion|reconocimiento
BUK10127,2026-01-30,pos,claridad_rol
BUK10127,2026-03-06,pos,onboarding|balance_vida_trabajo
BUK10127,2026-05-31,pos,cambio_organizacional
BUK10128,2026-05-01,neg,clima_equipo
BUK10129,2025-04-26,pos,relacion_con_lider
BUK10129,2026-06-06,neu,balance_vida_trabajo|reconocimiento
BUK10130,2025-03-23,pos,relacion_con_lider|compensacion|desarrollo_carrera
BUK10130,2025-07-03,neu,balance_vida_trabajo|relacion_con_lider
BUK10130,2025-09-10,neu,desarrollo_carrera|relacion_con_lider
BUK10130,2026-02-01,neu,balance_vida_trabajo|clima_equipo
BUK10131,2025-07-20,pos,balance_vida_trabajo|cambio_organizacional|relacion_con_lider
BUK10131,2025-10-04,neu,desarrollo_carrera|reconocimiento|claridad_rol
BUK10131,2026-02-25,pos,clima_equipo|balance_vida_trabajo
BUK10132,2025-04-10,pos,cambio_organizacional|clima_equipo|claridad_rol
BUK10132,2025-09-05,neg,movilidad_interna|cambio_organizacional
BUK10132,2025-11-19,neu,onboarding
BUK10132,2025-11-27,pos,claridad_rol|onboarding|reconocimiento
BUK10132,2026-08-12,pos,desarrollo_carrera|balance_vida_trabajo
BUK10133,2026-05-12,neu,cambio_organizacional|clima_equipo
BUK10134,2025-09-15,neg,relacion_con_lider|desarrollo_carrera
BUK10134,2025-10-26,neg,desarrollo_carrera
BUK10134,2025-11-12,neg,desarrollo_carrera|herramientas_procesos
BUK10134,2025-12-16,neg,relacion_con_lider
BUK10135,2026-06-27,pos,cambio_organizacional|compensacion
BUK10135,2026-07-26,pos,desarrollo_carrera|claridad_rol
BUK10135,2026-07-30,pos,herramientas_procesos
BUK10136,2025-04-16,neg,herramientas_procesos|claridad_rol|desarrollo_carrera
BUK10136,2025-06-05,neg,claridad_rol|relacion_con_lider
BUK10136,2025-06-10,neg,claridad_rol|relacion_con_lider
BUK10136,2025-08-09,neg,herramientas_procesos|desarrollo_carrera
BUK10138,2025-12-10,neg,desarrollo_carrera|claridad_rol
BUK10138,2026-02-15,neg,desarrollo_carrera|herramientas_procesos|claridad_rol
BUK10139,2026-06-18,pos,herramientas_procesos
BUK10139,2026-07-02,pos,carga_trabajo|cambio_organizacional
BUK10139,2026-07-07,neu,clima_equipo
BUK10139,2026-08-07,neu,reconocimiento
BUK10140,2026-08-13,neu,movilidad_interna|onboarding|compensacion
BUK10141,2026-01-23,pos,carga_trabajo|movilidad_interna
BUK10141,2026-03-11,pos,reconocimiento
BUK10141,2026-03-15,pos,relacion_con_lider|balance_vida_trabajo|clima_equipo
BUK10142,2026-01-22,pos,claridad_rol
BUK10142,2026-02-10,pos,balance_vida_trabajo|carga_trabajo
BUK10143,2025-06-28,neg,desarrollo_carrera|cambio_organizacional|onboarding
BUK10143,2026-04-16,neu,clima_equipo|cambio_organizacional
BUK10143,2026-07-15,pos,clima_equipo|onboarding
BUK10144,2025-04-11,neg,herramientas_procesos|claridad_rol
BUK10144,2025-05-24,neu,relacion_con_lider|desarrollo_carrera
BUK10144,2025-06-04,neu,claridad_rol|herramientas_procesos
BUK10144,2026-04-01,neg,claridad_rol
BUK10145,2025-11-02,neu,clima_equipo
BUK10145,2026-06-01,neu,compensacion|carga_trabajo
BUK10146,2025-06-30,neg,herramientas_procesos
BUK10146,2025-09-04,neg,relacion_con_lider
BUK10146,2025-12-05,neg,desarrollo_carrera|relacion_con_lider
BUK10147,2025-10-09,neu,clima_equipo
BUK10147,2025-10-11,neg,cambio_organizacional
BUK10147,2025-10-15,neg,reconocimiento|balance_vida_trabajo|carga_trabajo
BUK10147,2025-10-17,neg,reconocimiento|clima_equipo|relacion_con_lider
BUK10147,2025-10-21,neg,clima_equipo|reconocimiento|relacion_con_lider
BUK10148,2025-03-04,pos,balance_vida_trabajo|clima_equipo|herramientas_procesos
BUK10148,2025-07-08,pos,claridad_rol|relacion_con_lider
BUK10148,2026-04-11,pos,movilidad_interna|relacion_con_lider|balance_vida_trabajo
BUK10148,2026-07-21,pos,relacion_con_lider|movilidad_interna
BUK10149,2025-07-30,neu,compensacion|reconocimiento
BUK10149,2025-12-17,neu,movilidad_interna|compensacion
BUK10149,2025-12-19,pos,movilidad_interna|desarrollo_carrera|reconocimiento
BUK10150,2025-10-05,pos,reconocimiento|carga_trabajo
BUK10150,2026-05-08,pos,cambio_organizacional
BUK10150,2026-08-13,pos,movilidad_interna|desarrollo_carrera|balance_vida_trabajo
BUK10151,2025-05-07,neu,compensacion
BUK10151,2025-05-09,pos,clima_equipo|herramientas_procesos
BUK10151,2025-09-19,pos,herramientas_procesos|movilidad_interna
BUK10151,2026-07-01,pos,reconocimiento|claridad_rol
BUK10151,2026-08-16,pos,claridad_rol|clima_equipo
BUK10152,2026-01-30,neu,onboarding
BUK10152,2026-07-16,neg,relacion_con_lider
BUK10153,2025-03-03,neg,cambio_organizacional|carga_trabajo|relacion_con_lider
BUK10153,2025-05-29,neu,carga_trabajo|reconocimiento
BUK10153,2026-01-15,neu,balance_vida_trabajo
BUK10154,2025-04-16,neu,desarrollo_carrera|relacion_con_lider
BUK10154,2025-06-27,neu,relacion_con_lider
BUK10154,2026-01-07,neg,herramientas_procesos|claridad_rol
BUK10154,2026-03-31,neg,claridad_rol|desarrollo_carrera
BUK10155,2025-08-07,neu,onboarding|cambio_organizacional
BUK10155,2025-08-11,neu,desarrollo_carrera|clima_equipo
BUK10155,2025-10-06,neu,reconocimiento|movilidad_interna|herramientas_procesos
BUK10155,2025-12-12,neu,reconocimiento|desarrollo_carrera|carga_trabajo
BUK10155,2026-06-19,neu,clima_equipo|compensacion
BUK10155,2026-07-18,pos,herramientas_procesos|desarrollo_carrera
BUK10156,2026-06-01,pos,clima_equipo
BUK10156,2026-06-18,pos,carga_trabajo|herramientas_procesos
BUK10156,2026-07-04,pos,carga_trabajo
BUK10156,2026-08-16,pos,claridad_rol|desarrollo_carrera
BUK10156,2026-08-25,pos,claridad_rol
BUK10158,2025-11-07,pos,compensacion|balance_vida_trabajo|clima_equipo
BUK10158,2026-01-07,pos,claridad_rol|compensacion
BUK10158,2026-02-24,pos,relacion_con_lider|reconocimiento|compensacion
BUK10158,2026-06-15,pos,relacion_con_lider
BUK10160,2025-09-10,neg,relacion_con_lider|carga_trabajo
BUK10160,2026-02-06,pos,clima_equipo
BUK10160,2026-04-01,neg,clima_equipo|reconocimiento
BUK10160,2026-04-06,neg,reconocimiento|relacion_con_lider|cambio_organizacional
BUK10160,2026-04-19,neg,clima_equipo|reconocimiento|carga_trabajo
BUK10161,2025-12-14,pos,carga_trabajo|movilidad_interna|desarrollo_carrera
BUK10161,2026-01-21,pos,movilidad_interna|relacion_con_lider
BUK10162,2025-05-17,pos,cambio_organizacional|carga_trabajo
BUK10162,2025-05-20,pos,balance_vida_trabajo|relacion_con_lider
BUK10163,2025-05-18,pos,clima_equipo|onboarding|cambio_organizacional
BUK10163,2025-05-23,neg,movilidad_interna|carga_trabajo
BUK10163,2025-06-12,neu,herramientas_procesos
BUK10163,2025-11-16,neu,cambio_organizacional
BUK10163,2026-07-04,neg,herramientas_procesos|carga_trabajo
BUK10163,2026-07-05,neu,balance_vida_trabajo
BUK10163,2026-08-04,pos,carga_trabajo|reconocimiento
BUK10164,2026-05-24,neu,movilidad_interna
BUK10164,2026-08-05,pos,clima_equipo|claridad_rol
BUK10165,2026-05-12,pos,movilidad_interna|compensacion
BUK10165,2026-05-12,pos,compensacion|claridad_rol
BUK10165,2026-08-25,pos,carga_trabajo|claridad_rol|compensacion
BUK10165,2026-08-29,neg,compensacion|claridad_rol
BUK10166,2025-04-10,pos,balance_vida_trabajo|claridad_rol|carga_trabajo
BUK10167,2026-02-19,pos,herramientas_procesos
BUK10167,2026-02-20,neu,cambio_organizacional|herramientas_procesos|claridad_rol
BUK10167,2026-03-06,pos,balance_vida_trabajo|movilidad_interna|cambio_organizacional
BUK10167,2026-04-27,pos,carga_trabajo|clima_equipo|movilidad_interna
BUK10167,2026-08-02,neg,onboarding|relacion_con_lider|carga_trabajo
BUK10168,2025-04-03,pos,compensacion|carga_trabajo
BUK10168,2026-04-08,pos,carga_trabajo|reconocimiento
BUK10168,2026-05-28,pos,desarrollo_carrera|onboarding
BUK10168,2026-07-10,pos,onboarding|cambio_organizacional|relacion_con_lider
BUK10169,2025-06-07,neg,claridad_rol|desarrollo_carrera
BUK10169,2025-06-19,neg,desarrollo_carrera|claridad_rol
BUK10169,2025-06-20,neg,relacion_con_lider|herramientas_procesos
BUK10169,2025-07-17,pos,relacion_con_lider|herramientas_procesos
BUK10169,2025-09-09,neg,desarrollo_carrera|relacion_con_lider|herramientas_procesos
BUK10169,2025-10-02,neu,herramientas_procesos|desarrollo_carrera
BUK10169,2025-11-06,neg,herramientas_procesos
BUK10170,2025-07-27,pos,clima_equipo|balance_vida_trabajo
BUK10170,2025-09-10,pos,cambio_organizacional
BUK10170,2026-01-02,neg,reconocimiento|clima_equipo|relacion_con_lider
BUK10170,2026-04-26,pos,clima_equipo|relacion_con_lider
BUK10171,2025-03-23,pos,cambio_organizacional
BUK10171,2026-07-08,pos,balance_vida_trabajo|relacion_con_lider
BUK10172,2025-11-28,neu,relacion_con_lider|carga_trabajo
BUK10173,2025-03-01,neu,cambio_organizacional|reconocimiento
BUK10173,2025-04-12,neg,balance_vida_trabajo
BUK10173,2025-10-05,pos,balance_vida_trabajo|clima_equipo
BUK10173,2025-10-24,neu,clima_equipo|cambio_organizacional|reconocimiento
BUK10173,2026-03-12,neu,relacion_con_lider|clima_equipo
BUK10173,2026-04-25,neg,relacion_con_lider|balance_vida_trabajo
BUK10173,2026-06-11,neg,carga_trabajo|cambio_organizacional
BUK10174,2025-12-21,neg,reconocimiento|carga_trabajo|relacion_con_lider
BUK10174,2025-12-27,neg,clima_equipo|balance_vida_trabajo
BUK10174,2026-01-05,neg,balance_vida_trabajo|reconocimiento
BUK10174,2026-02-01,neg,clima_equipo
BUK10175,2025-08-13,neu,carga_trabajo|balance_vida_trabajo
BUK10175,2025-11-01,pos,herramientas_procesos|onboarding
BUK10175,2026-01-25,pos,movilidad_interna
BUK10175,2026-06-16,pos,claridad_rol|desarrollo_carrera
BUK10176,2025-04-26,pos,cambio_organizacional|clima_equipo
BUK10176,2025-08-07,pos,compensacion
BUK10176,2025-11-12,neu,reconocimiento|desarrollo_carrera
BUK10176,2026-01-20,pos,compensacion|onboarding|relacion_con_lider
BUK10176,2026-07-02,pos,compensacion|clima_equipo|cambio_organizacional
BUK10176,2026-08-01,pos,balance_vida_trabajo
BUK10177,2025-05-23,neg,herramientas_procesos|claridad_rol
BUK10177,2025-06-03,neu,desarrollo_carrera|onboarding
BUK10177,2025-07-11,pos,cambio_organizacional
BUK10177,2025-08-20,pos,movilidad_interna
BUK10177,2025-08-30,pos,relacion_con_lider|carga_trabajo|compensacion
BUK10177,2026-08-25,neu,reconocimiento
BUK10178,2025-06-12,neu,cambio_organizacional|balance_vida_trabajo
BUK10178,2025-12-28,neu,balance_vida_trabajo|onboarding
BUK10178,2026-05-18,neu,cambio_organizacional|movilidad_interna
BUK10178,2026-07-03,pos,cambio_organizacional|desarrollo_carrera
BUK10179,2025-04-19,neg,herramientas_procesos
BUK10179,2025-05-23,neg,desarrollo_carrera
BUK10179,2025-05-27,neg,herramientas_procesos|relacion_con_lider
BUK10180,2026-05-04,pos,clima_equipo|movilidad_interna|cambio_organizacional
BUK10180,2026-05-06,neu,onboarding|cambio_organizacional
BUK10181,2025-07-08,pos,cambio_organizacional|balance_vida_trabajo
BUK10181,2026-01-14,neu,reconocimiento|cambio_organizacional
BUK10182,2026-04-02,neu,balance_vida_trabajo|clima_equipo
BUK10182,2026-04-27,pos,desarrollo_carrera
BUK10182,2026-08-16,neg,clima_equipo|desarrollo_carrera|balance_vida_trabajo
BUK10182,2026-08-24,neu,carga_trabajo
BUK10183,2026-02-12,neg,cambio_organizacional|claridad_rol
BUK10183,2026-02-19,pos,cambio_organizacional|relacion_con_lider
BUK10183,2026-05-26,pos,desarrollo_carrera
BUK10183,2026-06-03,neu,cambio_organizacional|carga_trabajo
BUK10183,2026-06-08,pos,balance_vida_trabajo|desarrollo_carrera
BUK10184,2025-03-09,neg,desarrollo_carrera|compensacion|movilidad_interna
BUK10184,2025-05-11,neu,movilidad_interna|reconocimiento
BUK10184,2025-05-17,neu,desarrollo_carrera
BUK10185,2026-04-05,neu,cambio_organizacional|compensacion
BUK10185,2026-04-05,pos,herramientas_procesos|movilidad_interna
BUK10185,2026-05-31,pos,onboarding
BUK10186,2026-08-12,neu,herramientas_procesos|balance_vida_trabajo
BUK10186,2026-08-15,pos,carga_trabajo|movilidad_interna
BUK10187,2025-09-18,pos,compensacion
BUK10187,2026-03-09,pos,desarrollo_carrera|relacion_con_lider
BUK10187,2026-04-27,pos,reconocimiento|claridad_rol
BUK10187,2026-07-29,pos,compensacion|cambio_organizacional
BUK10188,2025-05-26,neu,herramientas_procesos|movilidad_interna
BUK10188,2026-05-23,neu,balance_vida_trabajo|relacion_con_lider
BUK10189,2026-05-16,neg,claridad_rol|herramientas_procesos
BUK10189,2026-06-15,neg,relacion_con_lider
BUK10189,2026-07-11,neg,herramientas_procesos
BUK10189,2026-07-20,neg,claridad_rol|herramientas_procesos
BUK10190,2025-05-17,neg,herramientas_procesos|desarrollo_carrera
BUK10190,2025-08-14,neg,relacion_con_lider|herramientas_procesos|claridad_rol
BUK10190,2025-10-13,neu,desarrollo_carrera|relacion_con_lider
BUK10190,2025-12-21,neg,desarrollo_carrera|relacion_con_lider
BUK10191,2025-12-28,pos,movilidad_interna
BUK10191,2026-05-08,neu,movilidad_interna
BUK10191,2026-05-14,neu,cambio_organizacional|compensacion
BUK10192,2025-05-16,pos,desarrollo_carrera|balance_vida_trabajo
BUK10192,2025-07-08,neu,clima_equipo
BUK10192,2025-12-03,pos,balance_vida_trabajo|carga_trabajo
BUK10192,2025-12-27,neu,onboarding|compensacion|balance_vida_trabajo
BUK10192,2026-05-08,pos,relacion_con_lider|movilidad_interna
BUK10193,2025-11-20,pos,carga_trabajo|compensacion
BUK10193,2026-01-17,neu,reconocimiento
BUK10193,2026-03-14,pos,clima_equipo|balance_vida_trabajo|compensacion
BUK10193,2026-03-15,neu,onboarding|desarrollo_carrera|carga_trabajo
BUK10194,2026-01-11,pos,movilidad_interna|balance_vida_trabajo
BUK10194,2026-05-28,neu,desarrollo_carrera|cambio_organizacional
BUK10194,2026-05-29,neu,onboarding|claridad_rol|clima_equipo
BUK10194,2026-06-20,pos,relacion_con_lider|carga_trabajo|claridad_rol
BUK10194,2026-07-14,pos,balance_vida_trabajo|claridad_rol
BUK10194,2026-08-24,neu,balance_vida_trabajo|movilidad_interna
BUK10195,2025-11-10,neu,cambio_organizacional|compensacion
BUK10195,2026-05-03,neu,onboarding|reconocimiento|claridad_rol
BUK10197,2025-07-21,neg,herramientas_procesos|movilidad_interna
BUK10197,2025-11-21,pos,balance_vida_trabajo|compensacion
BUK10197,2025-12-20,neu,onboarding|compensacion
BUK10197,2026-01-05,neu,herramientas_procesos|balance_vida_trabajo
BUK10197,2026-01-14,neu,cambio_organizacional|movilidad_interna
BUK10197,2026-07-14,pos,claridad_rol|herramientas_procesos
BUK10197,2026-07-21,pos,reconocimiento
BUK10198,2025-12-29,pos,relacion_con_lider|balance_vida_trabajo
BUK10198,2026-02-26,pos,clima_equipo|balance_vida_trabajo|movilidad_interna
BUK10199,2025-03-28,neu,cambio_organizacional|claridad_rol
BUK10199,2025-05-03,neu,relacion_con_lider|desarrollo_carrera|cambio_organizacional
BUK10199,2025-07-23,neg,clima_equipo|relacion_con_lider
BUK10199,2025-08-18,neu,herramientas_procesos|relacion_con_lider
BUK10199,2025-09-18,neu,movilidad_interna
BUK10199,2026-01-02,neu,clima_equipo|desarrollo_carrera
BUK10199,2026-03-28,neu,cambio_organizacional|herramientas_procesos
BUK10200,2026-01-31,pos,cambio_organizacional|clima_equipo
BUK10200,2026-06-30,pos,desarrollo_carrera
BUK10201,2026-03-30,neu,herramientas_procesos|desarrollo_carrera
BUK10201,2026-04-27,neg,desarrollo_carrera|claridad_rol
BUK10201,2026-05-28,neg,claridad_rol|herramientas_procesos|desarrollo_carrera
BUK10202,2026-08-01,neg,reconocimiento|compensacion|relacion_con_lider
BUK10202,2026-08-17,neu,relacion_con_lider|clima_equipo
BUK10202,2026-08-22,pos,onboarding|desarrollo_carrera
BUK10202,2026-08-22,pos,onboarding
BUK10202,2026-08-28,neu,relacion_con_lider|compensacion
BUK10203,2025-05-29,pos,relacion_con_lider|movilidad_interna|onboarding
BUK10203,2026-05-28,neu,movilidad_interna|clima_equipo|compensacion
BUK10204,2025-04-18,neu,movilidad_interna|compensacion
BUK10204,2025-05-29,pos,compensacion|clima_equipo
BUK10204,2025-06-10,pos,clima_equipo|relacion_con_lider
BUK10204,2025-06-27,neu,claridad_rol|compensacion
BUK10204,2026-06-05,pos,compensacion|reconocimiento
BUK10204,2026-08-13,neu,relacion_con_lider|cambio_organizacional
BUK10205,2025-12-27,pos,balance_vida_trabajo|cambio_organizacional|onboarding
BUK10205,2026-07-03,pos,onboarding|cambio_organizacional
BUK10205,2026-07-16,pos,movilidad_interna|claridad_rol
BUK10206,2026-02-20,neu,claridad_rol|movilidad_interna|cambio_organizacional
BUK10206,2026-04-25,pos,relacion_con_lider|cambio_organizacional|desarrollo_carrera
BUK10206,2026-05-07,pos,compensacion|relacion_con_lider
BUK10207,2025-12-09,pos,claridad_rol|onboarding
BUK10207,2025-12-18,pos,balance_vida_trabajo|desarrollo_carrera
BUK10207,2026-01-24,neu,claridad_rol|balance_vida_trabajo
BUK10207,2026-02-26,pos,balance_vida_trabajo
BUK10207,2026-03-02,neu,relacion_con_lider|clima_equipo|desarrollo_carrera
BUK10208,2025-04-22,neg,movilidad_interna
BUK10208,2025-04-30,neu,compensacion|reconocimiento|desarrollo_carrera
BUK10208,2025-05-05,pos,compensacion
BUK10208,2025-05-22,neu,compensacion|movilidad_interna|clima_equipo
BUK10208,2025-06-10,neu,onboarding|desarrollo_carrera|compensacion
BUK10208,2025-07-05,neg,cambio_organizacional|movilidad_interna
BUK10209,2026-08-03,neu,clima_equipo
BUK10209,2026-08-06,pos,balance_vida_trabajo|claridad_rol
BUK10209,2026-08-06,pos,desarrollo_carrera|reconocimiento
BUK10209,2026-08-06,pos,claridad_rol|balance_vida_trabajo
BUK10209,2026-08-13,pos,herramientas_procesos|movilidad_interna
BUK10209,2026-08-15,pos,compensacion|carga_trabajo
BUK10209,2026-08-24,neg,herramientas_procesos|balance_vida_trabajo
BUK10210,2026-01-30,neu,clima_equipo|cambio_organizacional|relacion_con_lider
BUK10210,2026-02-25,neu,balance_vida_trabajo|desarrollo_carrera
BUK10210,2026-06-25,neg,relacion_con_lider
BUK10211,2026-02-09,neu,relacion_con_lider|clima_equipo
BUK10211,2026-03-16,neu,herramientas_procesos|relacion_con_lider
BUK10211,2026-05-23,neu,carga_trabajo|relacion_con_lider
BUK10211,2026-07-08,neu,onboarding
BUK10211,2026-07-28,pos,relacion_con_lider
BUK10211,2026-08-07,pos,onboarding|balance_vida_trabajo
BUK10212,2025-06-19,neu,onboarding|carga_trabajo
BUK10212,2025-11-18,neg,claridad_rol|clima_equipo|reconocimiento
BUK10212,2025-11-28,neu,relacion_con_lider
BUK10212,2026-01-30,pos,reconocimiento
BUK10212,2026-02-06,neu,carga_trabajo|compensacion
BUK10212,2026-05-01,neu,desarrollo_carrera|onboarding
BUK10212,2026-08-16,neu,carga_trabajo
BUK10213,2025-06-28,neu,reconocimiento|onboarding|relacion_con_lider
BUK10213,2026-01-09,neu,claridad_rol|onboarding
BUK10213,2026-06-17,pos,compensacion
BUK10214,2025-10-25,neg,compensacion|balance_vida_trabajo
BUK10214,2025-11-30,neg,desarrollo_carrera|relacion_con_lider
BUK10214,2026-04-03,neg,reconocimiento|movilidad_interna|herramientas_procesos
BUK10214,2026-04-13,neu,cambio_organizacional|onboarding|carga_trabajo
BUK10215,2025-05-17,neu,compensacion
BUK10215,2026-02-27,pos,carga_trabajo|onboarding
BUK10216,2025-04-26,pos,balance_vida_trabajo|claridad_rol|reconocimiento
BUK10216,2025-05-16,neu,carga_trabajo|relacion_con_lider
BUK10217,2026-04-19,pos,herramientas_procesos|clima_equipo
BUK10218,2026-07-24,pos,relacion_con_lider
BUK10218,2026-07-29,pos,compensacion|onboarding
BUK10218,2026-07-31,pos,balance_vida_trabajo|claridad_rol
BUK10218,2026-08-22,neg,movilidad_interna|herramientas_procesos
BUK10218,2026-08-22,pos,reconocimiento
BUK10218,2026-08-30,neu,desarrollo_carrera|onboarding
BUK10219,2026-02-10,pos,desarrollo_carrera|movilidad_interna
BUK10219,2026-02-15,neu,reconocimiento|desarrollo_carrera|movilidad_interna
BUK10219,2026-03-05,neu,reconocimiento|compensacion
BUK10220,2025-07-20,neu,relacion_con_lider|clima_equipo
BUK10220,2026-07-26,pos,claridad_rol|onboarding
BUK10220,2026-08-10,pos,herramientas_procesos|clima_equipo|carga_trabajo
BUK10221,2025-11-07,neg,relacion_con_lider|cambio_organizacional
BUK10222,2026-06-23,neg,onboarding
BUK10222,2026-07-30,neg,relacion_con_lider|herramientas_procesos
BUK10222,2026-08-10,neu,claridad_rol|herramientas_procesos
BUK10222,2026-08-23,neg,relacion_con_lider|herramientas_procesos
BUK10223,2025-03-26,neg,reconocimiento|claridad_rol
BUK10223,2025-05-17,neg,herramientas_procesos|reconocimiento
BUK10223,2026-02-20,neg,onboarding
BUK10223,2026-05-21,neg,compensacion
BUK10224,2026-06-18,pos,compensacion
BUK10224,2026-08-03,pos,balance_vida_trabajo
BUK10225,2025-05-31,neu,compensacion|cambio_organizacional
BUK10225,2026-03-05,neu,herramientas_procesos|movilidad_interna
BUK10226,2025-06-14,pos,claridad_rol|desarrollo_carrera
BUK10226,2025-08-15,neu,claridad_rol|carga_trabajo
BUK10226,2025-11-08,neu,claridad_rol|balance_vida_trabajo
BUK10226,2026-05-05,pos,herramientas_procesos|onboarding
BUK10227,2025-04-26,neu,herramientas_procesos|reconocimiento
BUK10227,2026-07-24,pos,balance_vida_trabajo|relacion_con_lider
BUK10228,2025-04-19,pos,desarrollo_carrera|balance_vida_trabajo|claridad_rol
BUK10228,2025-05-08,neu,relacion_con_lider|balance_vida_trabajo|carga_trabajo
BUK10228,2025-05-26,pos,cambio_organizacional
BUK10228,2025-08-22,neu,balance_vida_trabajo|herramientas_procesos|reconocimiento
BUK10228,2026-04-02,pos,relacion_con_lider
BUK10230,2026-01-09,neu,balance_vida_trabajo|movilidad_interna
BUK10231,2025-06-02,neg,relacion_con_lider|herramientas_procesos
BUK10232,2025-11-01,pos,desarrollo_carrera|claridad_rol|herramientas_procesos
BUK10232,2026-02-02,pos,clima_equipo|reconocimiento
BUK10232,2026-03-06,pos,herramientas_procesos
BUK10232,2026-03-16,pos,movilidad_interna
BUK10232,2026-04-28,neu,balance_vida_trabajo
BUK10233,2025-10-21,pos,cambio_organizacional|movilidad_interna
BUK10233,2026-02-18,neu,claridad_rol|cambio_organizacional|herramientas_procesos
BUK10234,2026-06-08,pos,relacion_con_lider
BUK10234,2026-06-20,pos,movilidad_interna|cambio_organizacional|compensacion
BUK10234,2026-07-30,pos,onboarding|reconocimiento
BUK10235,2026-02-27,pos,reconocimiento|desarrollo_carrera
BUK10235,2026-04-22,neu,reconocimiento|movilidad_interna
BUK10235,2026-06-22,pos,desarrollo_carrera|movilidad_interna|compensacion
BUK10236,2025-04-30,neu,clima_equipo|relacion_con_lider
BUK10236,2026-08-14,neu,clima_equipo|cambio_organizacional
BUK10237,2026-03-07,pos,claridad_rol
BUK10237,2026-05-19,pos,claridad_rol|desarrollo_carrera
BUK10237,2026-06-27,pos,carga_trabajo|herramientas_procesos
BUK10238,2025-11-11,neu,onboarding|herramientas_procesos
BUK10238,2026-02-16,neu,movilidad_interna|balance_vida_trabajo|carga_trabajo
BUK10238,2026-03-10,neu,herramientas_procesos
BUK10238,2026-06-30,pos,reconocimiento|compensacion|carga_trabajo
BUK10238,2026-07-08,neu,carga_trabajo|balance_vida_trabajo|claridad_rol
BUK10238,2026-08-17,neu,clima_equipo|onboarding
BUK10239,2026-07-16,neg,claridad_rol
BUK10239,2026-07-17,neu,relacion_con_lider|desarrollo_carrera
BUK10240,2025-05-25,neg,balance_vida_trabajo|relacion_con_lider|cambio_organizacional
BUK10240,2025-08-16,neg,carga_trabajo|balance_vida_trabajo
BUK10241,2026-03-06,neu,carga_trabajo|clima_equipo
BUK10241,2026-03-06,neg,relacion_con_lider|carga_trabajo
BUK10241,2026-03-16,neg,balance_vida_trabajo|carga_trabajo|reconocimiento
BUK10241,2026-03-19,neu,balance_vida_trabajo
BUK10241,2026-03-27,neg,cambio_organizacional|balance_vida_trabajo
BUK10241,2026-03-30,neg,reconocimiento|clima_equipo
BUK10242,2025-09-25,pos,cambio_organizacional|desarrollo_carrera|claridad_rol
BUK10242,2025-11-07,pos,desarrollo_carrera|carga_trabajo
BUK10242,2025-12-12,pos,carga_trabajo|reconocimiento
BUK10243,2026-05-01,neu,cambio_organizacional|carga_trabajo
BUK10243,2026-05-22,neu,carga_trabajo|desarrollo_carrera
BUK10243,2026-06-07,neg,herramientas_procesos|compensacion
BUK10243,2026-06-13,neu,carga_trabajo
BUK10243,2026-06-19,neu,relacion_con_lider|balance_vida_trabajo
BUK10243,2026-07-25,neu,claridad_rol|cambio_organizacional
BUK10244,2025-12-15,neu,clima_equipo|relacion_con_lider
BUK10244,2025-12-28,pos,onboarding
BUK10244,2026-02-09,pos,cambio_organizacional
BUK10244,2026-03-07,pos,clima_equipo
BUK10244,2026-07-01,pos,claridad_rol|herramientas_procesos
BUK10244,2026-08-24,neu,balance_vida_trabajo
BUK10245,2025-03-15,pos,carga_trabajo|claridad_rol
BUK10245,2026-08-28,neu,desarrollo_carrera
BUK10246,2026-01-20,neu,reconocimiento|carga_trabajo
BUK10246,2026-02-16,neu,claridad_rol|desarrollo_carrera
BUK10246,2026-05-08,neg,onboarding|relacion_con_lider|balance_vida_trabajo
BUK10246,2026-06-09,neu,herramientas_procesos|compensacion
BUK10246,2026-08-19,neg,carga_trabajo
BUK10247,2025-07-30,neg,carga_trabajo|herramientas_procesos
BUK10247,2025-08-04,neu,desarrollo_carrera|herramientas_procesos|balance_vida_trabajo
BUK10247,2025-12-15,neg,movilidad_interna|cambio_organizacional
BUK10247,2026-01-14,neu,balance_vida_trabajo|movilidad_interna|onboarding
BUK10247,2026-01-28,neg,clima_equipo
BUK10248,2025-06-06,pos,onboarding|balance_vida_trabajo
BUK10248,2025-09-05,neu,movilidad_interna|onboarding
BUK10248,2026-03-27,neu,onboarding
BUK10249,2025-03-19,pos,reconocimiento|compensacion
BUK10249,2025-03-19,neu,reconocimiento|compensacion|movilidad_interna
BUK10249,2025-06-04,neu,reconocimiento|movilidad_interna
BUK10249,2025-08-01,neg,reconocimiento
BUK10250,2025-05-30,pos,balance_vida_trabajo
BUK10250,2025-07-17,neg,reconocimiento|balance_vida_trabajo|relacion_con_lider
BUK10250,2025-10-14,neu,balance_vida_trabajo
BUK10250,2026-01-15,pos,relacion_con_lider|balance_vida_trabajo
BUK10251,2025-06-12,pos,movilidad_interna|desarrollo_carrera|compensacion
BUK10251,2025-12-11,pos,desarrollo_carrera|reconocimiento
BUK10251,2026-04-16,pos,desarrollo_carrera|compensacion
BUK10252,2025-12-30,pos,carga_trabajo|claridad_rol|reconocimiento
BUK10252,2026-01-21,pos,onboarding|herramientas_procesos
BUK10252,2026-02-19,pos,herramientas_procesos
BUK10252,2026-03-31,neu,carga_trabajo|compensacion
BUK10252,2026-06-16,neu,cambio_organizacional|reconocimiento
BUK10252,2026-06-26,pos,cambio_organizacional
BUK10253,2026-01-04,neg,cambio_organizacional|compensacion
BUK10253,2026-01-24,neg,clima_equipo|compensacion|reconocimiento
BUK10253,2026-02-16,pos,onboarding|movilidad_interna
BUK10253,2026-06-30,neu,cambio_organizacional|compensacion
BUK10253,2026-07-19,pos,relacion_con_lider|compensacion|reconocimiento
BUK10254,2025-03-28,neg,reconocimiento
BUK10254,2025-04-02,neu,clima_equipo|cambio_organizacional
BUK10254,2025-05-26,neg,clima_equipo
BUK10254,2025-06-13,neu,cambio_organizacional|balance_vida_trabajo
BUK10256,2025-10-01,neu,herramientas_procesos|onboarding
BUK10256,2025-10-09,pos,compensacion|herramientas_procesos|carga_trabajo
BUK10256,2026-01-26,pos,claridad_rol|reconocimiento
BUK10256,2026-02-08,neg,compensacion|herramientas_procesos|clima_equipo
BUK10256,2026-02-25,neu,desarrollo_carrera|carga_trabajo|herramientas_procesos
BUK10257,2026-08-26,neu,compensacion
BUK10257,2026-08-26,neu,carga_trabajo|clima_equipo|relacion_con_lider
BUK10257,2026-08-28,neu,cambio_organizacional|reconocimiento
BUK10257,2026-08-28,pos,desarrollo_carrera|relacion_con_lider|onboarding
BUK10257,2026-08-29,neu,onboarding|reconocimiento
BUK10257,2026-08-30,neu,movilidad_interna|balance_vida_trabajo
BUK10258,2026-06-22,pos,desarrollo_carrera|clima_equipo|reconocimiento
BUK10258,2026-06-25,neg,movilidad_interna|herramientas_procesos
BUK10258,2026-07-08,pos,onboarding|reconocimiento|claridad_rol
BUK10258,2026-07-10,pos,reconocimiento|compensacion
BUK10258,2026-07-11,neu,compensacion|clima_equipo
BUK10258,2026-07-15,neu,relacion_con_lider
BUK10259,2025-07-26,pos,desarrollo_carrera|compensacion
BUK10259,2025-10-18,neg,relacion_con_lider|herramientas_procesos
BUK10260,2025-07-10,pos,claridad_rol|onboarding
BUK10260,2026-03-20,neu,claridad_rol|desarrollo_carrera
BUK10260,2026-03-24,pos,cambio_organizacional|reconocimiento
BUK10261,2025-11-29,pos,relacion_con_lider
BUK10262,2026-06-24,pos,herramientas_procesos|desarrollo_carrera|onboarding
BUK10262,2026-07-13,pos,clima_equipo|balance_vida_trabajo|compensacion
BUK10262,2026-07-15,pos,movilidad_interna
BUK10262,2026-07-25,neu,claridad_rol|desarrollo_carrera
BUK10262,2026-07-30,neu,desarrollo_carrera|cambio_organizacional
BUK10262,2026-08-11,pos,onboarding|relacion_con_lider
BUK10262,2026-08-24,pos,movilidad_interna|cambio_organizacional|clima_equipo
BUK10263,2026-08-21,pos,desarrollo_carrera|reconocimiento
BUK10263,2026-08-29,pos,movilidad_interna|reconocimiento
BUK10264,2025-03-08,neu,carga_trabajo|herramientas_procesos|relacion_con_lider
BUK10264,2025-03-18,pos,compensacion|desarrollo_carrera
BUK10264,2025-03-28,pos,desarrollo_carrera
BUK10264,2026-07-08,pos,relacion_con_lider|balance_vida_trabajo|onboarding
BUK10265,2025-08-15,neu,relacion_con_lider|compensacion
BUK10265,2025-12-17,pos,claridad_rol|clima_equipo
BUK10265,2026-04-29,pos,relacion_con_lider|compensacion|cambio_organizacional
BUK10265,2026-06-19,pos,herramientas_procesos
BUK10265,2026-06-23,neg,claridad_rol|herramientas_procesos|clima_equipo
BUK10266,2025-03-02,neu,onboarding
BUK10266,2025-07-24,pos,reconocimiento|relacion_con_lider
BUK10266,2026-01-12,neu,balance_vida_trabajo|relacion_con_lider
BUK10267,2025-09-03,pos,movilidad_interna|claridad_rol|cambio_organizacional
BUK10267,2025-12-22,neu,cambio_organizacional
BUK10268,2025-08-31,pos,carga_trabajo|desarrollo_carrera|movilidad_interna
BUK10268,2025-11-21,neu,cambio_organizacional
BUK10268,2025-12-01,pos,herramientas_procesos|compensacion|desarrollo_carrera
BUK10268,2025-12-21,pos,claridad_rol|relacion_con_lider
BUK10268,2026-02-25,pos,onboarding|relacion_con_lider|desarrollo_carrera
BUK10268,2026-04-04,neu,balance_vida_trabajo|clima_equipo
BUK10269,2026-01-13,neg,clima_equipo|reconocimiento|cambio_organizacional
BUK10269,2026-02-17,pos,compensacion|claridad_rol|carga_trabajo
BUK10269,2026-03-06,neu,balance_vida_trabajo
BUK10271,2025-03-17,pos,compensacion
BUK10271,2025-05-12,pos,compensacion
BUK10271,2025-05-28,neu,reconocimiento|desarrollo_carrera
BUK10271,2025-06-03,neg,desarrollo_carrera|reconocimiento
BUK10271,2025-07-10,neu,movilidad_interna
BUK10272,2025-07-06,neu,onboarding|claridad_rol
BUK10272,2025-08-21,pos,reconocimiento|carga_trabajo
BUK10272,2025-08-26,neu,cambio_organizacional|claridad_rol
BUK10273,2025-07-07,neu,carga_trabajo
BUK10274,2025-06-09,pos,cambio_organizacional|balance_vida_trabajo|claridad_rol
BUK10274,2025-06-12,neu,clima_equipo|onboarding
BUK10274,2025-06-17,pos,carga_trabajo
BUK10274,2026-07-25,pos,relacion_con_lider|movilidad_interna
BUK10275,2025-09-06,neu,movilidad_interna
BUK10275,2025-09-14,neu,movilidad_interna|reconocimiento
BUK10275,2025-10-21,pos,movilidad_interna
BUK10275,2025-11-24,neg,compensacion|reconocimiento|desarrollo_carrera
BUK10275,2026-02-25,neu,reconocimiento|movilidad_interna
BUK10276,2025-04-10,pos,cambio_organizacional|claridad_rol
BUK10276,2026-01-11,pos,relacion_con_lider
BUK10276,2026-01-21,pos,compensacion|claridad_rol|onboarding
BUK10276,2026-03-01,neu,carga_trabajo|reconocimiento|compensacion
BUK10276,2026-04-25,pos,herramientas_procesos
BUK10277,2025-12-01,neg,cambio_organizacional|carga_trabajo|claridad_rol
BUK10277,2026-05-04,neu,onboarding
BUK10278,2026-06-22,neg,reconocimiento|relacion_con_lider
BUK10278,2026-08-05,neg,carga_trabajo|cambio_organizacional|clima_equipo
BUK10279,2026-06-18,neu,onboarding|reconocimiento|relacion_con_lider
BUK10279,2026-07-08,pos,herramientas_procesos|reconocimiento
BUK10280,2026-01-15,neu,clima_equipo|relacion_con_lider
BUK10280,2026-02-21,neu,cambio_organizacional
BUK10280,2026-04-13,pos,desarrollo_carrera|onboarding|carga_trabajo
BUK10280,2026-06-21,pos,carga_trabajo|relacion_con_lider
BUK10280,2026-08-19,pos,onboarding|compensacion
BUK10281,2026-04-21,pos,onboarding|clima_equipo
BUK10281,2026-07-24,pos,compensacion
BUK10281,2026-08-14,neu,claridad_rol|clima_equipo
BUK10282,2025-05-12,neu,compensacion|reconocimiento
BUK10282,2025-06-21,neu,carga_trabajo|reconocimiento|cambio_organizacional
BUK10282,2025-12-15,neu,carga_trabajo|cambio_organizacional|onboarding
BUK10282,2025-12-19,pos,cambio_organizacional|clima_equipo
BUK10282,2026-05-20,neu,desarrollo_carrera
BUK10282,2026-08-30,neu,carga_trabajo|claridad_rol
BUK10283,2025-09-28,neg,relacion_con_lider|balance_vida_trabajo
BUK10283,2025-10-17,neu,claridad_rol|cambio_organizacional|onboarding
BUK10283,2026-04-19,neg,relacion_con_lider|cambio_organizacional
BUK10284,2025-04-01,pos,reconocimiento
BUK10284,2025-07-12,pos,onboarding|movilidad_interna|balance_vida_trabajo
BUK10284,2025-09-27,neu,onboarding|desarrollo_carrera
BUK10286,2026-01-25,neu,reconocimiento|clima_equipo
BUK10286,2026-05-26,neu,compensacion|relacion_con_lider
BUK10286,2026-06-08,neg,relacion_con_lider|desarrollo_carrera|carga_trabajo
BUK10287,2025-03-29,neu,carga_trabajo|cambio_organizacional
BUK10287,2025-05-24,neg,compensacion|relacion_con_lider
BUK10287,2025-06-20,neu,clima_equipo|claridad_rol
BUK10287,2025-07-15,pos,movilidad_interna|onboarding|compensacion
BUK10287,2025-08-14,pos,desarrollo_carrera|clima_equipo|reconocimiento
BUK10287,2026-03-13,pos,herramientas_procesos|claridad_rol
BUK10287,2026-05-07,neg,herramientas_procesos|claridad_rol
BUK10288,2025-05-31,neg,reconocimiento|desarrollo_carrera|compensacion
BUK10288,2025-06-24,pos,reconocimiento|desarrollo_carrera|compensacion
BUK10288,2025-12-26,neu,desarrollo_carrera|reconocimiento|compensacion
BUK10288,2026-07-09,pos,compensacion|desarrollo_carrera|movilidad_interna
BUK10289,2026-03-18,neg,relacion_con_lider
BUK10289,2026-07-08,pos,compensacion
BUK10290,2026-05-10,neu,reconocimiento|relacion_con_lider
BUK10290,2026-05-17,neu,cambio_organizacional|desarrollo_carrera
BUK10290,2026-05-31,pos,clima_equipo|movilidad_interna
BUK10290,2026-08-10,pos,herramientas_procesos|onboarding
BUK10290,2026-08-12,pos,reconocimiento|balance_vida_trabajo
BUK10290,2026-08-20,neu,clima_equipo|cambio_organizacional
BUK10290,2026-08-26,pos,onboarding
BUK10291,2025-10-21,neu,desarrollo_carrera|compensacion|reconocimiento
BUK10292,2026-06-22,neu,balance_vida_trabajo|clima_equipo
BUK10292,2026-06-26,pos,reconocimiento|onboarding
BUK10292,2026-06-27,pos,compensacion|claridad_rol|carga_trabajo
BUK10292,2026-07-02,pos,cambio_organizacional|claridad_rol
BUK10292,2026-07-05,pos,carga_trabajo|relacion_con_lider
BUK10293,2025-10-12,neg,relacion_con_lider|onboarding|claridad_rol
BUK10294,2025-08-30,neu,balance_vida_trabajo
BUK10294,2025-11-28,neu,carga_trabajo|compensacion|clima_equipo
BUK10294,2026-02-03,pos,reconocimiento|claridad_rol|compensacion
BUK10294,2026-06-22,neu,desarrollo_carrera|claridad_rol|onboarding
BUK10295,2026-06-17,neu,compensacion|movilidad_interna
BUK10295,2026-07-19,neg,movilidad_interna|reconocimiento
BUK10295,2026-08-08,neu,movilidad_interna|reconocimiento
BUK10296,2025-07-15,pos,carga_trabajo|compensacion
BUK10296,2025-07-29,neg,relacion_con_lider|movilidad_interna
BUK10296,2025-08-11,neu,herramientas_procesos|movilidad_interna|carga_trabajo
BUK10296,2026-08-11,neu,balance_vida_trabajo
BUK10297,2026-07-08,pos,relacion_con_lider|balance_vida_trabajo|cambio_organizacional
BUK10297,2026-07-13,neg,relacion_con_lider|balance_vida_trabajo|clima_equipo
BUK10297,2026-08-06,neg,balance_vida_trabajo|carga_trabajo
BUK10297,2026-08-14,neg,relacion_con_lider|clima_equipo
BUK10298,2026-06-03,pos,movilidad_interna|onboarding|carga_trabajo
BUK10299,2025-03-31,neu,carga_trabajo|relacion_con_lider
BUK10299,2025-04-07,neg,clima_equipo|reconocimiento
BUK10299,2025-08-08,neu,claridad_rol
BUK10299,2026-06-20,neu,movilidad_interna|desarrollo_carrera|carga_trabajo
BUK10300,2026-05-25,pos,movilidad_interna|compensacion|reconocimiento
BUK10300,2026-05-27,pos,movilidad_interna|compensacion
BUK10300,2026-06-27,pos,compensacion|movilidad_interna
BUK10300,2026-06-28,neg,movilidad_interna
BUK10301,2025-07-05,neg,claridad_rol|cambio_organizacional|movilidad_interna
BUK10301,2025-12-28,pos,herramientas_procesos
BUK10301,2026-06-20,pos,balance_vida_trabajo|herramientas_procesos
BUK10302,2026-08-03,neg,movilidad_interna|balance_vida_trabajo
BUK10302,2026-08-03,neg,compensacion|herramientas_procesos
BUK10302,2026-08-10,neu,carga_trabajo|clima_equipo
BUK10302,2026-08-11,neg,desarrollo_carrera|movilidad_interna
BUK10302,2026-08-17,neu,cambio_organizacional
BUK10302,2026-08-20,neu,reconocimiento|claridad_rol
BUK10303,2025-03-28,pos,desarrollo_carrera|reconocimiento|cambio_organizacional
BUK10303,2025-05-28,pos,cambio_organizacional|claridad_rol|balance_vida_trabajo
BUK10303,2026-05-15,pos,herramientas_procesos|carga_trabajo|compensacion
BUK10303,2026-06-26,pos,relacion_con_lider|claridad_rol
BUK10304,2025-10-02,neu,reconocimiento
BUK10304,2025-10-15,neu,carga_trabajo|cambio_organizacional|relacion_con_lider
BUK10304,2026-03-07,neg,cambio_organizacional|carga_trabajo|reconocimiento
BUK10305,2026-08-08,pos,compensacion|relacion_con_lider|cambio_organizacional
BUK10305,2026-08-19,neu,balance_vida_trabajo|desarrollo_carrera
BUK10306,2025-03-08,neg,compensacion|onboarding|desarrollo_carrera
BUK10306,2025-09-14,neu,desarrollo_carrera|carga_trabajo
BUK10307,2025-03-19,neu,compensacion
BUK10307,2025-05-12,neg,reconocimiento|herramientas_procesos
BUK10307,2025-11-23,pos,compensacion
BUK10307,2026-08-14,neg,onboarding
BUK10308,2025-03-09,neu,relacion_con_lider
BUK10308,2025-04-21,neu,cambio_organizacional|herramientas_procesos
BUK10308,2025-04-22,neu,herramientas_procesos|claridad_rol
BUK10308,2026-04-27,pos,balance_vida_trabajo
BUK10308,2026-08-23,pos,carga_trabajo
BUK10309,2025-03-12,neg,claridad_rol|herramientas_procesos
BUK10309,2025-08-03,neu,relacion_con_lider|desarrollo_carrera|herramientas_procesos
BUK10309,2025-12-21,neu,desarrollo_carrera
BUK10309,2026-01-09,neg,desarrollo_carrera|relacion_con_lider
BUK10310,2026-07-16,neu,claridad_rol|onboarding|cambio_organizacional
BUK10310,2026-08-22,neu,clima_equipo|carga_trabajo
BUK10310,2026-08-30,neg,relacion_con_lider|herramientas_procesos
BUK10311,2026-07-13,neg,desarrollo_carrera|cambio_organizacional
BUK10311,2026-07-26,neu,claridad_rol|reconocimiento
BUK10312,2026-06-10,neu,clima_equipo
BUK10312,2026-06-15,neu,cambio_organizacional|carga_trabajo
BUK10312,2026-07-06,pos,movilidad_interna|desarrollo_carrera|cambio_organizacional
BUK10312,2026-07-11,neu,desarrollo_carrera|clima_equipo
BUK10313,2026-06-29,pos,relacion_con_lider|carga_trabajo
BUK10313,2026-08-09,pos,reconocimiento|cambio_organizacional
BUK10314,2025-06-25,neu,movilidad_interna|clima_equipo|herramientas_procesos
BUK10314,2025-10-09,neu,compensacion|onboarding|claridad_rol
BUK10314,2025-11-13,neu,claridad_rol
BUK10314,2025-12-04,neg,claridad_rol|reconocimiento
BUK10314,2026-02-27,neu,onboarding|claridad_rol
BUK10314,2026-03-02,pos,claridad_rol|clima_equipo|movilidad_interna
BUK10315,2025-10-04,pos,reconocimiento|cambio_organizacional|onboarding
BUK10315,2026-03-08,pos,claridad_rol|herramientas_procesos
BUK10316,2025-09-17,neu,cambio_organizacional
BUK10316,2026-02-11,neg,compensacion|movilidad_interna|relacion_con_lider
BUK10316,2026-07-10,neu,clima_equipo|compensacion
BUK10316,2026-08-12,neu,relacion_con_lider|balance_vida_trabajo|reconocimiento
BUK10317,2026-07-12,neu,reconocimiento|cambio_organizacional|clima_equipo
BUK10317,2026-07-13,pos,reconocimiento|relacion_con_lider
BUK10317,2026-07-14,pos,clima_equipo|carga_trabajo|cambio_organizacional
BUK10317,2026-07-17,neu,cambio_organizacional
BUK10318,2025-04-27,pos,reconocimiento|carga_trabajo
BUK10318,2025-06-17,pos,movilidad_interna
BUK10318,2025-08-05,neu,desarrollo_carrera|onboarding
BUK10318,2025-08-23,neu,reconocimiento
BUK10318,2025-09-23,neu,reconocimiento|carga_trabajo|relacion_con_lider
BUK10319,2025-09-06,pos,compensacion|carga_trabajo
BUK10319,2025-11-29,pos,herramientas_procesos|claridad_rol
BUK10319,2026-03-08,pos,carga_trabajo
BUK10320,2026-06-14,neu,carga_trabajo|clima_equipo|reconocimiento
BUK10320,2026-06-21,pos,reconocimiento|carga_trabajo
BUK10320,2026-07-14,neu,balance_vida_trabajo|reconocimiento|herramientas_procesos
BUK10320,2026-07-22,pos,compensacion|balance_vida_trabajo
BUK10321,2026-03-04,pos,movilidad_interna|clima_equipo
BUK10321,2026-03-08,pos,herramientas_procesos|claridad_rol|movilidad_interna
BUK10321,2026-03-16,neu,movilidad_interna|relacion_con_lider|carga_trabajo
BUK10321,2026-03-20,pos,desarrollo_carrera|carga_trabajo
BUK10322,2026-06-03,pos,herramientas_procesos|clima_equipo|carga_trabajo
BUK10322,2026-07-14,neu,claridad_rol|reconocimiento
BUK10322,2026-08-14,pos,reconocimiento|relacion_con_lider
BUK10322,2026-08-23,pos,clima_equipo|onboarding|carga_trabajo
BUK10323,2025-08-18,neu,onboarding|relacion_con_lider
BUK10323,2026-06-03,neg,claridad_rol|relacion_con_lider
BUK10323,2026-07-12,pos,compensacion|clima_equipo
BUK10324,2025-05-20,pos,movilidad_interna|reconocimiento
BUK10324,2025-11-26,pos,compensacion|claridad_rol|desarrollo_carrera
BUK10324,2026-03-23,neu,relacion_con_lider|clima_equipo
BUK10324,2026-05-23,neu,reconocimiento|herramientas_procesos
BUK10324,2026-07-11,pos,cambio_organizacional
BUK10325,2026-06-16,neu,reconocimiento
BUK10325,2026-07-06,pos,relacion_con_lider
BUK10325,2026-08-19,pos,desarrollo_carrera
BUK10325,2026-08-25,pos,claridad_rol|desarrollo_carrera
BUK10326,2025-07-07,pos,claridad_rol|relacion_con_lider
BUK10326,2025-08-09,pos,relacion_con_lider|herramientas_procesos
BUK10326,2025-08-15,pos,relacion_con_lider
BUK10326,2026-04-26,neu,relacion_con_lider|herramientas_procesos
BUK10326,2026-07-07,pos,relacion_con_lider|herramientas_procesos|claridad_rol
BUK10327,2025-08-26,pos,carga_trabajo|claridad_rol
BUK10327,2025-09-16,neu,cambio_organizacional|reconocimiento
BUK10327,2026-01-24,neu,movilidad_interna|compensacion
BUK10327,2026-03-06,pos,claridad_rol|herramientas_procesos
BUK10327,2026-06-01,pos,desarrollo_carrera|reconocimiento
BUK10328,2026-03-06,neu,clima_equipo|carga_trabajo|cambio_organizacional
BUK10328,2026-04-26,neg,desarrollo_carrera|claridad_rol
BUK10328,2026-06-12,neu,clima_equipo
BUK10328,2026-06-28,neu,relacion_con_lider|reconocimiento|movilidad_interna
BUK10329,2026-03-04,neu,desarrollo_carrera
BUK10329,2026-03-25,pos,desarrollo_carrera|balance_vida_trabajo|compensacion
BUK10329,2026-04-13,neu,carga_trabajo
BUK10329,2026-05-16,neu,balance_vida_trabajo|compensacion
BUK10329,2026-07-20,neu,relacion_con_lider|onboarding
BUK10329,2026-08-17,neu,movilidad_interna
BUK10330,2026-04-26,pos,compensacion
BUK10330,2026-05-13,neu,reconocimiento|compensacion
BUK10330,2026-07-17,neu,reconocimiento|compensacion
BUK10330,2026-07-26,neu,movilidad_interna|compensacion
BUK10331,2025-04-16,pos,desarrollo_carrera|reconocimiento|balance_vida_trabajo
BUK10331,2025-11-02,neg,movilidad_interna|clima_equipo
BUK10331,2025-11-20,neu,compensacion
BUK10331,2026-06-09,neu,cambio_organizacional|reconocimiento
BUK10331,2026-06-16,neg,desarrollo_carrera|onboarding
BUK10333,2025-06-29,neg,herramientas_procesos
BUK10333,2025-08-09,neg,desarrollo_carrera|claridad_rol|relacion_con_lider
BUK10333,2025-08-26,neu,desarrollo_carrera
BUK10333,2025-09-13,neg,herramientas_procesos|claridad_rol|relacion_con_lider
BUK10334,2025-11-07,neu,balance_vida_trabajo
BUK10334,2025-12-05,pos,reconocimiento|claridad_rol|compensacion
BUK10334,2025-12-10,pos,balance_vida_trabajo|onboarding
BUK10335,2025-12-10,neu,desarrollo_carrera|balance_vida_trabajo|compensacion
BUK10335,2026-02-11,pos,compensacion|carga_trabajo|relacion_con_lider
BUK10335,2026-06-22,pos,carga_trabajo|desarrollo_carrera|relacion_con_lider
BUK10336,2025-10-11,neu,claridad_rol|relacion_con_lider|desarrollo_carrera
BUK10336,2026-01-17,pos,herramientas_procesos|desarrollo_carrera|relacion_con_lider
BUK10336,2026-04-19,neu,desarrollo_carrera|relacion_con_lider|herramientas_procesos
BUK10336,2026-04-23,pos,herramientas_procesos
BUK10336,2026-06-29,neu,herramientas_procesos|desarrollo_carrera|relacion_con_lider
BUK10337,2026-08-16,neu,relacion_con_lider|cambio_organizacional
BUK10337,2026-08-18,pos,claridad_rol
BUK10337,2026-08-22,pos,carga_trabajo|compensacion|balance_vida_trabajo
BUK10337,2026-08-25,pos,relacion_con_lider|reconocimiento|carga_trabajo
BUK10338,2026-06-15,neg,cambio_organizacional|clima_equipo|relacion_con_lider
BUK10338,2026-07-07,neg,relacion_con_lider|clima_equipo|balance_vida_trabajo
BUK10338,2026-07-12,neg,cambio_organizacional|carga_trabajo
BUK10338,2026-07-17,neu,reconocimiento|cambio_organizacional
BUK10338,2026-07-23,neg,reconocimiento
BUK10338,2026-08-16,neu,carga_trabajo|relacion_con_lider
BUK10339,2026-08-14,pos,compensacion|balance_vida_trabajo|movilidad_interna
BUK10339,2026-08-22,pos,relacion_con_lider|desarrollo_carrera
BUK10339,2026-08-22,pos,movilidad_interna|clima_equipo
BUK10339,2026-08-24,neu,relacion_con_lider
BUK10340,2025-03-01,neg,balance_vida_trabajo
BUK10340,2025-03-03,neg,balance_vida_trabajo|relacion_con_lider|carga_trabajo
BUK10340,2025-03-12,neg,reconocimiento
BUK10340,2025-03-12,neg,cambio_organizacional|balance_vida_trabajo
BUK10340,2025-03-14,neg,reconocimiento|cambio_organizacional
BUK10341,2025-04-05,pos,herramientas_procesos
BUK10341,2025-08-21,pos,reconocimiento|desarrollo_carrera|carga_trabajo
BUK10341,2026-03-19,pos,herramientas_procesos
BUK10341,2026-08-03,pos,onboarding
BUK10342,2025-06-17,pos,cambio_organizacional|relacion_con_lider
BUK10342,2025-11-29,pos,balance_vida_trabajo|clima_equipo|relacion_con_lider
BUK10342,2026-02-08,neu,reconocimiento
BUK10342,2026-02-23,neu,carga_trabajo|reconocimiento
BUK10342,2026-05-01,neu,reconocimiento|cambio_organizacional
BUK10343,2025-05-23,neu,reconocimiento|movilidad_interna
BUK10343,2025-10-04,neg,movilidad_interna|compensacion
BUK10343,2026-05-10,pos,movilidad_interna
BUK10344,2025-06-09,pos,movilidad_interna
BUK10344,2026-01-07,pos,movilidad_interna|desarrollo_carrera
BUK10344,2026-02-06,pos,reconocimiento|movilidad_interna|compensacion
BUK10345,2026-06-29,neu,reconocimiento|compensacion
BUK10345,2026-07-01,neu,compensacion
BUK10345,2026-07-02,neu,desarrollo_carrera|movilidad_interna|compensacion
BUK10345,2026-07-22,pos,compensacion
BUK10345,2026-07-31,neg,reconocimiento|movilidad_interna|desarrollo_carrera
BUK10345,2026-08-05,neg,movilidad_interna|desarrollo_carrera|reconocimiento
BUK10345,2026-08-20,neu,desarrollo_carrera
BUK10346,2025-03-24,neg,desarrollo_carrera|herramientas_procesos
BUK10346,2026-01-28,neu,relacion_con_lider
BUK10346,2026-03-03,neg,relacion_con_lider|herramientas_procesos
BUK10346,2026-06-05,neu,relacion_con_lider|claridad_rol
BUK10347,2026-01-18,pos,relacion_con_lider
BUK10347,2026-01-23,pos,compensacion
BUK10347,2026-02-15,neu,movilidad_interna|reconocimiento|cambio_organizacional
BUK10348,2026-07-27,neu,movilidad_interna|compensacion
BUK10348,2026-08-05,pos,desarrollo_carrera|movilidad_interna
BUK10348,2026-08-11,pos,compensacion|reconocimiento
BUK10348,2026-08-30,neu,compensacion|movilidad_interna
BUK10349,2026-05-12,neu,desarrollo_carrera|movilidad_interna
BUK10349,2026-05-26,neg,movilidad_interna|reconocimiento
BUK10349,2026-06-05,neg,reconocimiento
BUK10349,2026-06-16,neu,desarrollo_carrera|reconocimiento
BUK10350,2025-11-05,neu,onboarding|movilidad_interna
BUK10350,2026-04-16,pos,relacion_con_lider|cambio_organizacional
BUK10350,2026-07-25,pos,cambio_organizacional
BUK10350,2026-08-14,pos,movilidad_interna
BUK10351,2025-10-30,pos,herramientas_procesos|clima_equipo|relacion_con_lider
BUK10351,2025-11-12,pos,compensacion|herramientas_procesos
BUK10351,2025-12-29,neu,claridad_rol|reconocimiento
BUK10351,2026-01-30,pos,claridad_rol
BUK10352,2025-05-13,pos,carga_trabajo|movilidad_interna|herramientas_procesos
BUK10353,2025-09-04,neu,cambio_organizacional
BUK10353,2025-12-19,neu,clima_equipo|movilidad_interna|relacion_con_lider
BUK10353,2026-04-08,pos,carga_trabajo|relacion_con_lider|claridad_rol
BUK10354,2025-11-26,pos,herramientas_procesos
BUK10354,2025-12-10,pos,movilidad_interna|onboarding
BUK10354,2026-03-12,pos,claridad_rol
BUK10354,2026-04-05,pos,reconocimiento
BUK10355,2026-03-02,neu,herramientas_procesos
BUK10355,2026-04-16,pos,claridad_rol|reconocimiento|onboarding
BUK10355,2026-05-04,pos,clima_equipo|relacion_con_lider|claridad_rol
BUK10356,2025-03-31,neu,balance_vida_trabajo|compensacion
BUK10356,2025-07-28,pos,compensacion|onboarding
BUK10356,2026-05-28,pos,herramientas_procesos|relacion_con_lider
BUK10357,2026-01-02,neg,movilidad_interna|reconocimiento|clima_equipo
BUK10357,2026-04-06,neg,balance_vida_trabajo
BUK10358,2025-08-13,pos,balance_vida_trabajo|carga_trabajo
BUK10358,2025-11-07,pos,cambio_organizacional|carga_trabajo
BUK10358,2026-06-04,pos,onboarding|compensacion
BUK10359,2025-06-08,pos,movilidad_interna|balance_vida_trabajo
BUK10359,2025-08-11,pos,relacion_con_lider|balance_vida_trabajo|cambio_organizacional
BUK10359,2025-10-04,neu,herramientas_procesos
BUK10359,2025-12-17,pos,onboarding|claridad_rol
BUK10359,2026-03-01,neu,movilidad_interna|claridad_rol
BUK10359,2026-05-13,pos,claridad_rol|compensacion
BUK10360,2026-07-03,pos,reconocimiento|clima_equipo
BUK10360,2026-07-26,neu,carga_trabajo|relacion_con_lider
BUK10361,2025-05-23,neu,reconocimiento|balance_vida_trabajo|carga_trabajo
BUK10361,2026-02-19,neu,desarrollo_carrera|claridad_rol
BUK10361,2026-02-20,neu,movilidad_interna|claridad_rol
BUK10361,2026-04-22,pos,reconocimiento|carga_trabajo|claridad_rol
BUK10361,2026-06-16,neu,movilidad_interna
BUK10361,2026-06-28,neu,compensacion
BUK10361,2026-08-10,neg,desarrollo_carrera|compensacion
BUK10362,2025-11-02,neu,relacion_con_lider
BUK10362,2026-02-17,neu,reconocimiento
BUK10362,2026-04-20,neu,cambio_organizacional
BUK10362,2026-08-09,neg,carga_trabajo|balance_vida_trabajo
BUK10363,2026-01-21,neg,claridad_rol|herramientas_procesos|desarrollo_carrera
BUK10363,2026-02-02,neu,claridad_rol|relacion_con_lider|herramientas_procesos
BUK10363,2026-03-05,neg,relacion_con_lider|herramientas_procesos
BUK10363,2026-03-24,neg,desarrollo_carrera|herramientas_procesos|relacion_con_lider
BUK10364,2025-07-17,neu,compensacion|cambio_organizacional
BUK10364,2025-12-09,neg,claridad_rol|balance_vida_trabajo|clima_equipo
BUK10364,2026-01-13,neg,clima_equipo
BUK10364,2026-03-09,neg,balance_vida_trabajo|carga_trabajo
BUK10364,2026-08-12,neg,cambio_organizacional
BUK10365,2025-03-30,neu,clima_equipo|relacion_con_lider|claridad_rol
BUK10365,2025-06-16,pos,balance_vida_trabajo|herramientas_procesos
BUK10365,2025-09-09,pos,clima_equipo|carga_trabajo
BUK10365,2026-03-27,pos,herramientas_procesos|carga_trabajo
BUK10365,2026-05-19,pos,claridad_rol|carga_trabajo
BUK10366,2026-08-23,neg,carga_trabajo
BUK10366,2026-08-25,neg,relacion_con_lider|reconocimiento
BUK10366,2026-08-30,neg,clima_equipo|relacion_con_lider
BUK10367,2025-09-19,pos,compensacion|desarrollo_carrera
BUK10367,2025-10-05,neu,herramientas_procesos|claridad_rol
BUK10367,2025-11-19,neg,onboarding|movilidad_interna
BUK10367,2026-04-18,neu,clima_equipo|compensacion|movilidad_interna
BUK10368,2025-11-08,pos,movilidad_interna|claridad_rol
BUK10368,2026-06-12,pos,desarrollo_carrera|balance_vida_trabajo|clima_equipo
BUK10369,2025-06-05,pos,onboarding|desarrollo_carrera|clima_equipo
BUK10369,2025-09-26,pos,claridad_rol
BUK10369,2025-11-15,neu,desarrollo_carrera|clima_equipo
BUK10369,2025-12-31,pos,compensacion|reconocimiento
BUK10370,2025-11-22,pos,carga_trabajo
BUK10370,2026-02-28,neu,onboarding|reconocimiento|carga_trabajo
BUK10370,2026-03-04,neu,clima_equipo|claridad_rol
BUK10371,2025-04-16,neu,cambio_organizacional|relacion_con_lider
BUK10371,2025-07-10,pos,reconocimiento|balance_vida_trabajo
BUK10371,2025-08-17,pos,compensacion|desarrollo_carrera
BUK10371,2026-02-12,neu,claridad_rol|compensacion|herramientas_procesos
BUK10371,2026-05-19,neg,compensacion|herramientas_procesos
BUK10371,2026-05-23,neu,reconocimiento|relacion_con_lider
BUK10372,2025-03-15,neg,cambio_organizacional|relacion_con_lider
BUK10372,2025-03-26,pos,relacion_con_lider|cambio_organizacional
BUK10372,2025-05-04,neg,carga_trabajo|cambio_organizacional
BUK10372,2025-05-18,neg,reconocimiento|balance_vida_trabajo|relacion_con_lider
BUK10372,2025-06-02,neg,carga_trabajo|balance_vida_trabajo
BUK10372,2025-06-14,neg,cambio_organizacional
BUK10373,2026-06-13,pos,herramientas_procesos|claridad_rol|onboarding
BUK10373,2026-06-18,neu,compensacion|cambio_organizacional|carga_trabajo
BUK10373,2026-06-19,neu,relacion_con_lider|reconocimiento
BUK10374,2025-09-20,neu,clima_equipo|relacion_con_lider
BUK10374,2025-09-20,neu,relacion_con_lider|cambio_organizacional
BUK10374,2025-12-22,neu,cambio_organizacional|carga_trabajo
BUK10374,2026-06-19,neg,clima_equipo|balance_vida_trabajo
BUK10374,2026-08-11,neg,reconocimiento|relacion_con_lider|balance_vida_trabajo
BUK10375,2025-07-26,pos,relacion_con_lider|reconocimiento
BUK10375,2026-02-20,neu,reconocimiento|cambio_organizacional
BUK10377,2026-02-07,neg,relacion_con_lider|herramientas_procesos
BUK10378,2026-03-06,pos,movilidad_interna|cambio_organizacional
BUK10378,2026-07-17,neu,reconocimiento
BUK10379,2025-12-27,neu,balance_vida_trabajo|onboarding
BUK10379,2026-04-17,neu,claridad_rol
BUK10379,2026-08-25,pos,relacion_con_lider
BUK10380,2025-09-15,neu,balance_vida_trabajo
BUK10380,2025-11-18,neg,carga_trabajo|cambio_organizacional
BUK10380,2025-12-31,neu,relacion_con_lider
BUK10380,2026-05-08,neu,relacion_con_lider|reconocimiento|clima_equipo
BUK10381,2026-04-15,neu,reconocimiento|compensacion|desarrollo_carrera
BUK10381,2026-04-16,neu,movilidad_interna|reconocimiento|desarrollo_carrera
BUK10381,2026-05-05,neu,desarrollo_carrera|compensacion|movilidad_interna
BUK10381,2026-08-27,neg,compensacion|reconocimiento
BUK10382,2025-03-19,neu,cambio_organizacional|relacion_con_lider|clima_equipo
BUK10382,2025-03-28,neg,reconocimiento
BUK10382,2025-07-05,neg,herramientas_procesos|relacion_con_lider
BUK10383,2026-05-05,neu,claridad_rol
BUK10383,2026-06-15,neu,relacion_con_lider|claridad_rol|onboarding
BUK10383,2026-06-28,neu,herramientas_procesos|claridad_rol
BUK10383,2026-07-17,neg,herramientas_procesos|onboarding
BUK10383,2026-08-11,neg,herramientas_procesos|relacion_con_lider
BUK10383,2026-08-17,neu,herramientas_procesos|relacion_con_lider
BUK10384,2025-03-14,neg,herramientas_procesos|desarrollo_carrera
BUK10384,2025-04-28,neg,herramientas_procesos|claridad_rol
BUK10384,2025-07-22,neu,desarrollo_carrera|claridad_rol|herramientas_procesos
BUK10384,2025-07-23,neg,herramientas_procesos|desarrollo_carrera|claridad_rol
BUK10384,2025-11-22,neu,claridad_rol|relacion_con_lider|herramientas_procesos
BUK10384,2026-01-27,neg,relacion_con_lider|claridad_rol
BUK10384,2026-03-07,neg,claridad_rol
BUK10386,2025-03-15,pos,clima_equipo|cambio_organizacional|relacion_con_lider
BUK10386,2025-04-14,pos,relacion_con_lider|carga_trabajo|clima_equipo
BUK10386,2025-04-17,neu,balance_vida_trabajo|reconocimiento
BUK10386,2025-06-30,pos,carga_trabajo|relacion_con_lider|cambio_organizacional
BUK10386,2025-12-05,neg,reconocimiento|clima_equipo
BUK10386,2026-06-15,neg,carga_trabajo|reconocimiento
BUK10387,2025-03-08,neg,reconocimiento|cambio_organizacional
BUK10387,2025-03-14,neu,relacion_con_lider
BUK10388,2025-04-29,pos,onboarding|reconocimiento
BUK10388,2025-09-19,pos,desarrollo_carrera|balance_vida_trabajo|reconocimiento
BUK10388,2026-01-11,pos,clima_equipo
BUK10388,2026-03-21,neu,compensacion|desarrollo_carrera|carga_trabajo
BUK10389,2026-08-08,neu,relacion_con_lider|clima_equipo
BUK10389,2026-08-30,neu,reconocimiento
BUK10390,2025-05-22,pos,carga_trabajo|clima_equipo|reconocimiento
BUK10390,2025-08-17,neu,claridad_rol
BUK10390,2026-03-24,neu,clima_equipo|carga_trabajo|relacion_con_lider
BUK10391,2025-12-21,pos,desarrollo_carrera|clima_equipo
BUK10391,2026-01-10,neu,desarrollo_carrera|relacion_con_lider|reconocimiento
BUK10391,2026-03-13,pos,cambio_organizacional|compensacion|carga_trabajo
BUK10391,2026-06-01,pos,relacion_con_lider|reconocimiento
BUK10392,2025-03-08,pos,clima_equipo|movilidad_interna
BUK10392,2025-07-19,pos,desarrollo_carrera|movilidad_interna|onboarding
BUK10392,2025-12-07,pos,movilidad_interna|balance_vida_trabajo
BUK10392,2026-03-06,pos,desarrollo_carrera|balance_vida_trabajo
BUK10392,2026-05-29,neu,movilidad_interna
BUK10393,2026-02-28,pos,claridad_rol|relacion_con_lider|onboarding
BUK10393,2026-04-10,pos,balance_vida_trabajo
BUK10393,2026-06-26,pos,movilidad_interna|reconocimiento|herramientas_procesos
BUK10393,2026-07-14,pos,movilidad_interna|carga_trabajo
BUK10394,2026-05-03,neu,relacion_con_lider|cambio_organizacional
BUK10394,2026-05-06,neu,cambio_organizacional|clima_equipo|balance_vida_trabajo
BUK10394,2026-07-16,neu,clima_equipo|cambio_organizacional
BUK10394,2026-08-05,neu,relacion_con_lider|balance_vida_trabajo|carga_trabajo
BUK10395,2025-05-17,pos,reconocimiento|clima_equipo
BUK10395,2025-06-03,pos,reconocimiento|carga_trabajo
BUK10395,2025-07-25,neu,desarrollo_carrera
BUK10395,2025-08-08,neu,balance_vida_trabajo
BUK10395,2026-06-23,pos,relacion_con_lider
BUK10396,2025-03-16,pos,desarrollo_carrera|balance_vida_trabajo|herramientas_procesos
BUK10396,2025-03-27,neu,desarrollo_carrera|claridad_rol|carga_trabajo
BUK10396,2025-06-19,pos,onboarding|reconocimiento
BUK10396,2025-06-29,pos,onboarding|desarrollo_carrera
BUK10396,2025-08-07,pos,reconocimiento|relacion_con_lider
BUK10396,2026-07-20,pos,onboarding|herramientas_procesos
BUK10397,2025-04-05,pos,clima_equipo
BUK10397,2025-06-21,pos,claridad_rol|carga_trabajo
BUK10397,2025-06-27,neu,carga_trabajo
BUK10397,2025-08-16,pos,claridad_rol|clima_equipo|cambio_organizacional
BUK10397,2025-12-17,neu,balance_vida_trabajo|reconocimiento|compensacion
BUK10397,2026-01-10,pos,desarrollo_carrera
BUK10398,2025-12-06,neg,onboarding|compensacion
BUK10398,2025-12-23,pos,carga_trabajo|claridad_rol
BUK10398,2026-01-31,neg,onboarding|desarrollo_carrera
BUK10398,2026-03-07,neg,onboarding
BUK10398,2026-04-20,neu,desarrollo_carrera|claridad_rol
BUK10399,2026-05-28,pos,desarrollo_carrera|carga_trabajo
BUK10399,2026-06-06,neu,claridad_rol|reconocimiento
BUK10399,2026-08-26,neg,herramientas_procesos
BUK10401,2025-04-12,pos,carga_trabajo
BUK10401,2025-07-25,neu,desarrollo_carrera
BUK10401,2025-12-25,pos,herramientas_procesos|cambio_organizacional
BUK10402,2026-07-05,pos,desarrollo_carrera|claridad_rol
BUK10402,2026-07-22,pos,cambio_organizacional|movilidad_interna|carga_trabajo
BUK10402,2026-07-23,pos,cambio_organizacional|clima_equipo
BUK10403,2025-07-07,neu,relacion_con_lider
BUK10403,2025-09-23,pos,herramientas_procesos|claridad_rol
BUK10404,2026-04-27,pos,onboarding
BUK10404,2026-06-29,pos,movilidad_interna|compensacion|balance_vida_trabajo
BUK10405,2025-12-03,neg,reconocimiento
BUK10405,2026-04-04,neu,onboarding|carga_trabajo
BUK10405,2026-06-10,neu,claridad_rol|balance_vida_trabajo
BUK10405,2026-06-23,neg,balance_vida_trabajo
BUK10405,2026-07-19,neu,onboarding|reconocimiento
BUK10406,2025-05-14,neg,movilidad_interna
BUK10406,2025-06-27,neg,compensacion|desarrollo_carrera
BUK10406,2026-08-15,neu,relacion_con_lider
BUK10407,2025-04-07,pos,balance_vida_trabajo|reconocimiento
BUK10408,2025-09-05,pos,relacion_con_lider|onboarding
BUK10409,2026-05-15,neg,clima_equipo|carga_trabajo|compensacion
BUK10409,2026-05-21,pos,movilidad_interna|desarrollo_carrera
BUK10409,2026-08-18,pos,carga_trabajo
BUK10410,2025-11-14,pos,cambio_organizacional
BUK10410,2026-03-19,neu,herramientas_procesos|clima_equipo
BUK10410,2026-07-16,neu,clima_equipo|desarrollo_carrera
BUK10411,2025-03-22,pos,reconocimiento|balance_vida_trabajo
BUK10411,2025-12-06,pos,movilidad_interna
BUK10411,2026-06-05,neu,balance_vida_trabajo
BUK10412,2025-08-01,pos,compensacion|claridad_rol|carga_trabajo
BUK10412,2025-12-03,pos,onboarding|desarrollo_carrera|claridad_rol
BUK10412,2026-06-11,neu,desarrollo_carrera|relacion_con_lider
BUK10413,2025-12-25,neu,desarrollo_carrera
BUK10413,2026-02-01,neg,desarrollo_carrera
BUK10413,2026-08-14,pos,carga_trabajo
BUK10414,2025-03-16,pos,cambio_organizacional|claridad_rol
BUK10414,2025-05-11,pos,claridad_rol
BUK10415,2026-05-03,pos,claridad_rol|desarrollo_carrera|relacion_con_lider
BUK10415,2026-05-25,neu,claridad_rol|herramientas_procesos
BUK10415,2026-07-11,neu,relacion_con_lider|claridad_rol
BUK10415,2026-07-21,neg,desarrollo_carrera|herramientas_procesos
BUK10416,2025-12-07,pos,balance_vida_trabajo|clima_equipo
BUK10416,2026-04-29,pos,desarrollo_carrera
BUK10417,2026-07-30,pos,herramientas_procesos
BUK10417,2026-08-13,pos,clima_equipo
BUK10418,2025-04-26,neu,onboarding
BUK10418,2025-04-28,neu,herramientas_procesos|claridad_rol
BUK10418,2025-08-10,neu,compensacion|herramientas_procesos
BUK10418,2026-01-13,pos,herramientas_procesos|balance_vida_trabajo
BUK10418,2026-07-11,neu,cambio_organizacional
BUK10418,2026-07-11,neu,carga_trabajo|claridad_rol|movilidad_interna
BUK10419,2026-04-05,neg,reconocimiento|cambio_organizacional
BUK10419,2026-04-16,neu,clima_equipo|desarrollo_carrera
BUK10419,2026-04-18,neu,balance_vida_trabajo|onboarding|carga_trabajo
BUK10419,2026-04-21,neu,reconocimiento
BUK10420,2026-06-13,pos,herramientas_procesos|reconocimiento|compensacion
BUK10420,2026-07-10,pos,carga_trabajo|balance_vida_trabajo
BUK10420,2026-08-25,neu,desarrollo_carrera|claridad_rol|reconocimiento
BUK10421,2025-10-15,neg,relacion_con_lider|desarrollo_carrera|claridad_rol
BUK10421,2025-10-23,neu,claridad_rol|herramientas_procesos
BUK10422,2026-07-31,pos,herramientas_procesos|compensacion|desarrollo_carrera
BUK10422,2026-08-08,neu,compensacion
BUK10422,2026-08-22,pos,claridad_rol
BUK10422,2026-08-30,pos,carga_trabajo
BUK10423,2026-06-23,neu,balance_vida_trabajo|reconocimiento|cambio_organizacional
BUK10423,2026-08-05,pos,reconocimiento|onboarding
BUK10424,2025-03-10,neu,cambio_organizacional|onboarding
BUK10424,2025-07-26,pos,desarrollo_carrera|compensacion
BUK10424,2026-07-06,pos,desarrollo_carrera
BUK10425,2026-07-20,neg,relacion_con_lider|onboarding|compensacion
BUK10426,2025-09-22,pos,desarrollo_carrera|herramientas_procesos
BUK10426,2026-04-12,pos,relacion_con_lider
BUK10426,2026-06-25,pos,claridad_rol|onboarding
BUK10428,2026-03-13,pos,claridad_rol|compensacion
BUK10428,2026-04-05,neu,onboarding|claridad_rol|desarrollo_carrera
BUK10428,2026-05-10,pos,cambio_organizacional
BUK10428,2026-07-30,pos,balance_vida_trabajo
BUK10429,2025-05-17,neg,desarrollo_carrera|relacion_con_lider
BUK10429,2025-07-17,neg,reconocimiento
BUK10429,2025-12-17,neu,clima_equipo|onboarding
BUK10431,2025-12-15,neg,claridad_rol|relacion_con_lider
BUK10431,2026-06-27,neg,desarrollo_carrera
BUK10431,2026-07-24,neu,herramientas_procesos|claridad_rol|desarrollo_carrera
BUK10434,2026-01-23,neg,relacion_con_lider|desarrollo_carrera|claridad_rol
BUK10434,2026-02-22,neg,relacion_con_lider|desarrollo_carrera
BUK10434,2026-05-19,neu,claridad_rol|desarrollo_carrera|relacion_con_lider
BUK10435,2026-02-16,neu,cambio_organizacional|carga_trabajo
BUK10435,2026-03-28,pos,balance_vida_trabajo|relacion_con_lider
BUK10435,2026-06-26,pos,reconocimiento|movilidad_interna
BUK10435,2026-06-27,neg,movilidad_interna
BUK10435,2026-08-18,neu,compensacion|balance_vida_trabajo
BUK10436,2025-07-05,neu,clima_equipo
BUK10436,2025-09-01,pos,desarrollo_carrera
BUK10436,2025-12-17,neg,reconocimiento|claridad_rol
BUK10436,2026-01-07,neu,balance_vida_trabajo
BUK10437,2025-10-03,pos,compensacion|relacion_con_lider|balance_vida_trabajo
BUK10437,2025-11-14,pos,claridad_rol|compensacion
BUK10437,2025-12-03,neu,claridad_rol|carga_trabajo|clima_equipo
BUK10437,2026-04-19,pos,compensacion|desarrollo_carrera
BUK10438,2025-08-26,neu,cambio_organizacional
BUK10438,2026-06-16,pos,cambio_organizacional|compensacion
BUK10439,2025-07-30,pos,claridad_rol|balance_vida_trabajo
BUK10439,2025-12-29,neu,desarrollo_carrera|carga_trabajo
BUK10439,2026-02-25,pos,movilidad_interna|relacion_con_lider
BUK10440,2025-05-17,pos,desarrollo_carrera|compensacion|claridad_rol
BUK10440,2026-06-17,neg,desarrollo_carrera|movilidad_interna|claridad_rol
BUK10441,2025-03-03,pos,cambio_organizacional
BUK10441,2025-03-24,pos,clima_equipo|movilidad_interna
BUK10441,2025-04-05,pos,desarrollo_carrera|carga_trabajo|relacion_con_lider
BUK10441,2025-04-17,pos,onboarding
BUK10441,2025-04-18,pos,reconocimiento|desarrollo_carrera|relacion_con_lider
BUK10441,2025-05-10,pos,clima_equipo|relacion_con_lider
BUK10442,2026-06-12,neu,relacion_con_lider
BUK10442,2026-08-28,neu,claridad_rol|compensacion
BUK10443,2026-06-15,neu,herramientas_procesos|reconocimiento|claridad_rol
BUK10443,2026-07-04,pos,relacion_con_lider
BUK10444,2026-07-18,neg,desarrollo_carrera
BUK10444,2026-08-19,neg,onboarding
BUK10445,2025-06-06,neu,claridad_rol|carga_trabajo
BUK10446,2025-11-25,pos,cambio_organizacional|onboarding
BUK10446,2026-08-30,neu,relacion_con_lider|claridad_rol
BUK10447,2025-12-01,pos,balance_vida_trabajo|clima_equipo|carga_trabajo
BUK10447,2026-03-29,neu,carga_trabajo
BUK10447,2026-04-20,pos,claridad_rol|compensacion
BUK10447,2026-04-27,pos,cambio_organizacional|herramientas_procesos
BUK10447,2026-08-12,pos,clima_equipo|desarrollo_carrera
BUK10448,2026-04-13,pos,relacion_con_lider|desarrollo_carrera|claridad_rol
BUK10448,2026-06-08,neu,reconocimiento|claridad_rol|carga_trabajo
BUK10448,2026-08-26,neu,claridad_rol|onboarding|balance_vida_trabajo
BUK10449,2026-06-17,neg,desarrollo_carrera
BUK10449,2026-06-23,neg,desarrollo_carrera|herramientas_procesos|claridad_rol
BUK10449,2026-07-02,neu,relacion_con_lider|desarrollo_carrera|herramientas_procesos
BUK10449,2026-07-11,neg,herramientas_procesos|desarrollo_carrera
BUK10451,2026-06-12,pos,compensacion|reconocimiento
BUK10451,2026-07-27,pos,onboarding|clima_equipo|reconocimiento
BUK10452,2026-01-05,neu,compensacion
BUK10452,2026-02-05,pos,onboarding
BUK10452,2026-07-10,neu,movilidad_interna|cambio_organizacional|reconocimiento
BUK10452,2026-08-24,pos,onboarding|relacion_con_lider
BUK10453,2026-03-08,pos,claridad_rol|clima_equipo|balance_vida_trabajo
BUK10453,2026-03-15,pos,reconocimiento
BUK10453,2026-03-15,neu,movilidad_interna|carga_trabajo
BUK10453,2026-03-18,neu,relacion_con_lider|movilidad_interna|herramientas_procesos
BUK10453,2026-04-18,neu,balance_vida_trabajo
BUK10453,2026-04-20,pos,desarrollo_carrera|balance_vida_trabajo
BUK10453,2026-05-31,pos,balance_vida_trabajo|carga_trabajo
BUK10454,2025-07-22,neg,carga_trabajo|claridad_rol
BUK10455,2025-12-21,neu,carga_trabajo
BUK10455,2026-01-13,neu,relacion_con_lider|reconocimiento
BUK10455,2026-05-31,pos,relacion_con_lider
BUK10455,2026-08-29,neu,reconocimiento|clima_equipo
BUK10456,2025-03-23,pos,clima_equipo|carga_trabajo|movilidad_interna
BUK10456,2025-04-02,pos,claridad_rol|desarrollo_carrera
BUK10456,2025-05-03,neg,balance_vida_trabajo|cambio_organizacional|relacion_con_lider
BUK10457,2026-02-15,neg,movilidad_interna|clima_equipo
BUK10457,2026-05-16,pos,desarrollo_carrera|balance_vida_trabajo
BUK10458,2026-08-06,pos,onboarding|claridad_rol
BUK10458,2026-08-23,neu,cambio_organizacional|onboarding
BUK10458,2026-08-27,pos,clima_equipo|balance_vida_trabajo
BUK10458,2026-08-28,pos,onboarding|compensacion
BUK10459,2026-08-10,neg,compensacion|reconocimiento|desarrollo_carrera
BUK10459,2026-08-11,neu,desarrollo_carrera|movilidad_interna
BUK10459,2026-08-11,pos,compensacion|reconocimiento
BUK10459,2026-08-16,pos,reconocimiento|movilidad_interna
BUK10460,2026-03-10,neu,carga_trabajo|clima_equipo
BUK10460,2026-03-30,neg,cambio_organizacional|balance_vida_trabajo
BUK10461,2025-12-14,pos,onboarding|movilidad_interna
BUK10461,2026-08-19,neu,relacion_con_lider|desarrollo_carrera
BUK10462,2026-02-11,pos,movilidad_interna|reconocimiento
BUK10462,2026-02-19,pos,reconocimiento|movilidad_interna
BUK10462,2026-03-10,pos,reconocimiento
BUK10462,2026-06-12,pos,desarrollo_carrera|compensacion
BUK10462,2026-07-27,neu,movilidad_interna|desarrollo_carrera|compensacion
BUK10463,2026-03-18,pos,cambio_organizacional|carga_trabajo
BUK10463,2026-04-11,neu,relacion_con_lider|cambio_organizacional
BUK10464,2025-07-06,pos,herramientas_procesos|clima_equipo
BUK10464,2025-08-14,pos,relacion_con_lider
BUK10464,2026-02-03,neu,reconocimiento|herramientas_procesos
BUK10464,2026-05-13,neg,clima_equipo|relacion_con_lider
BUK10464,2026-06-23,pos,cambio_organizacional|carga_trabajo|balance_vida_trabajo
BUK10464,2026-08-05,neu,desarrollo_carrera
BUK10464,2026-08-30,pos,herramientas_procesos|clima_equipo
BUK10465,2025-06-01,neu,claridad_rol|desarrollo_carrera
BUK10465,2025-08-14,neu,compensacion|claridad_rol|desarrollo_carrera
BUK10465,2026-01-22,pos,carga_trabajo
BUK10465,2026-05-08,pos,clima_equipo|claridad_rol
BUK10465,2026-05-18,neu,balance_vida_trabajo
BUK10465,2026-08-10,pos,onboarding|movilidad_interna|relacion_con_lider
BUK10467,2025-03-19,neg,reconocimiento|relacion_con_lider
BUK10467,2025-03-29,neu,reconocimiento|carga_trabajo
BUK10468,2025-11-13,neu,movilidad_interna|relacion_con_lider
BUK10468,2025-11-17,neg,balance_vida_trabajo
BUK10468,2025-12-30,neg,claridad_rol|reconocimiento
BUK10468,2026-02-27,neg,carga_trabajo|cambio_organizacional
BUK10468,2026-05-08,neg,onboarding|herramientas_procesos|cambio_organizacional
BUK10468,2026-05-11,neg,reconocimiento
BUK10469,2026-01-03,pos,claridad_rol|herramientas_procesos|clima_equipo
BUK10469,2026-01-16,neu,carga_trabajo|movilidad_interna
BUK10470,2026-01-01,pos,claridad_rol|clima_equipo
BUK10470,2026-01-31,pos,herramientas_procesos|balance_vida_trabajo|reconocimiento
BUK10470,2026-04-19,pos,balance_vida_trabajo|reconocimiento
BUK10470,2026-05-12,neu,clima_equipo|balance_vida_trabajo
BUK10470,2026-07-15,neu,reconocimiento|movilidad_interna|herramientas_procesos
BUK10471,2025-06-11,neg,onboarding|balance_vida_trabajo|claridad_rol
BUK10471,2026-05-25,neg,balance_vida_trabajo
BUK10471,2026-05-26,neg,balance_vida_trabajo
BUK10472,2025-04-26,neu,compensacion|cambio_organizacional
BUK10472,2025-06-02,neu,onboarding|herramientas_procesos
BUK10472,2025-07-17,neu,compensacion|carga_trabajo
BUK10472,2025-08-16,neg,compensacion
BUK10472,2025-11-04,neu,relacion_con_lider
BUK10472,2026-07-25,neu,claridad_rol|balance_vida_trabajo
BUK10473,2026-07-18,neg,relacion_con_lider|desarrollo_carrera
BUK10473,2026-08-02,neu,claridad_rol|desarrollo_carrera
BUK10473,2026-08-03,neu,relacion_con_lider|claridad_rol
BUK10473,2026-08-04,neu,relacion_con_lider|claridad_rol
BUK10473,2026-08-14,neu,relacion_con_lider|claridad_rol|herramientas_procesos
BUK10474,2026-03-19,pos,compensacion|reconocimiento
BUK10474,2026-03-26,pos,carga_trabajo|desarrollo_carrera
BUK10474,2026-06-07,neu,onboarding|cambio_organizacional
BUK10475,2026-01-02,pos,onboarding|balance_vida_trabajo
BUK10475,2026-04-05,neu,reconocimiento
BUK10476,2026-02-16,neu,balance_vida_trabajo|relacion_con_lider
BUK10476,2026-05-25,pos,cambio_organizacional|clima_equipo|relacion_con_lider
BUK10476,2026-05-26,neu,relacion_con_lider|reconocimiento|carga_trabajo
BUK10476,2026-07-01,neg,cambio_organizacional|clima_equipo
BUK10478,2026-06-28,neg,movilidad_interna|reconocimiento
BUK10478,2026-07-13,pos,cambio_organizacional|herramientas_procesos
BUK10478,2026-08-10,neu,cambio_organizacional
BUK10478,2026-08-11,pos,clima_equipo|compensacion|carga_trabajo
BUK10478,2026-08-28,pos,clima_equipo|relacion_con_lider|claridad_rol
BUK10479,2025-11-16,neu,movilidad_interna
BUK10479,2025-11-17,pos,compensacion|carga_trabajo
BUK10479,2025-12-10,pos,claridad_rol|reconocimiento|cambio_organizacional
BUK10479,2026-04-06,neu,claridad_rol|desarrollo_carrera
BUK10479,2026-05-18,neg,herramientas_procesos|clima_equipo
BUK10480,2025-04-02,neu,carga_trabajo|balance_vida_trabajo
BUK10480,2025-04-15,neg,clima_equipo|carga_trabajo
BUK10480,2025-04-21,neu,cambio_organizacional|carga_trabajo
BUK10480,2025-05-28,neu,carga_trabajo|cambio_organizacional|reconocimiento
BUK10481,2026-06-17,neu,compensacion|reconocimiento
BUK10481,2026-07-30,pos,onboarding|herramientas_procesos
BUK10481,2026-08-29,pos,cambio_organizacional|reconocimiento
BUK10482,2026-06-20,neu,cambio_organizacional|reconocimiento
BUK10483,2025-09-24,neu,onboarding|cambio_organizacional
BUK10483,2025-10-23,neu,movilidad_interna|carga_trabajo
BUK10483,2025-11-07,pos,herramientas_procesos|compensacion|relacion_con_lider
BUK10484,2025-10-02,neg,desarrollo_carrera|carga_trabajo
BUK10484,2025-12-17,neu,clima_equipo|claridad_rol
BUK10484,2026-03-02,neg,movilidad_interna|cambio_organizacional
BUK10484,2026-05-16,pos,movilidad_interna|relacion_con_lider
BUK10484,2026-06-26,neu,movilidad_interna
BUK10484,2026-08-25,neu,movilidad_interna|cambio_organizacional
BUK10486,2025-07-24,pos,balance_vida_trabajo|onboarding
BUK10486,2025-10-04,neu,carga_trabajo|compensacion|reconocimiento
BUK10486,2026-01-05,neu,claridad_rol|relacion_con_lider
BUK10486,2026-03-30,pos,relacion_con_lider|desarrollo_carrera
BUK10486,2026-05-03,neu,carga_trabajo|clima_equipo
BUK10487,2026-04-18,neu,movilidad_interna|reconocimiento
BUK10487,2026-05-21,neu,carga_trabajo|onboarding
BUK10488,2026-05-24,neg,herramientas_procesos
BUK10488,2026-07-08,neg,claridad_rol|herramientas_procesos
BUK10488,2026-07-26,neg,desarrollo_carrera|herramientas_procesos
BUK10489,2025-09-26,neg,relacion_con_lider|reconocimiento|desarrollo_carrera
BUK10489,2026-03-20,neu,cambio_organizacional|carga_trabajo
BUK10489,2026-04-24,neg,desarrollo_carrera
BUK10489,2026-08-27,neu,reconocimiento|clima_equipo|onboarding
BUK10490,2025-03-29,neu,clima_equipo|onboarding|herramientas_procesos
BUK10490,2025-05-20,pos,desarrollo_carrera|claridad_rol|herramientas_procesos
BUK10490,2025-12-09,pos,carga_trabajo
BUK10490,2026-08-20,pos,relacion_con_lider|cambio_organizacional
BUK10491,2025-05-01,pos,relacion_con_lider|compensacion
BUK10491,2025-09-18,neu,movilidad_interna|reconocimiento
BUK10491,2026-04-06,neu,herramientas_procesos|desarrollo_carrera
BUK10491,2026-04-08,neu,carga_trabajo|balance_vida_trabajo
BUK10491,2026-04-19,neu,reconocimiento
BUK10492,2026-07-04,neg,claridad_rol|onboarding
BUK10492,2026-07-25,neu,herramientas_procesos|relacion_con_lider|claridad_rol
BUK10492,2026-07-27,neu,relacion_con_lider|herramientas_procesos
BUK10492,2026-07-29,neu,claridad_rol|relacion_con_lider
BUK10492,2026-08-04,neg,onboarding|relacion_con_lider|herramientas_procesos
BUK10492,2026-08-09,neg,onboarding|herramientas_procesos
BUK10492,2026-08-14,neu,claridad_rol|herramientas_procesos
BUK10493,2025-06-04,pos,movilidad_interna|desarrollo_carrera
BUK10493,2025-06-20,neu,claridad_rol|relacion_con_lider
BUK10493,2026-03-11,pos,movilidad_interna|onboarding
BUK10494,2025-07-15,neu,claridad_rol|clima_equipo
BUK10494,2025-08-10,neu,movilidad_interna|clima_equipo
BUK10494,2025-08-20,neg,carga_trabajo|onboarding
BUK10494,2025-08-26,pos,cambio_organizacional|desarrollo_carrera
BUK10494,2025-09-10,neu,onboarding|clima_equipo
BUK10495,2026-03-17,neg,cambio_organizacional|relacion_con_lider|carga_trabajo
BUK10495,2026-05-02,neu,clima_equipo|reconocimiento
BUK10496,2025-12-18,neu,movilidad_interna
BUK10496,2026-01-09,pos,balance_vida_trabajo|compensacion
BUK10496,2026-03-24,neg,onboarding|carga_trabajo|claridad_rol
BUK10497,2025-09-05,pos,relacion_con_lider|desarrollo_carrera
BUK10497,2025-11-04,pos,relacion_con_lider|clima_equipo|desarrollo_carrera
BUK10498,2025-12-26,pos,clima_equipo|claridad_rol
BUK10498,2026-07-06,pos,relacion_con_lider|desarrollo_carrera
BUK10499,2025-11-24,pos,reconocimiento|onboarding
BUK10499,2026-03-31,neu,clima_equipo|herramientas_procesos|relacion_con_lider
BUK10499,2026-08-20,neu,reconocimiento|carga_trabajo
BUK10500,2025-04-23,neu,onboarding|herramientas_procesos
BUK10500,2025-05-30,pos,clima_equipo|relacion_con_lider|compensacion
BUK10500,2025-08-09,pos,onboarding|herramientas_procesos
BUK10500,2025-09-02,pos,carga_trabajo|reconocimiento|herramientas_procesos
BUK10500,2025-12-09,pos,cambio_organizacional|clima_equipo
BUK10500,2026-01-08,neu,relacion_con_lider
BUK10501,2025-11-12,pos,balance_vida_trabajo
BUK10501,2025-12-07,pos,relacion_con_lider
BUK10501,2026-05-05,pos,onboarding|claridad_rol
BUK10501,2026-05-10,pos,cambio_organizacional|desarrollo_carrera
BUK10501,2026-07-04,pos,relacion_con_lider|carga_trabajo
BUK10501,2026-07-19,pos,cambio_organizacional|reconocimiento
BUK10502,2025-03-18,neu,balance_vida_trabajo|claridad_rol
BUK10502,2025-05-06,neu,compensacion|clima_equipo
BUK10502,2025-11-25,neu,claridad_rol|balance_vida_trabajo|reconocimiento
BUK10502,2026-04-29,neu,relacion_con_lider
BUK10503,2025-06-14,pos,balance_vida_trabajo|herramientas_procesos|relacion_con_lider
BUK10504,2026-08-25,pos,compensacion|carga_trabajo
BUK10505,2026-06-04,neu,relacion_con_lider|movilidad_interna
BUK10505,2026-06-19,pos,clima_equipo
BUK10505,2026-08-04,pos,movilidad_interna|claridad_rol
BUK10507,2025-11-01,neu,desarrollo_carrera|movilidad_interna
BUK10507,2025-12-03,pos,desarrollo_carrera|movilidad_interna
BUK10508,2026-02-02,neu,desarrollo_carrera|reconocimiento
BUK10508,2026-02-03,neg,cambio_organizacional
BUK10508,2026-04-02,neu,desarrollo_carrera|clima_equipo
BUK10508,2026-06-09,neu,relacion_con_lider|reconocimiento
BUK10508,2026-06-24,neg,cambio_organizacional
BUK10508,2026-07-03,neu,movilidad_interna|relacion_con_lider|claridad_rol
BUK10508,2026-08-16,neu,carga_trabajo|clima_equipo
BUK10509,2026-06-01,neg,relacion_con_lider|desarrollo_carrera|herramientas_procesos
BUK10509,2026-06-11,neg,desarrollo_carrera|relacion_con_lider
BUK10509,2026-06-27,neg,herramientas_procesos|relacion_con_lider|desarrollo_carrera
BUK10509,2026-07-15,neg,herramientas_procesos
BUK10510,2025-05-02,neu,compensacion|clima_equipo|movilidad_interna
BUK10511,2025-06-16,pos,compensacion|relacion_con_lider
BUK10511,2025-12-27,pos,cambio_organizacional|claridad_rol
BUK10511,2026-01-08,neu,claridad_rol|balance_vida_trabajo
BUK10511,2026-02-05,pos,herramientas_procesos|reconocimiento
BUK10511,2026-03-12,pos,movilidad_interna
BUK10512,2026-03-04,pos,reconocimiento|compensacion|carga_trabajo
BUK10512,2026-04-17,neu,balance_vida_trabajo|relacion_con_lider|onboarding
BUK10512,2026-07-11,pos,onboarding|reconocimiento
BUK10512,2026-07-14,pos,cambio_organizacional|reconocimiento
BUK10512,2026-08-06,neu,relacion_con_lider|desarrollo_carrera
BUK10513,2026-07-15,neu,relacion_con_lider|balance_vida_trabajo|cambio_organizacional
BUK10513,2026-07-15,neg,carga_trabajo|reconocimiento
BUK10513,2026-07-22,pos,balance_vida_trabajo|carga_trabajo|reconocimiento
BUK10513,2026-07-24,neg,relacion_con_lider|cambio_organizacional
BUK10513,2026-08-13,neg,balance_vida_trabajo|cambio_organizacional
BUK10513,2026-08-30,neg,clima_equipo|relacion_con_lider
BUK10514,2025-11-30,neu,compensacion
BUK10514,2026-02-03,neu,onboarding
BUK10514,2026-03-12,neu,claridad_rol|balance_vida_trabajo
BUK10515,2026-04-23,pos,claridad_rol
BUK10515,2026-06-29,pos,desarrollo_carrera|movilidad_interna|compensacion
BUK10515,2026-08-27,neu,relacion_con_lider|herramientas_procesos
BUK10516,2026-08-10,neg,balance_vida_trabajo|relacion_con_lider
BUK10516,2026-08-10,neg,balance_vida_trabajo|reconocimiento
BUK10516,2026-08-16,neu,relacion_con_lider
BUK10516,2026-08-24,neg,balance_vida_trabajo
BUK10516,2026-08-25,neg,reconocimiento|relacion_con_lider
BUK10516,2026-08-25,neg,carga_trabajo|cambio_organizacional|clima_equipo
BUK10516,2026-08-26,neg,clima_equipo
BUK10517,2025-04-05,pos,carga_trabajo|clima_equipo
BUK10517,2025-06-02,neu,onboarding
BUK10517,2025-06-11,pos,onboarding|reconocimiento
BUK10517,2025-08-14,neu,cambio_organizacional|balance_vida_trabajo
BUK10517,2025-08-17,neu,reconocimiento|movilidad_interna
BUK10517,2025-08-31,neg,clima_equipo|onboarding|compensacion
BUK10517,2025-09-06,neg,carga_trabajo|clima_equipo|compensacion
BUK10518,2025-05-30,neu,onboarding|claridad_rol
BUK10518,2026-04-25,pos,claridad_rol|movilidad_interna|reconocimiento
BUK10519,2026-06-09,neu,compensacion
BUK10519,2026-06-25,pos,movilidad_interna|balance_vida_trabajo
BUK10519,2026-07-16,neu,movilidad_interna
BUK10519,2026-08-17,neu,compensacion|onboarding|carga_trabajo
BUK10519,2026-08-18,neu,desarrollo_carrera|compensacion
BUK10520,2026-08-07,pos,movilidad_interna|herramientas_procesos|cambio_organizacional
BUK10521,2025-10-12,neu,compensacion|desarrollo_carrera|movilidad_interna
BUK10522,2025-06-28,neg,clima_equipo|balance_vida_trabajo|reconocimiento
BUK10522,2026-04-13,neg,carga_trabajo|reconocimiento
BUK10522,2026-05-15,neu,reconocimiento|clima_equipo
BUK10522,2026-05-16,neu,clima_equipo|balance_vida_trabajo
BUK10523,2025-04-30,pos,cambio_organizacional
BUK10523,2025-05-11,neu,cambio_organizacional|movilidad_interna
BUK10523,2025-05-24,pos,carga_trabajo
BUK10523,2025-07-02,pos,relacion_con_lider|onboarding
BUK10523,2025-07-26,neg,movilidad_interna|balance_vida_trabajo
BUK10524,2026-04-01,neg,claridad_rol|desarrollo_carrera
BUK10524,2026-04-10,neg,desarrollo_carrera|claridad_rol|herramientas_procesos
BUK10524,2026-05-08,neg,desarrollo_carrera
BUK10525,2025-06-17,neu,movilidad_interna|reconocimiento
BUK10525,2025-11-12,pos,claridad_rol|compensacion
BUK10525,2026-01-06,neu,balance_vida_trabajo|claridad_rol
BUK10526,2026-04-10,pos,movilidad_interna|herramientas_procesos
BUK10528,2025-03-09,neu,clima_equipo
BUK10528,2025-03-30,pos,desarrollo_carrera|compensacion
BUK10528,2025-04-15,pos,reconocimiento|herramientas_procesos|claridad_rol
BUK10529,2025-09-22,pos,relacion_con_lider|carga_trabajo|compensacion
BUK10529,2025-11-01,pos,clima_equipo|balance_vida_trabajo
BUK10529,2026-02-11,pos,carga_trabajo|balance_vida_trabajo
BUK10529,2026-02-21,neu,movilidad_interna|cambio_organizacional
BUK10529,2026-04-05,pos,movilidad_interna|carga_trabajo
BUK10530,2026-06-16,neu,clima_equipo|compensacion
BUK10530,2026-06-27,pos,relacion_con_lider|claridad_rol
BUK10530,2026-08-10,pos,balance_vida_trabajo
BUK10530,2026-08-18,pos,herramientas_procesos
BUK10531,2026-07-22,neu,movilidad_interna
BUK10531,2026-08-15,pos,compensacion|relacion_con_lider
BUK10531,2026-08-16,neu,cambio_organizacional
BUK10531,2026-08-17,neu,clima_equipo|herramientas_procesos|desarrollo_carrera
BUK10531,2026-08-26,neu,balance_vida_trabajo|compensacion|desarrollo_carrera
BUK10532,2025-10-08,neu,movilidad_interna
BUK10532,2025-11-11,pos,herramientas_procesos|desarrollo_carrera
BUK10532,2026-02-20,neg,compensacion|balance_vida_trabajo
BUK10532,2026-04-15,pos,herramientas_procesos
BUK10532,2026-06-17,pos,balance_vida_trabajo
BUK10533,2025-12-15,pos,cambio_organizacional|clima_equipo
BUK10533,2026-08-01,pos,claridad_rol
BUK10534,2025-11-22,neu,balance_vida_trabajo|claridad_rol|onboarding
BUK10534,2025-12-23,neu,compensacion|movilidad_interna
BUK10534,2026-06-16,neu,relacion_con_lider|carga_trabajo
BUK10534,2026-06-25,pos,carga_trabajo
BUK10535,2025-03-30,neu,carga_trabajo
BUK10535,2025-10-25,pos,onboarding|movilidad_interna
BUK10535,2025-11-30,neu,relacion_con_lider|clima_equipo
BUK10535,2026-01-25,pos,desarrollo_carrera|cambio_organizacional
BUK10536,2025-04-15,pos,claridad_rol|compensacion
BUK10536,2025-05-11,neu,movilidad_interna|relacion_con_lider
BUK10536,2025-09-27,pos,herramientas_procesos|clima_equipo
BUK10537,2025-07-12,pos,compensacion|herramientas_procesos
BUK10537,2026-01-04,pos,clima_equipo|carga_trabajo|movilidad_interna
BUK10537,2026-03-31,pos,claridad_rol|carga_trabajo
BUK10537,2026-04-13,pos,movilidad_interna|onboarding
BUK10538,2025-04-14,neg,compensacion|claridad_rol
BUK10538,2025-10-04,pos,onboarding|compensacion|claridad_rol
BUK10538,2025-10-07,pos,desarrollo_carrera|claridad_rol
BUK10538,2025-10-29,pos,compensacion|claridad_rol
BUK10538,2026-02-15,pos,carga_trabajo|balance_vida_trabajo
BUK10538,2026-02-18,pos,herramientas_procesos|reconocimiento
BUK10538,2026-06-21,pos,balance_vida_trabajo
BUK10539,2025-08-25,neg,reconocimiento|desarrollo_carrera|compensacion
BUK10539,2026-01-16,pos,cambio_organizacional|desarrollo_carrera
BUK10539,2026-04-17,neu,clima_equipo|claridad_rol
BUK10540,2025-11-29,pos,balance_vida_trabajo
BUK10540,2025-12-02,pos,desarrollo_carrera
BUK10540,2025-12-21,neu,cambio_organizacional|claridad_rol
BUK10540,2026-02-16,neu,movilidad_interna|balance_vida_trabajo
BUK10542,2026-08-20,neu,relacion_con_lider|claridad_rol|clima_equipo
BUK10542,2026-08-27,pos,balance_vida_trabajo|relacion_con_lider
BUK10543,2025-07-04,pos,claridad_rol|relacion_con_lider|clima_equipo
BUK10543,2025-09-02,neu,onboarding|compensacion|desarrollo_carrera
BUK10543,2025-09-22,pos,claridad_rol|balance_vida_trabajo
BUK10543,2025-11-11,neu,herramientas_procesos|claridad_rol|compensacion
BUK10543,2025-11-28,pos,claridad_rol|relacion_con_lider
BUK10544,2026-05-10,neg,cambio_organizacional|clima_equipo
BUK10544,2026-07-02,neg,reconocimiento|balance_vida_trabajo|carga_trabajo
BUK10545,2025-03-11,neu,balance_vida_trabajo|cambio_organizacional
BUK10545,2025-08-22,pos,carga_trabajo|onboarding
BUK10545,2025-11-09,pos,cambio_organizacional|carga_trabajo|claridad_rol
BUK10545,2026-07-18,pos,herramientas_procesos|claridad_rol
BUK10546,2025-05-19,neg,cambio_organizacional|onboarding
BUK10546,2026-03-28,neu,clima_equipo|compensacion|onboarding
BUK10546,2026-05-01,neu,clima_equipo|claridad_rol
BUK10547,2026-04-30,neg,movilidad_interna|reconocimiento
BUK10547,2026-05-05,neg,onboarding|reconocimiento
BUK10547,2026-05-17,pos,onboarding
BUK10547,2026-08-07,pos,herramientas_procesos|carga_trabajo|relacion_con_lider
BUK10548,2026-04-01,pos,relacion_con_lider|movilidad_interna|onboarding
BUK10548,2026-05-05,pos,desarrollo_carrera|carga_trabajo
BUK10548,2026-05-12,pos,movilidad_interna|cambio_organizacional|balance_vida_trabajo
BUK10548,2026-06-29,pos,herramientas_procesos|desarrollo_carrera|movilidad_interna
BUK10549,2025-05-14,pos,claridad_rol
BUK10549,2025-07-06,neu,reconocimiento|relacion_con_lider
BUK10549,2025-11-24,neg,cambio_organizacional|claridad_rol
BUK10550,2025-04-16,pos,desarrollo_carrera|clima_equipo
BUK10550,2025-05-11,neu,relacion_con_lider|cambio_organizacional|compensacion
BUK10551,2026-07-25,pos,compensacion
BUK10551,2026-08-24,neu,carga_trabajo|balance_vida_trabajo
BUK10552,2026-07-04,neu,cambio_organizacional|reconocimiento
BUK10552,2026-07-04,pos,cambio_organizacional|onboarding
BUK10552,2026-07-05,pos,carga_trabajo|desarrollo_carrera|balance_vida_trabajo
BUK10552,2026-07-07,pos,claridad_rol|clima_equipo
BUK10552,2026-07-12,pos,movilidad_interna
BUK10552,2026-07-19,neg,carga_trabajo|clima_equipo
BUK10553,2025-10-07,neg,relacion_con_lider
BUK10553,2025-11-28,neu,balance_vida_trabajo
BUK10553,2026-01-11,neg,balance_vida_trabajo|carga_trabajo|relacion_con_lider
BUK10553,2026-01-12,neg,cambio_organizacional
BUK10553,2026-01-29,neu,balance_vida_trabajo|relacion_con_lider
BUK10553,2026-06-04,neg,cambio_organizacional|clima_equipo
BUK10554,2026-05-20,neu,relacion_con_lider|herramientas_procesos
BUK10554,2026-07-28,neg,claridad_rol|herramientas_procesos|onboarding
BUK10554,2026-08-27,neg,relacion_con_lider
BUK10555,2026-02-28,neu,onboarding|reconocimiento
BUK10555,2026-03-11,pos,balance_vida_trabajo|onboarding
BUK10555,2026-04-05,neu,balance_vida_trabajo|clima_equipo
BUK10556,2026-08-26,neg,reconocimiento
BUK10557,2025-12-04,neg,relacion_con_lider|herramientas_procesos
BUK10557,2026-04-09,neu,cambio_organizacional|movilidad_interna|carga_trabajo
BUK10557,2026-04-21,neg,cambio_organizacional
BUK10558,2025-10-28,neg,claridad_rol|movilidad_interna
BUK10558,2026-07-20,neg,onboarding|reconocimiento|movilidad_interna
BUK10559,2025-07-07,pos,desarrollo_carrera|clima_equipo
BUK10559,2026-05-01,neu,reconocimiento
BUK10559,2026-07-16,pos,compensacion|onboarding
BUK10560,2026-03-09,neu,carga_trabajo|movilidad_interna
BUK10560,2026-06-22,neg,clima_equipo
BUK10561,2025-05-18,neu,carga_trabajo|cambio_organizacional
BUK10561,2025-06-11,neu,onboarding
BUK10561,2026-01-20,neu,movilidad_interna
BUK10561,2026-05-13,pos,reconocimiento|relacion_con_lider
BUK10562,2025-07-30,pos,movilidad_interna|herramientas_procesos
BUK10562,2026-03-03,neu,desarrollo_carrera
BUK10563,2026-05-24,neu,relacion_con_lider|balance_vida_trabajo
BUK10563,2026-08-17,pos,reconocimiento|balance_vida_trabajo|herramientas_procesos
BUK10563,2026-08-26,neu,movilidad_interna|onboarding
BUK10564,2025-12-08,neg,balance_vida_trabajo|clima_equipo
BUK10564,2026-02-16,neu,balance_vida_trabajo|carga_trabajo
BUK10564,2026-03-06,neu,movilidad_interna|reconocimiento
BUK10564,2026-04-10,neu,claridad_rol|compensacion
BUK10564,2026-05-17,pos,claridad_rol|desarrollo_carrera
BUK10564,2026-08-16,neu,claridad_rol|relacion_con_lider|clima_equipo
BUK10565,2025-04-04,pos,relacion_con_lider|herramientas_procesos
BUK10565,2025-08-26,pos,clima_equipo
BUK10565,2026-05-04,pos,movilidad_interna
BUK10565,2026-06-11,pos,relacion_con_lider|onboarding|balance_vida_trabajo
BUK10565,2026-07-05,pos,herramientas_procesos
BUK10566,2025-04-05,neu,balance_vida_trabajo|reconocimiento
BUK10566,2025-07-11,pos,compensacion|balance_vida_trabajo|clima_equipo
BUK10566,2025-07-19,pos,cambio_organizacional|relacion_con_lider
BUK10566,2025-07-20,pos,desarrollo_carrera|cambio_organizacional|balance_vida_trabajo
BUK10566,2025-09-02,neu,relacion_con_lider|cambio_organizacional
BUK10567,2025-05-22,pos,balance_vida_trabajo|claridad_rol|onboarding
BUK10567,2025-12-01,pos,relacion_con_lider|reconocimiento
BUK10567,2026-04-19,pos,desarrollo_carrera|compensacion
BUK10567,2026-04-22,neu,relacion_con_lider|claridad_rol|herramientas_procesos
BUK10567,2026-05-31,neu,desarrollo_carrera
BUK10567,2026-06-19,pos,carga_trabajo|balance_vida_trabajo
BUK10567,2026-07-20,pos,compensacion|carga_trabajo
BUK10568,2026-02-09,pos,reconocimiento|movilidad_interna
BUK10568,2026-02-10,neu,relacion_con_lider|clima_equipo|balance_vida_trabajo
BUK10568,2026-02-19,pos,carga_trabajo
BUK10568,2026-02-19,pos,cambio_organizacional|clima_equipo|relacion_con_lider
BUK10569,2025-05-14,neg,clima_equipo|cambio_organizacional
BUK10569,2026-02-21,pos,balance_vida_trabajo|claridad_rol|compensacion
BUK10569,2026-06-01,pos,movilidad_interna|onboarding
BUK10569,2026-07-15,pos,claridad_rol|herramientas_procesos|carga_trabajo
BUK10570,2025-04-28,pos,cambio_organizacional|balance_vida_trabajo
BUK10570,2025-09-03,pos,cambio_organizacional|clima_equipo
BUK10570,2025-11-07,pos,compensacion|reconocimiento|onboarding
BUK10570,2026-02-18,neg,onboarding|herramientas_procesos
BUK10571,2025-04-08,pos,herramientas_procesos|relacion_con_lider
BUK10571,2025-08-29,pos,relacion_con_lider|reconocimiento
BUK10572,2026-06-06,neu,movilidad_interna|reconocimiento
BUK10573,2025-05-20,pos,desarrollo_carrera
BUK10573,2025-06-22,neu,compensacion|movilidad_interna|desarrollo_carrera
BUK10573,2025-07-23,neg,reconocimiento|desarrollo_carrera
BUK10573,2025-08-10,pos,movilidad_interna|compensacion
BUK10573,2025-12-22,neg,reconocimiento|compensacion|movilidad_interna
BUK10574,2026-04-16,neu,herramientas_procesos|balance_vida_trabajo
BUK10574,2026-04-23,neg,relacion_con_lider|clima_equipo
BUK10574,2026-05-13,pos,carga_trabajo
BUK10574,2026-06-25,pos,cambio_organizacional|desarrollo_carrera
BUK10575,2025-11-16,neu,claridad_rol|onboarding|herramientas_procesos
BUK10575,2026-01-02,neu,herramientas_procesos|balance_vida_trabajo|relacion_con_lider
BUK10575,2026-07-15,pos,reconocimiento
BUK10576,2025-07-05,pos,carga_trabajo|reconocimiento|relacion_con_lider
BUK10576,2025-08-19,neu,relacion_con_lider|carga_trabajo|cambio_organizacional
BUK10576,2025-11-20,neg,reconocimiento|clima_equipo
BUK10577,2025-09-25,neu,carga_trabajo|clima_equipo|balance_vida_trabajo
BUK10577,2025-10-22,pos,relacion_con_lider
BUK10577,2026-03-11,neu,compensacion|desarrollo_carrera
BUK10577,2026-03-26,pos,reconocimiento|carga_trabajo|movilidad_interna
BUK10577,2026-07-25,pos,balance_vida_trabajo|desarrollo_carrera|carga_trabajo
BUK10577,2026-07-31,neg,desarrollo_carrera|balance_vida_trabajo
BUK10578,2026-01-13,neg,cambio_organizacional|reconocimiento
BUK10578,2026-01-31,neg,cambio_organizacional|balance_vida_trabajo
BUK10578,2026-02-03,neg,relacion_con_lider|cambio_organizacional|carga_trabajo
BUK10578,2026-02-04,neg,balance_vida_trabajo|clima_equipo
BUK10579,2025-03-21,neg,relacion_con_lider|reconocimiento
BUK10579,2025-10-10,neg,carga_trabajo|reconocimiento
BUK10580,2025-09-24,pos,onboarding|carga_trabajo
BUK10580,2025-09-26,pos,onboarding|claridad_rol
BUK10580,2025-11-09,pos,desarrollo_carrera|onboarding
BUK10581,2025-06-28,neu,onboarding|desarrollo_carrera
BUK10581,2025-09-25,pos,claridad_rol|carga_trabajo
BUK10581,2025-10-14,neu,reconocimiento
BUK10581,2026-02-24,pos,clima_equipo|relacion_con_lider|carga_trabajo
BUK10581,2026-05-20,neu,herramientas_procesos
BUK10582,2026-06-26,pos,compensacion|balance_vida_trabajo
BUK10582,2026-06-29,neu,herramientas_procesos|clima_equipo|desarrollo_carrera
BUK10582,2026-07-21,neu,claridad_rol|cambio_organizacional
BUK10583,2025-04-18,neu,relacion_con_lider|movilidad_interna
BUK10583,2025-06-03,neu,balance_vida_trabajo|clima_equipo|desarrollo_carrera
BUK10583,2025-06-06,neu,desarrollo_carrera|cambio_organizacional|clima_equipo
BUK10583,2026-05-08,neg,reconocimiento|claridad_rol|compensacion
BUK10583,2026-05-31,pos,movilidad_interna
BUK10584,2025-05-02,pos,desarrollo_carrera
BUK10584,2025-07-23,pos,movilidad_interna
BUK10585,2026-04-12,neg,herramientas_procesos
BUK10585,2026-06-12,neu,balance_vida_trabajo
BUK10585,2026-06-16,neg,onboarding
BUK10585,2026-06-18,neg,onboarding|carga_trabajo
BUK10585,2026-07-05,pos,reconocimiento|desarrollo_carrera|onboarding
BUK10586,2026-05-21,neg,movilidad_interna
BUK10586,2026-05-22,pos,herramientas_procesos|clima_equipo
BUK10586,2026-06-23,pos,movilidad_interna|balance_vida_trabajo|claridad_rol
BUK10586,2026-06-30,neu,relacion_con_lider|cambio_organizacional
BUK10587,2026-05-13,pos,carga_trabajo|relacion_con_lider
BUK10588,2026-05-11,neg,claridad_rol|relacion_con_lider
BUK10588,2026-06-18,neu,desarrollo_carrera|relacion_con_lider
BUK10588,2026-07-01,pos,clima_equipo|balance_vida_trabajo|herramientas_procesos
BUK10589,2025-04-10,neu,cambio_organizacional|compensacion|onboarding
BUK10589,2025-04-12,neg,carga_trabajo|balance_vida_trabajo
BUK10589,2025-07-13,neu,cambio_organizacional
BUK10589,2026-02-22,neg,desarrollo_carrera|onboarding
BUK10589,2026-05-02,neu,onboarding|cambio_organizacional
BUK10589,2026-08-13,neg,movilidad_interna|onboarding|balance_vida_trabajo
BUK10590,2025-03-26,pos,onboarding|relacion_con_lider
BUK10590,2025-04-20,pos,herramientas_procesos|cambio_organizacional
BUK10590,2025-07-14,neg,claridad_rol
BUK10590,2025-12-18,neu,relacion_con_lider
BUK10590,2026-01-02,pos,compensacion
BUK10591,2026-07-04,pos,cambio_organizacional|movilidad_interna|balance_vida_trabajo
BUK10591,2026-07-11,neu,cambio_organizacional|compensacion|relacion_con_lider
BUK10591,2026-07-23,pos,onboarding
BUK10592,2026-06-07,pos,onboarding
BUK10592,2026-07-22,pos,carga_trabajo
BUK10594,2026-03-17,neu,relacion_con_lider|herramientas_procesos
BUK10595,2026-08-23,neg,onboarding|compensacion
BUK10595,2026-08-29,pos,desarrollo_carrera|cambio_organizacional|clima_equipo
BUK10596,2025-04-25,neu,carga_trabajo|onboarding
BUK10596,2026-03-25,pos,balance_vida_trabajo
BUK10596,2026-08-17,neu,compensacion|relacion_con_lider|herramientas_procesos
BUK10597,2025-03-22,pos,reconocimiento
BUK10597,2025-04-03,pos,compensacion|desarrollo_carrera
BUK10597,2025-05-22,pos,compensacion|movilidad_interna
BUK10597,2025-05-27,pos,movilidad_interna
BUK10598,2025-11-23,neu,clima_equipo|onboarding|claridad_rol
BUK10598,2026-04-26,neu,compensacion|balance_vida_trabajo
BUK10599,2025-04-19,neg,onboarding|movilidad_interna|balance_vida_trabajo
BUK10599,2025-08-03,neg,movilidad_interna|herramientas_procesos|clima_equipo
BUK10599,2025-09-24,neu,onboarding|claridad_rol
BUK10599,2026-07-12,neg,onboarding|cambio_organizacional
BUK10599,2026-08-16,neg,carga_trabajo
BUK10600,2025-06-20,neu,reconocimiento|movilidad_interna
BUK10600,2025-10-17,pos,carga_trabajo|cambio_organizacional
BUK10600,2025-10-23,neu,cambio_organizacional|carga_trabajo|claridad_rol
BUK10600,2025-11-02,neu,clima_equipo|reconocimiento|onboarding
BUK10600,2025-12-01,neu,desarrollo_carrera
BUK10600,2026-01-08,neu,movilidad_interna|reconocimiento
BUK10602,2025-06-14,pos,movilidad_interna|reconocimiento
BUK10602,2025-08-13,neu,movilidad_interna|compensacion
BUK10602,2025-10-02,neu,movilidad_interna|desarrollo_carrera
BUK10602,2025-12-12,neu,movilidad_interna
BUK10603,2026-04-15,pos,reconocimiento|cambio_organizacional
BUK10603,2026-05-23,pos,herramientas_procesos
BUK10603,2026-08-03,pos,herramientas_procesos
BUK10604,2025-07-14,pos,onboarding|relacion_con_lider|claridad_rol
BUK10605,2025-07-23,neu,movilidad_interna|cambio_organizacional
BUK10605,2025-09-13,pos,balance_vida_trabajo|clima_equipo
BUK10605,2026-07-15,pos,reconocimiento
BUK10606,2025-05-26,pos,relacion_con_lider|balance_vida_trabajo
BUK10606,2025-07-01,neu,cambio_organizacional|relacion_con_lider
BUK10606,2025-07-08,pos,desarrollo_carrera|compensacion
BUK10606,2025-09-29,pos,carga_trabajo
BUK10606,2026-06-29,pos,claridad_rol|compensacion
BUK10607,2026-02-02,pos,movilidad_interna|onboarding
BUK10607,2026-02-19,neu,onboarding
BUK10607,2026-05-22,pos,claridad_rol|clima_equipo
BUK10607,2026-06-12,neu,clima_equipo
BUK10608,2025-07-20,neu,cambio_organizacional|relacion_con_lider|balance_vida_trabajo
BUK10609,2026-05-05,pos,desarrollo_carrera
BUK10609,2026-06-19,pos,compensacion|carga_trabajo
BUK10609,2026-07-19,neu,cambio_organizacional|carga_trabajo
BUK10609,2026-08-10,neu,movilidad_interna
BUK10610,2026-08-13,pos,clima_equipo|reconocimiento
BUK10611,2025-03-17,neu,balance_vida_trabajo|desarrollo_carrera
BUK10611,2025-04-17,neg,compensacion
BUK10611,2025-08-09,neu,onboarding
BUK10611,2026-06-27,pos,cambio_organizacional|balance_vida_trabajo
BUK10611,2026-08-07,pos,claridad_rol|reconocimiento
BUK10612,2026-03-14,pos,onboarding|relacion_con_lider|desarrollo_carrera
BUK10612,2026-05-02,pos,onboarding
BUK10612,2026-05-19,pos,clima_equipo|desarrollo_carrera
BUK10612,2026-06-13,pos,clima_equipo|compensacion
BUK10612,2026-06-22,neu,clima_equipo|herramientas_procesos|relacion_con_lider
BUK10612,2026-07-25,neu,claridad_rol|reconocimiento
BUK10613,2026-04-18,neu,herramientas_procesos|carga_trabajo|relacion_con_lider
BUK10613,2026-04-23,neg,desarrollo_carrera|movilidad_interna|balance_vida_trabajo
BUK10613,2026-05-09,pos,reconocimiento|compensacion
BUK10613,2026-05-27,neg,herramientas_procesos|cambio_organizacional
BUK10613,2026-06-08,neg,movilidad_interna
BUK10613,2026-06-17,pos,balance_vida_trabajo|reconocimiento
BUK10613,2026-08-21,neu,clima_equipo
BUK10614,2026-08-11,pos,carga_trabajo|compensacion|claridad_rol
BUK10614,2026-08-23,neu,onboarding|reconocimiento
BUK10615,2025-07-11,pos,reconocimiento|clima_equipo|cambio_organizacional
BUK10615,2026-02-06,neg,balance_vida_trabajo|reconocimiento
BUK10616,2025-10-02,pos,desarrollo_carrera
BUK10616,2025-11-04,pos,cambio_organizacional
BUK10616,2025-12-01,neu,onboarding
BUK10616,2026-01-25,pos,cambio_organizacional|balance_vida_trabajo
BUK10616,2026-02-06,pos,desarrollo_carrera|relacion_con_lider
BUK10616,2026-03-17,pos,herramientas_procesos|reconocimiento|balance_vida_trabajo
BUK10617,2026-07-25,pos,claridad_rol|balance_vida_trabajo
BUK10617,2026-07-26,neu,reconocimiento
BUK10617,2026-07-28,neu,desarrollo_carrera|carga_trabajo
BUK10617,2026-08-07,neg,clima_equipo
BUK10618,2026-06-18,neu,compensacion
BUK10618,2026-07-06,neu,desarrollo_carrera|compensacion
BUK10618,2026-07-26,pos,reconocimiento|movilidad_interna|compensacion
BUK10618,2026-08-09,neu,compensacion|reconocimiento
BUK10619,2025-03-25,neg,balance_vida_trabajo|clima_equipo
BUK10619,2025-05-05,neu,reconocimiento|balance_vida_trabajo
BUK10619,2025-07-03,neg,relacion_con_lider|balance_vida_trabajo
BUK10619,2025-09-01,pos,balance_vida_trabajo|relacion_con_lider
BUK10620,2025-08-02,neu,claridad_rol|carga_trabajo|compensacion
BUK10620,2025-08-22,neu,claridad_rol|herramientas_procesos
BUK10620,2025-09-23,neg,claridad_rol|movilidad_interna
BUK10620,2025-12-29,neu,balance_vida_trabajo|clima_equipo
BUK10620,2026-05-19,neu,onboarding|desarrollo_carrera
BUK10621,2026-07-06,neu,balance_vida_trabajo|clima_equipo
BUK10621,2026-07-22,neu,relacion_con_lider|reconocimiento
BUK10621,2026-07-23,neu,relacion_con_lider|clima_equipo|carga_trabajo
BUK10622,2025-06-27,neu,clima_equipo|herramientas_procesos
BUK10622,2026-08-12,neg,onboarding|movilidad_interna
BUK10623,2025-06-13,neu,carga_trabajo|movilidad_interna|compensacion
BUK10623,2025-12-26,pos,relacion_con_lider
BUK10623,2026-06-08,neg,cambio_organizacional|herramientas_procesos|onboarding
BUK10624,2026-02-10,neu,carga_trabajo|cambio_organizacional|clima_equipo
BUK10624,2026-02-24,pos,cambio_organizacional
BUK10624,2026-06-11,pos,onboarding|cambio_organizacional
BUK10624,2026-07-11,neu,claridad_rol|movilidad_interna
BUK10624,2026-08-28,pos,reconocimiento|claridad_rol|relacion_con_lider
BUK10625,2025-10-23,pos,cambio_organizacional|relacion_con_lider|balance_vida_trabajo
BUK10626,2026-06-04,neu,herramientas_procesos|relacion_con_lider
BUK10626,2026-08-13,neg,reconocimiento|onboarding
BUK10626,2026-08-22,pos,clima_equipo|cambio_organizacional
BUK10627,2025-03-04,pos,clima_equipo
BUK10627,2025-03-17,pos,clima_equipo|onboarding
BUK10627,2025-08-22,neu,movilidad_interna|relacion_con_lider|balance_vida_trabajo
BUK10628,2026-03-17,neu,balance_vida_trabajo|clima_equipo
BUK10628,2026-05-08,neg,clima_equipo|relacion_con_lider|reconocimiento
BUK10629,2025-04-03,pos,relacion_con_lider|claridad_rol
BUK10629,2025-09-06,neu,relacion_con_lider|claridad_rol
BUK10630,2025-12-15,neg,desarrollo_carrera
BUK10631,2026-02-14,neu,cambio_organizacional|balance_vida_trabajo|carga_trabajo
BUK10631,2026-03-12,neu,clima_equipo
BUK10631,2026-05-05,neu,relacion_con_lider
BUK10631,2026-06-29,neg,reconocimiento
BUK10633,2025-03-08,neu,compensacion|reconocimiento
BUK10633,2025-08-29,neu,claridad_rol|onboarding
BUK10633,2026-05-15,pos,carga_trabajo|claridad_rol|balance_vida_trabajo
BUK10634,2025-04-22,pos,herramientas_procesos|balance_vida_trabajo
BUK10634,2025-10-15,neu,claridad_rol|relacion_con_lider
BUK10634,2026-06-23,neg,compensacion|herramientas_procesos|claridad_rol
BUK10635,2025-03-05,neu,desarrollo_carrera|compensacion
BUK10635,2025-03-07,neu,desarrollo_carrera
BUK10635,2025-03-20,pos,compensacion|reconocimiento
BUK10635,2025-04-05,pos,desarrollo_carrera
BUK10635,2025-04-25,pos,reconocimiento|movilidad_interna
BUK10636,2026-01-18,neu,reconocimiento
BUK10636,2026-01-21,pos,carga_trabajo|reconocimiento|balance_vida_trabajo
BUK10636,2026-03-23,pos,cambio_organizacional|balance_vida_trabajo
BUK10636,2026-03-24,pos,carga_trabajo|cambio_organizacional
BUK10637,2025-10-05,pos,reconocimiento|compensacion|cambio_organizacional
BUK10637,2026-02-16,neu,desarrollo_carrera|movilidad_interna
BUK10638,2026-05-02,pos,herramientas_procesos|compensacion
BUK10638,2026-06-03,pos,claridad_rol|clima_equipo
BUK10638,2026-08-14,pos,carga_trabajo|balance_vida_trabajo
BUK10639,2026-06-27,neu,onboarding|compensacion|movilidad_interna
BUK10639,2026-07-08,pos,movilidad_interna|claridad_rol|reconocimiento
BUK10639,2026-07-12,pos,carga_trabajo|reconocimiento
BUK10640,2025-10-05,pos,movilidad_interna|balance_vida_trabajo|onboarding
BUK10640,2026-01-03,neu,carga_trabajo|desarrollo_carrera|balance_vida_trabajo
BUK10641,2025-06-17,pos,reconocimiento|herramientas_procesos|onboarding
BUK10641,2025-08-27,neu,onboarding
BUK10641,2025-12-15,neu,compensacion|reconocimiento
BUK10641,2026-01-15,pos,compensacion|clima_equipo|balance_vida_trabajo
BUK10642,2025-07-11,neu,herramientas_procesos|cambio_organizacional|movilidad_interna
BUK10642,2025-08-04,pos,relacion_con_lider
BUK10642,2025-11-08,neg,relacion_con_lider|cambio_organizacional
BUK10642,2026-04-03,pos,cambio_organizacional
BUK10642,2026-04-23,neu,reconocimiento|balance_vida_trabajo|claridad_rol
BUK10642,2026-08-28,pos,reconocimiento
BUK10643,2025-03-19,pos,relacion_con_lider|onboarding|reconocimiento
BUK10643,2025-07-07,neu,relacion_con_lider|reconocimiento
BUK10643,2025-07-19,neu,claridad_rol
BUK10643,2026-05-14,pos,movilidad_interna
BUK10643,2026-06-18,pos,relacion_con_lider
BUK10644,2025-09-05,neu,claridad_rol|relacion_con_lider
BUK10644,2026-03-08,neg,herramientas_procesos|relacion_con_lider
BUK10644,2026-03-23,neg,desarrollo_carrera
BUK10644,2026-08-13,neg,claridad_rol|herramientas_procesos
BUK10644,2026-08-16,neu,herramientas_procesos|claridad_rol
BUK10645,2026-04-03,pos,reconocimiento|balance_vida_trabajo
BUK10645,2026-05-18,pos,onboarding|movilidad_interna
BUK10645,2026-05-26,neu,claridad_rol|compensacion
BUK10645,2026-08-02,pos,movilidad_interna|claridad_rol
BUK10646,2025-04-19,neg,relacion_con_lider
BUK10646,2025-08-15,neg,desarrollo_carrera|claridad_rol
BUK10646,2025-09-19,neg,relacion_con_lider|herramientas_procesos|claridad_rol
BUK10646,2025-11-15,neg,relacion_con_lider|herramientas_procesos
BUK10647,2025-03-08,neg,compensacion|desarrollo_carrera
BUK10647,2025-08-05,neu,reconocimiento
BUK10647,2025-11-04,neu,reconocimiento|desarrollo_carrera
BUK10647,2026-05-17,neu,desarrollo_carrera
BUK10648,2026-06-11,neu,relacion_con_lider|herramientas_procesos
BUK10648,2026-06-17,pos,reconocimiento|cambio_organizacional
BUK10648,2026-06-23,pos,claridad_rol|balance_vida_trabajo
BUK10648,2026-07-12,neu,onboarding|carga_trabajo|clima_equipo
BUK10648,2026-07-24,pos,compensacion|onboarding
BUK10648,2026-08-17,pos,reconocimiento
BUK10649,2026-08-04,neg,clima_equipo
BUK10649,2026-08-06,neu,desarrollo_carrera|compensacion
BUK10649,2026-08-10,neu,reconocimiento|onboarding
BUK10649,2026-08-10,neu,balance_vida_trabajo
BUK10649,2026-08-29,neu,desarrollo_carrera|claridad_rol
BUK10650,2026-03-09,neg,herramientas_procesos|clima_equipo
BUK10650,2026-06-18,neg,movilidad_interna|reconocimiento|carga_trabajo
BUK10651,2025-06-13,neu,herramientas_procesos|compensacion
BUK10651,2026-02-06,neg,reconocimiento
BUK10651,2026-05-16,pos,balance_vida_trabajo|relacion_con_lider
BUK10652,2025-04-29,pos,balance_vida_trabajo|carga_trabajo
BUK10652,2025-08-13,neu,onboarding|balance_vida_trabajo
BUK10652,2025-08-20,pos,movilidad_interna|onboarding
BUK10652,2025-11-10,neu,balance_vida_trabajo
BUK10652,2026-04-01,neg,herramientas_procesos|clima_equipo
BUK10653,2026-04-23,neu,carga_trabajo|movilidad_interna
BUK10653,2026-05-31,neg,herramientas_procesos|balance_vida_trabajo
BUK10653,2026-07-26,neu,onboarding
BUK10654,2025-10-28,neu,clima_equipo|cambio_organizacional
BUK10654,2025-11-09,neg,balance_vida_trabajo|relacion_con_lider
BUK10654,2025-11-11,pos,relacion_con_lider|reconocimiento
BUK10654,2025-11-27,neu,relacion_con_lider|clima_equipo
BUK10654,2026-01-08,pos,clima_equipo|reconocimiento
BUK10654,2026-01-28,pos,reconocimiento|relacion_con_lider
BUK10654,2026-02-02,pos,clima_equipo
BUK10655,2025-06-13,neu,herramientas_procesos|balance_vida_trabajo
BUK10655,2026-01-30,pos,relacion_con_lider|reconocimiento
BUK10655,2026-05-13,neu,desarrollo_carrera|claridad_rol
BUK10656,2025-08-31,pos,movilidad_interna|cambio_organizacional
BUK10656,2025-12-03,neg,relacion_con_lider|onboarding|cambio_organizacional
BUK10656,2026-03-15,neu,balance_vida_trabajo
BUK10656,2026-08-17,neu,claridad_rol|onboarding|desarrollo_carrera
BUK10657,2026-04-27,neu,herramientas_procesos
BUK10658,2026-07-04,pos,balance_vida_trabajo|clima_equipo
BUK10658,2026-07-09,neu,claridad_rol|movilidad_interna|cambio_organizacional
BUK10658,2026-07-09,pos,desarrollo_carrera|clima_equipo
BUK10658,2026-07-18,pos,compensacion|herramientas_procesos|movilidad_interna
BUK10659,2025-06-20,pos,desarrollo_carrera|compensacion|movilidad_interna
BUK10659,2025-12-21,neu,compensacion|movilidad_interna
BUK10659,2026-06-28,pos,movilidad_interna|compensacion|desarrollo_carrera
BUK10659,2026-07-02,neu,desarrollo_carrera|movilidad_interna
BUK10659,2026-08-07,neu,desarrollo_carrera|reconocimiento|compensacion
BUK10660,2025-09-24,neu,desarrollo_carrera|claridad_rol
BUK10660,2025-09-25,pos,desarrollo_carrera
BUK10660,2025-09-27,pos,onboarding|desarrollo_carrera
BUK10660,2025-09-29,pos,claridad_rol|compensacion|herramientas_procesos
BUK10660,2025-09-30,pos,herramientas_procesos|balance_vida_trabajo|claridad_rol
BUK10660,2025-10-01,pos,desarrollo_carrera
BUK10660,2025-10-02,neu,balance_vida_trabajo|cambio_organizacional|carga_trabajo
BUK10661,2025-06-18,neg,herramientas_procesos|carga_trabajo
BUK10661,2025-10-07,neu,carga_trabajo|clima_equipo
BUK10661,2025-11-26,neu,onboarding|clima_equipo|claridad_rol
BUK10661,2026-07-05,neu,desarrollo_carrera|balance_vida_trabajo|carga_trabajo
BUK10662,2025-03-11,pos,movilidad_interna
BUK10662,2025-06-03,pos,onboarding|relacion_con_lider
BUK10662,2025-10-31,neu,claridad_rol|herramientas_procesos
BUK10662,2025-11-30,neu,onboarding|reconocimiento
BUK10662,2026-01-12,pos,herramientas_procesos|cambio_organizacional
BUK10662,2026-02-17,pos,desarrollo_carrera|reconocimiento
BUK10663,2025-07-17,neg,compensacion|desarrollo_carrera
BUK10663,2025-07-25,neu,movilidad_interna
BUK10663,2025-08-01,neu,reconocimiento|compensacion|movilidad_interna
BUK10664,2026-03-09,neu,herramientas_procesos|desarrollo_carrera
BUK10664,2026-03-22,neu,relacion_con_lider|desarrollo_carrera
BUK10665,2025-10-07,neu,relacion_con_lider|movilidad_interna|reconocimiento
BUK10665,2025-10-23,pos,relacion_con_lider
BUK10665,2026-05-30,pos,balance_vida_trabajo|onboarding|clima_equipo
BUK10665,2026-07-18,neu,movilidad_interna
BUK10666,2025-11-15,neu,balance_vida_trabajo|reconocimiento
BUK10666,2026-04-15,neu,balance_vida_trabajo|cambio_organizacional
BUK10666,2026-08-20,neu,cambio_organizacional|relacion_con_lider
BUK10667,2025-10-18,pos,compensacion
BUK10667,2026-01-26,neu,cambio_organizacional|onboarding|claridad_rol
BUK10668,2025-03-11,pos,clima_equipo
BUK10668,2025-11-10,pos,relacion_con_lider|onboarding|clima_equipo
BUK10668,2025-12-22,pos,clima_equipo|relacion_con_lider|onboarding
BUK10668,2026-04-17,neu,balance_vida_trabajo
BUK10669,2026-08-04,neg,reconocimiento|compensacion|desarrollo_carrera
BUK10670,2025-07-09,neu,clima_equipo|carga_trabajo|relacion_con_lider
BUK10670,2025-09-14,pos,carga_trabajo|cambio_organizacional
BUK10670,2026-02-18,pos,carga_trabajo|cambio_organizacional
BUK10670,2026-04-28,neu,reconocimiento|cambio_organizacional
BUK10671,2026-01-07,pos,movilidad_interna|relacion_con_lider
BUK10671,2026-01-26,neg,onboarding
BUK10671,2026-03-16,pos,compensacion|balance_vida_trabajo
BUK10671,2026-05-24,neu,desarrollo_carrera|reconocimiento
BUK10671,2026-07-02,pos,balance_vida_trabajo|relacion_con_lider|herramientas_procesos
BUK10672,2025-11-30,pos,balance_vida_trabajo
BUK10672,2025-12-16,pos,desarrollo_carrera|movilidad_interna
BUK10672,2026-01-08,neu,relacion_con_lider|cambio_organizacional
BUK10672,2026-01-16,neu,onboarding|balance_vida_trabajo|relacion_con_lider
BUK10672,2026-01-27,pos,relacion_con_lider|movilidad_interna|carga_trabajo
BUK10673,2025-12-13,neg,reconocimiento|balance_vida_trabajo|carga_trabajo
BUK10673,2025-12-18,neg,clima_equipo
BUK10674,2025-06-26,neu,claridad_rol|desarrollo_carrera|herramientas_procesos
BUK10674,2025-09-27,neg,herramientas_procesos
BUK10674,2025-11-09,neg,relacion_con_lider|herramientas_procesos
BUK10674,2026-03-16,neu,relacion_con_lider|herramientas_procesos|desarrollo_carrera
BUK10675,2025-03-02,neg,balance_vida_trabajo|onboarding|claridad_rol
BUK10675,2025-06-28,pos,clima_equipo|claridad_rol|cambio_organizacional
BUK10675,2025-10-08,pos,desarrollo_carrera|carga_trabajo
BUK10675,2025-11-22,neg,reconocimiento|movilidad_interna
BUK10675,2026-07-11,neu,carga_trabajo|reconocimiento|claridad_rol
BUK10676,2026-03-25,pos,desarrollo_carrera|reconocimiento|compensacion
BUK10676,2026-03-29,neu,movilidad_interna
BUK10676,2026-04-02,neu,reconocimiento|desarrollo_carrera
BUK10676,2026-04-21,neg,reconocimiento|desarrollo_carrera
BUK10676,2026-05-21,neu,reconocimiento|desarrollo_carrera|compensacion
BUK10676,2026-05-31,neu,compensacion|reconocimiento
BUK10677,2026-01-29,neu,reconocimiento|clima_equipo
BUK10677,2026-04-01,pos,claridad_rol|herramientas_procesos|movilidad_interna
BUK10677,2026-04-27,neu,cambio_organizacional
BUK10677,2026-04-27,neu,herramientas_procesos|claridad_rol|relacion_con_lider
BUK10677,2026-07-06,neu,cambio_organizacional|reconocimiento
BUK10679,2026-08-19,neg,compensacion|reconocimiento|onboarding
BUK10679,2026-08-22,neu,herramientas_procesos|desarrollo_carrera
BUK10679,2026-08-28,neu,compensacion|reconocimiento
BUK10680,2025-04-01,pos,balance_vida_trabajo|movilidad_interna
BUK10680,2025-09-01,neg,cambio_organizacional|herramientas_procesos
BUK10680,2025-11-11,pos,compensacion|clima_equipo|movilidad_interna
BUK10680,2025-12-27,neu,carga_trabajo|claridad_rol
BUK10681,2025-09-21,pos,clima_equipo|reconocimiento
BUK10681,2025-09-25,pos,carga_trabajo
BUK10681,2025-12-23,neg,relacion_con_lider
BUK10681,2026-08-01,neg,clima_equipo|cambio_organizacional
BUK10682,2025-03-14,pos,reconocimiento|herramientas_procesos
BUK10682,2025-03-16,pos,desarrollo_carrera|movilidad_interna
BUK10682,2026-05-16,pos,relacion_con_lider
BUK10683,2025-03-08,pos,claridad_rol|herramientas_procesos
BUK10683,2026-02-23,pos,herramientas_procesos|cambio_organizacional|carga_trabajo
BUK10683,2026-08-20,pos,herramientas_procesos|claridad_rol|reconocimiento
BUK10684,2025-04-11,neu,movilidad_interna|balance_vida_trabajo|carga_trabajo
BUK10684,2025-05-04,pos,desarrollo_carrera|reconocimiento
BUK10684,2025-10-18,neu,compensacion|claridad_rol|movilidad_interna
BUK10684,2026-04-08,neu,desarrollo_carrera|movilidad_interna
BUK10685,2025-07-17,pos,reconocimiento|movilidad_interna|clima_equipo
BUK10685,2025-11-16,pos,onboarding|carga_trabajo
BUK10685,2026-01-27,pos,compensacion|carga_trabajo
BUK10686,2025-06-19,neu,desarrollo_carrera
BUK10686,2025-09-20,neu,balance_vida_trabajo
BUK10686,2025-11-01,neu,onboarding
BUK10686,2026-03-14,neu,clima_equipo|relacion_con_lider
BUK10686,2026-05-18,neu,onboarding
BUK10686,2026-08-04,pos,claridad_rol|cambio_organizacional
BUK10686,2026-08-14,neg,desarrollo_carrera|reconocimiento
BUK10687,2025-08-24,pos,desarrollo_carrera|carga_trabajo
BUK10687,2025-12-29,neu,desarrollo_carrera|balance_vida_trabajo
BUK10687,2026-05-19,pos,cambio_organizacional|herramientas_procesos
BUK10687,2026-08-09,neu,cambio_organizacional|carga_trabajo
BUK10687,2026-08-13,neu,balance_vida_trabajo|clima_equipo|movilidad_interna
BUK10688,2026-04-28,neg,herramientas_procesos|onboarding
BUK10688,2026-05-12,neg,herramientas_procesos
BUK10688,2026-07-29,neg,herramientas_procesos
BUK10689,2025-07-21,pos,desarrollo_carrera|onboarding|reconocimiento
BUK10689,2025-11-10,neu,relacion_con_lider|compensacion
BUK10689,2026-04-10,pos,relacion_con_lider|compensacion|balance_vida_trabajo
BUK10690,2025-10-23,neu,carga_trabajo|relacion_con_lider
BUK10690,2026-04-24,neu,balance_vida_trabajo|carga_trabajo|cambio_organizacional
BUK10690,2026-04-24,neg,reconocimiento
BUK10690,2026-08-13,neg,relacion_con_lider
BUK10691,2026-04-11,pos,reconocimiento|relacion_con_lider
BUK10691,2026-05-07,pos,reconocimiento
BUK10691,2026-06-29,pos,carga_trabajo|balance_vida_trabajo
BUK10691,2026-07-19,neg,balance_vida_trabajo|carga_trabajo
BUK10693,2026-05-12,pos,cambio_organizacional|desarrollo_carrera|clima_equipo
BUK10693,2026-06-16,pos,compensacion|balance_vida_trabajo|desarrollo_carrera
BUK10693,2026-07-10,neu,clima_equipo|onboarding
BUK10693,2026-08-06,neu,desarrollo_carrera|cambio_organizacional
BUK10694,2025-03-12,neg,herramientas_procesos|claridad_rol|relacion_con_lider
BUK10694,2025-03-13,neu,relacion_con_lider|claridad_rol
BUK10694,2025-03-17,neu,herramientas_procesos
BUK10695,2025-10-09,pos,carga_trabajo|relacion_con_lider
BUK10696,2026-06-30,neg,desarrollo_carrera|reconocimiento
BUK10697,2026-04-27,neu,reconocimiento
BUK10697,2026-05-13,neu,movilidad_interna|carga_trabajo
BUK10697,2026-06-10,neu,relacion_con_lider|clima_equipo
BUK10697,2026-07-17,neu,claridad_rol|desarrollo_carrera|balance_vida_trabajo
BUK10698,2026-07-02,neu,clima_equipo|cambio_organizacional|reconocimiento
BUK10698,2026-07-19,pos,balance_vida_trabajo
BUK10698,2026-07-27,neu,carga_trabajo
BUK10698,2026-08-12,neg,reconocimiento|carga_trabajo
BUK10698,2026-08-16,neu,carga_trabajo|reconocimiento|cambio_organizacional
BUK10698,2026-08-17,pos,relacion_con_lider|reconocimiento|carga_trabajo
BUK10698,2026-08-20,neu,balance_vida_trabajo|cambio_organizacional
BUK10699,2025-05-13,neu,balance_vida_trabajo|relacion_con_lider|reconocimiento
BUK10699,2025-06-24,neu,clima_equipo|relacion_con_lider|carga_trabajo
BUK10699,2026-01-17,neu,balance_vida_trabajo|carga_trabajo|clima_equipo
BUK10699,2026-02-02,neg,balance_vida_trabajo
BUK10699,2026-03-21,neu,carga_trabajo|relacion_con_lider|balance_vida_trabajo
BUK10700,2025-06-10,neu,compensacion|reconocimiento
BUK10700,2025-10-13,neg,reconocimiento
BUK10700,2025-12-02,neg,balance_vida_trabajo|movilidad_interna
BUK10700,2026-05-07,neg,desarrollo_carrera|reconocimiento|carga_trabajo
BUK10701,2025-08-26,pos,onboarding|desarrollo_carrera|clima_equipo
BUK10701,2025-09-13,pos,reconocimiento|compensacion|movilidad_interna
BUK10701,2025-12-07,pos,clima_equipo|reconocimiento|compensacion
BUK10701,2026-01-11,pos,movilidad_interna|clima_equipo
BUK10701,2026-01-26,pos,cambio_organizacional|claridad_rol|balance_vida_trabajo
BUK10701,2026-06-15,pos,relacion_con_lider|cambio_organizacional
BUK10701,2026-08-04,pos,relacion_con_lider|clima_equipo
BUK10702,2025-09-09,pos,reconocimiento|desarrollo_carrera
BUK10702,2025-10-24,neu,reconocimiento|movilidad_interna
BUK10702,2025-12-15,neg,movilidad_interna|desarrollo_carrera
BUK10702,2025-12-20,pos,compensacion|reconocimiento|desarrollo_carrera
BUK10702,2026-05-09,neg,movilidad_interna|desarrollo_carrera|reconocimiento
BUK10703,2026-05-28,pos,herramientas_procesos|cambio_organizacional
BUK10703,2026-06-30,pos,relacion_con_lider|balance_vida_trabajo
BUK10703,2026-07-07,pos,relacion_con_lider|onboarding|compensacion
BUK10703,2026-07-20,pos,relacion_con_lider|movilidad_interna
BUK10703,2026-08-03,neu,claridad_rol
BUK10703,2026-08-24,pos,relacion_con_lider|carga_trabajo
BUK10704,2026-05-07,neu,relacion_con_lider|claridad_rol
BUK10704,2026-06-21,neg,claridad_rol|onboarding
BUK10704,2026-07-03,neu,onboarding|cambio_organizacional
BUK10704,2026-07-10,pos,onboarding|carga_trabajo|movilidad_interna
BUK10704,2026-08-20,neu,compensacion|relacion_con_lider
BUK10705,2025-07-20,neg,onboarding|herramientas_procesos
BUK10705,2025-11-12,neu,movilidad_interna|reconocimiento|desarrollo_carrera
BUK10705,2026-03-21,pos,movilidad_interna|onboarding
BUK10706,2026-07-09,pos,movilidad_interna|claridad_rol
BUK10706,2026-08-22,neu,desarrollo_carrera
BUK10706,2026-08-23,pos,cambio_organizacional|herramientas_procesos
BUK10706,2026-08-24,pos,desarrollo_carrera|onboarding
BUK10707,2025-05-08,neu,carga_trabajo|compensacion|balance_vida_trabajo
BUK10707,2026-01-30,neg,cambio_organizacional|carga_trabajo
BUK10707,2026-02-15,pos,balance_vida_trabajo
BUK10707,2026-06-09,neu,movilidad_interna|reconocimiento|onboarding
BUK10708,2025-08-28,neu,relacion_con_lider|cambio_organizacional|balance_vida_trabajo
BUK10708,2026-02-09,neu,reconocimiento|cambio_organizacional|carga_trabajo
BUK10708,2026-03-23,neg,carga_trabajo|clima_equipo
BUK10709,2026-06-08,pos,clima_equipo|compensacion
BUK10709,2026-06-10,pos,clima_equipo|balance_vida_trabajo|carga_trabajo
BUK10709,2026-06-28,pos,cambio_organizacional|clima_equipo
BUK10709,2026-07-26,neu,claridad_rol|herramientas_procesos|desarrollo_carrera
BUK10710,2025-04-18,neu,carga_trabajo|clima_equipo
BUK10710,2025-11-05,neg,reconocimiento
BUK10710,2026-03-27,pos,clima_equipo|carga_trabajo
BUK10711,2025-09-18,neu,herramientas_procesos|onboarding
BUK10711,2025-12-24,neg,relacion_con_lider|desarrollo_carrera
BUK10711,2026-05-07,neg,compensacion|claridad_rol|balance_vida_trabajo
BUK10712,2026-04-02,pos,desarrollo_carrera|clima_equipo
BUK10712,2026-04-04,neu,desarrollo_carrera|carga_trabajo|compensacion
BUK10712,2026-04-06,neg,compensacion
BUK10712,2026-04-08,pos,desarrollo_carrera
BUK10712,2026-05-22,neg,movilidad_interna|reconocimiento
BUK10712,2026-06-09,neu,movilidad_interna|carga_trabajo
BUK10713,2026-08-23,neg,onboarding
BUK10714,2026-02-25,pos,carga_trabajo|balance_vida_trabajo|cambio_organizacional
BUK10714,2026-03-31,pos,clima_equipo|desarrollo_carrera
BUK10714,2026-05-11,pos,reconocimiento
BUK10714,2026-06-05,pos,relacion_con_lider|clima_equipo|claridad_rol
BUK10715,2026-07-12,neu,balance_vida_trabajo
BUK10715,2026-07-21,neg,carga_trabajo|clima_equipo
BUK10715,2026-08-05,pos,balance_vida_trabajo|clima_equipo
BUK10716,2025-12-11,neg,relacion_con_lider
BUK10716,2026-06-05,pos,clima_equipo
BUK10717,2025-03-12,pos,carga_trabajo|movilidad_interna
BUK10717,2025-05-21,neu,clima_equipo|reconocimiento
BUK10717,2026-03-27,neu,balance_vida_trabajo|onboarding
BUK10718,2025-09-16,neg,reconocimiento|claridad_rol
BUK10718,2026-02-13,neg,carga_trabajo|claridad_rol
BUK10719,2026-07-16,pos,movilidad_interna|carga_trabajo
BUK10719,2026-07-23,pos,onboarding
BUK10719,2026-07-28,neu,herramientas_procesos|claridad_rol
BUK10719,2026-08-02,pos,onboarding|claridad_rol
BUK10719,2026-08-29,pos,clima_equipo
BUK10720,2025-10-16,pos,claridad_rol|clima_equipo
BUK10720,2025-11-10,neu,balance_vida_trabajo
BUK10720,2025-11-18,neu,movilidad_interna|relacion_con_lider
BUK10720,2026-07-31,neg,herramientas_procesos|desarrollo_carrera
BUK10721,2026-01-06,neg,cambio_organizacional|onboarding
BUK10721,2026-06-26,neg,clima_equipo|carga_trabajo
BUK10721,2026-07-15,neu,claridad_rol
BUK10722,2026-02-19,pos,compensacion|movilidad_interna
BUK10723,2025-05-08,pos,reconocimiento|relacion_con_lider
BUK10723,2025-10-05,pos,reconocimiento
BUK10723,2026-06-05,neu,balance_vida_trabajo
BUK10724,2025-12-28,neg,compensacion|clima_equipo
BUK10724,2026-08-28,neu,cambio_organizacional
BUK10725,2026-05-27,neu,clima_equipo
BUK10725,2026-06-08,pos,compensacion|claridad_rol
BUK10725,2026-06-16,pos,compensacion|reconocimiento
BUK10725,2026-07-13,neg,reconocimiento|relacion_con_lider
BUK10725,2026-07-23,pos,herramientas_procesos|desarrollo_carrera
BUK10726,2026-02-28,pos,balance_vida_trabajo|herramientas_procesos|reconocimiento
BUK10727,2026-05-03,neu,movilidad_interna
BUK10727,2026-08-28,pos,balance_vida_trabajo|claridad_rol
BUK10729,2025-11-11,pos,carga_trabajo|cambio_organizacional
BUK10729,2026-03-15,pos,movilidad_interna|compensacion
BUK10729,2026-05-05,pos,desarrollo_carrera
BUK10730,2025-12-15,pos,balance_vida_trabajo|reconocimiento
BUK10730,2026-07-28,pos,reconocimiento|herramientas_procesos|claridad_rol
BUK10731,2025-11-19,pos,herramientas_procesos
BUK10731,2026-02-23,neu,reconocimiento|clima_equipo
BUK10731,2026-06-28,pos,movilidad_interna|herramientas_procesos
BUK10732,2026-01-05,pos,balance_vida_trabajo|claridad_rol
BUK10732,2026-02-28,pos,balance_vida_trabajo|reconocimiento
BUK10732,2026-03-06,pos,claridad_rol|relacion_con_lider
BUK10732,2026-04-09,neu,desarrollo_carrera|herramientas_procesos
BUK10732,2026-05-24,neu,carga_trabajo|movilidad_interna|compensacion
BUK10732,2026-06-30,neu,clima_equipo|onboarding
BUK10733,2025-03-11,neu,balance_vida_trabajo|relacion_con_lider
BUK10733,2025-12-26,neu,movilidad_interna|compensacion
BUK10733,2026-02-08,neu,balance_vida_trabajo|relacion_con_lider
BUK10734,2026-03-13,pos,claridad_rol|cambio_organizacional
BUK10734,2026-03-16,neu,desarrollo_carrera|movilidad_interna|herramientas_procesos
BUK10734,2026-04-15,neg,relacion_con_lider
BUK10734,2026-08-01,neu,relacion_con_lider|balance_vida_trabajo
BUK10734,2026-08-27,neg,claridad_rol
BUK10735,2025-05-20,neg,onboarding|carga_trabajo
BUK10735,2025-05-28,pos,movilidad_interna|compensacion
BUK10735,2025-10-20,neu,clima_equipo|onboarding
BUK10735,2026-04-06,neu,balance_vida_trabajo|onboarding
BUK10736,2025-03-03,pos,cambio_organizacional|reconocimiento
BUK10736,2026-05-08,pos,carga_trabajo
BUK10737,2026-01-05,neu,balance_vida_trabajo|claridad_rol
BUK10737,2026-02-02,pos,compensacion
BUK10738,2025-06-07,neu,reconocimiento|cambio_organizacional|clima_equipo
BUK10738,2025-06-10,pos,carga_trabajo|balance_vida_trabajo
BUK10738,2025-11-12,neg,cambio_organizacional|balance_vida_trabajo|relacion_con_lider
BUK10738,2026-07-13,neg,clima_equipo|balance_vida_trabajo
BUK10739,2025-08-15,neu,herramientas_procesos
BUK10740,2025-03-16,pos,reconocimiento
BUK10740,2025-10-05,neu,balance_vida_trabajo
BUK10740,2025-12-24,neu,relacion_con_lider
BUK10740,2026-04-16,neg,cambio_organizacional|clima_equipo|carga_trabajo
BUK10740,2026-07-30,neu,carga_trabajo|reconocimiento
BUK10740,2026-08-24,neg,balance_vida_trabajo|reconocimiento
BUK10741,2026-06-12,pos,onboarding|relacion_con_lider
BUK10741,2026-08-11,neu,relacion_con_lider|movilidad_interna
BUK10742,2025-10-03,neu,clima_equipo|movilidad_interna
BUK10742,2026-03-03,neg,carga_trabajo|reconocimiento
BUK10742,2026-03-12,neu,carga_trabajo
BUK10742,2026-04-19,pos,cambio_organizacional|carga_trabajo
BUK10742,2026-07-13,pos,relacion_con_lider|balance_vida_trabajo
BUK10742,2026-07-17,pos,balance_vida_trabajo|cambio_organizacional
BUK10743,2025-07-05,pos,compensacion|clima_equipo
BUK10743,2025-10-11,neu,movilidad_interna|compensacion|herramientas_procesos
BUK10743,2025-10-30,neu,herramientas_procesos
BUK10744,2025-04-04,neg,onboarding|balance_vida_trabajo|movilidad_interna
BUK10744,2025-06-24,neu,clima_equipo
BUK10744,2025-12-12,neu,desarrollo_carrera|carga_trabajo
BUK10744,2026-05-25,neu,onboarding|movilidad_interna
BUK10744,2026-07-18,neu,clima_equipo|carga_trabajo
BUK10745,2026-06-24,pos,movilidad_interna|claridad_rol|cambio_organizacional
BUK10745,2026-07-01,pos,compensacion|balance_vida_trabajo
BUK10745,2026-07-22,pos,desarrollo_carrera|clima_equipo
BUK10745,2026-08-01,pos,herramientas_procesos|movilidad_interna|carga_trabajo
BUK10745,2026-08-01,pos,onboarding
BUK10745,2026-08-10,neg,cambio_organizacional|desarrollo_carrera
BUK10746,2025-04-05,pos,reconocimiento
BUK10746,2025-04-17,pos,compensacion|claridad_rol
BUK10746,2025-05-03,pos,clima_equipo|claridad_rol|balance_vida_trabajo
BUK10747,2026-07-07,neu,balance_vida_trabajo|compensacion|claridad_rol
BUK10747,2026-07-16,neg,clima_equipo
BUK10747,2026-07-23,pos,carga_trabajo
BUK10747,2026-07-29,neu,clima_equipo|cambio_organizacional
BUK10747,2026-08-01,pos,desarrollo_carrera|reconocimiento
BUK10747,2026-08-12,neu,clima_equipo|carga_trabajo
BUK10747,2026-08-14,pos,movilidad_interna|onboarding
BUK10748,2025-06-02,pos,clima_equipo|balance_vida_trabajo
BUK10748,2025-07-31,neu,reconocimiento|balance_vida_trabajo
BUK10748,2025-09-23,neu,reconocimiento|balance_vida_trabajo
BUK10748,2026-05-14,neu,carga_trabajo|clima_equipo
BUK10748,2026-08-29,neg,balance_vida_trabajo|relacion_con_lider|clima_equipo
BUK10749,2025-04-07,pos,relacion_con_lider|carga_trabajo
BUK10750,2025-03-05,neg,herramientas_procesos|claridad_rol
BUK10750,2025-04-13,neu,relacion_con_lider|desarrollo_carrera
BUK10751,2026-07-18,neg,relacion_con_lider
BUK10751,2026-07-21,neg,herramientas_procesos|relacion_con_lider
BUK10751,2026-07-25,neg,relacion_con_lider|herramientas_procesos
BUK10752,2025-04-18,neu,reconocimiento|cambio_organizacional|relacion_con_lider
BUK10752,2025-09-29,neg,balance_vida_trabajo|reconocimiento
BUK10752,2025-09-30,neg,balance_vida_trabajo|herramientas_procesos|carga_trabajo
BUK10752,2025-12-07,neu,desarrollo_carrera
BUK10752,2026-02-16,pos,clima_equipo|onboarding|desarrollo_carrera
BUK10752,2026-02-27,pos,claridad_rol|relacion_con_lider
BUK10753,2025-08-07,pos,carga_trabajo|claridad_rol
BUK10753,2025-11-08,pos,herramientas_procesos|clima_equipo
BUK10753,2026-08-12,pos,desarrollo_carrera|carga_trabajo|reconocimiento
BUK10754,2025-07-16,pos,relacion_con_lider|onboarding|herramientas_procesos
BUK10754,2026-02-15,pos,balance_vida_trabajo|onboarding
BUK10754,2026-04-14,pos,onboarding|claridad_rol
BUK10754,2026-07-29,neu,reconocimiento|compensacion
BUK10755,2025-07-01,neu,balance_vida_trabajo|movilidad_interna|reconocimiento
BUK10755,2025-11-27,neg,reconocimiento
BUK10756,2025-08-10,pos,claridad_rol
BUK10756,2025-10-05,pos,balance_vida_trabajo
BUK10756,2026-03-03,pos,reconocimiento|herramientas_procesos
BUK10757,2025-03-10,pos,compensacion|herramientas_procesos
BUK10757,2025-07-22,pos,reconocimiento
BUK10757,2026-02-04,pos,compensacion|reconocimiento
BUK10757,2026-04-18,neu,reconocimiento|onboarding
BUK10758,2025-04-07,pos,movilidad_interna|onboarding
BUK10758,2026-03-12,neu,reconocimiento|herramientas_procesos
BUK10758,2026-03-18,neu,carga_trabajo|relacion_con_lider|movilidad_interna
BUK10758,2026-05-08,neu,desarrollo_carrera|claridad_rol
BUK10759,2025-04-13,pos,claridad_rol|reconocimiento
BUK10759,2025-05-30,pos,onboarding|balance_vida_trabajo|compensacion
BUK10759,2025-06-11,pos,movilidad_interna|claridad_rol
BUK10759,2025-07-31,neu,desarrollo_carrera
BUK10759,2025-11-13,pos,cambio_organizacional|herramientas_procesos
BUK10760,2026-07-26,pos,claridad_rol|balance_vida_trabajo|carga_trabajo
BUK10760,2026-07-30,pos,cambio_organizacional
BUK10760,2026-08-04,pos,clima_equipo|relacion_con_lider
BUK10760,2026-08-19,pos,reconocimiento|cambio_organizacional
BUK10760,2026-08-25,neu,relacion_con_lider|clima_equipo|claridad_rol
BUK10761,2025-06-27,neg,claridad_rol
BUK10761,2025-11-01,pos,reconocimiento
BUK10761,2025-11-24,neu,compensacion|onboarding
BUK10761,2026-04-16,neu,claridad_rol
BUK10761,2026-04-17,pos,compensacion
BUK10762,2026-07-09,pos,onboarding|reconocimiento|balance_vida_trabajo
BUK10763,2026-06-18,neu,clima_equipo|cambio_organizacional
BUK10763,2026-06-25,neu,relacion_con_lider
BUK10763,2026-07-18,neu,carga_trabajo|balance_vida_trabajo
BUK10763,2026-08-13,neg,carga_trabajo|cambio_organizacional
BUK10764,2025-03-02,pos,movilidad_interna|carga_trabajo|clima_equipo
BUK10764,2025-03-05,pos,movilidad_interna
BUK10764,2025-03-05,pos,movilidad_interna|herramientas_procesos|clima_equipo
BUK10764,2025-03-10,neu,claridad_rol|clima_equipo
BUK10764,2025-03-12,pos,movilidad_interna|reconocimiento
BUK10764,2025-03-14,neu,cambio_organizacional|compensacion
BUK10764,2025-03-21,neu,compensacion|reconocimiento|balance_vida_trabajo
BUK10765,2026-02-05,neu,desarrollo_carrera|onboarding
BUK10765,2026-02-23,neu,desarrollo_carrera|carga_trabajo
BUK10766,2025-08-05,neu,desarrollo_carrera
BUK10766,2025-08-28,pos,movilidad_interna|clima_equipo
BUK10766,2025-12-23,neu,movilidad_interna|compensacion|relacion_con_lider
BUK10766,2026-05-01,pos,movilidad_interna|clima_equipo|desarrollo_carrera
BUK10766,2026-05-04,neu,clima_equipo|onboarding
BUK10766,2026-07-22,pos,clima_equipo|carga_trabajo
BUK10767,2025-06-19,pos,claridad_rol
BUK10767,2025-08-29,pos,carga_trabajo|movilidad_interna|onboarding
BUK10767,2025-09-09,pos,movilidad_interna|relacion_con_lider
BUK10767,2026-02-02,pos,relacion_con_lider
BUK10768,2025-04-16,pos,onboarding|cambio_organizacional
BUK10768,2025-08-08,neu,desarrollo_carrera|cambio_organizacional
BUK10768,2026-04-06,neu,clima_equipo
BUK10768,2026-05-19,neu,onboarding|compensacion
BUK10768,2026-05-22,pos,reconocimiento|herramientas_procesos
BUK10768,2026-06-07,neu,claridad_rol|compensacion
BUK10769,2026-05-07,pos,cambio_organizacional|balance_vida_trabajo
BUK10769,2026-06-19,pos,relacion_con_lider|reconocimiento
BUK10769,2026-07-10,neu,relacion_con_lider|balance_vida_trabajo|carga_trabajo
BUK10769,2026-08-12,pos,cambio_organizacional
BUK10769,2026-08-28,pos,movilidad_interna|herramientas_procesos
BUK10770,2026-01-11,pos,compensacion
BUK10771,2025-03-10,pos,clima_equipo
BUK10771,2025-04-04,pos,balance_vida_trabajo|reconocimiento
BUK10771,2025-10-13,pos,carga_trabajo
BUK10771,2026-02-04,pos,balance_vida_trabajo|herramientas_procesos
BUK10771,2026-04-23,pos,balance_vida_trabajo|clima_equipo|compensacion
BUK10772,2025-09-21,neu,desarrollo_carrera
BUK10772,2025-09-28,neg,herramientas_procesos
BUK10772,2025-10-04,pos,desarrollo_carrera
BUK10772,2025-10-22,neu,movilidad_interna|reconocimiento
BUK10772,2025-11-05,pos,balance_vida_trabajo
BUK10772,2025-12-04,neu,claridad_rol|balance_vida_trabajo|movilidad_interna
BUK10773,2026-07-14,neu,relacion_con_lider|balance_vida_trabajo
BUK10773,2026-08-01,neu,carga_trabajo|reconocimiento
BUK10773,2026-08-30,neg,clima_equipo
BUK10774,2026-04-26,pos,onboarding|compensacion
BUK10774,2026-05-16,pos,carga_trabajo
BUK10774,2026-06-06,pos,clima_equipo|balance_vida_trabajo
BUK10774,2026-06-19,neu,desarrollo_carrera|herramientas_procesos
BUK10774,2026-07-17,pos,clima_equipo|relacion_con_lider
BUK10774,2026-08-30,pos,balance_vida_trabajo|relacion_con_lider
BUK10775,2026-02-03,neu,desarrollo_carrera|compensacion|movilidad_interna
BUK10775,2026-02-08,neg,reconocimiento|compensacion
BUK10775,2026-04-19,neu,movilidad_interna|desarrollo_carrera|compensacion
BUK10775,2026-05-22,neu,movilidad_interna
BUK10775,2026-08-23,neg,compensacion|reconocimiento
BUK10776,2025-03-30,pos,movilidad_interna|desarrollo_carrera|reconocimiento
BUK10776,2025-05-12,neu,compensacion|desarrollo_carrera|reconocimiento
BUK10776,2025-05-29,neu,compensacion
BUK10777,2025-05-14,neg,claridad_rol
BUK10777,2025-07-13,neg,claridad_rol|desarrollo_carrera|relacion_con_lider
BUK10777,2025-09-12,neg,relacion_con_lider|herramientas_procesos|claridad_rol
BUK10777,2025-10-01,neg,relacion_con_lider|desarrollo_carrera
BUK10778,2025-09-19,neu,desarrollo_carrera
BUK10778,2025-12-18,neg,movilidad_interna|balance_vida_trabajo
BUK10778,2026-05-16,pos,relacion_con_lider|reconocimiento
BUK10778,2026-07-17,neg,compensacion
BUK10779,2025-03-29,pos,reconocimiento|balance_vida_trabajo|movilidad_interna
BUK10779,2025-04-18,neu,onboarding
BUK10779,2025-09-30,neu,claridad_rol|movilidad_interna
BUK10779,2025-11-24,pos,onboarding|movilidad_interna
BUK10779,2026-04-05,neu,cambio_organizacional|claridad_rol
BUK10779,2026-08-24,pos,carga_trabajo|clima_equipo|herramientas_procesos
BUK10780,2026-07-20,neu,relacion_con_lider|desarrollo_carrera|herramientas_procesos
BUK10780,2026-08-04,neg,relacion_con_lider
BUK10780,2026-08-29,neg,relacion_con_lider
BUK10781,2025-11-29,neu,clima_equipo
BUK10781,2026-02-16,neu,herramientas_procesos
BUK10781,2026-04-06,pos,reconocimiento|claridad_rol|compensacion
BUK10781,2026-05-25,pos,onboarding
BUK10782,2026-08-04,neg,compensacion|onboarding|movilidad_interna
BUK10782,2026-08-06,neu,clima_equipo
BUK10782,2026-08-08,neu,balance_vida_trabajo|herramientas_procesos
BUK10782,2026-08-09,pos,cambio_organizacional|carga_trabajo|desarrollo_carrera
BUK10782,2026-08-11,pos,cambio_organizacional|desarrollo_carrera
BUK10782,2026-08-12,neu,cambio_organizacional
BUK10782,2026-08-28,neu,onboarding
BUK10784,2025-03-08,pos,herramientas_procesos|balance_vida_trabajo
BUK10784,2026-05-10,pos,reconocimiento
BUK10784,2026-05-17,pos,reconocimiento|cambio_organizacional|clima_equipo
BUK10784,2026-08-06,pos,compensacion|onboarding
BUK10784,2026-08-14,neu,relacion_con_lider|carga_trabajo|movilidad_interna
BUK10785,2026-04-30,pos,carga_trabajo|compensacion
BUK10785,2026-05-27,pos,movilidad_interna|carga_trabajo
BUK10785,2026-06-17,neu,carga_trabajo|herramientas_procesos
BUK10785,2026-07-01,pos,balance_vida_trabajo
BUK10786,2025-12-20,neg,relacion_con_lider
BUK10786,2026-02-06,pos,onboarding|clima_equipo|movilidad_interna
BUK10788,2025-11-17,pos,compensacion
BUK10788,2026-05-28,neu,movilidad_interna|desarrollo_carrera
BUK10788,2026-07-21,neg,reconocimiento|compensacion
BUK10788,2026-08-04,pos,compensacion
BUK10788,2026-08-17,pos,desarrollo_carrera
BUK10789,2026-05-14,neg,relacion_con_lider|carga_trabajo
BUK10789,2026-05-23,pos,reconocimiento|compensacion
BUK10789,2026-07-09,pos,desarrollo_carrera
BUK10789,2026-08-28,neg,cambio_organizacional|clima_equipo
BUK10789,2026-08-29,pos,claridad_rol
BUK10790,2025-06-07,pos,relacion_con_lider|balance_vida_trabajo
BUK10790,2025-07-01,neg,cambio_organizacional|herramientas_procesos
BUK10790,2026-04-25,neg,balance_vida_trabajo
BUK10790,2026-06-09,neu,balance_vida_trabajo|herramientas_procesos
BUK10791,2026-08-19,neu,herramientas_procesos|desarrollo_carrera|relacion_con_lider
BUK10791,2026-08-23,neg,claridad_rol|herramientas_procesos
BUK10791,2026-08-26,neu,desarrollo_carrera
BUK10791,2026-08-28,neg,claridad_rol|herramientas_procesos|desarrollo_carrera
BUK10792,2025-04-22,neu,cambio_organizacional|reconocimiento
BUK10792,2026-08-21,neu,onboarding|balance_vida_trabajo
BUK10793,2025-07-19,pos,carga_trabajo
BUK10793,2025-12-01,neu,reconocimiento|carga_trabajo|clima_equipo
BUK10793,2026-03-08,pos,claridad_rol
BUK10793,2026-05-11,pos,relacion_con_lider|compensacion
BUK10794,2025-06-20,pos,desarrollo_carrera
BUK10794,2025-10-18,neu,relacion_con_lider|cambio_organizacional
BUK10794,2025-10-23,pos,compensacion|claridad_rol|onboarding
BUK10794,2025-12-21,pos,relacion_con_lider|claridad_rol
BUK10794,2026-06-09,pos,movilidad_interna|herramientas_procesos
BUK10794,2026-08-04,pos,compensacion|herramientas_procesos|cambio_organizacional
BUK10795,2026-03-16,pos,movilidad_interna
BUK10795,2026-03-28,neu,desarrollo_carrera|reconocimiento
BUK10795,2026-03-30,pos,desarrollo_carrera|compensacion
BUK10795,2026-04-06,neu,reconocimiento|desarrollo_carrera
BUK10795,2026-04-06,neg,desarrollo_carrera
BUK10796,2025-03-21,neu,reconocimiento|relacion_con_lider
BUK10796,2025-05-14,neu,clima_equipo|reconocimiento
BUK10796,2025-09-06,neu,clima_equipo|claridad_rol
BUK10796,2026-04-27,pos,desarrollo_carrera|balance_vida_trabajo
BUK10797,2025-04-17,pos,clima_equipo|balance_vida_trabajo|desarrollo_carrera
BUK10797,2026-01-23,neu,movilidad_interna
BUK10797,2026-07-24,pos,movilidad_interna
BUK10798,2025-07-21,pos,movilidad_interna|desarrollo_carrera
BUK10798,2026-04-13,pos,desarrollo_carrera|compensacion
BUK10799,2025-11-04,pos,compensacion|balance_vida_trabajo
BUK10799,2025-12-30,neg,relacion_con_lider|desarrollo_carrera
BUK10799,2026-04-24,pos,relacion_con_lider|herramientas_procesos
BUK10799,2026-08-02,pos,reconocimiento|herramientas_procesos
BUK10800,2026-03-13,neu,carga_trabajo
BUK10800,2026-07-13,neu,clima_equipo|cambio_organizacional
BUK10800,2026-07-14,neg,cambio_organizacional
BUK10800,2026-08-15,neg,carga_trabajo|balance_vida_trabajo|relacion_con_lider
BUK10801,2026-07-22,neu,carga_trabajo|balance_vida_trabajo
BUK10801,2026-07-27,neg,carga_trabajo|balance_vida_trabajo
BUK10801,2026-07-27,neu,claridad_rol
BUK10801,2026-08-12,neu,desarrollo_carrera|movilidad_interna
BUK10801,2026-08-15,neu,movilidad_interna
BUK10801,2026-08-18,pos,onboarding|movilidad_interna
BUK10801,2026-08-25,neg,onboarding
BUK10802,2026-02-15,neu,claridad_rol|clima_equipo|relacion_con_lider
BUK10802,2026-03-04,neu,desarrollo_carrera
BUK10802,2026-04-13,neu,onboarding
BUK10802,2026-04-22,neu,clima_equipo|herramientas_procesos|movilidad_interna
BUK10802,2026-05-29,neu,herramientas_procesos|carga_trabajo
BUK10802,2026-06-12,pos,reconocimiento|onboarding
BUK10802,2026-07-23,pos,desarrollo_carrera|relacion_con_lider|onboarding
BUK10803,2025-06-15,neu,reconocimiento|balance_vida_trabajo
BUK10803,2025-07-24,neu,clima_equipo|cambio_organizacional
BUK10803,2025-11-10,neu,relacion_con_lider|clima_equipo
BUK10803,2025-12-11,neu,cambio_organizacional
BUK10803,2026-01-22,neu,relacion_con_lider|reconocimiento|cambio_organizacional
BUK10804,2025-05-11,neu,reconocimiento|balance_vida_trabajo
BUK10804,2025-05-26,neg,carga_trabajo|movilidad_interna|desarrollo_carrera
BUK10804,2025-07-05,neg,herramientas_procesos|compensacion
BUK10804,2025-11-22,neg,cambio_organizacional|reconocimiento
BUK10804,2025-12-31,neu,compensacion|balance_vida_trabajo
BUK10804,2026-07-25,pos,carga_trabajo|movilidad_interna|compensacion
BUK10804,2026-08-22,neg,carga_trabajo|reconocimiento
BUK10805,2025-10-25,neu,compensacion|cambio_organizacional
BUK10805,2025-12-29,pos,carga_trabajo|relacion_con_lider|claridad_rol
BUK10805,2026-05-28,pos,compensacion|movilidad_interna
BUK10805,2026-07-27,neg,desarrollo_carrera|clima_equipo
BUK10806,2026-02-22,neu,carga_trabajo|desarrollo_carrera
BUK10806,2026-05-13,neu,herramientas_procesos|reconocimiento
BUK10806,2026-05-31,pos,onboarding|compensacion|balance_vida_trabajo
BUK10806,2026-07-04,pos,reconocimiento
BUK10807,2025-09-01,pos,movilidad_interna|compensacion|desarrollo_carrera
BUK10807,2025-10-12,pos,reconocimiento
BUK10807,2025-10-24,pos,herramientas_procesos|clima_equipo
BUK10808,2025-06-02,pos,herramientas_procesos|claridad_rol|compensacion
BUK10808,2025-10-15,neu,movilidad_interna|balance_vida_trabajo
BUK10808,2026-02-04,pos,clima_equipo
BUK10808,2026-05-23,pos,movilidad_interna|desarrollo_carrera
BUK10809,2026-05-18,pos,reconocimiento|claridad_rol|desarrollo_carrera
BUK10809,2026-08-13,neu,herramientas_procesos|carga_trabajo
BUK10810,2025-06-10,neu,reconocimiento|carga_trabajo
BUK10810,2025-08-31,pos,desarrollo_carrera|cambio_organizacional
BUK10810,2025-10-05,pos,cambio_organizacional|herramientas_procesos
BUK10810,2026-01-09,neu,reconocimiento|movilidad_interna|carga_trabajo
BUK10810,2026-03-15,neu,reconocimiento|cambio_organizacional
BUK10810,2026-04-30,pos,herramientas_procesos|clima_equipo|reconocimiento
BUK10810,2026-07-16,pos,movilidad_interna
BUK10811,2025-12-28,pos,cambio_organizacional|relacion_con_lider
BUK10811,2025-12-29,pos,herramientas_procesos|carga_trabajo|desarrollo_carrera
BUK10811,2026-01-03,neu,cambio_organizacional
BUK10812,2025-06-05,pos,compensacion
BUK10812,2026-05-19,pos,carga_trabajo|compensacion|reconocimiento
BUK10812,2026-06-27,neu,carga_trabajo|claridad_rol
BUK10813,2025-05-06,neu,carga_trabajo|reconocimiento
BUK10813,2025-11-29,neg,cambio_organizacional|onboarding|desarrollo_carrera
BUK10814,2026-07-20,pos,desarrollo_carrera|compensacion
BUK10815,2025-03-07,pos,clima_equipo|cambio_organizacional
BUK10815,2025-04-16,neu,cambio_organizacional|balance_vida_trabajo
BUK10815,2025-05-29,neu,relacion_con_lider|reconocimiento
BUK10815,2025-06-19,neu,cambio_organizacional|relacion_con_lider|balance_vida_trabajo
BUK10816,2025-09-13,neu,movilidad_interna
BUK10816,2025-10-01,neu,herramientas_procesos
BUK10816,2026-08-01,neu,claridad_rol
BUK10816,2026-08-15,pos,movilidad_interna|compensacion
BUK10818,2026-05-22,neu,carga_trabajo|balance_vida_trabajo
BUK10818,2026-06-21,neg,carga_trabajo|relacion_con_lider
BUK10818,2026-08-07,neu,relacion_con_lider|clima_equipo
BUK10819,2025-12-07,neu,balance_vida_trabajo
BUK10819,2026-02-19,pos,carga_trabajo|herramientas_procesos
BUK10819,2026-06-23,pos,compensacion|clima_equipo|reconocimiento
BUK10819,2026-07-10,neu,carga_trabajo|movilidad_interna
BUK10820,2026-05-16,pos,onboarding|movilidad_interna
BUK10820,2026-06-19,neu,clima_equipo
BUK10820,2026-06-28,pos,clima_equipo|movilidad_interna
BUK10820,2026-07-02,pos,cambio_organizacional|onboarding|reconocimiento
BUK10820,2026-07-06,neu,desarrollo_carrera|cambio_organizacional
BUK10820,2026-07-08,pos,carga_trabajo|herramientas_procesos|reconocimiento
BUK10820,2026-07-26,pos,relacion_con_lider|movilidad_interna
BUK10821,2025-03-25,pos,onboarding|relacion_con_lider
BUK10821,2025-12-25,pos,onboarding|desarrollo_carrera
BUK10822,2025-07-16,pos,claridad_rol
BUK10822,2026-01-30,neg,claridad_rol
BUK10822,2026-03-24,neu,herramientas_procesos|onboarding
BUK10823,2026-03-20,neg,onboarding|balance_vida_trabajo
BUK10823,2026-05-16,pos,clima_equipo|onboarding
BUK10823,2026-05-22,neg,relacion_con_lider|carga_trabajo
BUK10823,2026-06-29,neg,reconocimiento|claridad_rol|relacion_con_lider
BUK10824,2026-02-21,pos,herramientas_procesos|carga_trabajo
BUK10824,2026-03-24,pos,relacion_con_lider|movilidad_interna
BUK10824,2026-03-28,neg,claridad_rol|compensacion|onboarding
BUK10824,2026-04-28,neu,relacion_con_lider
BUK10824,2026-04-30,neu,clima_equipo|carga_trabajo
BUK10824,2026-06-13,neg,desarrollo_carrera|relacion_con_lider|movilidad_interna
BUK10824,2026-07-28,pos,claridad_rol|cambio_organizacional
BUK10825,2025-03-23,neu,carga_trabajo|reconocimiento
BUK10825,2025-04-10,neu,reconocimiento|clima_equipo|balance_vida_trabajo
BUK10825,2025-05-02,neu,reconocimiento
BUK10825,2025-09-01,neu,reconocimiento
BUK10825,2025-11-07,neu,clima_equipo|relacion_con_lider|cambio_organizacional
BUK10825,2026-06-13,neg,carga_trabajo|reconocimiento
BUK10826,2025-06-16,pos,movilidad_interna|compensacion
BUK10826,2025-07-04,neu,compensacion|reconocimiento
BUK10826,2025-10-19,neg,reconocimiento|desarrollo_carrera
BUK10827,2026-08-07,neu,relacion_con_lider
BUK10827,2026-08-21,neu,cambio_organizacional|desarrollo_carrera
BUK10828,2025-04-10,neu,cambio_organizacional|compensacion
BUK10828,2026-05-08,neu,balance_vida_trabajo|cambio_organizacional|clima_equipo
BUK10829,2026-06-27,neg,onboarding|claridad_rol|relacion_con_lider
BUK10829,2026-06-28,neu,clima_equipo|claridad_rol|compensacion
BUK10830,2025-04-27,pos,clima_equipo|carga_trabajo
BUK10830,2025-07-18,pos,relacion_con_lider|movilidad_interna
BUK10830,2025-12-14,pos,reconocimiento|relacion_con_lider
BUK10831,2026-07-27,neu,reconocimiento|balance_vida_trabajo
BUK10831,2026-08-11,neg,carga_trabajo|relacion_con_lider|compensacion
BUK10831,2026-08-22,pos,relacion_con_lider
BUK10832,2025-11-25,pos,herramientas_procesos|desarrollo_carrera|relacion_con_lider
BUK10832,2026-03-09,neu,herramientas_procesos|claridad_rol|relacion_con_lider
BUK10832,2026-05-08,neg,desarrollo_carrera|herramientas_procesos
BUK10832,2026-08-06,neg,desarrollo_carrera|herramientas_procesos
BUK10833,2025-07-25,pos,reconocimiento|cambio_organizacional
BUK10833,2025-10-17,pos,clima_equipo
BUK10833,2026-07-13,pos,reconocimiento|claridad_rol|compensacion
BUK10834,2025-04-10,pos,relacion_con_lider|balance_vida_trabajo|cambio_organizacional
BUK10834,2025-05-20,neu,cambio_organizacional|clima_equipo
BUK10834,2025-09-08,neu,balance_vida_trabajo|carga_trabajo
BUK10834,2025-09-21,neu,clima_equipo
BUK10834,2025-10-06,pos,relacion_con_lider|balance_vida_trabajo|reconocimiento
BUK10834,2026-05-13,neg,relacion_con_lider|reconocimiento
BUK10835,2025-11-24,neg,relacion_con_lider|cambio_organizacional|carga_trabajo
BUK10835,2025-12-18,neg,balance_vida_trabajo|carga_trabajo
BUK10835,2025-12-19,neg,balance_vida_trabajo
BUK10836,2025-07-03,neu,onboarding|movilidad_interna
BUK10836,2026-05-15,pos,onboarding|balance_vida_trabajo|compensacion
BUK10836,2026-07-16,pos,claridad_rol|clima_equipo
BUK10837,2025-12-17,neu,reconocimiento|cambio_organizacional
BUK10837,2026-01-13,pos,herramientas_procesos|relacion_con_lider
BUK10838,2025-08-14,neu,onboarding|relacion_con_lider
BUK10838,2025-09-02,pos,cambio_organizacional|balance_vida_trabajo
BUK10838,2025-10-31,pos,clima_equipo|desarrollo_carrera
BUK10838,2025-12-22,neu,reconocimiento
BUK10838,2026-06-30,pos,desarrollo_carrera|herramientas_procesos
BUK10838,2026-07-15,neg,claridad_rol|compensacion
BUK10839,2026-07-10,neg,reconocimiento|herramientas_procesos|cambio_organizacional
BUK10839,2026-07-18,pos,claridad_rol|compensacion
BUK10839,2026-07-28,pos,reconocimiento|claridad_rol
BUK10839,2026-07-31,pos,relacion_con_lider|compensacion
BUK10839,2026-08-28,pos,movilidad_interna
BUK10840,2025-06-01,pos,relacion_con_lider
BUK10840,2025-07-24,pos,compensacion
BUK10841,2026-03-03,pos,carga_trabajo|onboarding|relacion_con_lider
BUK10841,2026-05-30,neu,clima_equipo|herramientas_procesos|reconocimiento
BUK10842,2025-08-27,pos,compensacion|movilidad_interna|desarrollo_carrera
BUK10842,2025-09-14,neu,desarrollo_carrera
BUK10842,2025-10-14,neg,compensacion|movilidad_interna|desarrollo_carrera
BUK10842,2026-01-24,neu,desarrollo_carrera|reconocimiento|compensacion
BUK10843,2025-05-06,neu,clima_equipo|herramientas_procesos|desarrollo_carrera
BUK10843,2025-07-05,neu,onboarding|balance_vida_trabajo|reconocimiento
BUK10843,2025-07-24,pos,onboarding
BUK10843,2026-04-21,pos,claridad_rol|cambio_organizacional|compensacion
BUK10843,2026-08-07,neu,desarrollo_carrera|carga_trabajo|relacion_con_lider
BUK10844,2026-02-03,pos,carga_trabajo|relacion_con_lider
BUK10844,2026-03-22,pos,clima_equipo|cambio_organizacional
BUK10844,2026-05-24,neu,desarrollo_carrera|onboarding|carga_trabajo
BUK10844,2026-07-03,pos,cambio_organizacional|clima_equipo
BUK10844,2026-07-07,pos,claridad_rol
BUK10845,2026-04-18,neu,balance_vida_trabajo|relacion_con_lider|cambio_organizacional
BUK10845,2026-06-03,neu,clima_equipo
BUK10845,2026-06-04,neu,balance_vida_trabajo|carga_trabajo|reconocimiento
BUK10845,2026-07-14,pos,clima_equipo|reconocimiento
BUK10845,2026-08-11,neg,carga_trabajo|clima_equipo
BUK10846,2025-07-10,neu,desarrollo_carrera|relacion_con_lider|claridad_rol
BUK10846,2025-07-20,neg,herramientas_procesos|claridad_rol
BUK10846,2026-04-10,neu,herramientas_procesos|claridad_rol
BUK10847,2026-05-20,neu,clima_equipo|claridad_rol|carga_trabajo
BUK10847,2026-06-03,pos,clima_equipo
BUK10847,2026-07-05,pos,desarrollo_carrera|movilidad_interna
BUK10848,2025-08-01,pos,desarrollo_carrera
BUK10848,2025-08-26,neg,movilidad_interna|balance_vida_trabajo
BUK10848,2026-02-17,neg,clima_equipo|carga_trabajo
BUK10848,2026-07-04,neu,desarrollo_carrera|carga_trabajo
BUK10849,2025-10-01,neu,onboarding|relacion_con_lider
BUK10849,2026-04-03,neg,compensacion|onboarding
BUK10849,2026-06-03,neg,clima_equipo
BUK10849,2026-06-06,neg,balance_vida_trabajo|carga_trabajo
BUK10849,2026-08-12,neg,relacion_con_lider
BUK10850,2025-08-11,pos,relacion_con_lider|onboarding
BUK10850,2025-08-15,pos,relacion_con_lider|clima_equipo
BUK10850,2025-09-09,pos,carga_trabajo|desarrollo_carrera
BUK10850,2025-09-15,neg,clima_equipo|relacion_con_lider|reconocimiento
BUK10850,2025-09-24,pos,carga_trabajo|onboarding
BUK10851,2025-03-31,neu,relacion_con_lider|reconocimiento|compensacion
BUK10851,2025-10-09,pos,reconocimiento
BUK10851,2026-08-22,pos,compensacion|claridad_rol|balance_vida_trabajo
BUK10852,2026-04-14,neu,compensacion
BUK10852,2026-04-21,pos,desarrollo_carrera|claridad_rol|reconocimiento
BUK10852,2026-05-18,neg,clima_equipo|reconocimiento|claridad_rol
BUK10852,2026-05-23,pos,relacion_con_lider|carga_trabajo|compensacion
BUK10852,2026-05-30,pos,balance_vida_trabajo|compensacion|movilidad_interna
BUK10854,2026-04-10,pos,onboarding|herramientas_procesos|carga_trabajo
BUK10854,2026-04-14,pos,onboarding
BUK10854,2026-05-08,neu,herramientas_procesos|clima_equipo|claridad_rol
BUK10855,2025-04-30,pos,movilidad_interna|cambio_organizacional|claridad_rol
BUK10855,2025-10-05,pos,desarrollo_carrera
BUK10855,2026-05-16,pos,claridad_rol|movilidad_interna
BUK10856,2026-04-22,pos,balance_vida_trabajo|herramientas_procesos|onboarding
BUK10856,2026-07-31,pos,onboarding|cambio_organizacional|balance_vida_trabajo
BUK10857,2026-03-26,neg,clima_equipo
BUK10857,2026-03-30,neu,cambio_organizacional|reconocimiento
BUK10857,2026-03-31,neu,carga_trabajo|balance_vida_trabajo
BUK10857,2026-04-26,neu,balance_vida_trabajo|compensacion|reconocimiento
BUK10858,2025-05-14,neu,herramientas_procesos|balance_vida_trabajo
BUK10858,2025-09-10,pos,compensacion
BUK10858,2025-10-08,pos,clima_equipo|movilidad_interna
BUK10858,2026-04-03,neu,balance_vida_trabajo|movilidad_interna|herramientas_procesos
BUK10858,2026-05-05,pos,clima_equipo
BUK10858,2026-07-20,pos,herramientas_procesos|relacion_con_lider|compensacion
BUK10859,2025-09-26,neu,relacion_con_lider|onboarding|clima_equipo
BUK10860,2025-05-10,pos,onboarding|herramientas_procesos
BUK10860,2025-05-21,pos,movilidad_interna|clima_equipo|herramientas_procesos
BUK10860,2026-05-16,neu,movilidad_interna|balance_vida_trabajo|onboarding
BUK10860,2026-05-26,pos,cambio_organizacional|relacion_con_lider|movilidad_interna
BUK10861,2025-03-27,neu,reconocimiento
BUK10861,2025-04-03,pos,claridad_rol|relacion_con_lider|carga_trabajo
BUK10861,2025-04-05,pos,claridad_rol|herramientas_procesos|balance_vida_trabajo
BUK10861,2025-04-10,pos,clima_equipo|onboarding
BUK10861,2025-04-13,pos,onboarding|reconocimiento
BUK10861,2025-04-15,neu,claridad_rol|herramientas_procesos
BUK10862,2026-06-27,pos,carga_trabajo|movilidad_interna
BUK10862,2026-08-21,neu,herramientas_procesos|reconocimiento
BUK10862,2026-08-30,pos,desarrollo_carrera|relacion_con_lider|balance_vida_trabajo
BUK10863,2025-03-27,neu,onboarding
BUK10863,2025-10-02,neu,claridad_rol|cambio_organizacional
BUK10863,2025-12-20,pos,onboarding|cambio_organizacional|compensacion
BUK10864,2026-07-15,neu,clima_equipo|carga_trabajo|balance_vida_trabajo
BUK10865,2025-06-17,neu,onboarding|cambio_organizacional
BUK10865,2026-06-02,pos,desarrollo_carrera|clima_equipo
BUK10866,2026-03-16,pos,clima_equipo|balance_vida_trabajo
BUK10866,2026-04-03,pos,claridad_rol
BUK10866,2026-04-13,pos,clima_equipo|reconocimiento
BUK10866,2026-04-18,neu,clima_equipo|movilidad_interna|balance_vida_trabajo
BUK10866,2026-05-28,neu,clima_equipo|claridad_rol
BUK10867,2025-04-06,pos,reconocimiento
BUK10867,2025-05-27,pos,movilidad_interna
BUK10867,2025-06-14,pos,movilidad_interna|desarrollo_carrera
BUK10867,2026-03-06,neu,movilidad_interna
BUK10867,2026-07-06,neg,reconocimiento|compensacion|movilidad_interna
BUK10868,2025-10-27,neg,cambio_organizacional|onboarding|desarrollo_carrera
BUK10868,2025-11-25,pos,carga_trabajo|desarrollo_carrera|compensacion
BUK10868,2026-02-12,neu,herramientas_procesos|balance_vida_trabajo
BUK10868,2026-02-17,neu,reconocimiento|clima_equipo|movilidad_interna
BUK10868,2026-05-12,neu,desarrollo_carrera|reconocimiento|clima_equipo
BUK10869,2026-01-25,pos,compensacion|desarrollo_carrera
BUK10869,2026-02-06,pos,claridad_rol|compensacion|carga_trabajo
BUK10869,2026-02-18,pos,balance_vida_trabajo|reconocimiento|carga_trabajo
BUK10869,2026-05-19,neu,clima_equipo
BUK10869,2026-06-05,pos,balance_vida_trabajo|movilidad_interna|herramientas_procesos
BUK10869,2026-06-14,neu,cambio_organizacional
BUK10870,2025-06-04,neu,cambio_organizacional|claridad_rol
BUK10870,2025-07-01,neu,onboarding
BUK10870,2026-02-13,neg,balance_vida_trabajo|compensacion|relacion_con_lider
BUK10870,2026-03-18,neu,relacion_con_lider|claridad_rol
BUK10870,2026-03-26,pos,movilidad_interna
BUK10870,2026-06-23,pos,relacion_con_lider|cambio_organizacional|compensacion
BUK10871,2025-04-12,neg,compensacion|reconocimiento
BUK10871,2025-05-13,pos,cambio_organizacional
BUK10871,2025-11-20,pos,herramientas_procesos
BUK10872,2025-03-01,neg,relacion_con_lider
BUK10872,2025-03-01,neu,herramientas_procesos
BUK10872,2025-03-01,pos,cambio_organizacional|compensacion
BUK10873,2025-12-08,neu,desarrollo_carrera|cambio_organizacional
BUK10873,2026-01-10,pos,herramientas_procesos|balance_vida_trabajo
BUK10873,2026-03-27,pos,claridad_rol
BUK10873,2026-04-17,pos,carga_trabajo|cambio_organizacional
BUK10873,2026-07-27,neu,cambio_organizacional|clima_equipo
BUK10874,2026-07-13,neu,herramientas_procesos|relacion_con_lider
BUK10874,2026-07-14,neu,relacion_con_lider
BUK10874,2026-07-22,neu,relacion_con_lider|carga_trabajo|clima_equipo
BUK10874,2026-07-24,pos,desarrollo_carrera|cambio_organizacional|herramientas_procesos
BUK10874,2026-07-26,pos,desarrollo_carrera|herramientas_procesos|cambio_organizacional
BUK10874,2026-07-26,neu,onboarding|compensacion
BUK10875,2025-12-19,neg,herramientas_procesos
BUK10875,2026-04-04,neg,desarrollo_carrera
BUK10875,2026-04-28,neu,desarrollo_carrera|clima_equipo
BUK10875,2026-08-29,pos,cambio_organizacional|movilidad_interna|carga_trabajo
BUK10876,2025-08-03,neu,herramientas_procesos
BUK10876,2026-01-13,pos,movilidad_interna|herramientas_procesos
BUK10876,2026-04-11,neu,movilidad_interna|reconocimiento|desarrollo_carrera
BUK10877,2025-10-26,neu,compensacion
BUK10877,2026-01-12,neg,desarrollo_carrera|movilidad_interna|compensacion
BUK10877,2026-05-25,pos,movilidad_interna
BUK10878,2025-04-21,pos,balance_vida_trabajo|reconocimiento
BUK10878,2025-06-29,pos,cambio_organizacional
BUK10878,2025-07-16,neu,clima_equipo|reconocimiento|relacion_con_lider
BUK10878,2025-08-08,neu,cambio_organizacional|balance_vida_trabajo
BUK10878,2026-02-07,neu,carga_trabajo|reconocimiento
BUK10878,2026-07-29,neg,cambio_organizacional
BUK10879,2025-07-29,pos,movilidad_interna
BUK10879,2025-11-03,neu,desarrollo_carrera
BUK10879,2025-11-13,pos,onboarding
BUK10879,2026-03-13,pos,onboarding|balance_vida_trabajo
BUK10880,2026-07-14,pos,balance_vida_trabajo|claridad_rol
BUK10880,2026-07-26,pos,cambio_organizacional|herramientas_procesos
BUK10880,2026-07-29,neu,movilidad_interna|cambio_organizacional|claridad_rol
BUK10880,2026-07-31,pos,herramientas_procesos|carga_trabajo|cambio_organizacional
BUK10880,2026-08-30,neu,claridad_rol
BUK10881,2025-04-10,neg,desarrollo_carrera|cambio_organizacional
BUK10881,2025-05-17,neg,onboarding|balance_vida_trabajo
BUK10881,2025-05-29,neg,herramientas_procesos|desarrollo_carrera|claridad_rol
BUK10881,2025-08-26,neg,carga_trabajo
BUK10882,2025-03-01,neu,herramientas_procesos|clima_equipo
BUK10882,2025-03-16,pos,cambio_organizacional|herramientas_procesos
BUK10882,2025-03-21,pos,movilidad_interna
BUK10882,2025-11-06,neu,movilidad_interna|cambio_organizacional
BUK10882,2026-05-02,neu,cambio_organizacional
BUK10883,2025-03-12,neu,balance_vida_trabajo|relacion_con_lider
BUK10883,2025-10-22,neu,balance_vida_trabajo|relacion_con_lider|cambio_organizacional
BUK10884,2026-03-07,neu,cambio_organizacional
BUK10884,2026-04-20,neu,compensacion
BUK10885,2025-07-05,neu,relacion_con_lider|movilidad_interna
BUK10885,2026-01-30,neu,carga_trabajo|movilidad_interna
BUK10885,2026-02-04,pos,compensacion|carga_trabajo
BUK10886,2025-06-18,neu,clima_equipo|carga_trabajo
BUK10886,2026-03-10,neu,cambio_organizacional|carga_trabajo
BUK10886,2026-03-25,neu,claridad_rol|desarrollo_carrera|relacion_con_lider
BUK10886,2026-06-23,neg,cambio_organizacional|claridad_rol
BUK10886,2026-06-30,neu,clima_equipo|compensacion|desarrollo_carrera
BUK10887,2026-03-02,neg,claridad_rol
BUK10887,2026-04-17,neg,herramientas_procesos|onboarding
BUK10887,2026-04-20,neg,claridad_rol|relacion_con_lider
BUK10888,2025-04-10,pos,desarrollo_carrera|reconocimiento
BUK10888,2025-06-13,pos,herramientas_procesos|relacion_con_lider
BUK10888,2026-03-13,pos,desarrollo_carrera
BUK10888,2026-05-17,pos,cambio_organizacional|carga_trabajo|movilidad_interna
BUK10889,2025-10-30,pos,movilidad_interna|reconocimiento
BUK10889,2025-11-01,pos,compensacion|desarrollo_carrera
BUK10889,2025-11-24,neu,compensacion|reconocimiento
BUK10889,2026-01-24,neu,compensacion|desarrollo_carrera
BUK10889,2026-02-27,neu,desarrollo_carrera|movilidad_interna
BUK10889,2026-03-02,neu,movilidad_interna|reconocimiento
BUK10890,2026-02-20,pos,onboarding|balance_vida_trabajo
BUK10890,2026-06-12,neu,movilidad_interna
BUK10891,2026-03-23,neg,relacion_con_lider|onboarding|claridad_rol
BUK10891,2026-03-28,neu,relacion_con_lider|claridad_rol
BUK10891,2026-05-08,neg,relacion_con_lider|claridad_rol
BUK10891,2026-05-23,neu,onboarding|claridad_rol|herramientas_procesos
BUK10891,2026-07-16,neu,claridad_rol
BUK10891,2026-07-19,neu,herramientas_procesos|onboarding
BUK10892,2026-07-13,pos,claridad_rol|clima_equipo
BUK10892,2026-08-27,pos,compensacion|herramientas_procesos
BUK10893,2025-03-13,neu,claridad_rol|herramientas_procesos
BUK10893,2025-03-21,neg,herramientas_procesos|relacion_con_lider
BUK10893,2025-05-21,neg,desarrollo_carrera|claridad_rol|relacion_con_lider
BUK10893,2025-08-07,neg,claridad_rol
BUK10893,2025-08-17,neg,desarrollo_carrera
BUK10893,2025-10-12,neg,desarrollo_carrera|relacion_con_lider
BUK10893,2025-10-28,neu,desarrollo_carrera
BUK10894,2025-08-06,pos,clima_equipo
BUK10894,2025-10-23,neu,movilidad_interna
BUK10895,2026-03-04,neg,compensacion
BUK10895,2026-03-19,neg,desarrollo_carrera
BUK10895,2026-05-09,neg,desarrollo_carrera
BUK10895,2026-06-02,neg,desarrollo_carrera|movilidad_interna
BUK10895,2026-07-27,neg,reconocimiento|movilidad_interna|desarrollo_carrera
BUK10896,2025-08-07,pos,onboarding
BUK10896,2025-12-12,pos,herramientas_procesos|reconocimiento
BUK10896,2026-03-05,pos,carga_trabajo|balance_vida_trabajo|claridad_rol
BUK10896,2026-08-12,neu,onboarding|movilidad_interna
BUK10897,2026-02-17,neu,onboarding|reconocimiento
BUK10897,2026-07-30,pos,compensacion|herramientas_procesos
BUK10898,2025-10-27,pos,movilidad_interna
BUK10898,2025-11-01,pos,cambio_organizacional|movilidad_interna
BUK10898,2025-12-29,neu,claridad_rol
BUK10898,2026-01-16,neu,reconocimiento|onboarding|clima_equipo
BUK10898,2026-04-30,pos,relacion_con_lider|onboarding
BUK10898,2026-05-19,neu,clima_equipo|herramientas_procesos
BUK10898,2026-06-19,pos,movilidad_interna
BUK10899,2026-02-28,pos,cambio_organizacional|claridad_rol
BUK10899,2026-05-07,neu,compensacion|carga_trabajo
BUK10900,2025-03-20,pos,movilidad_interna|reconocimiento
BUK10900,2025-04-14,pos,desarrollo_carrera|compensacion
BUK10900,2025-05-08,neu,compensacion
BUK10900,2026-03-19,neu,movilidad_interna|desarrollo_carrera|reconocimiento
BUK10900,2026-05-30,neu,desarrollo_carrera|movilidad_interna
BUK10900,2026-07-28,neu,compensacion
BUK10901,2025-06-24,pos,desarrollo_carrera|balance_vida_trabajo
BUK10901,2025-08-30,neu,herramientas_procesos|balance_vida_trabajo
BUK10901,2025-09-23,pos,cambio_organizacional|onboarding|herramientas_procesos
BUK10901,2025-09-27,pos,cambio_organizacional
BUK10901,2026-02-04,neu,movilidad_interna|cambio_organizacional
BUK10903,2025-04-20,pos,reconocimiento
BUK10903,2025-04-20,neu,cambio_organizacional
BUK10903,2025-04-27,neu,carga_trabajo|movilidad_interna
BUK10903,2025-05-20,pos,carga_trabajo|compensacion|clima_equipo
BUK10903,2025-05-28,pos,movilidad_interna
BUK10904,2026-02-19,pos,balance_vida_trabajo|desarrollo_carrera|compensacion
BUK10904,2026-03-08,neu,clima_equipo|herramientas_procesos
BUK10904,2026-03-11,pos,clima_equipo
BUK10904,2026-04-25,pos,compensacion|clima_equipo|desarrollo_carrera
BUK10905,2025-03-21,pos,compensacion|desarrollo_carrera
BUK10905,2025-08-06,pos,compensacion|clima_equipo
BUK10905,2025-10-25,pos,claridad_rol|balance_vida_trabajo
BUK10906,2025-03-07,neg,relacion_con_lider|herramientas_procesos
BUK10906,2025-03-09,neg,relacion_con_lider
BUK10906,2025-07-28,neg,relacion_con_lider
BUK10906,2025-08-29,neg,claridad_rol|desarrollo_carrera
BUK10906,2026-05-25,neg,relacion_con_lider|claridad_rol
BUK10907,2025-05-08,neu,onboarding
BUK10907,2025-07-20,pos,desarrollo_carrera
BUK10907,2026-06-10,neu,clima_equipo|balance_vida_trabajo
BUK10907,2026-07-06,neu,reconocimiento|carga_trabajo
BUK10907,2026-07-17,neu,desarrollo_carrera|balance_vida_trabajo|onboarding
BUK10908,2026-06-10,neg,movilidad_interna|desarrollo_carrera
BUK10908,2026-08-01,neu,compensacion|desarrollo_carrera
BUK10908,2026-08-25,pos,desarrollo_carrera|reconocimiento
BUK10909,2026-07-27,neg,claridad_rol|clima_equipo
BUK10909,2026-08-05,neu,relacion_con_lider|herramientas_procesos|reconocimiento
BUK10909,2026-08-14,pos,carga_trabajo|relacion_con_lider
BUK10909,2026-08-15,pos,compensacion|movilidad_interna
BUK10910,2026-03-16,neu,compensacion|onboarding
BUK10910,2026-04-30,neu,claridad_rol|carga_trabajo
BUK10910,2026-06-09,neu,claridad_rol|relacion_con_lider
BUK10911,2026-04-09,pos,cambio_organizacional|herramientas_procesos
BUK10911,2026-05-15,pos,cambio_organizacional
BUK10911,2026-07-14,pos,claridad_rol
BUK10912,2026-03-19,neu,onboarding|relacion_con_lider
BUK10912,2026-04-03,neg,relacion_con_lider
BUK10912,2026-04-03,pos,relacion_con_lider|onboarding
BUK10913,2025-07-16,pos,desarrollo_carrera|compensacion|onboarding
BUK10913,2025-07-21,neu,herramientas_procesos|onboarding
BUK10913,2025-10-03,neg,compensacion|clima_equipo
BUK10914,2025-03-29,neu,carga_trabajo
BUK10914,2025-11-14,pos,onboarding|desarrollo_carrera
BUK10915,2026-06-14,pos,desarrollo_carrera|onboarding|cambio_organizacional
BUK10915,2026-08-25,neu,herramientas_procesos|claridad_rol
BUK10916,2026-07-01,pos,carga_trabajo|balance_vida_trabajo
BUK10916,2026-07-07,neu,reconocimiento|herramientas_procesos
BUK10916,2026-07-13,pos,desarrollo_carrera
BUK10916,2026-08-10,neg,carga_trabajo|compensacion
BUK10917,2025-11-10,neu,cambio_organizacional
BUK10917,2026-01-18,pos,movilidad_interna|relacion_con_lider
BUK10917,2026-03-31,pos,onboarding
BUK10917,2026-06-09,pos,herramientas_procesos
BUK10917,2026-07-30,pos,compensacion
BUK10918,2026-01-04,pos,compensacion|desarrollo_carrera
BUK10918,2026-04-04,pos,clima_equipo|carga_trabajo
BUK10919,2025-03-15,neg,carga_trabajo|relacion_con_lider
BUK10919,2025-04-14,neg,reconocimiento|cambio_organizacional
BUK10919,2025-04-27,neg,cambio_organizacional|relacion_con_lider
BUK10919,2025-12-17,neu,cambio_organizacional
BUK10919,2026-01-16,neu,reconocimiento|balance_vida_trabajo
BUK10919,2026-02-14,neu,clima_equipo|reconocimiento
BUK10919,2026-06-01,neu,cambio_organizacional|balance_vida_trabajo
BUK10920,2026-08-24,neg,cambio_organizacional|balance_vida_trabajo
BUK10920,2026-08-26,pos,movilidad_interna
BUK10920,2026-08-27,pos,cambio_organizacional
BUK10920,2026-08-28,neu,movilidad_interna|compensacion
BUK10920,2026-08-28,neu,clima_equipo|movilidad_interna|reconocimiento
BUK10920,2026-08-29,neu,herramientas_procesos
BUK10921,2025-06-20,neg,reconocimiento|clima_equipo
BUK10922,2025-07-09,pos,movilidad_interna|desarrollo_carrera
BUK10922,2025-12-14,pos,carga_trabajo|claridad_rol|desarrollo_carrera
BUK10922,2026-05-01,neu,cambio_organizacional
BUK10922,2026-07-05,neg,clima_equipo|cambio_organizacional|herramientas_procesos
BUK10922,2026-08-03,neu,compensacion|claridad_rol
BUK10923,2025-03-18,pos,relacion_con_lider|desarrollo_carrera|onboarding
BUK10923,2025-06-19,pos,reconocimiento
BUK10923,2026-04-20,pos,movilidad_interna
BUK10924,2025-08-13,neu,cambio_organizacional|reconocimiento|carga_trabajo
BUK10924,2025-09-19,neu,carga_trabajo|relacion_con_lider
BUK10924,2025-09-28,neu,balance_vida_trabajo|cambio_organizacional
BUK10924,2025-12-18,neu,cambio_organizacional
BUK10924,2026-03-06,neu,reconocimiento|cambio_organizacional
BUK10926,2025-03-19,pos,clima_equipo|cambio_organizacional
BUK10926,2025-05-08,pos,relacion_con_lider|cambio_organizacional
BUK10926,2025-07-17,pos,reconocimiento|desarrollo_carrera
BUK10926,2026-02-18,neu,herramientas_procesos|onboarding
BUK10926,2026-04-21,neu,herramientas_procesos|compensacion|cambio_organizacional
BUK10927,2026-05-04,pos,carga_trabajo|clima_equipo
BUK10927,2026-05-09,pos,balance_vida_trabajo|herramientas_procesos|movilidad_interna
BUK10927,2026-06-25,pos,onboarding|compensacion|cambio_organizacional
BUK10928,2026-01-15,pos,claridad_rol
BUK10928,2026-06-17,pos,herramientas_procesos|onboarding|compensacion
BUK10929,2025-03-19,neg,movilidad_interna|reconocimiento
BUK10929,2025-03-26,neu,desarrollo_carrera|compensacion
BUK10929,2025-04-01,neg,compensacion|desarrollo_carrera
BUK10929,2025-04-13,neg,reconocimiento|desarrollo_carrera
BUK10929,2025-04-18,neg,reconocimiento|movilidad_interna|desarrollo_carrera
BUK10930,2025-03-14,pos,balance_vida_trabajo|relacion_con_lider
BUK10930,2026-07-26,pos,balance_vida_trabajo|carga_trabajo
BUK10930,2026-08-02,pos,balance_vida_trabajo|carga_trabajo
BUK10931,2025-07-15,neu,onboarding
BUK10931,2025-09-04,pos,onboarding|clima_equipo
BUK10931,2026-01-31,pos,cambio_organizacional|onboarding
BUK10931,2026-02-20,neu,claridad_rol
BUK10931,2026-06-08,pos,balance_vida_trabajo|cambio_organizacional
BUK10932,2025-04-03,pos,relacion_con_lider|carga_trabajo|cambio_organizacional
BUK10932,2025-09-06,neu,reconocimiento|compensacion
BUK10932,2025-11-06,pos,cambio_organizacional|herramientas_procesos
BUK10932,2026-01-24,neu,herramientas_procesos|clima_equipo
BUK10932,2026-03-30,neu,cambio_organizacional|herramientas_procesos
BUK10932,2026-04-08,neu,carga_trabajo|cambio_organizacional
BUK10932,2026-08-14,pos,cambio_organizacional
BUK10933,2025-03-25,neu,desarrollo_carrera|compensacion
BUK10933,2025-04-05,pos,desarrollo_carrera|compensacion
BUK10933,2025-05-17,neu,movilidad_interna|desarrollo_carrera
BUK10933,2025-09-22,neu,movilidad_interna|reconocimiento|desarrollo_carrera
BUK10933,2025-10-16,neg,compensacion|movilidad_interna
BUK10933,2025-12-11,neu,movilidad_interna|compensacion|desarrollo_carrera
BUK10933,2026-02-07,neg,compensacion|movilidad_interna
BUK10934,2025-04-30,neu,reconocimiento|relacion_con_lider
BUK10934,2025-06-24,pos,relacion_con_lider
BUK10934,2025-08-04,neu,carga_trabajo|balance_vida_trabajo|cambio_organizacional
BUK10934,2026-05-16,neg,cambio_organizacional|carga_trabajo
BUK10935,2025-06-12,neu,cambio_organizacional|compensacion
BUK10935,2026-01-10,pos,onboarding|clima_equipo
BUK10935,2026-03-22,pos,herramientas_procesos|onboarding
BUK10936,2025-03-18,pos,onboarding
BUK10936,2025-04-06,pos,balance_vida_trabajo|herramientas_procesos
BUK10936,2026-03-20,pos,reconocimiento
BUK10937,2026-05-10,neg,herramientas_procesos|clima_equipo|claridad_rol
BUK10937,2026-05-20,neg,onboarding|carga_trabajo|movilidad_interna
BUK10937,2026-07-24,neg,claridad_rol|herramientas_procesos
BUK10938,2026-06-01,pos,desarrollo_carrera
BUK10938,2026-07-08,pos,compensacion|carga_trabajo|claridad_rol
BUK10939,2026-01-26,neu,compensacion|desarrollo_carrera
BUK10939,2026-03-10,pos,carga_trabajo|movilidad_interna|cambio_organizacional
BUK10939,2026-06-14,pos,cambio_organizacional|reconocimiento
BUK10940,2025-06-23,neu,balance_vida_trabajo|clima_equipo
BUK10940,2026-01-07,neg,cambio_organizacional
BUK10941,2025-10-26,pos,carga_trabajo|clima_equipo
BUK10941,2026-02-06,neu,relacion_con_lider|compensacion
BUK10941,2026-02-06,pos,cambio_organizacional|carga_trabajo|onboarding
BUK10941,2026-07-21,pos,carga_trabajo|desarrollo_carrera|movilidad_interna
BUK10942,2026-06-02,pos,movilidad_interna|desarrollo_carrera|carga_trabajo
BUK10942,2026-06-16,pos,desarrollo_carrera|herramientas_procesos
BUK10942,2026-07-15,neu,onboarding|relacion_con_lider
BUK10942,2026-08-08,pos,onboarding
BUK10942,2026-08-29,pos,balance_vida_trabajo|compensacion|relacion_con_lider
BUK10943,2025-07-22,pos,carga_trabajo|compensacion
BUK10943,2025-12-19,neu,onboarding|relacion_con_lider
BUK10943,2026-02-04,neu,balance_vida_trabajo|onboarding
BUK10943,2026-05-09,pos,balance_vida_trabajo|movilidad_interna
BUK10943,2026-05-26,neu,carga_trabajo|compensacion
BUK10943,2026-07-13,neu,desarrollo_carrera|cambio_organizacional
BUK10943,2026-07-16,pos,compensacion|cambio_organizacional
BUK10944,2025-05-27,pos,balance_vida_trabajo
BUK10944,2025-10-23,pos,movilidad_interna|desarrollo_carrera
BUK10945,2026-03-13,pos,compensacion
BUK10945,2026-05-25,neu,carga_trabajo|compensacion
BUK10945,2026-08-22,pos,clima_equipo|reconocimiento
BUK10945,2026-08-28,neu,relacion_con_lider|compensacion|clima_equipo
BUK10946,2025-07-02,neu,balance_vida_trabajo|herramientas_procesos|claridad_rol
BUK10946,2025-10-25,neu,cambio_organizacional|herramientas_procesos
BUK10946,2026-01-28,neu,balance_vida_trabajo|movilidad_interna|herramientas_procesos
BUK10946,2026-06-04,neu,desarrollo_carrera|relacion_con_lider
BUK10947,2025-11-05,neu,clima_equipo
BUK10947,2025-12-14,pos,relacion_con_lider|carga_trabajo
BUK10947,2026-01-17,neg,cambio_organizacional
BUK10947,2026-01-30,neu,reconocimiento
BUK10948,2026-07-24,pos,relacion_con_lider|onboarding
BUK10948,2026-07-26,neu,onboarding|relacion_con_lider|herramientas_procesos
BUK10948,2026-07-27,pos,onboarding|relacion_con_lider|claridad_rol
BUK10949,2025-08-23,neg,relacion_con_lider|herramientas_procesos
BUK10949,2026-06-18,neu,desarrollo_carrera
BUK10949,2026-07-26,pos,desarrollo_carrera|relacion_con_lider
BUK10950,2025-04-01,pos,compensacion|reconocimiento
BUK10950,2025-08-02,neu,movilidad_interna|reconocimiento
BUK10951,2026-04-21,pos,clima_equipo
BUK10951,2026-06-22,neu,claridad_rol|movilidad_interna
BUK10952,2025-07-07,pos,claridad_rol|clima_equipo
BUK10952,2025-08-19,neu,movilidad_interna|cambio_organizacional
BUK10952,2025-08-27,pos,compensacion|carga_trabajo
BUK10952,2025-09-13,pos,balance_vida_trabajo|carga_trabajo|cambio_organizacional
BUK10954,2025-09-30,pos,relacion_con_lider|compensacion
BUK10954,2026-02-24,neu,compensacion|clima_equipo
BUK10954,2026-03-13,neu,relacion_con_lider
BUK10954,2026-05-06,pos,relacion_con_lider|carga_trabajo
BUK10954,2026-06-22,neu,relacion_con_lider|cambio_organizacional
BUK10954,2026-08-29,neu,claridad_rol|compensacion
BUK10955,2025-12-23,neu,desarrollo_carrera|reconocimiento|carga_trabajo
BUK10955,2026-03-31,pos,reconocimiento|carga_trabajo
BUK10956,2026-08-05,pos,claridad_rol|relacion_con_lider|carga_trabajo
BUK10957,2025-09-29,pos,movilidad_interna
BUK10957,2026-06-26,pos,carga_trabajo
BUK10957,2026-08-09,neg,carga_trabajo|onboarding
BUK10958,2025-03-05,pos,cambio_organizacional|relacion_con_lider
BUK10958,2025-07-11,neu,movilidad_interna
BUK10958,2025-09-13,neu,herramientas_procesos|carga_trabajo
BUK10958,2026-02-05,neg,onboarding|cambio_organizacional
BUK10959,2025-06-03,neu,carga_trabajo|clima_equipo
BUK10959,2026-03-11,neu,carga_trabajo|balance_vida_trabajo
BUK10960,2026-03-01,neu,relacion_con_lider|balance_vida_trabajo
BUK10960,2026-07-17,neu,onboarding|clima_equipo
BUK10960,2026-07-29,neu,onboarding|cambio_organizacional|carga_trabajo
BUK10960,2026-08-03,pos,clima_equipo
BUK10960,2026-08-17,pos,clima_equipo|balance_vida_trabajo
BUK10961,2026-03-20,pos,balance_vida_trabajo
BUK10961,2026-03-20,pos,clima_equipo|balance_vida_trabajo
BUK10961,2026-05-10,pos,compensacion|relacion_con_lider|herramientas_procesos
BUK10961,2026-05-11,pos,balance_vida_trabajo|movilidad_interna
BUK10961,2026-06-05,neu,onboarding|desarrollo_carrera
BUK10961,2026-08-18,pos,desarrollo_carrera|relacion_con_lider|cambio_organizacional
BUK10961,2026-08-30,pos,balance_vida_trabajo|reconocimiento|relacion_con_lider
BUK10962,2026-05-15,pos,desarrollo_carrera|movilidad_interna
BUK10962,2026-06-23,pos,cambio_organizacional|desarrollo_carrera
BUK10963,2026-06-24,neg,movilidad_interna|balance_vida_trabajo
BUK10963,2026-08-11,pos,clima_equipo|balance_vida_trabajo|cambio_organizacional
BUK10964,2025-07-29,neu,clima_equipo|balance_vida_trabajo|herramientas_procesos
BUK10964,2025-09-14,neg,onboarding
BUK10964,2025-12-26,pos,claridad_rol
BUK10964,2026-02-16,pos,movilidad_interna|claridad_rol|relacion_con_lider
BUK10964,2026-06-29,neu,cambio_organizacional
BUK10966,2025-09-16,neu,clima_equipo|balance_vida_trabajo
BUK10966,2025-09-24,neu,compensacion|reconocimiento
BUK10966,2026-03-01,neg,clima_equipo|cambio_organizacional
BUK10966,2026-07-15,pos,carga_trabajo
BUK10967,2026-07-25,pos,relacion_con_lider|compensacion
BUK10967,2026-08-12,pos,desarrollo_carrera|balance_vida_trabajo
BUK10968,2026-02-27,pos,movilidad_interna|desarrollo_carrera|relacion_con_lider
BUK10968,2026-03-05,pos,balance_vida_trabajo
BUK10968,2026-08-09,pos,clima_equipo|carga_trabajo
BUK10969,2026-05-30,neu,balance_vida_trabajo|carga_trabajo
BUK10969,2026-06-11,neg,balance_vida_trabajo
BUK10969,2026-06-18,neu,herramientas_procesos
BUK10969,2026-06-30,neg,claridad_rol|balance_vida_trabajo
BUK10969,2026-07-16,neu,balance_vida_trabajo|clima_equipo|herramientas_procesos
BUK10969,2026-07-27,neu,cambio_organizacional
BUK10970,2025-03-01,neg,reconocimiento
BUK10970,2025-03-04,neu,clima_equipo|onboarding
BUK10970,2025-03-14,neu,relacion_con_lider|compensacion
BUK10970,2025-04-09,neg,reconocimiento|desarrollo_carrera
BUK10970,2025-04-18,pos,compensacion|claridad_rol
BUK10970,2025-04-30,neu,cambio_organizacional|reconocimiento|onboarding
BUK10972,2026-07-18,neu,compensacion|movilidad_interna|balance_vida_trabajo
BUK10973,2025-05-08,neu,cambio_organizacional|carga_trabajo
BUK10973,2025-05-21,neu,relacion_con_lider
BUK10973,2025-08-04,neu,reconocimiento
BUK10973,2026-02-17,neu,clima_equipo
BUK10973,2026-04-27,neu,clima_equipo|carga_trabajo
BUK10974,2025-03-18,pos,claridad_rol|carga_trabajo|cambio_organizacional
BUK10974,2025-11-25,pos,movilidad_interna
BUK10974,2026-06-12,pos,onboarding|balance_vida_trabajo
BUK10975,2025-06-06,pos,movilidad_interna|cambio_organizacional
BUK10975,2025-10-25,neg,reconocimiento|balance_vida_trabajo|compensacion
BUK10975,2025-12-22,pos,carga_trabajo
BUK10975,2026-05-27,pos,movilidad_interna|relacion_con_lider
BUK10975,2026-07-19,pos,compensacion
BUK10976,2025-06-06,neg,desarrollo_carrera|onboarding
BUK10976,2026-01-03,neg,compensacion|cambio_organizacional|carga_trabajo
BUK10976,2026-02-28,pos,claridad_rol|movilidad_interna|balance_vida_trabajo
BUK10976,2026-05-22,neg,claridad_rol|reconocimiento
BUK10977,2025-12-26,neu,desarrollo_carrera|reconocimiento
BUK10977,2026-06-04,pos,clima_equipo
BUK10978,2026-07-05,pos,desarrollo_carrera|onboarding
BUK10978,2026-08-03,neu,carga_trabajo|desarrollo_carrera|relacion_con_lider
BUK10979,2025-05-03,neu,balance_vida_trabajo|clima_equipo
BUK10979,2025-05-08,pos,onboarding
BUK10979,2025-07-03,pos,carga_trabajo|clima_equipo
BUK10979,2025-09-03,pos,balance_vida_trabajo|onboarding|clima_equipo
BUK10979,2026-04-30,neu,clima_equipo|desarrollo_carrera
BUK10979,2026-06-06,neu,desarrollo_carrera|clima_equipo|herramientas_procesos
BUK10979,2026-07-24,neu,cambio_organizacional|desarrollo_carrera|claridad_rol
BUK10980,2026-02-09,neu,movilidad_interna|relacion_con_lider
BUK10980,2026-03-14,neu,onboarding|movilidad_interna
BUK10982,2026-07-28,neu,onboarding|claridad_rol
BUK10983,2025-03-29,neu,clima_equipo
BUK10983,2025-05-20,pos,herramientas_procesos
BUK10983,2025-07-29,pos,claridad_rol
BUK10983,2025-11-28,pos,relacion_con_lider|cambio_organizacional
BUK10983,2026-05-15,pos,herramientas_procesos|claridad_rol
BUK10984,2025-05-13,neg,cambio_organizacional
BUK10984,2025-06-27,neu,relacion_con_lider|cambio_organizacional
BUK10984,2025-11-24,neg,clima_equipo
BUK10986,2025-12-14,neu,clima_equipo|balance_vida_trabajo
BUK10986,2026-03-07,neu,cambio_organizacional|reconocimiento
BUK10987,2025-03-01,neg,clima_equipo|cambio_organizacional|relacion_con_lider
BUK10987,2025-03-01,neg,cambio_organizacional|reconocimiento
BUK10987,2025-03-02,neg,clima_equipo
BUK10987,2025-03-02,neg,clima_equipo|cambio_organizacional|reconocimiento
BUK10989,2026-07-26,pos,herramientas_procesos|relacion_con_lider
BUK10990,2025-11-05,neu,desarrollo_carrera|onboarding
BUK10990,2025-12-17,pos,herramientas_procesos
BUK10990,2026-05-21,pos,balance_vida_trabajo
BUK10990,2026-07-19,pos,onboarding|carga_trabajo
BUK10991,2025-11-13,neu,desarrollo_carrera
BUK10991,2025-12-03,pos,movilidad_interna|desarrollo_carrera
BUK10991,2026-06-19,pos,movilidad_interna
BUK10992,2026-02-01,neu,cambio_organizacional
BUK10992,2026-07-27,pos,balance_vida_trabajo|compensacion|relacion_con_lider
BUK10992,2026-08-23,neu,onboarding|clima_equipo
BUK10993,2026-01-14,pos,relacion_con_lider|clima_equipo|claridad_rol
BUK10993,2026-02-28,pos,herramientas_procesos|clima_equipo
BUK10993,2026-04-02,neu,herramientas_procesos|compensacion|carga_trabajo
BUK10994,2025-05-10,neg,herramientas_procesos|desarrollo_carrera|claridad_rol
BUK10994,2025-06-05,neg,herramientas_procesos
BUK10994,2025-11-29,neg,desarrollo_carrera|herramientas_procesos|claridad_rol
BUK10995,2025-05-02,neu,relacion_con_lider|reconocimiento|herramientas_procesos
BUK10995,2025-12-27,pos,compensacion|claridad_rol|desarrollo_carrera
BUK10995,2026-02-14,neu,balance_vida_trabajo|desarrollo_carrera|compensacion
BUK10996,2026-08-24,pos,onboarding
BUK10997,2025-05-22,neu,reconocimiento|relacion_con_lider|cambio_organizacional
BUK10997,2025-08-25,neu,relacion_con_lider
BUK10997,2025-11-07,neu,carga_trabajo|onboarding
BUK10997,2025-11-12,pos,reconocimiento|relacion_con_lider
BUK10997,2026-04-21,neu,herramientas_procesos|desarrollo_carrera|claridad_rol
BUK10997,2026-07-06,pos,relacion_con_lider|cambio_organizacional
BUK10998,2025-07-09,neu,herramientas_procesos|relacion_con_lider|claridad_rol
BUK10998,2026-02-16,neu,herramientas_procesos
BUK10998,2026-06-13,neu,desarrollo_carrera|herramientas_procesos
BUK10998,2026-06-17,neu,relacion_con_lider|herramientas_procesos
BUK10999,2025-04-06,neu,movilidad_interna
BUK10999,2025-04-15,pos,claridad_rol|carga_trabajo|reconocimiento
BUK10999,2025-05-20,neg,clima_equipo|movilidad_interna
BUK10999,2025-06-02,pos,desarrollo_carrera
BUK11000,2025-07-11,neu,herramientas_procesos|reconocimiento
BUK11001,2025-10-22,neu,herramientas_procesos|relacion_con_lider|movilidad_interna
BUK11001,2026-03-15,neu,desarrollo_carrera|compensacion|relacion_con_lider
BUK11001,2026-07-13,neu,desarrollo_carrera|claridad_rol|herramientas_procesos
BUK11002,2025-08-12,neg,carga_trabajo|balance_vida_trabajo|relacion_con_lider
BUK11002,2025-08-18,neg,reconocimiento|clima_equipo|relacion_con_lider
BUK11002,2025-08-19,neg,balance_vida_trabajo
BUK11003,2025-03-29,pos,reconocimiento
BUK11003,2025-09-13,pos,relacion_con_lider|reconocimiento
BUK11003,2026-06-05,pos,clima_equipo|carga_trabajo|balance_vida_trabajo
BUK11004,2025-04-06,neu,balance_vida_trabajo|reconocimiento
BUK11004,2025-05-01,pos,onboarding
BUK11004,2025-05-04,pos,clima_equipo|desarrollo_carrera
BUK11004,2025-06-23,neg,carga_trabajo|onboarding|movilidad_interna
BUK11004,2025-07-25,neu,cambio_organizacional|compensacion
BUK11004,2025-11-23,neu,reconocimiento|movilidad_interna|carga_trabajo
BUK11004,2025-12-19,pos,clima_equipo|relacion_con_lider|onboarding
BUK11005,2025-06-12,neu,desarrollo_carrera|relacion_con_lider
BUK11006,2026-03-14,pos,compensacion|herramientas_procesos
BUK11006,2026-03-26,pos,compensacion
BUK11006,2026-03-30,pos,clima_equipo
BUK11006,2026-05-09,neu,clima_equipo|onboarding|herramientas_procesos
BUK11007,2025-04-15,neu,relacion_con_lider|clima_equipo|desarrollo_carrera
BUK11007,2025-06-22,pos,onboarding|claridad_rol
BUK11007,2025-11-10,pos,desarrollo_carrera|reconocimiento
BUK11007,2026-02-23,pos,relacion_con_lider|clima_equipo
BUK11007,2026-04-12,neu,desarrollo_carrera|carga_trabajo
BUK11008,2026-05-01,pos,desarrollo_carrera|cambio_organizacional
BUK11008,2026-07-07,pos,clima_equipo|balance_vida_trabajo|cambio_organizacional
BUK11008,2026-07-12,pos,movilidad_interna|desarrollo_carrera|balance_vida_trabajo
BUK11009,2025-07-21,pos,relacion_con_lider|compensacion|movilidad_interna
BUK11009,2025-10-18,pos,cambio_organizacional|reconocimiento|compensacion
BUK11009,2026-01-05,neu,balance_vida_trabajo
BUK11009,2026-01-24,pos,movilidad_interna|herramientas_procesos
BUK11009,2026-02-25,neu,compensacion
BUK11009,2026-06-23,pos,movilidad_interna
BUK11010,2026-07-31,neg,reconocimiento|movilidad_interna
BUK11010,2026-08-12,neg,compensacion|reconocimiento|movilidad_interna
BUK11010,2026-08-15,neu,desarrollo_carrera|movilidad_interna
BUK11010,2026-08-22,neu,desarrollo_carrera
BUK11011,2025-03-16,neu,reconocimiento
BUK11011,2025-03-18,pos,cambio_organizacional|reconocimiento
BUK11011,2025-03-20,pos,balance_vida_trabajo|compensacion|desarrollo_carrera
BUK11011,2025-03-28,neu,carga_trabajo|movilidad_interna
BUK11011,2025-04-03,pos,claridad_rol|reconocimiento
BUK11012,2025-03-03,pos,balance_vida_trabajo|carga_trabajo
BUK11012,2025-08-29,neg,carga_trabajo|desarrollo_carrera
BUK11013,2026-03-28,pos,clima_equipo|compensacion
BUK11013,2026-03-29,neu,compensacion|relacion_con_lider
BUK11014,2026-08-03,neg,balance_vida_trabajo
BUK11014,2026-08-19,neu,reconocimiento
BUK11015,2025-03-19,pos,relacion_con_lider|carga_trabajo
BUK11015,2025-10-28,neu,onboarding|movilidad_interna
BUK11015,2025-11-08,pos,desarrollo_carrera
BUK11015,2026-03-01,pos,carga_trabajo
BUK11016,2026-05-27,neu,balance_vida_trabajo|claridad_rol|carga_trabajo
BUK11016,2026-06-04,neg,cambio_organizacional|balance_vida_trabajo
BUK11016,2026-08-29,pos,cambio_organizacional
BUK11017,2025-04-15,pos,compensacion|cambio_organizacional|claridad_rol
BUK11017,2025-07-20,pos,movilidad_interna|onboarding
BUK11017,2025-08-17,pos,relacion_con_lider
BUK11017,2025-09-07,neg,desarrollo_carrera
BUK11018,2025-03-04,pos,balance_vida_trabajo|claridad_rol|cambio_organizacional
BUK11018,2025-10-23,pos,relacion_con_lider|compensacion
BUK11018,2026-03-10,pos,cambio_organizacional|movilidad_interna
BUK11018,2026-05-04,pos,relacion_con_lider|reconocimiento|herramientas_procesos
BUK11019,2026-01-20,neu,relacion_con_lider|herramientas_procesos
BUK11019,2026-04-15,neg,relacion_con_lider|herramientas_procesos
BUK11019,2026-04-16,neg,relacion_con_lider
BUK11019,2026-07-27,neg,herramientas_procesos|claridad_rol|relacion_con_lider
BUK11020,2026-07-12,pos,reconocimiento|carga_trabajo|clima_equipo
BUK11020,2026-07-20,pos,compensacion|balance_vida_trabajo
BUK11021,2026-01-20,neu,reconocimiento|cambio_organizacional
BUK11021,2026-03-09,neu,relacion_con_lider|onboarding
BUK11021,2026-07-27,neg,movilidad_interna|relacion_con_lider|compensacion
BUK11022,2025-04-16,neg,cambio_organizacional|movilidad_interna|carga_trabajo
BUK11022,2025-05-17,pos,carga_trabajo
BUK11022,2025-06-05,neg,herramientas_procesos
BUK11022,2025-06-24,neg,cambio_organizacional|carga_trabajo
BUK11022,2026-07-28,neg,herramientas_procesos
BUK11023,2025-12-27,pos,cambio_organizacional|movilidad_interna
BUK11024,2025-11-16,pos,carga_trabajo
BUK11024,2025-12-12,neg,carga_trabajo|clima_equipo
BUK11024,2026-02-12,neu,claridad_rol|herramientas_procesos|reconocimiento
BUK11024,2026-05-11,neu,reconocimiento|relacion_con_lider|claridad_rol
BUK11025,2025-08-27,pos,compensacion|desarrollo_carrera
BUK11025,2025-09-08,pos,compensacion
BUK11025,2025-09-29,neu,desarrollo_carrera
BUK11025,2026-02-25,neu,reconocimiento
BUK11025,2026-06-05,pos,movilidad_interna|desarrollo_carrera
BUK11026,2026-07-13,neg,herramientas_procesos|relacion_con_lider|claridad_rol
BUK11026,2026-08-09,neg,claridad_rol|relacion_con_lider
BUK11026,2026-08-12,neu,desarrollo_carrera|claridad_rol
BUK11026,2026-08-16,neg,desarrollo_carrera
BUK11027,2025-08-16,neu,reconocimiento|relacion_con_lider
BUK11027,2025-08-28,pos,clima_equipo
BUK11027,2025-12-06,pos,relacion_con_lider|carga_trabajo
BUK11027,2026-05-18,pos,carga_trabajo|balance_vida_trabajo|clima_equipo
BUK11027,2026-06-02,neu,herramientas_procesos|cambio_organizacional
BUK11027,2026-06-28,pos,cambio_organizacional
BUK11028,2026-05-26,neu,herramientas_procesos|movilidad_interna
BUK11028,2026-06-15,neu,cambio_organizacional|reconocimiento
BUK11028,2026-06-15,pos,herramientas_procesos|desarrollo_carrera
BUK11028,2026-06-17,pos,desarrollo_carrera|cambio_organizacional
BUK11028,2026-08-25,neu,compensacion
BUK11029,2025-08-25,pos,balance_vida_trabajo|movilidad_interna
BUK11029,2025-12-14,pos,compensacion|relacion_con_lider
BUK11029,2025-12-15,neu,carga_trabajo|herramientas_procesos
BUK11029,2026-01-14,pos,carga_trabajo
BUK11030,2026-04-30,neu,reconocimiento|claridad_rol|onboarding
BUK11030,2026-08-30,neu,cambio_organizacional|compensacion
BUK11031,2026-05-18,neg,relacion_con_lider
BUK11031,2026-05-23,neg,claridad_rol|herramientas_procesos
BUK11031,2026-06-20,neu,claridad_rol|relacion_con_lider
BUK11031,2026-06-24,neu,herramientas_procesos
BUK11031,2026-06-29,neu,desarrollo_carrera|relacion_con_lider
BUK11031,2026-06-29,neu,herramientas_procesos|relacion_con_lider
BUK11031,2026-07-06,neu,herramientas_procesos|claridad_rol
BUK11032,2025-04-29,neu,carga_trabajo|clima_equipo
BUK11032,2025-12-20,neu,desarrollo_carrera|movilidad_interna
BUK11032,2026-02-08,pos,herramientas_procesos
BUK11032,2026-03-16,neu,movilidad_interna|relacion_con_lider
BUK11032,2026-06-11,neu,clima_equipo|reconocimiento
BUK11032,2026-07-05,pos,onboarding
BUK11033,2025-08-20,pos,balance_vida_trabajo|reconocimiento|compensacion
BUK11033,2025-09-07,pos,desarrollo_carrera
BUK11033,2026-01-27,neu,herramientas_procesos|onboarding
BUK11033,2026-04-04,neu,desarrollo_carrera|relacion_con_lider
BUK11033,2026-08-24,neu,herramientas_procesos|clima_equipo
BUK11034,2025-11-30,pos,herramientas_procesos|balance_vida_trabajo
BUK11034,2026-07-23,neu,movilidad_interna|cambio_organizacional
BUK11035,2025-06-09,pos,carga_trabajo|desarrollo_carrera
BUK11035,2026-05-19,neu,cambio_organizacional|claridad_rol
BUK11037,2025-11-07,neu,relacion_con_lider|reconocimiento
BUK11037,2025-12-05,neg,clima_equipo
BUK11037,2026-03-16,pos,relacion_con_lider|reconocimiento|movilidad_interna
BUK11037,2026-05-16,neu,reconocimiento|desarrollo_carrera
BUK11038,2025-08-13,neu,onboarding
BUK11038,2025-08-22,pos,compensacion
BUK11038,2025-09-03,neu,herramientas_procesos|carga_trabajo
BUK11039,2025-04-26,pos,movilidad_interna|compensacion
BUK11039,2025-04-30,pos,desarrollo_carrera|reconocimiento
BUK11039,2025-07-04,neg,desarrollo_carrera|compensacion
BUK11039,2025-10-19,pos,desarrollo_carrera
BUK11039,2026-02-14,neu,movilidad_interna|compensacion|reconocimiento
BUK11040,2025-08-26,pos,relacion_con_lider|reconocimiento
BUK11040,2026-01-06,pos,herramientas_procesos
BUK11040,2026-01-25,pos,reconocimiento|relacion_con_lider
BUK11040,2026-01-28,pos,onboarding|balance_vida_trabajo
BUK11040,2026-02-09,neu,cambio_organizacional
BUK11041,2026-06-28,pos,herramientas_procesos|desarrollo_carrera|movilidad_interna
BUK11041,2026-08-02,pos,cambio_organizacional
BUK11042,2025-09-05,neg,movilidad_interna|carga_trabajo
BUK11042,2026-08-09,neg,desarrollo_carrera|relacion_con_lider
BUK11043,2025-10-28,neu,cambio_organizacional|herramientas_procesos
BUK11043,2025-12-13,neu,desarrollo_carrera|movilidad_interna|balance_vida_trabajo
BUK11044,2025-08-11,pos,clima_equipo|cambio_organizacional
BUK11044,2026-04-20,neu,balance_vida_trabajo
BUK11044,2026-06-05,neu,carga_trabajo|relacion_con_lider
BUK11045,2025-04-01,pos,desarrollo_carrera|compensacion
BUK11045,2026-06-03,pos,movilidad_interna|reconocimiento
BUK11046,2026-06-25,neu,balance_vida_trabajo
BUK11047,2025-07-28,neu,cambio_organizacional|carga_trabajo|balance_vida_trabajo
BUK11047,2025-08-20,neu,onboarding
BUK11047,2025-11-16,pos,claridad_rol|cambio_organizacional|herramientas_procesos
BUK11047,2026-08-19,pos,movilidad_interna|herramientas_procesos|reconocimiento
BUK11047,2026-08-22,neu,movilidad_interna|carga_trabajo
BUK11049,2026-06-24,neu,reconocimiento|desarrollo_carrera|compensacion
BUK11049,2026-07-02,neg,movilidad_interna|desarrollo_carrera
BUK11050,2025-06-28,neu,movilidad_interna|reconocimiento|compensacion
BUK11050,2025-06-30,neu,movilidad_interna|desarrollo_carrera
BUK11050,2025-07-08,neg,desarrollo_carrera|reconocimiento
BUK11050,2025-07-24,neu,reconocimiento|movilidad_interna
BUK11050,2025-07-24,neu,movilidad_interna|compensacion|reconocimiento
BUK11051,2025-06-13,neg,compensacion
BUK11052,2025-03-30,pos,herramientas_procesos|reconocimiento|desarrollo_carrera
BUK11052,2025-04-17,neu,compensacion|herramientas_procesos
BUK11052,2026-04-21,pos,reconocimiento|relacion_con_lider
BUK11052,2026-06-09,pos,balance_vida_trabajo
BUK11053,2026-04-22,pos,reconocimiento
BUK11053,2026-04-26,neu,compensacion|reconocimiento
BUK11053,2026-05-14,pos,clima_equipo|onboarding|cambio_organizacional
BUK11053,2026-08-17,pos,balance_vida_trabajo
BUK11054,2025-03-31,neg,relacion_con_lider
BUK11054,2025-05-29,neg,cambio_organizacional|claridad_rol
BUK11054,2025-07-22,neu,clima_equipo|carga_trabajo
BUK11054,2025-12-11,neg,carga_trabajo|onboarding
BUK11054,2026-08-17,neg,compensacion|reconocimiento|relacion_con_lider
BUK11055,2025-10-10,neu,movilidad_interna|desarrollo_carrera
BUK11055,2025-11-01,pos,claridad_rol|compensacion|cambio_organizacional
BUK11055,2025-12-02,pos,relacion_con_lider|onboarding|balance_vida_trabajo
BUK11056,2026-04-28,neg,relacion_con_lider|herramientas_procesos
BUK11056,2026-04-30,neg,herramientas_procesos|onboarding
BUK11056,2026-05-04,neg,claridad_rol|herramientas_procesos|onboarding
BUK11056,2026-05-12,neg,onboarding|relacion_con_lider
BUK11056,2026-05-18,pos,claridad_rol
BUK11057,2025-08-30,neu,cambio_organizacional|relacion_con_lider|herramientas_procesos
BUK11057,2025-11-02,neu,herramientas_procesos|claridad_rol
BUK11057,2026-08-16,pos,carga_trabajo|clima_equipo
BUK11058,2025-04-23,neu,carga_trabajo|clima_equipo
BUK11058,2025-07-04,pos,reconocimiento|relacion_con_lider|clima_equipo
BUK11058,2025-08-19,pos,balance_vida_trabajo|reconocimiento|carga_trabajo
BUK11058,2026-08-15,neu,cambio_organizacional|relacion_con_lider
BUK11059,2026-06-01,neg,cambio_organizacional|balance_vida_trabajo
BUK11059,2026-06-19,neg,reconocimiento
BUK11059,2026-07-22,neg,cambio_organizacional|carga_trabajo
BUK11059,2026-07-22,neu,carga_trabajo
BUK11059,2026-07-28,neg,carga_trabajo|balance_vida_trabajo
BUK11059,2026-08-01,neu,cambio_organizacional|carga_trabajo
BUK11060,2025-03-12,pos,reconocimiento
BUK11060,2025-05-31,pos,desarrollo_carrera|claridad_rol|carga_trabajo
BUK11060,2025-08-07,pos,claridad_rol|onboarding
BUK11060,2026-03-13,pos,reconocimiento|claridad_rol|compensacion
BUK11061,2026-07-04,pos,herramientas_procesos|carga_trabajo|clima_equipo
BUK11061,2026-08-07,pos,onboarding|carga_trabajo
BUK11062,2025-08-21,neu,relacion_con_lider|desarrollo_carrera
BUK11062,2026-02-19,pos,balance_vida_trabajo
BUK11062,2026-07-17,pos,balance_vida_trabajo|movilidad_interna|onboarding
BUK11063,2026-08-14,pos,carga_trabajo
BUK11064,2026-07-20,neg,reconocimiento|compensacion
BUK11064,2026-08-07,neg,movilidad_interna|desarrollo_carrera
BUK11064,2026-08-24,neu,movilidad_interna
BUK11065,2026-06-12,pos,desarrollo_carrera|carga_trabajo|balance_vida_trabajo
BUK11065,2026-07-11,neu,desarrollo_carrera|cambio_organizacional
BUK11065,2026-08-12,pos,balance_vida_trabajo|reconocimiento|desarrollo_carrera
BUK11066,2026-06-16,neu,compensacion|cambio_organizacional
BUK11066,2026-08-23,neu,clima_equipo|carga_trabajo
BUK11067,2025-03-18,neu,carga_trabajo|herramientas_procesos|movilidad_interna
BUK11067,2026-07-24,neu,balance_vida_trabajo|compensacion
BUK11068,2025-03-24,neg,clima_equipo|cambio_organizacional
BUK11068,2025-06-16,neg,herramientas_procesos|claridad_rol
BUK11068,2026-03-12,neu,clima_equipo|balance_vida_trabajo|movilidad_interna
BUK11069,2025-09-18,neu,herramientas_procesos
BUK11069,2025-10-05,neu,herramientas_procesos|relacion_con_lider
BUK11070,2025-08-25,neg,relacion_con_lider
BUK11070,2025-10-16,neg,desarrollo_carrera|herramientas_procesos
BUK11070,2025-11-29,neg,claridad_rol
BUK11070,2026-03-11,neu,claridad_rol|relacion_con_lider|desarrollo_carrera
BUK11070,2026-06-10,neg,herramientas_procesos|relacion_con_lider
BUK11070,2026-07-19,neu,claridad_rol|herramientas_procesos|desarrollo_carrera
BUK11071,2026-08-18,neg,carga_trabajo|reconocimiento
BUK11072,2026-02-26,neg,claridad_rol
BUK11072,2026-04-08,neu,herramientas_procesos|claridad_rol
BUK11073,2026-03-16,neu,reconocimiento|clima_equipo
BUK11073,2026-04-30,pos,cambio_organizacional
BUK11073,2026-07-14,pos,carga_trabajo|movilidad_interna
BUK11074,2025-12-08,neg,desarrollo_carrera|compensacion
BUK11074,2026-01-30,neg,reconocimiento
BUK11075,2026-01-28,pos,relacion_con_lider|carga_trabajo|clima_equipo
BUK11075,2026-02-20,pos,balance_vida_trabajo|movilidad_interna
BUK11076,2025-03-09,neu,desarrollo_carrera
BUK11076,2025-09-19,neu,clima_equipo|relacion_con_lider
BUK11076,2025-10-27,neu,balance_vida_trabajo|cambio_organizacional
BUK11076,2026-03-15,pos,desarrollo_carrera|onboarding|movilidad_interna
BUK11076,2026-05-07,neu,onboarding
BUK11076,2026-06-29,pos,desarrollo_carrera|clima_equipo|herramientas_procesos
BUK11076,2026-07-26,neu,cambio_organizacional|relacion_con_lider
BUK11077,2026-07-23,neu,claridad_rol
BUK11077,2026-07-24,pos,reconocimiento|desarrollo_carrera
BUK11077,2026-08-04,pos,compensacion|herramientas_procesos
BUK11077,2026-08-29,pos,relacion_con_lider|balance_vida_trabajo|reconocimiento
BUK11078,2025-08-08,neu,clima_equipo|claridad_rol
BUK11078,2026-01-08,neu,cambio_organizacional|herramientas_procesos
BUK11078,2026-04-16,neu,desarrollo_carrera|carga_trabajo
BUK11078,2026-07-23,pos,desarrollo_carrera|onboarding|balance_vida_trabajo
BUK11079,2025-10-19,pos,clima_equipo|reconocimiento
BUK11079,2025-11-05,neu,carga_trabajo|relacion_con_lider
BUK11079,2026-02-20,pos,balance_vida_trabajo|onboarding
BUK11079,2026-08-15,pos,clima_equipo|desarrollo_carrera
BUK11080,2025-08-01,pos,herramientas_procesos|movilidad_interna|clima_equipo
BUK11080,2025-08-31,pos,clima_equipo|reconocimiento
BUK11080,2025-10-15,pos,desarrollo_carrera
BUK11080,2025-10-25,neu,clima_equipo|balance_vida_trabajo|herramientas_procesos
BUK11080,2025-11-03,pos,clima_equipo
BUK11081,2025-06-10,neg,herramientas_procesos|cambio_organizacional
BUK11081,2025-11-15,pos,compensacion|reconocimiento
BUK11081,2026-07-24,neg,carga_trabajo
BUK11082,2025-12-18,neg,claridad_rol|compensacion
BUK11082,2026-01-06,pos,carga_trabajo|relacion_con_lider
BUK11082,2026-08-23,neu,herramientas_procesos
BUK11083,2026-05-27,neu,clima_equipo|cambio_organizacional|relacion_con_lider
BUK11083,2026-07-23,neu,reconocimiento|cambio_organizacional|carga_trabajo
BUK11083,2026-07-29,neu,clima_equipo
BUK11084,2025-12-16,pos,reconocimiento|onboarding
BUK11084,2026-01-21,pos,carga_trabajo
BUK11084,2026-05-10,pos,herramientas_procesos|claridad_rol
BUK11084,2026-06-09,neu,relacion_con_lider|compensacion|cambio_organizacional
BUK11084,2026-08-09,neg,reconocimiento|relacion_con_lider|balance_vida_trabajo
BUK11085,2025-05-03,neu,herramientas_procesos|desarrollo_carrera|compensacion
BUK11085,2025-06-21,pos,movilidad_interna|reconocimiento|herramientas_procesos
BUK11086,2025-04-02,pos,onboarding|balance_vida_trabajo
BUK11086,2025-06-05,neu,clima_equipo
BUK11087,2026-02-18,pos,relacion_con_lider
BUK11087,2026-06-22,pos,carga_trabajo|relacion_con_lider|compensacion
BUK11087,2026-07-13,pos,claridad_rol|herramientas_procesos
BUK11087,2026-08-06,neu,relacion_con_lider|movilidad_interna
BUK11088,2025-06-03,neu,cambio_organizacional
BUK11088,2025-10-22,neu,compensacion|carga_trabajo
BUK11088,2026-01-07,pos,relacion_con_lider|onboarding
BUK11088,2026-02-21,pos,desarrollo_carrera|clima_equipo
BUK11088,2026-05-22,neg,claridad_rol|herramientas_procesos
BUK11088,2026-05-31,pos,relacion_con_lider|onboarding
BUK11088,2026-06-15,neu,desarrollo_carrera|compensacion
BUK11089,2026-08-12,pos,balance_vida_trabajo|reconocimiento
BUK11089,2026-08-14,neu,reconocimiento|desarrollo_carrera|movilidad_interna
BUK11089,2026-08-16,pos,cambio_organizacional|herramientas_procesos|onboarding
BUK11089,2026-08-23,neu,claridad_rol|onboarding
BUK11089,2026-08-26,pos,carga_trabajo
BUK11089,2026-08-30,neu,compensacion
BUK11090,2026-02-14,pos,onboarding|relacion_con_lider
BUK11090,2026-02-15,pos,herramientas_procesos|movilidad_interna
BUK11090,2026-02-19,pos,herramientas_procesos|cambio_organizacional
BUK11090,2026-02-24,pos,relacion_con_lider|compensacion
BUK11091,2026-04-12,neu,movilidad_interna|compensacion
BUK11091,2026-05-12,neg,desarrollo_carrera|movilidad_interna|reconocimiento
BUK11091,2026-05-27,neg,reconocimiento|compensacion
BUK11091,2026-06-12,neg,desarrollo_carrera|compensacion|reconocimiento
BUK11091,2026-07-03,neu,compensacion|reconocimiento
BUK11092,2025-08-08,pos,herramientas_procesos|movilidad_interna
BUK11092,2026-05-11,pos,desarrollo_carrera|relacion_con_lider
BUK11093,2025-09-06,neu,balance_vida_trabajo|relacion_con_lider
BUK11093,2025-12-06,neu,compensacion|cambio_organizacional
BUK11093,2026-05-28,neu,cambio_organizacional
BUK11094,2025-03-12,neg,cambio_organizacional|reconocimiento
BUK11094,2025-03-23,neg,carga_trabajo
BUK11094,2025-09-06,neg,relacion_con_lider|reconocimiento
BUK11094,2025-10-28,neg,clima_equipo|carga_trabajo
BUK11095,2025-03-17,pos,movilidad_interna
BUK11095,2026-04-22,pos,desarrollo_carrera|compensacion|onboarding
BUK11095,2026-05-13,neg,desarrollo_carrera|relacion_con_lider|balance_vida_trabajo
BUK11096,2025-10-29,neu,desarrollo_carrera|reconocimiento
BUK11096,2025-11-18,neu,compensacion|movilidad_interna|reconocimiento
BUK11097,2026-04-21,pos,relacion_con_lider|movilidad_interna
BUK11097,2026-07-07,pos,cambio_organizacional
BUK11097,2026-08-08,neu,relacion_con_lider|carga_trabajo
BUK11098,2025-04-25,neu,carga_trabajo|movilidad_interna|herramientas_procesos
BUK11098,2025-09-02,neu,balance_vida_trabajo|clima_equipo
BUK11098,2025-10-09,neu,onboarding|desarrollo_carrera
BUK11099,2025-12-30,neg,clima_equipo|compensacion
BUK11099,2026-02-14,pos,onboarding|cambio_organizacional|carga_trabajo
BUK11099,2026-06-13,pos,desarrollo_carrera
BUK11099,2026-07-08,neu,carga_trabajo|claridad_rol
BUK11100,2025-05-24,pos,balance_vida_trabajo
BUK11100,2025-06-10,pos,reconocimiento|herramientas_procesos
BUK11100,2025-11-20,neu,clima_equipo|reconocimiento
BUK11100,2026-02-03,pos,reconocimiento|claridad_rol
BUK11100,2026-05-05,pos,herramientas_procesos|relacion_con_lider
BUK11100,2026-05-24,pos,desarrollo_carrera|herramientas_procesos|clima_equipo
BUK11101,2025-10-26,pos,onboarding|herramientas_procesos
BUK11101,2025-10-27,neg,cambio_organizacional
BUK11101,2026-06-04,pos,desarrollo_carrera|relacion_con_lider
BUK11102,2026-05-10,neg,clima_equipo|movilidad_interna
BUK11102,2026-05-24,neu,herramientas_procesos|desarrollo_carrera
BUK11102,2026-07-31,pos,carga_trabajo
BUK11103,2025-11-12,neg,desarrollo_carrera
BUK11103,2026-02-19,neu,desarrollo_carrera|herramientas_procesos|relacion_con_lider
BUK11103,2026-06-30,neg,desarrollo_carrera|relacion_con_lider
BUK11103,2026-08-07,neg,herramientas_procesos|claridad_rol
BUK11104,2026-07-01,pos,carga_trabajo|reconocimiento|relacion_con_lider
BUK11104,2026-07-15,pos,movilidad_interna
BUK11104,2026-07-28,pos,reconocimiento|compensacion
BUK11104,2026-08-06,pos,herramientas_procesos
BUK11105,2025-04-08,neu,reconocimiento|balance_vida_trabajo|carga_trabajo
BUK11105,2026-08-08,neu,clima_equipo|relacion_con_lider
BUK11106,2025-11-23,neu,desarrollo_carrera|herramientas_procesos|compensacion
BUK11106,2026-07-26,neg,relacion_con_lider|desarrollo_carrera|cambio_organizacional
BUK11107,2026-02-13,neg,relacion_con_lider|desarrollo_carrera
BUK11107,2026-04-08,neg,herramientas_procesos|relacion_con_lider
BUK11107,2026-04-08,neg,desarrollo_carrera|claridad_rol
BUK11108,2025-05-21,neg,relacion_con_lider|claridad_rol|herramientas_procesos
BUK11108,2025-07-04,neg,relacion_con_lider|desarrollo_carrera
BUK11108,2025-10-16,neu,relacion_con_lider
BUK11108,2026-02-03,neu,desarrollo_carrera|claridad_rol
BUK11108,2026-08-20,neu,relacion_con_lider|desarrollo_carrera
BUK11109,2026-04-27,pos,balance_vida_trabajo|relacion_con_lider
BUK11109,2026-06-18,pos,clima_equipo|reconocimiento
BUK11109,2026-07-07,pos,desarrollo_carrera|clima_equipo|reconocimiento
BUK11109,2026-07-22,pos,desarrollo_carrera
BUK11110,2026-05-13,pos,balance_vida_trabajo
BUK11110,2026-06-12,neu,compensacion
BUK11110,2026-07-29,pos,reconocimiento|movilidad_interna|carga_trabajo
BUK11111,2025-10-02,pos,onboarding|claridad_rol
BUK11111,2026-01-16,pos,claridad_rol|clima_equipo|movilidad_interna
BUK11111,2026-04-11,pos,reconocimiento
BUK11113,2025-04-25,neu,balance_vida_trabajo|relacion_con_lider
BUK11113,2025-08-21,neg,relacion_con_lider
BUK11113,2025-11-01,neu,cambio_organizacional
BUK11113,2026-08-02,neu,carga_trabajo
BUK11114,2025-08-22,neu,balance_vida_trabajo|relacion_con_lider|desarrollo_carrera
BUK11114,2025-08-23,neu,compensacion|reconocimiento
BUK11114,2025-10-01,neu,movilidad_interna|onboarding|clima_equipo
BUK11114,2026-01-12,pos,claridad_rol|clima_equipo
BUK11115,2025-09-03,neu,reconocimiento|balance_vida_trabajo|claridad_rol
BUK11115,2026-04-27,pos,reconocimiento
BUK11115,2026-06-05,pos,onboarding
BUK11116,2025-05-18,pos,balance_vida_trabajo|movilidad_interna
BUK11116,2025-11-17,neg,reconocimiento|onboarding
BUK11117,2026-06-24,pos,herramientas_procesos|carga_trabajo
BUK11117,2026-07-13,neu,onboarding|reconocimiento|herramientas_procesos
BUK11118,2025-07-07,pos,herramientas_procesos
BUK11118,2025-12-28,neu,cambio_organizacional|balance_vida_trabajo
BUK11118,2026-07-09,neu,movilidad_interna|cambio_organizacional
BUK11119,2025-03-17,neg,balance_vida_trabajo|herramientas_procesos
BUK11119,2025-07-05,pos,balance_vida_trabajo
BUK11119,2025-10-23,neu,compensacion|carga_trabajo
BUK11119,2026-05-15,neu,compensacion
BUK11119,2026-06-23,pos,cambio_organizacional
BUK11120,2026-06-10,neg,movilidad_interna|reconocimiento|desarrollo_carrera
BUK11120,2026-06-12,neu,movilidad_interna|desarrollo_carrera|compensacion
BUK11121,2025-03-22,neu,claridad_rol
BUK11121,2025-08-30,neg,cambio_organizacional|herramientas_procesos
BUK11121,2026-04-02,neu,claridad_rol
BUK11121,2026-07-23,neu,onboarding|clima_equipo|carga_trabajo
BUK11122,2025-10-10,pos,herramientas_procesos|carga_trabajo
BUK11122,2025-10-22,neu,clima_equipo
BUK11122,2026-01-10,neu,compensacion
BUK11122,2026-06-30,pos,carga_trabajo|onboarding|balance_vida_trabajo
BUK11123,2026-06-14,neg,clima_equipo|balance_vida_trabajo|claridad_rol
BUK11123,2026-07-18,pos,desarrollo_carrera|reconocimiento
BUK11123,2026-07-20,pos,herramientas_procesos|onboarding|movilidad_interna
BUK11123,2026-07-28,pos,relacion_con_lider|herramientas_procesos
BUK11124,2025-11-20,neu,desarrollo_carrera|herramientas_procesos
BUK11124,2026-02-11,pos,relacion_con_lider
BUK11124,2026-05-14,neu,herramientas_procesos
BUK11125,2025-04-11,pos,desarrollo_carrera|reconocimiento
BUK11125,2025-04-14,pos,compensacion
BUK11125,2025-08-01,pos,carga_trabajo|onboarding|clima_equipo
BUK11125,2026-03-09,neu,reconocimiento|cambio_organizacional
BUK11126,2025-10-14,neu,herramientas_procesos
BUK11126,2025-11-08,neu,balance_vida_trabajo|onboarding
BUK11126,2025-11-24,neu,compensacion
BUK11126,2026-05-15,pos,movilidad_interna|carga_trabajo
BUK11127,2026-03-14,pos,movilidad_interna|claridad_rol
BUK11127,2026-03-30,pos,carga_trabajo|onboarding
BUK11127,2026-04-27,pos,carga_trabajo|desarrollo_carrera|balance_vida_trabajo
BUK11127,2026-06-10,neu,compensacion|cambio_organizacional|herramientas_procesos
BUK11128,2025-11-26,pos,desarrollo_carrera
BUK11128,2026-01-29,neu,compensacion|reconocimiento|claridad_rol
BUK11129,2026-02-03,neg,herramientas_procesos|claridad_rol|relacion_con_lider
BUK11129,2026-02-07,neg,herramientas_procesos|onboarding|claridad_rol
BUK11129,2026-02-25,neg,herramientas_procesos
BUK11129,2026-02-28,neu,onboarding|relacion_con_lider
BUK11129,2026-03-07,neu,onboarding|herramientas_procesos|relacion_con_lider
BUK11129,2026-03-15,neg,onboarding
BUK11129,2026-03-19,neu,claridad_rol|relacion_con_lider|onboarding
BUK11130,2025-07-15,neg,relacion_con_lider
BUK11130,2025-08-18,neu,desarrollo_carrera|relacion_con_lider
BUK11130,2025-11-14,neg,herramientas_procesos|relacion_con_lider
BUK11131,2026-01-11,neu,carga_trabajo|cambio_organizacional
BUK11131,2026-07-05,neg,reconocimiento
BUK11131,2026-07-18,neg,claridad_rol
BUK11131,2026-07-23,neg,compensacion
BUK11132,2025-08-23,pos,movilidad_interna
BUK11132,2025-10-30,pos,movilidad_interna|relacion_con_lider
BUK11132,2025-11-04,pos,balance_vida_trabajo|carga_trabajo
BUK11132,2026-05-07,neu,compensacion|relacion_con_lider
BUK11132,2026-05-24,neu,movilidad_interna
BUK11133,2025-03-28,neg,reconocimiento
BUK11133,2025-05-30,pos,balance_vida_trabajo|carga_trabajo
BUK11133,2025-12-21,neu,relacion_con_lider|compensacion
BUK11133,2026-05-05,neu,desarrollo_carrera|carga_trabajo
BUK11133,2026-08-25,neg,onboarding
BUK11134,2025-11-04,neu,compensacion|desarrollo_carrera
BUK11134,2026-04-28,neg,desarrollo_carrera|compensacion
BUK11134,2026-08-07,neu,movilidad_interna
BUK11135,2025-10-08,neg,desarrollo_carrera
BUK11135,2026-02-02,pos,desarrollo_carrera|onboarding
BUK11135,2026-07-18,pos,desarrollo_carrera
BUK11135,2026-08-16,pos,carga_trabajo
BUK11136,2026-07-09,neu,reconocimiento|movilidad_interna|compensacion
BUK11136,2026-07-12,pos,reconocimiento|desarrollo_carrera
BUK11136,2026-08-02,neg,movilidad_interna|desarrollo_carrera
BUK11137,2026-04-12,neu,clima_equipo|compensacion|claridad_rol
BUK11137,2026-08-05,neu,relacion_con_lider|clima_equipo
BUK11138,2026-06-13,neu,clima_equipo|balance_vida_trabajo
BUK11138,2026-08-21,pos,reconocimiento|relacion_con_lider|balance_vida_trabajo
BUK11139,2025-04-07,pos,balance_vida_trabajo|claridad_rol
BUK11139,2026-05-29,neu,reconocimiento|cambio_organizacional
BUK11140,2025-12-11,neg,reconocimiento|balance_vida_trabajo|cambio_organizacional
BUK11140,2025-12-21,neg,carga_trabajo|cambio_organizacional|relacion_con_lider
BUK11141,2025-03-08,pos,reconocimiento|movilidad_interna
BUK11141,2025-06-16,pos,reconocimiento|desarrollo_carrera
BUK11141,2025-08-03,neu,cambio_organizacional
BUK11141,2026-01-24,pos,cambio_organizacional|onboarding
BUK11141,2026-01-25,neu,movilidad_interna|desarrollo_carrera|clima_equipo
BUK11142,2025-09-18,pos,carga_trabajo|reconocimiento
BUK11142,2026-04-13,pos,onboarding|cambio_organizacional
BUK11142,2026-08-11,neu,clima_equipo|reconocimiento
BUK11142,2026-08-24,pos,herramientas_procesos|balance_vida_trabajo|desarrollo_carrera
BUK11143,2026-04-08,pos,compensacion|reconocimiento
BUK11144,2025-11-22,neu,herramientas_procesos|desarrollo_carrera|cambio_organizacional
BUK11144,2026-05-19,neu,carga_trabajo|desarrollo_carrera
BUK11145,2025-10-06,pos,clima_equipo
BUK11146,2026-08-29,pos,reconocimiento|desarrollo_carrera
BUK11147,2026-07-08,neg,cambio_organizacional|reconocimiento
BUK11147,2026-07-12,neg,carga_trabajo|balance_vida_trabajo|clima_equipo
BUK11147,2026-07-15,neg,cambio_organizacional|clima_equipo
BUK11147,2026-07-18,neu,reconocimiento
BUK11148,2025-04-09,neg,movilidad_interna|desarrollo_carrera
BUK11148,2025-05-07,neu,reconocimiento|compensacion
BUK11148,2025-05-09,pos,desarrollo_carrera|reconocimiento|movilidad_interna
BUK11148,2025-05-11,neu,movilidad_interna|desarrollo_carrera
BUK11148,2025-07-23,neu,movilidad_interna|compensacion|reconocimiento
BUK11148,2026-08-11,neg,desarrollo_carrera|compensacion|movilidad_interna
BUK11149,2026-03-24,pos,onboarding|carga_trabajo
BUK11149,2026-04-25,neu,claridad_rol
BUK11149,2026-06-14,pos,cambio_organizacional|claridad_rol
BUK11149,2026-07-05,neu,balance_vida_trabajo|compensacion
BUK11149,2026-08-30,pos,herramientas_procesos|compensacion
BUK11150,2025-06-26,neu,reconocimiento|carga_trabajo
BUK11150,2025-09-26,neg,onboarding|movilidad_interna|carga_trabajo
BUK11150,2026-01-08,pos,cambio_organizacional|relacion_con_lider
BUK11150,2026-08-27,neg,carga_trabajo|compensacion
BUK11151,2025-04-15,neu,onboarding|relacion_con_lider
BUK11151,2025-05-13,neu,onboarding
BUK11151,2025-07-18,neg,cambio_organizacional|carga_trabajo|compensacion
BUK11151,2025-08-29,neg,herramientas_procesos|cambio_organizacional
BUK11151,2025-09-09,pos,desarrollo_carrera
BUK11151,2025-09-26,neg,balance_vida_trabajo|onboarding|relacion_con_lider
BUK11152,2025-03-27,neg,reconocimiento
BUK11152,2025-03-29,neu,balance_vida_trabajo
BUK11152,2025-04-09,neu,balance_vida_trabajo|carga_trabajo
BUK11152,2025-05-13,neg,carga_trabajo|relacion_con_lider
BUK11152,2025-06-07,pos,relacion_con_lider|reconocimiento|carga_trabajo
BUK11153,2026-05-31,pos,relacion_con_lider|desarrollo_carrera
BUK11154,2025-04-12,pos,compensacion|desarrollo_carrera
BUK11154,2026-07-18,neg,onboarding
BUK11155,2025-07-20,pos,clima_equipo|herramientas_procesos
BUK11155,2025-08-03,pos,onboarding|claridad_rol|clima_equipo
BUK11155,2026-01-05,neu,compensacion
BUK11155,2026-03-21,neu,movilidad_interna|desarrollo_carrera
BUK11156,2025-04-01,neu,onboarding
BUK11156,2025-07-25,neu,claridad_rol|clima_equipo
BUK11156,2025-11-05,neu,desarrollo_carrera|onboarding
BUK11157,2026-04-01,pos,clima_equipo|movilidad_interna
BUK11157,2026-05-09,neu,reconocimiento|compensacion
BUK11157,2026-07-12,neu,relacion_con_lider|movilidad_interna
BUK11158,2025-07-29,pos,claridad_rol
BUK11158,2026-01-19,pos,desarrollo_carrera|cambio_organizacional|compensacion
BUK11159,2025-12-09,neu,onboarding|cambio_organizacional
BUK11159,2026-03-14,pos,herramientas_procesos|compensacion|reconocimiento
BUK11159,2026-05-04,pos,clima_equipo|reconocimiento|carga_trabajo
BUK11159,2026-08-07,pos,herramientas_procesos|compensacion
BUK11160,2025-12-22,pos,compensacion|desarrollo_carrera
BUK11160,2026-02-12,pos,clima_equipo|balance_vida_trabajo
BUK11161,2025-11-21,neu,onboarding|desarrollo_carrera
BUK11161,2025-11-29,pos,onboarding|relacion_con_lider
BUK11161,2025-12-27,neu,reconocimiento|herramientas_procesos|onboarding
BUK11161,2026-02-24,pos,carga_trabajo|herramientas_procesos
BUK11161,2026-04-23,neu,compensacion|herramientas_procesos|desarrollo_carrera
BUK11162,2025-10-31,neg,onboarding|herramientas_procesos|relacion_con_lider
BUK11162,2025-11-29,neg,relacion_con_lider|herramientas_procesos|claridad_rol
BUK11162,2025-12-21,neg,claridad_rol|relacion_con_lider
BUK11162,2026-01-31,neu,claridad_rol|relacion_con_lider
BUK11163,2026-03-03,neu,herramientas_procesos
BUK11163,2026-05-17,neg,onboarding|relacion_con_lider
BUK11163,2026-07-03,neg,herramientas_procesos
BUK11164,2025-05-19,pos,desarrollo_carrera|carga_trabajo
BUK11165,2026-08-28,pos,reconocimiento|compensacion
BUK11165,2026-08-28,pos,movilidad_interna|carga_trabajo|herramientas_procesos
BUK11165,2026-08-29,neg,carga_trabajo
BUK11165,2026-08-29,pos,desarrollo_carrera|herramientas_procesos
BUK11165,2026-08-30,pos,cambio_organizacional|herramientas_procesos
BUK11166,2025-03-19,neu,desarrollo_carrera
BUK11166,2025-05-15,pos,movilidad_interna|balance_vida_trabajo|claridad_rol
BUK11166,2025-06-12,pos,clima_equipo
BUK11166,2025-11-17,pos,compensacion|movilidad_interna
BUK11166,2026-05-13,neu,compensacion
BUK11166,2026-06-04,pos,carga_trabajo|movilidad_interna
BUK11168,2025-03-25,neu,compensacion|relacion_con_lider|reconocimiento
BUK11168,2025-06-13,pos,compensacion|reconocimiento
BUK11168,2025-12-29,neu,movilidad_interna
BUK11168,2026-03-14,pos,cambio_organizacional|claridad_rol|reconocimiento
BUK11168,2026-07-16,pos,clima_equipo|compensacion
BUK11168,2026-07-17,pos,movilidad_interna
BUK11168,2026-08-27,neu,reconocimiento|onboarding
BUK11169,2025-12-21,neu,claridad_rol
BUK11169,2026-01-03,neu,desarrollo_carrera|claridad_rol
BUK11169,2026-03-23,neu,claridad_rol|cambio_organizacional|clima_equipo
BUK11170,2025-05-23,neg,cambio_organizacional|carga_trabajo|clima_equipo
BUK11170,2025-09-20,neu,herramientas_procesos|claridad_rol
BUK11170,2026-04-05,pos,claridad_rol|clima_equipo|compensacion
BUK11172,2026-07-06,pos,desarrollo_carrera|cambio_organizacional
BUK11172,2026-08-11,pos,onboarding|relacion_con_lider
BUK11173,2025-07-23,pos,movilidad_interna|cambio_organizacional|reconocimiento
BUK11173,2026-04-25,pos,cambio_organizacional|clima_equipo|carga_trabajo
BUK11173,2026-05-07,pos,compensacion|claridad_rol
BUK11173,2026-05-21,pos,onboarding|movilidad_interna
BUK11173,2026-07-28,neg,herramientas_procesos
BUK11173,2026-08-02,neu,balance_vida_trabajo|movilidad_interna|carga_trabajo
BUK11174,2025-11-10,pos,clima_equipo
BUK11174,2025-11-26,neg,carga_trabajo|cambio_organizacional
BUK11174,2026-08-02,pos,reconocimiento|clima_equipo
BUK11174,2026-08-19,pos,balance_vida_trabajo|movilidad_interna|cambio_organizacional
BUK11175,2026-02-27,neu,reconocimiento|cambio_organizacional
BUK11175,2026-03-22,neu,balance_vida_trabajo|cambio_organizacional
BUK11175,2026-04-15,neu,relacion_con_lider|carga_trabajo
BUK11175,2026-05-30,neu,reconocimiento|clima_equipo
BUK11176,2025-04-07,neg,movilidad_interna|relacion_con_lider
BUK11176,2025-05-27,pos,balance_vida_trabajo|reconocimiento
BUK11176,2025-08-24,neg,herramientas_procesos|desarrollo_carrera
BUK11176,2026-02-10,neu,desarrollo_carrera
BUK11176,2026-07-05,pos,herramientas_procesos
BUK11177,2025-06-10,neg,claridad_rol|desarrollo_carrera|herramientas_procesos
BUK11177,2025-10-30,neg,claridad_rol|desarrollo_carrera
BUK11178,2025-05-12,neu,cambio_organizacional
BUK11178,2025-08-21,neu,reconocimiento|onboarding|herramientas_procesos
BUK11178,2026-02-12,pos,onboarding|carga_trabajo|compensacion
BUK11178,2026-05-13,neu,relacion_con_lider|movilidad_interna
BUK11179,2025-06-14,neg,relacion_con_lider|reconocimiento|clima_equipo
BUK11179,2026-03-02,neu,desarrollo_carrera|clima_equipo|cambio_organizacional
BUK11179,2026-06-06,pos,reconocimiento|herramientas_procesos
BUK11179,2026-06-20,neu,desarrollo_carrera|onboarding
BUK11179,2026-08-11,neu,clima_equipo|movilidad_interna
BUK11180,2026-06-06,neg,reconocimiento|movilidad_interna
BUK11180,2026-06-21,neg,movilidad_interna|compensacion|desarrollo_carrera
BUK11181,2025-11-09,neu,reconocimiento|herramientas_procesos
BUK11181,2026-03-03,pos,onboarding|herramientas_procesos
BUK11182,2026-08-22,neu,claridad_rol
BUK11183,2025-10-26,neu,claridad_rol|onboarding
BUK11183,2025-12-16,pos,carga_trabajo|clima_equipo
BUK11183,2026-04-21,neu,onboarding|cambio_organizacional
BUK11183,2026-07-10,pos,herramientas_procesos|desarrollo_carrera
BUK11184,2025-10-14,neu,clima_equipo|balance_vida_trabajo
BUK11184,2026-04-03,neg,clima_equipo
BUK11185,2025-03-08,neu,relacion_con_lider
BUK11185,2025-04-29,pos,relacion_con_lider
BUK11185,2025-08-08,pos,desarrollo_carrera|claridad_rol
BUK11185,2025-11-14,pos,cambio_organizacional|relacion_con_lider
BUK11185,2026-04-25,neu,relacion_con_lider|movilidad_interna
BUK11186,2025-10-27,pos,balance_vida_trabajo
BUK11186,2026-01-26,neu,compensacion|movilidad_interna
BUK11186,2026-04-26,pos,onboarding|reconocimiento
BUK11187,2025-04-19,pos,movilidad_interna|compensacion|onboarding
BUK11188,2025-11-24,neu,clima_equipo|carga_trabajo|balance_vida_trabajo
BUK11188,2026-01-30,neu,balance_vida_trabajo|clima_equipo
BUK11188,2026-07-01,neg,clima_equipo|reconocimiento
BUK11188,2026-07-05,neu,carga_trabajo|relacion_con_lider
BUK11189,2026-07-22,pos,claridad_rol
BUK11189,2026-08-11,neu,clima_equipo|herramientas_procesos
BUK11189,2026-08-23,neu,desarrollo_carrera|cambio_organizacional
BUK11190,2026-05-18,neu,compensacion|reconocimiento
BUK11190,2026-05-21,pos,movilidad_interna
BUK11190,2026-05-28,pos,desarrollo_carrera
BUK11190,2026-05-29,pos,compensacion|desarrollo_carrera
BUK11190,2026-05-31,neu,desarrollo_carrera|movilidad_interna
BUK11191,2025-03-24,pos,reconocimiento
BUK11191,2025-05-17,neu,desarrollo_carrera|movilidad_interna
BUK11191,2025-09-05,pos,carga_trabajo|herramientas_procesos
BUK11192,2025-07-17,pos,balance_vida_trabajo|relacion_con_lider|carga_trabajo
BUK11192,2025-10-05,neu,carga_trabajo|clima_equipo|cambio_organizacional
BUK11192,2026-07-06,neu,carga_trabajo|relacion_con_lider
BUK11193,2026-02-12,pos,herramientas_procesos|claridad_rol|onboarding
BUK11193,2026-03-16,pos,herramientas_procesos|compensacion|desarrollo_carrera
BUK11193,2026-05-11,neu,reconocimiento|carga_trabajo
BUK11193,2026-05-25,pos,claridad_rol|onboarding|herramientas_procesos
BUK11193,2026-06-05,neu,herramientas_procesos|balance_vida_trabajo
BUK11194,2025-07-23,pos,cambio_organizacional|clima_equipo|desarrollo_carrera
BUK11194,2025-07-28,neu,movilidad_interna|carga_trabajo
BUK11194,2025-11-05,pos,movilidad_interna|onboarding|compensacion
BUK11194,2026-08-11,neu,herramientas_procesos
BUK11194,2026-08-26,pos,clima_equipo|onboarding|balance_vida_trabajo
BUK11195,2025-07-29,neu,balance_vida_trabajo|compensacion
BUK11195,2026-06-19,neu,balance_vida_trabajo|herramientas_procesos
BUK11195,2026-06-20,neu,relacion_con_lider
BUK11195,2026-08-16,neg,herramientas_procesos|relacion_con_lider
BUK11196,2025-10-27,pos,claridad_rol
BUK11196,2025-12-04,pos,compensacion|carga_trabajo
BUK11196,2026-02-12,pos,herramientas_procesos|clima_equipo
BUK11196,2026-08-21,pos,clima_equipo|balance_vida_trabajo
BUK11197,2025-08-27,pos,carga_trabajo|movilidad_interna
BUK11197,2026-01-21,neu,desarrollo_carrera|claridad_rol
BUK11197,2026-04-29,pos,desarrollo_carrera
BUK11197,2026-06-21,pos,compensacion
BUK11197,2026-08-30,neu,herramientas_procesos|reconocimiento|onboarding
BUK11198,2026-07-24,neu,reconocimiento|balance_vida_trabajo
BUK11199,2025-03-31,pos,movilidad_interna|clima_equipo
BUK11199,2025-05-29,pos,onboarding|relacion_con_lider|carga_trabajo
BUK11199,2025-08-08,pos,movilidad_interna|clima_equipo
BUK11199,2025-10-06,neu,movilidad_interna|desarrollo_carrera
BUK11199,2025-12-15,neg,compensacion|cambio_organizacional|carga_trabajo
BUK11199,2026-05-17,neu,herramientas_procesos|desarrollo_carrera
BUK11200,2025-11-10,neg,movilidad_interna|herramientas_procesos|claridad_rol
BUK11200,2025-12-04,pos,onboarding
BUK11200,2026-06-11,neu,movilidad_interna|carga_trabajo
BUK11201,2025-03-16,neu,cambio_organizacional|clima_equipo|carga_trabajo
BUK11201,2025-03-30,pos,relacion_con_lider|clima_equipo
BUK11201,2025-04-23,pos,relacion_con_lider
BUK11201,2025-04-26,neu,balance_vida_trabajo|claridad_rol
BUK11202,2026-07-28,neu,desarrollo_carrera
BUK11202,2026-07-30,neu,reconocimiento
BUK11202,2026-08-25,neu,movilidad_interna|compensacion
BUK11203,2026-04-19,neu,reconocimiento
BUK11203,2026-05-27,neu,desarrollo_carrera|compensacion
BUK11204,2026-06-06,neu,claridad_rol|relacion_con_lider
BUK11205,2026-04-08,pos,compensacion|reconocimiento
BUK11205,2026-06-20,neu,cambio_organizacional
BUK11205,2026-06-23,neu,compensacion|cambio_organizacional|balance_vida_trabajo
BUK11205,2026-07-04,pos,movilidad_interna
BUK11205,2026-07-24,neu,cambio_organizacional|herramientas_procesos
BUK11206,2025-11-21,neg,relacion_con_lider|onboarding|claridad_rol
BUK11206,2025-12-16,neg,onboarding|herramientas_procesos|relacion_con_lider
BUK11206,2026-04-13,neg,herramientas_procesos|onboarding|relacion_con_lider
BUK11206,2026-06-27,neu,claridad_rol
BUK11206,2026-07-25,neg,onboarding|relacion_con_lider
BUK11207,2026-03-29,pos,herramientas_procesos|movilidad_interna
BUK11207,2026-05-18,neu,carga_trabajo|desarrollo_carrera
BUK11207,2026-06-25,pos,balance_vida_trabajo|desarrollo_carrera|movilidad_interna
BUK11207,2026-06-29,pos,desarrollo_carrera
BUK11208,2025-03-28,neu,compensacion
BUK11208,2025-08-17,pos,carga_trabajo
BUK11208,2026-02-09,pos,compensacion|reconocimiento
BUK11208,2026-07-10,pos,relacion_con_lider|onboarding
BUK11208,2026-07-22,neu,balance_vida_trabajo|clima_equipo
BUK11208,2026-08-19,neu,balance_vida_trabajo|carga_trabajo
BUK11209,2026-07-20,pos,clima_equipo|balance_vida_trabajo|relacion_con_lider
BUK11209,2026-07-30,neg,relacion_con_lider|cambio_organizacional|clima_equipo
BUK11209,2026-08-04,neg,balance_vida_trabajo|carga_trabajo
BUK11209,2026-08-07,neg,reconocimiento|balance_vida_trabajo
BUK11209,2026-08-13,neg,relacion_con_lider|cambio_organizacional
BUK11210,2026-04-23,pos,relacion_con_lider|balance_vida_trabajo
BUK11210,2026-05-11,pos,movilidad_interna|clima_equipo
BUK11210,2026-05-16,pos,cambio_organizacional|onboarding
BUK11210,2026-06-07,neu,cambio_organizacional|balance_vida_trabajo
BUK11210,2026-06-27,neu,onboarding|carga_trabajo|herramientas_procesos
BUK11210,2026-07-02,pos,cambio_organizacional|desarrollo_carrera
BUK11210,2026-07-15,neu,movilidad_interna
BUK11211,2025-05-24,neu,clima_equipo|relacion_con_lider|balance_vida_trabajo
BUK11211,2025-11-05,pos,carga_trabajo|onboarding|reconocimiento
BUK11211,2025-12-02,pos,reconocimiento|carga_trabajo|onboarding
BUK11212,2026-08-02,neu,carga_trabajo
BUK11212,2026-08-24,neg,relacion_con_lider|reconocimiento|carga_trabajo
BUK11213,2025-05-27,pos,onboarding|clima_equipo
BUK11213,2026-04-16,neu,compensacion
BUK11213,2026-04-17,pos,reconocimiento
BUK11213,2026-07-26,pos,compensacion|balance_vida_trabajo
BUK11213,2026-08-03,pos,clima_equipo|onboarding
BUK11214,2025-04-19,pos,desarrollo_carrera|compensacion|movilidad_interna
BUK11214,2025-06-20,neu,reconocimiento|movilidad_interna|desarrollo_carrera
BUK11214,2025-09-05,neg,compensacion
BUK11214,2026-05-17,neu,compensacion|reconocimiento|movilidad_interna
BUK11215,2025-03-29,neu,reconocimiento
BUK11215,2025-05-14,neg,reconocimiento|clima_equipo
BUK11215,2025-06-09,neu,relacion_con_lider|cambio_organizacional|clima_equipo
BUK11215,2025-07-06,neu,relacion_con_lider|balance_vida_trabajo|cambio_organizacional
BUK11215,2025-07-21,neg,relacion_con_lider|cambio_organizacional|reconocimiento
BUK11216,2026-03-09,neg,relacion_con_lider
BUK11216,2026-04-18,neu,claridad_rol|relacion_con_lider
BUK11216,2026-05-01,neu,relacion_con_lider|herramientas_procesos
BUK11216,2026-05-08,neu,claridad_rol|herramientas_procesos
BUK11216,2026-05-27,neu,onboarding|claridad_rol
BUK11217,2026-08-25,neu,reconocimiento|balance_vida_trabajo|desarrollo_carrera
BUK11217,2026-08-26,neu,relacion_con_lider|desarrollo_carrera
BUK11217,2026-08-28,pos,herramientas_procesos|compensacion|relacion_con_lider
BUK11218,2026-03-06,neu,desarrollo_carrera
BUK11218,2026-04-08,neu,movilidad_interna|compensacion
BUK11218,2026-04-10,neg,balance_vida_trabajo|compensacion
BUK11218,2026-05-14,neu,compensacion|onboarding
BUK11218,2026-08-11,neg,carga_trabajo
BUK11218,2026-08-14,neu,claridad_rol|carga_trabajo
BUK11218,2026-08-26,neu,claridad_rol|reconocimiento
BUK11219,2025-10-10,neu,clima_equipo|reconocimiento|onboarding
BUK11219,2026-01-30,pos,clima_equipo
BUK11219,2026-02-21,pos,desarrollo_carrera
BUK11220,2025-04-01,neg,compensacion|desarrollo_carrera|reconocimiento
BUK11220,2025-09-30,neu,desarrollo_carrera
BUK11220,2025-10-28,pos,desarrollo_carrera|compensacion
BUK11220,2026-04-02,neg,desarrollo_carrera|compensacion
BUK11221,2026-05-15,pos,clima_equipo|cambio_organizacional|carga_trabajo
BUK11221,2026-06-21,pos,balance_vida_trabajo
BUK11222,2026-02-19,pos,movilidad_interna|relacion_con_lider
BUK11222,2026-08-15,neu,desarrollo_carrera
BUK11223,2025-06-02,neu,clima_equipo|carga_trabajo|herramientas_procesos
BUK11223,2025-10-16,neg,relacion_con_lider|carga_trabajo
BUK11223,2025-12-30,neu,reconocimiento|onboarding
BUK11223,2026-03-01,neu,herramientas_procesos|claridad_rol
BUK11223,2026-03-05,pos,carga_trabajo|claridad_rol
BUK11223,2026-03-24,neu,herramientas_procesos|onboarding
BUK11223,2026-08-25,pos,desarrollo_carrera|cambio_organizacional
BUK11224,2026-04-26,neu,reconocimiento|carga_trabajo
BUK11224,2026-05-20,pos,carga_trabajo|reconocimiento
BUK11224,2026-06-10,neg,relacion_con_lider|cambio_organizacional|carga_trabajo
BUK11224,2026-06-10,neu,carga_trabajo|balance_vida_trabajo|cambio_organizacional
BUK11224,2026-07-10,neu,relacion_con_lider|clima_equipo|balance_vida_trabajo
BUK11224,2026-08-08,neg,balance_vida_trabajo
BUK11225,2026-02-24,neg,reconocimiento|herramientas_procesos|cambio_organizacional
BUK11225,2026-05-04,pos,compensacion|relacion_con_lider
BUK11225,2026-06-10,pos,desarrollo_carrera|onboarding
BUK11225,2026-08-08,pos,onboarding|clima_equipo
BUK11226,2025-08-15,neu,carga_trabajo|balance_vida_trabajo
BUK11226,2025-10-12,neu,relacion_con_lider|desarrollo_carrera
BUK11226,2025-11-15,neu,relacion_con_lider|compensacion
BUK11226,2025-11-21,pos,herramientas_procesos|carga_trabajo|movilidad_interna
BUK11226,2026-01-09,neu,relacion_con_lider
BUK11227,2026-02-05,pos,relacion_con_lider|movilidad_interna
BUK11227,2026-04-29,pos,desarrollo_carrera|herramientas_procesos
BUK11228,2025-03-12,pos,onboarding|carga_trabajo
BUK11228,2025-04-26,neu,claridad_rol
BUK11228,2025-05-25,pos,clima_equipo|carga_trabajo|movilidad_interna
BUK11229,2025-04-29,pos,desarrollo_carrera|clima_equipo|herramientas_procesos
BUK11229,2025-05-15,pos,cambio_organizacional
BUK11229,2025-06-15,neg,relacion_con_lider|compensacion|onboarding
BUK11229,2026-02-15,pos,compensacion
BUK11229,2026-03-12,neg,desarrollo_carrera|onboarding|reconocimiento
BUK11230,2025-06-27,pos,cambio_organizacional|movilidad_interna
BUK11230,2026-01-26,pos,herramientas_procesos|claridad_rol|desarrollo_carrera
BUK11230,2026-07-17,neu,movilidad_interna
BUK11231,2025-03-25,pos,reconocimiento|carga_trabajo|relacion_con_lider
BUK11231,2025-12-04,pos,desarrollo_carrera|reconocimiento
BUK11231,2025-12-10,pos,reconocimiento|balance_vida_trabajo|claridad_rol
BUK11231,2026-05-05,pos,herramientas_procesos|clima_equipo|desarrollo_carrera
BUK11232,2026-04-21,neg,clima_equipo|reconocimiento|compensacion
BUK11232,2026-05-22,pos,onboarding
BUK11232,2026-05-25,neu,relacion_con_lider|onboarding
BUK11232,2026-05-28,pos,relacion_con_lider|claridad_rol
BUK11232,2026-06-11,neg,clima_equipo
BUK11232,2026-06-25,pos,balance_vida_trabajo|relacion_con_lider|clima_equipo
BUK11233,2025-04-25,neu,desarrollo_carrera|reconocimiento
BUK11233,2025-07-07,pos,movilidad_interna|reconocimiento|compensacion
BUK11233,2025-09-06,neu,movilidad_interna|compensacion
BUK11233,2025-11-08,neu,compensacion|reconocimiento
BUK11235,2025-11-14,neg,balance_vida_trabajo|herramientas_procesos|cambio_organizacional
BUK11235,2026-01-15,neg,compensacion|claridad_rol
BUK11235,2026-02-11,neg,carga_trabajo|movilidad_interna|clima_equipo
BUK11235,2026-07-03,pos,relacion_con_lider
BUK11235,2026-08-24,pos,movilidad_interna
BUK11236,2026-06-30,pos,cambio_organizacional|desarrollo_carrera|balance_vida_trabajo
BUK11236,2026-06-30,pos,relacion_con_lider|desarrollo_carrera|balance_vida_trabajo
BUK11236,2026-07-06,neu,herramientas_procesos
BUK11236,2026-07-17,pos,cambio_organizacional|balance_vida_trabajo
BUK11236,2026-07-25,pos,onboarding|cambio_organizacional
BUK11236,2026-08-12,pos,relacion_con_lider|desarrollo_carrera
BUK11237,2025-06-15,pos,onboarding|compensacion
BUK11237,2026-02-13,neu,balance_vida_trabajo
BUK11238,2025-12-20,pos,balance_vida_trabajo
BUK11238,2025-12-20,neu,compensacion|carga_trabajo|claridad_rol
BUK11238,2026-04-08,pos,cambio_organizacional|carga_trabajo
BUK11238,2026-08-18,pos,reconocimiento|movilidad_interna|claridad_rol
BUK11239,2026-02-21,pos,onboarding
BUK11240,2025-08-16,neg,clima_equipo|movilidad_interna
BUK11240,2025-09-07,neu,carga_trabajo|cambio_organizacional|movilidad_interna
BUK11240,2025-09-09,pos,movilidad_interna|claridad_rol
BUK11240,2025-11-23,neg,clima_equipo|relacion_con_lider
BUK11240,2025-12-01,pos,reconocimiento
BUK11240,2026-05-20,pos,claridad_rol|desarrollo_carrera
BUK11241,2026-03-01,pos,desarrollo_carrera|compensacion
BUK11241,2026-04-17,pos,claridad_rol|relacion_con_lider
BUK11241,2026-06-01,pos,desarrollo_carrera
BUK11241,2026-06-20,pos,herramientas_procesos|compensacion
BUK11241,2026-08-14,pos,carga_trabajo
BUK11241,2026-08-22,pos,cambio_organizacional
BUK11242,2025-11-10,neu,desarrollo_carrera|reconocimiento
BUK11242,2026-05-14,neu,relacion_con_lider|desarrollo_carrera
BUK11243,2025-09-28,neg,carga_trabajo|cambio_organizacional|relacion_con_lider
BUK11243,2025-11-04,neu,claridad_rol|balance_vida_trabajo|cambio_organizacional
BUK11243,2025-11-29,pos,reconocimiento
BUK11243,2026-08-11,pos,herramientas_procesos
BUK11244,2026-03-16,neu,reconocimiento
BUK11244,2026-04-09,neg,desarrollo_carrera
BUK11244,2026-05-01,pos,movilidad_interna
BUK11244,2026-05-24,neg,compensacion|movilidad_interna|reconocimiento
BUK11244,2026-08-19,neg,desarrollo_carrera|reconocimiento
BUK11244,2026-08-29,neu,movilidad_interna|desarrollo_carrera
BUK11245,2026-05-14,pos,claridad_rol|onboarding
BUK11245,2026-05-24,pos,onboarding|herramientas_procesos|reconocimiento
BUK11245,2026-05-26,neu,balance_vida_trabajo|reconocimiento
BUK11245,2026-06-08,pos,herramientas_procesos|claridad_rol
BUK11245,2026-07-07,neu,clima_equipo|herramientas_procesos|cambio_organizacional
BUK11245,2026-08-03,pos,movilidad_interna|carga_trabajo|claridad_rol
BUK11246,2026-02-02,pos,movilidad_interna|compensacion|herramientas_procesos
BUK11246,2026-03-11,neu,relacion_con_lider|clima_equipo|desarrollo_carrera
BUK11246,2026-03-31,pos,movilidad_interna|relacion_con_lider
BUK11246,2026-08-08,neu,compensacion|balance_vida_trabajo|clima_equipo
BUK11247,2025-05-04,pos,claridad_rol
BUK11247,2025-08-06,pos,desarrollo_carrera|compensacion|movilidad_interna
BUK11248,2025-06-16,pos,compensacion|movilidad_interna|reconocimiento
BUK11248,2026-01-06,neu,movilidad_interna
BUK11248,2026-04-23,neg,movilidad_interna|compensacion
BUK11249,2026-01-21,pos,desarrollo_carrera|balance_vida_trabajo|onboarding
BUK11249,2026-06-19,pos,reconocimiento|movilidad_interna|clima_equipo
BUK11250,2026-06-05,pos,clima_equipo
BUK11250,2026-06-24,pos,carga_trabajo|movilidad_interna|relacion_con_lider
BUK11250,2026-06-26,pos,balance_vida_trabajo|onboarding
BUK11251,2025-04-06,pos,relacion_con_lider|compensacion
BUK11251,2025-06-15,neu,claridad_rol
BUK11251,2025-06-28,pos,balance_vida_trabajo|onboarding
BUK11251,2026-07-12,neu,onboarding
BUK11251,2026-08-11,neu,cambio_organizacional|carga_trabajo|relacion_con_lider
BUK11252,2025-04-19,pos,desarrollo_carrera|compensacion
BUK11252,2025-05-19,pos,desarrollo_carrera|movilidad_interna|reconocimiento
BUK11252,2025-08-30,pos,compensacion|movilidad_interna
BUK11252,2025-09-25,neu,desarrollo_carrera
BUK11253,2025-10-31,pos,herramientas_procesos
BUK11253,2025-11-15,pos,herramientas_procesos|desarrollo_carrera
BUK11253,2026-02-22,neg,claridad_rol
BUK11254,2026-03-26,neu,claridad_rol
BUK11254,2026-05-02,neg,claridad_rol|herramientas_procesos
BUK11254,2026-06-20,neg,onboarding|relacion_con_lider
BUK11254,2026-07-19,neu,onboarding|claridad_rol
BUK11254,2026-07-24,neg,onboarding|claridad_rol
BUK11254,2026-08-02,neg,onboarding|claridad_rol
BUK11254,2026-08-08,neg,relacion_con_lider|claridad_rol
BUK11255,2025-12-21,pos,onboarding|compensacion|reconocimiento
BUK11255,2026-04-03,neg,herramientas_procesos|relacion_con_lider|carga_trabajo
BUK11255,2026-06-21,pos,cambio_organizacional
BUK11256,2025-11-18,pos,compensacion|movilidad_interna
BUK11256,2025-12-15,pos,clima_equipo|compensacion
BUK11256,2026-01-22,neu,claridad_rol|onboarding
BUK11257,2025-04-11,neu,claridad_rol|herramientas_procesos
BUK11257,2025-04-12,neu,relacion_con_lider
BUK11257,2025-06-27,neu,herramientas_procesos|relacion_con_lider
BUK11257,2025-07-04,neg,herramientas_procesos|relacion_con_lider
BUK11257,2025-10-03,neu,relacion_con_lider|desarrollo_carrera|claridad_rol
BUK11257,2026-05-31,pos,relacion_con_lider|desarrollo_carrera
BUK11257,2026-07-12,neg,desarrollo_carrera|herramientas_procesos
BUK11258,2026-01-05,pos,clima_equipo|desarrollo_carrera|onboarding
BUK11258,2026-03-24,pos,claridad_rol|herramientas_procesos
BUK11258,2026-08-20,neu,claridad_rol|movilidad_interna
BUK11259,2025-03-21,neu,clima_equipo|claridad_rol
BUK11259,2025-10-04,pos,reconocimiento|clima_equipo
BUK11259,2025-10-29,pos,balance_vida_trabajo|onboarding
BUK11260,2026-03-25,pos,reconocimiento
BUK11260,2026-05-17,pos,herramientas_procesos|compensacion|desarrollo_carrera
BUK11260,2026-07-05,neu,desarrollo_carrera
BUK11260,2026-07-08,pos,carga_trabajo|balance_vida_trabajo|herramientas_procesos
BUK11261,2025-04-18,pos,reconocimiento|clima_equipo
BUK11261,2025-08-01,pos,balance_vida_trabajo|clima_equipo
BUK11261,2025-11-02,neg,cambio_organizacional|balance_vida_trabajo
BUK11261,2026-01-13,neg,relacion_con_lider|reconocimiento
BUK11261,2026-01-21,neg,carga_trabajo
BUK11261,2026-04-04,neg,relacion_con_lider|reconocimiento|clima_equipo
BUK11261,2026-04-17,neu,clima_equipo
BUK11262,2025-04-10,pos,carga_trabajo|onboarding
BUK11262,2025-04-27,pos,relacion_con_lider|carga_trabajo
BUK11262,2025-05-29,pos,relacion_con_lider|cambio_organizacional|claridad_rol
BUK11263,2025-08-31,neg,movilidad_interna|herramientas_procesos
BUK11263,2025-11-06,neu,compensacion|relacion_con_lider|carga_trabajo
BUK11263,2026-08-09,neg,desarrollo_carrera|cambio_organizacional
BUK11264,2026-01-04,neu,desarrollo_carrera|movilidad_interna|reconocimiento
BUK11264,2026-01-21,neu,movilidad_interna|desarrollo_carrera
BUK11264,2026-06-11,pos,reconocimiento
BUK11264,2026-06-17,neu,compensacion|movilidad_interna
BUK11265,2025-10-14,pos,cambio_organizacional|herramientas_procesos
BUK11265,2026-01-07,pos,compensacion
BUK11265,2026-08-05,pos,clima_equipo|herramientas_procesos
BUK11265,2026-08-17,neg,relacion_con_lider|reconocimiento
BUK11266,2026-08-12,pos,balance_vida_trabajo
BUK11266,2026-08-16,neg,carga_trabajo|claridad_rol|desarrollo_carrera
BUK11267,2026-04-11,pos,onboarding|cambio_organizacional
BUK11267,2026-08-30,pos,onboarding|carga_trabajo|relacion_con_lider
BUK11268,2026-08-02,neu,claridad_rol|desarrollo_carrera|herramientas_procesos
BUK11268,2026-08-29,neu,movilidad_interna|reconocimiento
BUK11269,2026-06-30,neg,relacion_con_lider
BUK11269,2026-07-03,neu,cambio_organizacional
BUK11269,2026-07-07,neg,clima_equipo|movilidad_interna|carga_trabajo
BUK11270,2026-02-02,pos,relacion_con_lider|movilidad_interna
BUK11270,2026-05-18,pos,relacion_con_lider
BUK11270,2026-06-25,pos,carga_trabajo|cambio_organizacional
BUK11271,2025-08-17,pos,reconocimiento|claridad_rol|clima_equipo
BUK11271,2026-07-13,neu,desarrollo_carrera
BUK11271,2026-07-22,pos,balance_vida_trabajo
BUK11272,2025-10-06,neu,cambio_organizacional|clima_equipo|balance_vida_trabajo
BUK11272,2025-11-03,neu,clima_equipo|herramientas_procesos
BUK11272,2026-01-01,pos,carga_trabajo|movilidad_interna|herramientas_procesos
BUK11272,2026-02-03,pos,carga_trabajo|clima_equipo
BUK11272,2026-02-18,neu,desarrollo_carrera|herramientas_procesos
BUK11273,2025-06-23,neu,desarrollo_carrera|clima_equipo
BUK11274,2026-01-26,neu,reconocimiento
BUK11274,2026-05-05,neg,claridad_rol|clima_equipo
BUK11274,2026-08-04,pos,desarrollo_carrera
BUK11275,2025-11-21,neu,relacion_con_lider|compensacion
BUK11275,2026-02-23,neu,cambio_organizacional
BUK11275,2026-02-27,pos,desarrollo_carrera
BUK11275,2026-07-09,pos,cambio_organizacional|compensacion
BUK11275,2026-07-16,pos,onboarding|compensacion
BUK11276,2026-05-01,pos,compensacion|movilidad_interna
BUK11276,2026-06-20,pos,reconocimiento|desarrollo_carrera|movilidad_interna
BUK11276,2026-07-17,pos,compensacion|desarrollo_carrera|movilidad_interna
BUK11277,2026-02-06,neg,cambio_organizacional|clima_equipo|reconocimiento
BUK11277,2026-05-19,neu,relacion_con_lider
BUK11277,2026-06-10,neg,reconocimiento|carga_trabajo
BUK11277,2026-07-30,neg,clima_equipo|balance_vida_trabajo
BUK11277,2026-08-18,neg,balance_vida_trabajo
BUK11278,2025-03-02,pos,reconocimiento|relacion_con_lider|balance_vida_trabajo
BUK11278,2025-04-04,pos,clima_equipo
BUK11278,2025-08-08,pos,balance_vida_trabajo|cambio_organizacional
BUK11278,2025-11-23,neu,cambio_organizacional|clima_equipo
BUK11278,2026-06-08,neu,reconocimiento|carga_trabajo
BUK11278,2026-07-07,neg,clima_equipo
BUK11279,2025-05-17,neg,clima_equipo|relacion_con_lider
BUK11279,2025-10-29,neu,balance_vida_trabajo|reconocimiento
BUK11279,2026-03-19,neg,cambio_organizacional|clima_equipo|reconocimiento
BUK11279,2026-06-22,neg,balance_vida_trabajo|clima_equipo
BUK11279,2026-07-14,pos,carga_trabajo|relacion_con_lider
BUK11280,2026-03-13,pos,desarrollo_carrera|cambio_organizacional|balance_vida_trabajo
BUK11280,2026-03-23,neg,relacion_con_lider|clima_equipo
BUK11280,2026-06-08,neu,claridad_rol|relacion_con_lider
BUK11281,2026-05-24,neu,relacion_con_lider|clima_equipo
BUK11281,2026-08-11,neg,desarrollo_carrera|onboarding
BUK11281,2026-08-23,neu,balance_vida_trabajo|desarrollo_carrera
BUK11282,2026-03-23,neu,herramientas_procesos|desarrollo_carrera|reconocimiento
BUK11282,2026-04-20,neu,compensacion|herramientas_procesos
BUK11282,2026-05-15,neu,onboarding|cambio_organizacional
BUK11282,2026-07-23,pos,balance_vida_trabajo|relacion_con_lider|clima_equipo
BUK11283,2025-06-22,neu,onboarding
BUK11283,2025-10-27,neu,claridad_rol
BUK11283,2026-03-29,neu,claridad_rol|balance_vida_trabajo|movilidad_interna
BUK11284,2025-08-28,neu,reconocimiento|relacion_con_lider
BUK11285,2026-01-11,neu,cambio_organizacional|movilidad_interna
BUK11285,2026-03-20,pos,cambio_organizacional|relacion_con_lider|desarrollo_carrera
BUK11285,2026-07-01,pos,compensacion
BUK11286,2026-07-09,neu,reconocimiento|balance_vida_trabajo
BUK11287,2025-04-20,pos,cambio_organizacional|relacion_con_lider
BUK11287,2026-06-21,neg,compensacion|movilidad_interna|clima_equipo
BUK11288,2026-07-11,neu,reconocimiento|onboarding
BUK11288,2026-07-29,neu,cambio_organizacional
BUK11288,2026-08-28,pos,balance_vida_trabajo|desarrollo_carrera
BUK11289,2026-05-08,neg,desarrollo_carrera
BUK11289,2026-08-01,neg,reconocimiento|movilidad_interna|compensacion
BUK11289,2026-08-25,neu,compensacion|movilidad_interna|desarrollo_carrera
BUK11290,2026-06-13,neu,balance_vida_trabajo
BUK11291,2026-04-29,neg,clima_equipo|balance_vida_trabajo
BUK11291,2026-05-13,neg,cambio_organizacional
BUK11291,2026-07-04,neu,balance_vida_trabajo|carga_trabajo
BUK11291,2026-08-14,neg,balance_vida_trabajo
BUK11292,2025-03-28,neu,movilidad_interna|herramientas_procesos
BUK11292,2025-11-22,pos,herramientas_procesos|desarrollo_carrera
BUK11292,2025-12-22,neg,balance_vida_trabajo|claridad_rol|desarrollo_carrera
BUK11292,2026-02-09,pos,claridad_rol|relacion_con_lider
BUK11292,2026-05-03,pos,herramientas_procesos|balance_vida_trabajo
BUK11292,2026-08-01,pos,balance_vida_trabajo|carga_trabajo|claridad_rol
BUK11293,2025-11-21,pos,movilidad_interna|compensacion
BUK11293,2026-05-12,pos,desarrollo_carrera|reconocimiento
BUK11294,2026-03-04,neu,onboarding|reconocimiento|balance_vida_trabajo
BUK11294,2026-04-25,pos,carga_trabajo|cambio_organizacional|movilidad_interna
BUK11295,2026-01-21,neg,reconocimiento|carga_trabajo
BUK11295,2026-02-09,pos,carga_trabajo|clima_equipo|cambio_organizacional
BUK11295,2026-02-15,neu,relacion_con_lider|balance_vida_trabajo|cambio_organizacional
BUK11295,2026-04-18,neu,carga_trabajo|clima_equipo|cambio_organizacional
BUK11296,2026-04-13,pos,desarrollo_carrera|movilidad_interna
BUK11296,2026-04-28,neg,claridad_rol|clima_equipo|balance_vida_trabajo
BUK11296,2026-07-08,pos,relacion_con_lider|claridad_rol
BUK11296,2026-07-14,pos,cambio_organizacional|relacion_con_lider|desarrollo_carrera
BUK11296,2026-07-22,pos,relacion_con_lider|clima_equipo
BUK11296,2026-08-25,neu,reconocimiento|compensacion
BUK11297,2025-08-16,neu,movilidad_interna|desarrollo_carrera
BUK11297,2026-01-21,pos,movilidad_interna|compensacion|desarrollo_carrera
BUK11297,2026-05-03,neu,desarrollo_carrera|movilidad_interna
BUK11298,2026-03-19,neu,carga_trabajo|balance_vida_trabajo
BUK11298,2026-06-11,neu,compensacion|claridad_rol
BUK11298,2026-07-04,neu,compensacion|clima_equipo
BUK11298,2026-08-14,pos,claridad_rol|reconocimiento
BUK11299,2025-10-02,neu,desarrollo_carrera
BUK11299,2025-10-25,neu,relacion_con_lider|herramientas_procesos|claridad_rol
BUK11299,2026-08-16,pos,claridad_rol|herramientas_procesos
BUK11300,2025-06-10,pos,desarrollo_carrera|movilidad_interna
BUK11300,2026-07-16,pos,reconocimiento|compensacion|desarrollo_carrera
BUK11300,2026-07-18,pos,movilidad_interna|reconocimiento|compensacion
BUK11301,2025-11-08,pos,herramientas_procesos
BUK11301,2026-01-21,neu,desarrollo_carrera|onboarding
BUK11301,2026-01-25,pos,herramientas_procesos|clima_equipo
BUK11301,2026-04-13,neu,carga_trabajo
BUK11301,2026-06-12,neg,desarrollo_carrera|movilidad_interna
BUK11302,2026-06-07,neu,reconocimiento|carga_trabajo|balance_vida_trabajo
BUK11302,2026-06-23,pos,desarrollo_carrera|reconocimiento|onboarding
BUK11302,2026-07-23,pos,onboarding|clima_equipo
BUK11302,2026-07-26,pos,movilidad_interna|claridad_rol
BUK11302,2026-08-24,pos,claridad_rol|reconocimiento
BUK11303,2026-07-11,pos,clima_equipo
BUK11303,2026-07-14,neg,relacion_con_lider|carga_trabajo|reconocimiento
BUK11303,2026-07-17,neg,carga_trabajo|clima_equipo|reconocimiento
BUK11303,2026-07-23,pos,carga_trabajo|relacion_con_lider
BUK11303,2026-07-30,neg,cambio_organizacional|clima_equipo
BUK11303,2026-07-30,neu,clima_equipo|reconocimiento
BUK11303,2026-08-04,pos,carga_trabajo|clima_equipo|cambio_organizacional
BUK11304,2026-06-29,neu,claridad_rol|herramientas_procesos|desarrollo_carrera
BUK11304,2026-07-06,pos,relacion_con_lider|desarrollo_carrera|herramientas_procesos
BUK11305,2025-04-03,neu,balance_vida_trabajo
BUK11305,2025-04-04,pos,compensacion
BUK11305,2026-02-27,neu,onboarding
BUK11305,2026-07-27,pos,herramientas_procesos
BUK11306,2026-08-05,neu,clima_equipo|herramientas_procesos
BUK11306,2026-08-23,neu,movilidad_interna
BUK11307,2025-10-23,neu,desarrollo_carrera|reconocimiento
BUK11307,2025-10-29,neg,desarrollo_carrera|compensacion
BUK11307,2025-12-14,neu,desarrollo_carrera|movilidad_interna
BUK11308,2025-04-07,pos,relacion_con_lider|cambio_organizacional|herramientas_procesos
BUK11308,2025-05-18,pos,carga_trabajo|cambio_organizacional|clima_equipo
BUK11308,2025-10-19,pos,movilidad_interna|carga_trabajo
BUK11308,2026-03-31,neu,cambio_organizacional|relacion_con_lider
BUK11309,2025-03-27,pos,carga_trabajo
BUK11309,2025-06-18,pos,onboarding|cambio_organizacional
BUK11309,2025-12-23,neu,desarrollo_carrera|clima_equipo
BUK11309,2026-05-25,neu,clima_equipo|claridad_rol
BUK11310,2026-07-03,pos,balance_vida_trabajo|reconocimiento|relacion_con_lider
BUK11310,2026-07-17,pos,clima_equipo
BUK11310,2026-07-17,neu,movilidad_interna|desarrollo_carrera
BUK11310,2026-08-10,pos,claridad_rol
BUK11311,2025-06-02,pos,movilidad_interna|compensacion
BUK11311,2026-01-03,neu,compensacion
BUK11311,2026-06-17,neg,reconocimiento|desarrollo_carrera
BUK11312,2025-10-03,pos,desarrollo_carrera|compensacion
BUK11312,2026-02-04,pos,balance_vida_trabajo|relacion_con_lider
BUK11312,2026-04-25,pos,compensacion
BUK11312,2026-05-21,neu,carga_trabajo|claridad_rol
BUK11313,2025-05-18,neg,balance_vida_trabajo
BUK11313,2025-06-11,neg,relacion_con_lider|claridad_rol
BUK11313,2025-12-08,neu,claridad_rol|balance_vida_trabajo
BUK11313,2026-04-07,pos,onboarding|movilidad_interna|desarrollo_carrera
BUK11313,2026-05-21,neg,desarrollo_carrera
BUK11314,2026-07-21,pos,carga_trabajo
BUK11315,2026-02-03,neg,claridad_rol|compensacion|reconocimiento
BUK11315,2026-04-04,neu,clima_equipo|reconocimiento|desarrollo_carrera
BUK11316,2026-01-11,neu,balance_vida_trabajo|movilidad_interna|carga_trabajo
BUK11317,2026-04-21,pos,balance_vida_trabajo|cambio_organizacional
BUK11317,2026-05-29,neg,carga_trabajo|claridad_rol|clima_equipo
BUK11317,2026-07-16,pos,clima_equipo|claridad_rol
BUK11318,2025-06-06,neu,clima_equipo|cambio_organizacional
BUK11318,2025-07-28,pos,relacion_con_lider|carga_trabajo
BUK11318,2025-09-09,pos,compensacion|reconocimiento
BUK11318,2025-11-17,pos,reconocimiento
BUK11319,2026-02-27,neg,movilidad_interna|onboarding
BUK11319,2026-03-13,pos,movilidad_interna|claridad_rol|reconocimiento
BUK11319,2026-04-24,neu,movilidad_interna|onboarding
BUK11319,2026-08-06,neu,compensacion|cambio_organizacional
BUK11320,2025-10-15,pos,clima_equipo|claridad_rol
BUK11320,2025-11-21,neg,desarrollo_carrera|compensacion|carga_trabajo
BUK11320,2026-03-15,neu,cambio_organizacional|claridad_rol
BUK11320,2026-03-18,pos,reconocimiento|compensacion
BUK11320,2026-05-17,pos,carga_trabajo|onboarding
BUK11320,2026-08-27,pos,claridad_rol
BUK11321,2026-04-06,neu,herramientas_procesos|cambio_organizacional|compensacion
BUK11322,2025-09-06,pos,herramientas_procesos|claridad_rol
BUK11322,2025-12-01,neu,balance_vida_trabajo|desarrollo_carrera
BUK11322,2025-12-26,neu,herramientas_procesos|carga_trabajo
BUK11323,2026-05-12,neu,cambio_organizacional|reconocimiento|carga_trabajo
BUK11323,2026-05-12,neu,clima_equipo|relacion_con_lider
BUK11323,2026-05-26,neg,relacion_con_lider|cambio_organizacional
BUK11324,2025-03-07,neu,herramientas_procesos|compensacion
BUK11324,2025-07-07,neu,carga_trabajo|relacion_con_lider
BUK11325,2025-07-01,pos,herramientas_procesos|relacion_con_lider|onboarding
BUK11325,2025-08-04,neu,carga_trabajo|reconocimiento|balance_vida_trabajo
BUK11325,2025-12-23,pos,reconocimiento
BUK11325,2026-04-13,neu,desarrollo_carrera|relacion_con_lider
BUK11326,2025-03-03,pos,balance_vida_trabajo
BUK11326,2025-03-27,neu,desarrollo_carrera|clima_equipo|onboarding
BUK11326,2025-12-21,pos,compensacion
BUK11326,2026-03-11,neu,onboarding|desarrollo_carrera|carga_trabajo
BUK11327,2026-03-04,neg,claridad_rol
BUK11327,2026-04-06,neg,herramientas_procesos|relacion_con_lider
BUK11327,2026-04-08,neg,relacion_con_lider|herramientas_procesos|claridad_rol
BUK11328,2025-03-12,neu,carga_trabajo
BUK11329,2025-10-03,pos,compensacion|clima_equipo
BUK11329,2025-10-26,pos,movilidad_interna|claridad_rol|balance_vida_trabajo
BUK11329,2026-04-24,pos,relacion_con_lider|herramientas_procesos
BUK11330,2025-08-27,pos,reconocimiento|balance_vida_trabajo
BUK11330,2026-02-01,pos,balance_vida_trabajo
BUK11330,2026-04-11,pos,relacion_con_lider|compensacion|movilidad_interna
BUK11331,2025-10-14,pos,cambio_organizacional|compensacion|herramientas_procesos
BUK11331,2025-12-05,neu,claridad_rol|relacion_con_lider|movilidad_interna
BUK11331,2025-12-13,pos,clima_equipo|reconocimiento|herramientas_procesos
BUK11332,2026-05-20,neu,reconocimiento|desarrollo_carrera|movilidad_interna
BUK11333,2025-07-25,pos,compensacion
BUK11333,2025-07-29,pos,cambio_organizacional|relacion_con_lider|carga_trabajo
BUK11333,2025-10-24,pos,clima_equipo|claridad_rol|herramientas_procesos
BUK11333,2026-01-16,neu,carga_trabajo
BUK11334,2025-05-15,neu,compensacion|herramientas_procesos
BUK11334,2025-07-16,pos,carga_trabajo|compensacion
BUK11335,2025-07-17,neg,clima_equipo|balance_vida_trabajo|relacion_con_lider
BUK11335,2025-10-05,neu,clima_equipo|herramientas_procesos|compensacion
BUK11335,2025-10-11,neg,relacion_con_lider
BUK11335,2025-11-08,neu,onboarding|movilidad_interna|herramientas_procesos
BUK11335,2025-12-24,neg,desarrollo_carrera
BUK11335,2026-02-22,neu,herramientas_procesos
BUK11335,2026-06-29,neu,reconocimiento|carga_trabajo|balance_vida_trabajo
BUK11336,2025-05-06,neg,herramientas_procesos|relacion_con_lider|desarrollo_carrera
BUK11337,2026-04-04,pos,desarrollo_carrera|clima_equipo|onboarding
BUK11337,2026-04-13,neg,relacion_con_lider|reconocimiento
BUK11337,2026-07-11,neu,reconocimiento
BUK11337,2026-07-25,pos,relacion_con_lider|herramientas_procesos
BUK11337,2026-07-27,neg,herramientas_procesos|relacion_con_lider
BUK11338,2026-01-30,neu,reconocimiento|cambio_organizacional|relacion_con_lider
BUK11338,2026-05-15,neu,relacion_con_lider|onboarding|clima_equipo
BUK11338,2026-05-15,pos,herramientas_procesos|onboarding|reconocimiento
BUK11338,2026-06-15,pos,relacion_con_lider|balance_vida_trabajo
BUK11339,2026-04-17,pos,clima_equipo|reconocimiento
BUK11339,2026-06-28,neu,compensacion|movilidad_interna|carga_trabajo
BUK11339,2026-08-02,pos,movilidad_interna
BUK11340,2025-07-08,pos,relacion_con_lider
BUK11340,2025-07-13,pos,herramientas_procesos
BUK11340,2025-09-28,pos,claridad_rol|cambio_organizacional
BUK11340,2025-10-03,neu,claridad_rol
BUK11340,2025-11-11,pos,claridad_rol|carga_trabajo
BUK11341,2025-03-10,neg,claridad_rol|desarrollo_carrera
BUK11341,2025-04-29,neg,claridad_rol|relacion_con_lider
BUK11342,2025-08-07,neu,desarrollo_carrera|herramientas_procesos
BUK11342,2025-10-30,pos,balance_vida_trabajo|herramientas_procesos
BUK11342,2026-01-02,neg,cambio_organizacional|desarrollo_carrera
BUK11342,2026-01-07,neu,herramientas_procesos|onboarding
BUK11342,2026-06-15,neg,claridad_rol|cambio_organizacional
BUK11342,2026-08-26,pos,desarrollo_carrera|carga_trabajo|balance_vida_trabajo
BUK11343,2025-04-14,pos,carga_trabajo
BUK11343,2025-05-19,neg,clima_equipo
BUK11343,2026-01-19,neg,reconocimiento
BUK11343,2026-01-31,pos,cambio_organizacional|desarrollo_carrera
BUK11343,2026-06-08,neg,claridad_rol|onboarding
BUK11344,2026-05-08,neu,onboarding|desarrollo_carrera
BUK11344,2026-06-15,neu,onboarding|balance_vida_trabajo
BUK11344,2026-08-16,pos,cambio_organizacional|claridad_rol|onboarding
BUK11345,2026-06-01,neu,movilidad_interna
BUK11345,2026-06-17,pos,clima_equipo
BUK11345,2026-06-20,pos,desarrollo_carrera|claridad_rol
BUK11346,2025-09-11,pos,reconocimiento
BUK11346,2025-10-10,neu,reconocimiento|compensacion|movilidad_interna
BUK11346,2025-10-24,pos,reconocimiento|movilidad_interna
BUK11346,2026-01-30,pos,compensacion
BUK11347,2026-01-06,neu,reconocimiento|carga_trabajo|balance_vida_trabajo
BUK11347,2026-06-07,neu,clima_equipo|carga_trabajo|claridad_rol
BUK11348,2025-06-19,pos,reconocimiento|clima_equipo|balance_vida_trabajo
BUK11348,2025-09-21,pos,reconocimiento|carga_trabajo|clima_equipo
BUK11348,2026-05-07,neg,cambio_organizacional|relacion_con_lider|carga_trabajo
BUK11349,2026-02-22,pos,balance_vida_trabajo|reconocimiento
BUK11349,2026-03-16,neu,clima_equipo|claridad_rol|cambio_organizacional
BUK11349,2026-04-10,pos,cambio_organizacional
BUK11349,2026-06-13,neg,balance_vida_trabajo|desarrollo_carrera
BUK11350,2026-04-06,pos,movilidad_interna|compensacion
BUK11350,2026-05-04,pos,compensacion
BUK11350,2026-05-26,pos,reconocimiento|clima_equipo
BUK11351,2025-12-15,pos,clima_equipo|relacion_con_lider
BUK11351,2026-02-06,neu,clima_equipo|cambio_organizacional|relacion_con_lider
BUK11351,2026-04-18,neu,onboarding|carga_trabajo
BUK11351,2026-08-07,neu,balance_vida_trabajo|herramientas_procesos
BUK11352,2025-03-18,pos,balance_vida_trabajo|onboarding
BUK11352,2025-09-25,pos,claridad_rol
BUK11352,2026-01-12,pos,reconocimiento|onboarding|compensacion
BUK11352,2026-04-29,neu,clima_equipo|balance_vida_trabajo
BUK11353,2025-06-02,neg,compensacion|desarrollo_carrera
BUK11353,2026-02-02,neu,reconocimiento
BUK11354,2025-08-21,neu,balance_vida_trabajo|clima_equipo
BUK11354,2025-10-15,pos,compensacion
BUK11355,2025-05-16,pos,movilidad_interna
BUK11355,2026-02-04,pos,claridad_rol
BUK11356,2025-05-04,pos,reconocimiento
BUK11356,2025-06-27,pos,carga_trabajo|clima_equipo
BUK11357,2025-05-28,pos,movilidad_interna
BUK11357,2025-07-12,neu,clima_equipo|balance_vida_trabajo
BUK11357,2026-04-22,neu,balance_vida_trabajo
BUK11357,2026-04-29,neu,cambio_organizacional|compensacion
BUK11358,2025-05-09,pos,herramientas_procesos|relacion_con_lider
BUK11358,2025-05-12,neu,onboarding|compensacion
BUK11358,2025-10-27,pos,relacion_con_lider|movilidad_interna
BUK11358,2026-08-27,pos,relacion_con_lider|movilidad_interna
BUK11358,2026-08-30,pos,clima_equipo|onboarding
BUK11359,2025-10-16,pos,onboarding|claridad_rol
BUK11359,2026-05-02,pos,desarrollo_carrera|movilidad_interna|reconocimiento
BUK11359,2026-05-21,neu,relacion_con_lider|claridad_rol
BUK11360,2025-06-27,neu,relacion_con_lider|clima_equipo
BUK11360,2025-06-29,neu,clima_equipo|cambio_organizacional
BUK11360,2026-01-07,pos,clima_equipo|relacion_con_lider|reconocimiento
BUK11361,2025-07-18,pos,desarrollo_carrera
BUK11361,2025-11-27,neu,compensacion|desarrollo_carrera|movilidad_interna
BUK11361,2025-12-20,pos,reconocimiento|compensacion
BUK11362,2026-01-11,pos,claridad_rol
BUK11362,2026-02-17,neu,compensacion|clima_equipo
BUK11362,2026-05-29,pos,relacion_con_lider|reconocimiento
BUK11362,2026-08-24,neu,claridad_rol|compensacion
BUK11362,2026-08-27,pos,reconocimiento|herramientas_procesos
BUK11363,2025-06-26,neg,claridad_rol|desarrollo_carrera
BUK11363,2025-12-27,neu,reconocimiento|claridad_rol
BUK11363,2026-01-20,neu,desarrollo_carrera
BUK11363,2026-02-26,pos,herramientas_procesos|reconocimiento
BUK11363,2026-03-22,neu,herramientas_procesos|compensacion|cambio_organizacional
BUK11364,2025-03-16,neg,onboarding|movilidad_interna
BUK11364,2025-03-25,pos,claridad_rol
BUK11364,2025-04-02,neu,herramientas_procesos|carga_trabajo|desarrollo_carrera
BUK11364,2025-05-15,neu,cambio_organizacional|onboarding|relacion_con_lider
BUK11364,2025-05-15,pos,balance_vida_trabajo|clima_equipo|relacion_con_lider
BUK11364,2025-06-14,pos,compensacion|balance_vida_trabajo
BUK11364,2025-06-15,neu,clima_equipo
BUK11365,2026-01-16,pos,claridad_rol
BUK11365,2026-06-05,neu,clima_equipo
BUK11366,2026-08-19,pos,desarrollo_carrera|onboarding
BUK11366,2026-08-21,pos,balance_vida_trabajo
BUK11366,2026-08-29,neu,compensacion|herramientas_procesos
BUK11366,2026-08-30,pos,herramientas_procesos
BUK11366,2026-08-30,pos,herramientas_procesos|compensacion|desarrollo_carrera
BUK11367,2025-12-17,neu,balance_vida_trabajo|herramientas_procesos|compensacion
BUK11367,2026-06-26,neg,compensacion|desarrollo_carrera
BUK11367,2026-07-16,pos,desarrollo_carrera|claridad_rol
BUK11367,2026-08-02,neu,carga_trabajo|clima_equipo
BUK11367,2026-08-13,pos,reconocimiento|compensacion
BUK11368,2026-03-20,neu,onboarding|relacion_con_lider
BUK11368,2026-06-02,neu,reconocimiento|compensacion|onboarding
BUK11368,2026-07-25,pos,compensacion|onboarding|desarrollo_carrera
BUK11369,2026-03-05,neu,carga_trabajo|balance_vida_trabajo
BUK11369,2026-04-23,neg,relacion_con_lider|reconocimiento|balance_vida_trabajo
BUK11369,2026-05-15,neg,reconocimiento|balance_vida_trabajo
BUK11369,2026-05-21,neg,relacion_con_lider|carga_trabajo
BUK11369,2026-05-30,neu,carga_trabajo
BUK11370,2025-10-16,neg,desarrollo_carrera|relacion_con_lider|claridad_rol
BUK11370,2025-12-31,neu,herramientas_procesos|desarrollo_carrera|relacion_con_lider
BUK11371,2025-12-24,neu,onboarding|reconocimiento
BUK11371,2026-01-12,pos,movilidad_interna|onboarding
BUK11371,2026-02-09,pos,clima_equipo|carga_trabajo
BUK11372,2026-03-07,pos,carga_trabajo|claridad_rol
BUK11372,2026-03-18,pos,carga_trabajo|compensacion
BUK11372,2026-06-17,neu,cambio_organizacional|compensacion
BUK11372,2026-06-24,neu,desarrollo_carrera|carga_trabajo
BUK11372,2026-08-25,neu,carga_trabajo
BUK11373,2026-06-05,neu,balance_vida_trabajo|clima_equipo|movilidad_interna
BUK11373,2026-06-21,pos,reconocimiento
BUK11373,2026-07-24,pos,carga_trabajo|balance_vida_trabajo|herramientas_procesos
BUK11374,2025-09-28,neu,clima_equipo|movilidad_interna
BUK11374,2025-11-04,neu,compensacion
BUK11374,2026-02-15,pos,movilidad_interna|carga_trabajo
BUK11374,2026-03-06,pos,movilidad_interna|clima_equipo
BUK11374,2026-06-11,pos,carga_trabajo|compensacion
BUK11375,2025-05-03,pos,balance_vida_trabajo|desarrollo_carrera
BUK11375,2025-06-04,pos,desarrollo_carrera
BUK11375,2025-11-18,neg,onboarding
BUK11376,2025-07-15,neg,relacion_con_lider|herramientas_procesos|claridad_rol
BUK11376,2025-07-22,neu,relacion_con_lider|desarrollo_carrera
BUK11377,2026-07-08,neg,desarrollo_carrera|clima_equipo
BUK11377,2026-07-25,pos,reconocimiento
BUK11377,2026-08-19,neu,claridad_rol|reconocimiento
BUK11378,2026-08-05,neu,compensacion|balance_vida_trabajo
BUK11378,2026-08-07,neg,reconocimiento|relacion_con_lider|claridad_rol
BUK11378,2026-08-19,neg,herramientas_procesos|claridad_rol|clima_equipo
BUK11379,2026-06-13,neu,onboarding|compensacion|clima_equipo
BUK11379,2026-07-01,neu,onboarding
BUK11379,2026-07-04,neu,compensacion|balance_vida_trabajo|claridad_rol
BUK11379,2026-07-09,pos,clima_equipo|desarrollo_carrera
BUK11380,2026-03-03,neu,movilidad_interna|desarrollo_carrera
BUK11380,2026-03-23,neu,reconocimiento|movilidad_interna|compensacion
BUK11380,2026-04-02,pos,reconocimiento|movilidad_interna
BUK11380,2026-05-19,neu,desarrollo_carrera|compensacion
BUK11380,2026-07-14,neu,desarrollo_carrera|compensacion
BUK11380,2026-08-17,neg,desarrollo_carrera|reconocimiento|compensacion
BUK11380,2026-08-28,neu,movilidad_interna|compensacion|desarrollo_carrera
BUK11381,2025-09-11,pos,onboarding|cambio_organizacional|clima_equipo
BUK11382,2025-04-27,neu,claridad_rol|herramientas_procesos|desarrollo_carrera
BUK11382,2025-06-27,pos,relacion_con_lider
BUK11382,2025-07-19,neg,desarrollo_carrera|claridad_rol
BUK11382,2025-12-11,pos,carga_trabajo|onboarding
BUK11382,2026-08-28,neg,desarrollo_carrera|movilidad_interna
BUK11383,2025-11-12,neu,cambio_organizacional
BUK11383,2026-02-11,neg,balance_vida_trabajo|movilidad_interna|compensacion
BUK11383,2026-05-31,neg,carga_trabajo
BUK11384,2025-07-05,neg,movilidad_interna
BUK11384,2025-08-22,neu,clima_equipo|reconocimiento
BUK11384,2025-10-08,neu,cambio_organizacional|herramientas_procesos|movilidad_interna
BUK11385,2025-04-15,pos,relacion_con_lider|clima_equipo
BUK11385,2025-10-27,pos,reconocimiento|cambio_organizacional
BUK11385,2026-02-25,pos,clima_equipo|herramientas_procesos|claridad_rol
BUK11386,2025-04-04,neu,claridad_rol|relacion_con_lider
BUK11386,2025-08-24,pos,claridad_rol|compensacion
BUK11386,2025-09-04,neg,onboarding|clima_equipo
BUK11386,2025-12-01,pos,balance_vida_trabajo|clima_equipo
BUK11386,2026-03-29,pos,relacion_con_lider
BUK11386,2026-04-09,neg,balance_vida_trabajo
BUK11386,2026-06-08,neu,carga_trabajo|relacion_con_lider|compensacion
BUK11387,2025-09-21,neu,cambio_organizacional|compensacion
BUK11387,2025-10-16,pos,carga_trabajo|compensacion|relacion_con_lider
BUK11387,2026-01-13,neg,compensacion|cambio_organizacional
BUK11388,2025-09-06,pos,carga_trabajo|compensacion
BUK11388,2025-09-15,pos,claridad_rol
BUK11388,2026-04-19,pos,desarrollo_carrera|onboarding
BUK11388,2026-06-05,neu,carga_trabajo|balance_vida_trabajo
BUK11388,2026-06-18,pos,desarrollo_carrera|claridad_rol
BUK11389,2025-04-11,pos,movilidad_interna|balance_vida_trabajo|onboarding
BUK11389,2025-05-10,pos,movilidad_interna|cambio_organizacional
BUK11389,2025-09-15,pos,onboarding
BUK11389,2026-03-04,neu,movilidad_interna|claridad_rol
BUK11389,2026-03-29,pos,compensacion|relacion_con_lider
BUK11389,2026-04-09,neu,carga_trabajo|onboarding
BUK11389,2026-05-08,pos,desarrollo_carrera|movilidad_interna|onboarding
BUK11390,2025-12-25,pos,herramientas_procesos
BUK11390,2025-12-26,neu,desarrollo_carrera|balance_vida_trabajo
BUK11390,2026-03-05,pos,balance_vida_trabajo|compensacion|carga_trabajo
BUK11391,2025-07-04,neu,clima_equipo|reconocimiento
BUK11391,2025-11-04,neg,movilidad_interna|reconocimiento
BUK11391,2026-01-28,pos,relacion_con_lider
BUK11392,2026-02-07,neu,claridad_rol
BUK11392,2026-02-10,pos,reconocimiento|carga_trabajo|desarrollo_carrera
BUK11393,2025-11-08,neu,clima_equipo|cambio_organizacional|balance_vida_trabajo
BUK11393,2025-12-15,neu,balance_vida_trabajo|relacion_con_lider
BUK11393,2026-02-15,pos,clima_equipo|cambio_organizacional
BUK11394,2025-08-07,neu,clima_equipo|cambio_organizacional
BUK11394,2025-09-06,pos,carga_trabajo|clima_equipo
BUK11394,2026-01-19,neu,relacion_con_lider
BUK11395,2026-04-22,neg,clima_equipo|balance_vida_trabajo
BUK11395,2026-06-07,neu,relacion_con_lider|balance_vida_trabajo
BUK11395,2026-07-05,neu,balance_vida_trabajo|carga_trabajo|cambio_organizacional
BUK11396,2026-05-22,pos,movilidad_interna|reconocimiento|desarrollo_carrera
BUK11396,2026-06-13,pos,movilidad_interna|reconocimiento
BUK11396,2026-07-24,neu,desarrollo_carrera|movilidad_interna
BUK11396,2026-07-26,neu,compensacion
BUK11397,2026-04-14,pos,reconocimiento|herramientas_procesos|compensacion
BUK11397,2026-08-16,pos,reconocimiento|desarrollo_carrera
BUK11398,2026-03-28,neg,desarrollo_carrera|compensacion
BUK11398,2026-03-29,neu,reconocimiento|compensacion
BUK11398,2026-04-05,neg,reconocimiento|desarrollo_carrera|compensacion
BUK11398,2026-04-05,neu,reconocimiento|compensacion
BUK11398,2026-04-05,neg,movilidad_interna|reconocimiento
BUK11398,2026-04-06,neg,desarrollo_carrera|reconocimiento
BUK11398,2026-04-08,neu,reconocimiento|desarrollo_carrera|compensacion
BUK11399,2026-05-29,neg,movilidad_interna|compensacion
BUK11399,2026-06-08,neg,reconocimiento|desarrollo_carrera
BUK11399,2026-06-20,neu,compensacion
BUK11399,2026-07-02,neu,reconocimiento|movilidad_interna
BUK11400,2026-01-17,pos,desarrollo_carrera|clima_equipo
BUK11400,2026-02-03,neu,balance_vida_trabajo|clima_equipo
BUK11400,2026-06-16,pos,movilidad_interna|desarrollo_carrera|balance_vida_trabajo
BUK11400,2026-08-30,neu,carga_trabajo
BUK11401,2025-05-27,pos,clima_equipo
BUK11401,2026-03-14,pos,movilidad_interna|relacion_con_lider
BUK11401,2026-04-18,pos,desarrollo_carrera|carga_trabajo
BUK11401,2026-07-06,pos,relacion_con_lider|herramientas_procesos
BUK11402,2026-01-20,neu,reconocimiento|compensacion
BUK11402,2026-03-05,pos,desarrollo_carrera
BUK11403,2025-05-14,neg,movilidad_interna|balance_vida_trabajo|compensacion
BUK11403,2025-08-21,pos,relacion_con_lider|claridad_rol|compensacion
BUK11403,2025-12-19,pos,reconocimiento|relacion_con_lider
BUK11404,2025-04-07,neu,compensacion|claridad_rol
BUK11404,2025-08-23,neu,reconocimiento|herramientas_procesos
BUK11404,2025-12-22,pos,desarrollo_carrera
BUK11404,2026-03-16,pos,relacion_con_lider
BUK11404,2026-05-14,pos,herramientas_procesos
BUK11405,2025-03-20,pos,desarrollo_carrera|relacion_con_lider|onboarding
BUK11405,2025-05-28,pos,onboarding|cambio_organizacional
BUK11405,2025-07-17,pos,clima_equipo|desarrollo_carrera|movilidad_interna
BUK11405,2025-12-23,neu,compensacion|reconocimiento
BUK11405,2026-05-19,pos,herramientas_procesos|relacion_con_lider
BUK11406,2025-05-10,neg,herramientas_procesos|balance_vida_trabajo|claridad_rol
BUK11406,2025-06-09,neg,compensacion|balance_vida_trabajo
BUK11406,2025-06-28,neg,herramientas_procesos
BUK11406,2025-12-06,neg,balance_vida_trabajo|herramientas_procesos|desarrollo_carrera
BUK11406,2026-01-04,neg,claridad_rol|carga_trabajo
BUK11406,2026-03-13,neg,compensacion
BUK11406,2026-08-09,neg,compensacion
BUK11407,2025-05-09,pos,cambio_organizacional|onboarding|relacion_con_lider
BUK11407,2025-11-03,pos,carga_trabajo|reconocimiento
BUK11407,2025-12-03,pos,relacion_con_lider|herramientas_procesos
BUK11407,2025-12-06,pos,relacion_con_lider|compensacion
BUK11407,2026-06-13,pos,clima_equipo|desarrollo_carrera|balance_vida_trabajo
BUK11409,2025-10-17,pos,onboarding|claridad_rol
BUK11409,2026-02-12,neu,reconocimiento|onboarding|movilidad_interna
BUK11409,2026-08-15,pos,movilidad_interna
BUK11410,2026-05-26,neu,cambio_organizacional
BUK11410,2026-06-05,pos,balance_vida_trabajo|cambio_organizacional
BUK11410,2026-06-06,pos,desarrollo_carrera|compensacion
BUK11410,2026-08-29,neu,carga_trabajo
BUK11411,2026-01-21,pos,claridad_rol|relacion_con_lider
BUK11411,2026-02-24,neg,herramientas_procesos|claridad_rol|desarrollo_carrera
BUK11411,2026-03-24,neu,claridad_rol|desarrollo_carrera
BUK11411,2026-04-20,pos,relacion_con_lider
BUK11412,2025-03-31,pos,relacion_con_lider
BUK11412,2026-03-08,neg,reconocimiento|clima_equipo
BUK11413,2025-09-23,neu,relacion_con_lider|herramientas_procesos
BUK11413,2026-02-18,pos,claridad_rol
BUK11413,2026-03-31,pos,cambio_organizacional|carga_trabajo
BUK11413,2026-07-24,neu,relacion_con_lider|claridad_rol
BUK11414,2025-07-05,neu,reconocimiento|balance_vida_trabajo
BUK11414,2026-02-08,neu,herramientas_procesos|movilidad_interna
BUK11415,2026-08-01,neu,desarrollo_carrera|herramientas_procesos|claridad_rol
BUK11415,2026-08-11,neg,desarrollo_carrera|herramientas_procesos
BUK11415,2026-08-25,neg,claridad_rol|relacion_con_lider
BUK11416,2026-07-16,neu,clima_equipo|movilidad_interna|relacion_con_lider
BUK11416,2026-07-29,pos,reconocimiento|balance_vida_trabajo|herramientas_procesos
BUK11416,2026-08-07,pos,onboarding
BUK11416,2026-08-13,pos,herramientas_procesos|movilidad_interna
BUK11417,2026-07-17,pos,clima_equipo|cambio_organizacional|herramientas_procesos
BUK11417,2026-07-22,pos,desarrollo_carrera|onboarding|cambio_organizacional
BUK11417,2026-07-27,neu,carga_trabajo|relacion_con_lider
BUK11417,2026-08-03,pos,desarrollo_carrera|balance_vida_trabajo
BUK11417,2026-08-05,neg,balance_vida_trabajo
BUK11417,2026-08-09,neg,relacion_con_lider|reconocimiento|carga_trabajo
BUK11418,2025-08-16,pos,clima_equipo|balance_vida_trabajo
BUK11418,2025-11-01,pos,compensacion
BUK11418,2026-04-25,neu,compensacion|herramientas_procesos|desarrollo_carrera
BUK11419,2026-05-27,pos,relacion_con_lider
BUK11419,2026-05-27,pos,onboarding|clima_equipo
BUK11420,2025-10-23,neg,relacion_con_lider|cambio_organizacional|clima_equipo
BUK11420,2025-11-27,pos,desarrollo_carrera
BUK11420,2026-03-31,pos,herramientas_procesos|cambio_organizacional
BUK11421,2025-06-24,pos,relacion_con_lider
BUK11421,2026-02-05,neu,balance_vida_trabajo|cambio_organizacional|reconocimiento
BUK11421,2026-04-03,neg,clima_equipo|relacion_con_lider
BUK11421,2026-06-23,pos,balance_vida_trabajo|reconocimiento|carga_trabajo
BUK11422,2026-07-16,neg,cambio_organizacional|relacion_con_lider|reconocimiento
BUK11422,2026-07-23,neg,reconocimiento
BUK11423,2025-06-21,neg,clima_equipo|compensacion|reconocimiento
BUK11423,2025-07-28,pos,movilidad_interna|clima_equipo
BUK11423,2026-01-07,pos,claridad_rol
BUK11423,2026-02-17,pos,compensacion|reconocimiento
BUK11424,2026-07-08,pos,cambio_organizacional
BUK11424,2026-08-21,pos,claridad_rol|balance_vida_trabajo|herramientas_procesos
BUK11424,2026-08-27,pos,cambio_organizacional|balance_vida_trabajo
BUK11425,2026-06-01,neu,movilidad_interna|claridad_rol
BUK11425,2026-06-17,neu,herramientas_procesos|movilidad_interna
BUK11425,2026-06-18,neg,reconocimiento|herramientas_procesos
BUK11425,2026-06-24,neu,relacion_con_lider|balance_vida_trabajo|claridad_rol
BUK11426,2026-07-14,neu,compensacion
BUK11426,2026-07-27,pos,herramientas_procesos|balance_vida_trabajo
BUK11426,2026-08-14,pos,balance_vida_trabajo
BUK11427,2026-03-14,neu,claridad_rol|compensacion
BUK11427,2026-04-02,neu,clima_equipo|balance_vida_trabajo|desarrollo_carrera
BUK11427,2026-04-14,neu,relacion_con_lider|carga_trabajo
BUK11428,2026-01-06,pos,balance_vida_trabajo
BUK11428,2026-01-07,neu,onboarding|herramientas_procesos
BUK11428,2026-06-26,pos,compensacion
BUK11428,2026-08-01,pos,claridad_rol|balance_vida_trabajo|herramientas_procesos
BUK11429,2026-04-17,neu,relacion_con_lider
BUK11429,2026-04-27,pos,compensacion
BUK11429,2026-08-25,pos,reconocimiento|herramientas_procesos
BUK11429,2026-08-27,pos,relacion_con_lider|claridad_rol|balance_vida_trabajo
BUK11430,2025-08-10,neu,claridad_rol|movilidad_interna
BUK11430,2026-02-11,pos,relacion_con_lider|reconocimiento|onboarding
BUK11430,2026-05-18,pos,movilidad_interna|onboarding
BUK11431,2026-06-10,pos,clima_equipo|carga_trabajo
BUK11431,2026-06-27,pos,herramientas_procesos
BUK11431,2026-08-18,neg,onboarding
BUK11432,2025-12-31,neu,reconocimiento|desarrollo_carrera|movilidad_interna
BUK11432,2026-02-01,neg,movilidad_interna|compensacion|reconocimiento
BUK11432,2026-02-12,neu,movilidad_interna
BUK11432,2026-03-10,neg,compensacion|reconocimiento
BUK11432,2026-03-20,neu,desarrollo_carrera|reconocimiento|movilidad_interna
BUK11433,2026-03-24,pos,reconocimiento|balance_vida_trabajo
BUK11434,2026-05-07,neu,movilidad_interna
BUK11435,2026-07-23,pos,relacion_con_lider|claridad_rol|desarrollo_carrera
BUK11435,2026-07-31,pos,carga_trabajo|reconocimiento|balance_vida_trabajo
BUK11435,2026-08-01,neu,movilidad_interna
BUK11435,2026-08-20,pos,desarrollo_carrera|claridad_rol
BUK11436,2025-04-26,pos,desarrollo_carrera|balance_vida_trabajo
BUK11436,2026-01-09,pos,balance_vida_trabajo
BUK11436,2026-06-29,neu,onboarding|desarrollo_carrera
BUK11437,2025-05-15,neg,reconocimiento|carga_trabajo
BUK11437,2025-06-24,neu,clima_equipo
BUK11437,2025-11-02,neu,clima_equipo|balance_vida_trabajo|relacion_con_lider
BUK11437,2026-03-01,neu,balance_vida_trabajo|cambio_organizacional|carga_trabajo
BUK11438,2026-05-04,neu,reconocimiento
BUK11438,2026-07-19,pos,reconocimiento|cambio_organizacional
BUK11439,2026-04-16,neu,desarrollo_carrera|compensacion
BUK11439,2026-05-15,pos,herramientas_procesos|balance_vida_trabajo
BUK11439,2026-06-17,neu,compensacion|reconocimiento|carga_trabajo
BUK11439,2026-06-30,neu,carga_trabajo|onboarding
BUK11440,2025-09-30,pos,onboarding|movilidad_interna|desarrollo_carrera
BUK11440,2026-01-24,pos,compensacion|desarrollo_carrera|clima_equipo
BUK11440,2026-03-18,pos,desarrollo_carrera|reconocimiento
BUK11440,2026-03-19,neu,clima_equipo|balance_vida_trabajo|desarrollo_carrera
BUK11440,2026-04-27,neu,reconocimiento|desarrollo_carrera
BUK11440,2026-07-06,pos,carga_trabajo|cambio_organizacional|onboarding
BUK11441,2025-12-19,neu,clima_equipo|balance_vida_trabajo
BUK11441,2026-02-18,neg,balance_vida_trabajo|carga_trabajo
BUK11442,2025-06-24,neg,balance_vida_trabajo
BUK11442,2025-08-19,neu,reconocimiento|clima_equipo|relacion_con_lider
BUK11442,2025-09-01,neu,clima_equipo
BUK11443,2025-11-21,neu,compensacion|cambio_organizacional|reconocimiento
BUK11443,2025-12-17,pos,relacion_con_lider|balance_vida_trabajo|cambio_organizacional
BUK11443,2025-12-18,neg,reconocimiento|balance_vida_trabajo|movilidad_interna
BUK11443,2025-12-31,pos,reconocimiento|herramientas_procesos
BUK11443,2026-04-08,neu,claridad_rol|carga_trabajo|onboarding
BUK11444,2025-03-09,neu,reconocimiento|relacion_con_lider
BUK11444,2025-03-09,neg,cambio_organizacional|balance_vida_trabajo
BUK11444,2025-03-16,neg,clima_equipo|carga_trabajo
BUK11445,2025-06-19,pos,reconocimiento|relacion_con_lider
BUK11445,2025-08-19,pos,carga_trabajo|movilidad_interna
BUK11446,2026-02-10,neu,clima_equipo
BUK11446,2026-08-16,neu,desarrollo_carrera|herramientas_procesos
BUK11447,2025-10-13,pos,compensacion|clima_equipo
BUK11447,2026-02-10,neu,balance_vida_trabajo|relacion_con_lider
BUK11448,2025-05-07,pos,cambio_organizacional|desarrollo_carrera
BUK11448,2025-07-30,neu,movilidad_interna|claridad_rol
BUK11448,2025-08-02,pos,cambio_organizacional
BUK11448,2025-09-11,pos,carga_trabajo|reconocimiento
BUK11449,2026-05-14,neu,desarrollo_carrera|movilidad_interna
BUK11449,2026-08-11,neg,movilidad_interna|claridad_rol|reconocimiento
BUK11450,2025-03-23,neu,claridad_rol
BUK11450,2025-05-19,pos,carga_trabajo|clima_equipo|reconocimiento
BUK11450,2026-05-19,neu,compensacion
BUK11451,2025-07-25,pos,clima_equipo|desarrollo_carrera|compensacion
BUK11451,2026-08-27,pos,balance_vida_trabajo
BUK11452,2026-01-25,neu,onboarding|claridad_rol|relacion_con_lider
BUK11452,2026-03-20,neg,relacion_con_lider|claridad_rol|herramientas_procesos
BUK11452,2026-04-18,neg,relacion_con_lider
BUK11452,2026-05-27,neg,herramientas_procesos|onboarding
BUK11452,2026-07-11,neu,onboarding
BUK11453,2025-03-12,neu,balance_vida_trabajo|carga_trabajo|movilidad_interna
BUK11453,2025-06-06,neu,balance_vida_trabajo|relacion_con_lider|herramientas_procesos
BUK11453,2025-06-12,neg,desarrollo_carrera|carga_trabajo
BUK11453,2025-08-10,neu,compensacion|balance_vida_trabajo
BUK11453,2025-10-27,pos,desarrollo_carrera|claridad_rol|carga_trabajo
BUK11453,2026-05-23,neu,balance_vida_trabajo
BUK11453,2026-07-31,neu,balance_vida_trabajo|movilidad_interna
BUK11454,2025-05-11,pos,clima_equipo|compensacion
BUK11454,2025-08-29,neu,reconocimiento|desarrollo_carrera|balance_vida_trabajo
BUK11454,2025-09-04,pos,balance_vida_trabajo
BUK11454,2025-10-13,neu,movilidad_interna|onboarding
BUK11454,2025-11-27,pos,claridad_rol
BUK11455,2026-07-02,pos,clima_equipo|balance_vida_trabajo
BUK11455,2026-07-13,neg,relacion_con_lider
BUK11455,2026-08-12,neu,herramientas_procesos|claridad_rol
BUK11456,2026-07-03,neu,relacion_con_lider
BUK11456,2026-08-15,neu,balance_vida_trabajo|reconocimiento
BUK11456,2026-08-28,neu,relacion_con_lider|cambio_organizacional|carga_trabajo
BUK11457,2025-09-03,pos,balance_vida_trabajo|onboarding
BUK11457,2025-10-03,pos,reconocimiento
BUK11457,2026-01-26,pos,onboarding|movilidad_interna
BUK11457,2026-02-04,pos,relacion_con_lider|movilidad_interna
BUK11457,2026-05-22,neg,movilidad_interna|desarrollo_carrera
BUK11458,2025-03-23,neu,balance_vida_trabajo|relacion_con_lider
BUK11458,2025-07-12,pos,claridad_rol|onboarding
BUK11458,2025-07-29,neu,claridad_rol|relacion_con_lider
BUK11458,2026-04-23,pos,movilidad_interna|carga_trabajo|compensacion
BUK11458,2026-08-21,neu,compensacion|claridad_rol|cambio_organizacional
BUK11459,2025-08-22,neu,compensacion|herramientas_procesos|reconocimiento
BUK11459,2025-12-21,pos,cambio_organizacional
BUK11460,2025-03-24,neu,reconocimiento|carga_trabajo
BUK11460,2025-06-30,pos,relacion_con_lider|balance_vida_trabajo|reconocimiento
BUK11460,2025-11-03,neu,cambio_organizacional|relacion_con_lider|reconocimiento
BUK11460,2025-11-26,neu,cambio_organizacional|carga_trabajo|reconocimiento
BUK11461,2025-08-17,pos,compensacion|onboarding|herramientas_procesos
BUK11461,2025-10-16,neu,movilidad_interna
BUK11461,2026-05-01,neu,carga_trabajo|desarrollo_carrera
BUK11462,2026-08-07,pos,clima_equipo|onboarding
BUK11462,2026-08-10,pos,onboarding|balance_vida_trabajo
BUK11463,2025-08-04,pos,herramientas_procesos|relacion_con_lider
BUK11464,2026-03-21,neu,desarrollo_carrera
BUK11464,2026-08-28,pos,compensacion|desarrollo_carrera
BUK11465,2026-05-30,pos,desarrollo_carrera|cambio_organizacional
BUK11465,2026-06-21,pos,movilidad_interna|onboarding
BUK11466,2026-02-12,neu,reconocimiento|desarrollo_carrera
BUK11466,2026-04-02,neu,reconocimiento|desarrollo_carrera
BUK11466,2026-04-04,neg,desarrollo_carrera|reconocimiento
BUK11467,2025-05-19,pos,balance_vida_trabajo
BUK11467,2026-01-28,pos,relacion_con_lider|clima_equipo|compensacion
BUK11467,2026-04-10,pos,herramientas_procesos|claridad_rol
BUK11468,2026-02-14,pos,reconocimiento
BUK11468,2026-02-28,pos,cambio_organizacional|carga_trabajo
BUK11468,2026-03-03,pos,movilidad_interna|clima_equipo|carga_trabajo
BUK11468,2026-06-18,neu,balance_vida_trabajo|herramientas_procesos
BUK11468,2026-06-21,pos,reconocimiento|desarrollo_carrera|balance_vida_trabajo
BUK11468,2026-06-28,neg,movilidad_interna|claridad_rol|herramientas_procesos
BUK11469,2026-04-18,neg,desarrollo_carrera|relacion_con_lider
BUK11469,2026-06-01,pos,desarrollo_carrera|claridad_rol
BUK11470,2025-03-07,neu,herramientas_procesos|desarrollo_carrera
BUK11470,2025-03-24,neg,desarrollo_carrera|herramientas_procesos
BUK11470,2025-10-02,neg,relacion_con_lider|desarrollo_carrera|herramientas_procesos
BUK11470,2025-10-11,pos,relacion_con_lider|herramientas_procesos
BUK11471,2025-05-01,pos,reconocimiento|compensacion|carga_trabajo
BUK11471,2025-08-21,pos,desarrollo_carrera|cambio_organizacional|clima_equipo
BUK11471,2026-01-30,neu,clima_equipo|balance_vida_trabajo
BUK11471,2026-02-24,neu,clima_equipo|compensacion|claridad_rol
BUK11471,2026-08-15,neu,desarrollo_carrera|herramientas_procesos|clima_equipo
BUK11473,2026-08-04,pos,carga_trabajo|desarrollo_carrera|compensacion
BUK11473,2026-08-07,pos,balance_vida_trabajo|relacion_con_lider
BUK11473,2026-08-16,pos,desarrollo_carrera|relacion_con_lider
BUK11473,2026-08-17,neu,desarrollo_carrera|balance_vida_trabajo|reconocimiento
BUK11473,2026-08-24,pos,carga_trabajo|cambio_organizacional|desarrollo_carrera
BUK11474,2026-04-28,neu,clima_equipo|carga_trabajo
BUK11474,2026-06-11,neu,desarrollo_carrera
BUK11474,2026-07-18,pos,claridad_rol|carga_trabajo
BUK11474,2026-07-20,pos,clima_equipo|cambio_organizacional
BUK11474,2026-08-14,pos,reconocimiento|cambio_organizacional
BUK11474,2026-08-25,neg,desarrollo_carrera|compensacion
BUK11476,2025-05-09,pos,clima_equipo
BUK11476,2025-07-17,pos,herramientas_procesos
BUK11476,2025-10-29,pos,carga_trabajo|clima_equipo
BUK11476,2026-02-18,pos,compensacion|herramientas_procesos
BUK11476,2026-07-10,pos,onboarding|desarrollo_carrera
BUK11476,2026-08-30,neu,clima_equipo
BUK11477,2025-03-26,neg,herramientas_procesos|compensacion
BUK11477,2026-03-07,neg,onboarding|carga_trabajo
BUK11477,2026-06-05,neu,claridad_rol
BUK11478,2026-02-04,pos,onboarding|balance_vida_trabajo
BUK11478,2026-03-24,pos,compensacion|claridad_rol
BUK11478,2026-06-10,neu,movilidad_interna|clima_equipo
BUK11479,2026-04-13,neu,movilidad_interna|compensacion
BUK11479,2026-07-12,neg,movilidad_interna
BUK11479,2026-08-18,neg,movilidad_interna|desarrollo_carrera|reconocimiento
BUK11480,2026-03-05,neg,relacion_con_lider|carga_trabajo|balance_vida_trabajo
BUK11481,2025-05-14,pos,compensacion|reconocimiento
BUK11481,2025-11-05,pos,herramientas_procesos|desarrollo_carrera
BUK11481,2026-03-09,pos,onboarding
BUK11481,2026-08-02,pos,clima_equipo
BUK11481,2026-08-05,neg,movilidad_interna
BUK11482,2026-03-17,neu,herramientas_procesos|balance_vida_trabajo
BUK11482,2026-06-10,neu,onboarding|reconocimiento|relacion_con_lider
BUK11483,2026-08-24,neu,cambio_organizacional|reconocimiento
BUK11484,2026-04-24,pos,herramientas_procesos|compensacion
BUK11484,2026-04-27,pos,onboarding|reconocimiento
BUK11484,2026-07-04,pos,compensacion|relacion_con_lider
BUK11484,2026-08-06,pos,onboarding|claridad_rol
BUK11484,2026-08-23,pos,cambio_organizacional
BUK11485,2025-09-25,pos,clima_equipo
BUK11485,2026-05-20,neu,cambio_organizacional|clima_equipo
BUK11486,2026-07-27,neg,reconocimiento|clima_equipo
BUK11486,2026-08-03,neu,cambio_organizacional|balance_vida_trabajo
BUK11487,2025-07-03,pos,reconocimiento|balance_vida_trabajo
BUK11487,2025-12-27,pos,relacion_con_lider
BUK11487,2026-01-06,neu,cambio_organizacional|carga_trabajo|reconocimiento
BUK11488,2025-03-27,neu,cambio_organizacional
BUK11488,2025-05-07,pos,desarrollo_carrera|claridad_rol
BUK11488,2025-05-18,neg,carga_trabajo|herramientas_procesos
BUK11488,2025-06-10,neg,carga_trabajo
BUK11489,2025-06-08,neu,movilidad_interna
BUK11489,2025-06-09,neg,reconocimiento
BUK11489,2025-06-11,neu,reconocimiento
BUK11489,2025-07-23,neu,desarrollo_carrera|movilidad_interna|compensacion
BUK11489,2025-08-21,neg,desarrollo_carrera|compensacion
BUK11489,2025-10-05,neu,movilidad_interna|desarrollo_carrera
BUK11490,2025-10-27,pos,compensacion
BUK11490,2025-11-07,neu,onboarding|cambio_organizacional
BUK11490,2026-01-03,pos,cambio_organizacional
BUK11490,2026-03-26,neu,onboarding|desarrollo_carrera
BUK11490,2026-04-04,pos,carga_trabajo|balance_vida_trabajo
BUK11491,2025-05-06,pos,herramientas_procesos
BUK11491,2025-10-30,neu,herramientas_procesos|movilidad_interna|balance_vida_trabajo
BUK11491,2025-11-15,neu,herramientas_procesos|carga_trabajo
BUK11491,2026-04-30,neg,reconocimiento|cambio_organizacional
BUK11492,2026-01-20,pos,compensacion
BUK11492,2026-01-24,pos,cambio_organizacional|claridad_rol
BUK11492,2026-02-05,neg,balance_vida_trabajo|claridad_rol|onboarding
BUK11493,2025-09-28,pos,movilidad_interna|compensacion
BUK11493,2025-10-18,pos,compensacion|reconocimiento
BUK11493,2026-03-25,neu,movilidad_interna|desarrollo_carrera
BUK11494,2025-06-10,pos,desarrollo_carrera|reconocimiento
BUK11494,2025-09-20,neg,movilidad_interna|compensacion|desarrollo_carrera
BUK11494,2025-11-07,pos,desarrollo_carrera
BUK11494,2026-05-18,neg,compensacion|reconocimiento
BUK11495,2026-07-15,neu,herramientas_procesos
BUK11495,2026-07-31,pos,movilidad_interna
BUK11495,2026-08-03,pos,carga_trabajo|herramientas_procesos|compensacion
BUK11495,2026-08-14,neu,relacion_con_lider
BUK11496,2025-08-19,pos,balance_vida_trabajo|onboarding|claridad_rol
BUK11496,2025-11-15,pos,desarrollo_carrera|claridad_rol|relacion_con_lider
BUK11496,2026-04-11,pos,onboarding|clima_equipo|cambio_organizacional
BUK11496,2026-06-05,pos,onboarding|balance_vida_trabajo
BUK11497,2025-03-05,pos,desarrollo_carrera|balance_vida_trabajo|compensacion
BUK11497,2026-04-10,pos,balance_vida_trabajo|desarrollo_carrera
BUK11498,2025-06-30,neu,relacion_con_lider
BUK11498,2025-09-17,pos,claridad_rol|cambio_organizacional|relacion_con_lider
BUK11498,2026-01-07,pos,claridad_rol|balance_vida_trabajo
BUK11498,2026-05-19,pos,clima_equipo|relacion_con_lider
BUK11499,2025-08-25,pos,compensacion|carga_trabajo
BUK11499,2025-09-05,neu,reconocimiento|desarrollo_carrera
BUK11499,2025-09-14,pos,balance_vida_trabajo|cambio_organizacional
BUK11499,2025-09-23,pos,desarrollo_carrera|clima_equipo
BUK11499,2025-09-23,pos,desarrollo_carrera|reconocimiento|claridad_rol
BUK11500,2025-04-22,neg,claridad_rol|onboarding
BUK11500,2025-11-19,pos,balance_vida_trabajo
BUK11500,2025-11-23,pos,desarrollo_carrera|claridad_rol|herramientas_procesos
BUK11500,2025-12-06,pos,desarrollo_carrera
BUK11500,2025-12-17,pos,claridad_rol|onboarding
BUK11500,2026-03-08,pos,clima_equipo|herramientas_procesos
BUK11500,2026-03-26,pos,compensacion|clima_equipo
BUK11501,2025-05-04,neu,movilidad_interna|clima_equipo|reconocimiento
BUK11501,2026-02-18,neu,compensacion
BUK11501,2026-06-08,neu,desarrollo_carrera|relacion_con_lider
BUK11501,2026-06-10,pos,cambio_organizacional
BUK11501,2026-06-18,pos,herramientas_procesos
BUK11501,2026-06-22,pos,reconocimiento|carga_trabajo
BUK11502,2026-04-12,neu,relacion_con_lider|compensacion|onboarding
BUK11502,2026-05-01,pos,herramientas_procesos|balance_vida_trabajo|claridad_rol
BUK11502,2026-06-04,pos,balance_vida_trabajo|clima_equipo|herramientas_procesos
BUK11502,2026-06-15,neg,claridad_rol|herramientas_procesos
BUK11502,2026-08-02,neg,carga_trabajo|clima_equipo|herramientas_procesos
BUK11502,2026-08-27,neu,movilidad_interna|cambio_organizacional
BUK11503,2025-09-07,neu,relacion_con_lider
BUK11503,2025-09-15,neu,desarrollo_carrera|claridad_rol
BUK11503,2026-02-05,neg,relacion_con_lider|herramientas_procesos
BUK11503,2026-03-20,neu,desarrollo_carrera|herramientas_procesos
BUK11503,2026-05-10,neu,relacion_con_lider|herramientas_procesos
BUK11503,2026-08-12,neu,relacion_con_lider|claridad_rol|desarrollo_carrera
BUK11504,2025-11-06,neu,reconocimiento
BUK11504,2026-01-03,neg,relacion_con_lider|carga_trabajo
BUK11504,2026-01-04,neg,clima_equipo|reconocimiento|relacion_con_lider
BUK11504,2026-02-19,neg,desarrollo_carrera|balance_vida_trabajo
BUK11504,2026-08-19,neg,compensacion|balance_vida_trabajo
BUK11505,2025-03-21,neu,cambio_organizacional|relacion_con_lider
BUK11505,2025-04-13,pos,cambio_organizacional
BUK11505,2025-05-25,neu,clima_equipo|cambio_organizacional
BUK11505,2025-05-28,neu,reconocimiento|relacion_con_lider
BUK11505,2025-05-30,neg,cambio_organizacional|relacion_con_lider
BUK11506,2025-08-06,pos,carga_trabajo
BUK11506,2025-09-03,pos,cambio_organizacional|relacion_con_lider|onboarding
BUK11506,2025-09-22,neu,cambio_organizacional|relacion_con_lider
BUK11506,2025-09-27,pos,onboarding
BUK11507,2025-05-30,neu,compensacion|claridad_rol
BUK11507,2025-09-12,pos,herramientas_procesos|cambio_organizacional|desarrollo_carrera
BUK11507,2025-11-11,neg,reconocimiento
BUK11507,2026-06-01,neu,movilidad_interna|cambio_organizacional
BUK11507,2026-06-07,pos,claridad_rol
BUK11508,2025-04-29,pos,relacion_con_lider|compensacion
BUK11508,2025-09-29,pos,reconocimiento|compensacion
BUK11508,2025-12-14,neu,onboarding|movilidad_interna
BUK11508,2026-05-08,pos,herramientas_procesos|relacion_con_lider
BUK11509,2025-08-08,neu,desarrollo_carrera|movilidad_interna
BUK11509,2025-10-02,pos,reconocimiento|compensacion|movilidad_interna
BUK11509,2026-03-19,pos,desarrollo_carrera
BUK11509,2026-03-31,pos,compensacion|desarrollo_carrera
BUK11510,2026-03-23,pos,compensacion|clima_equipo|desarrollo_carrera
BUK11510,2026-05-26,pos,relacion_con_lider|desarrollo_carrera|reconocimiento
BUK11510,2026-06-29,neu,compensacion|onboarding
BUK11511,2025-11-01,neu,herramientas_procesos
BUK11511,2025-11-25,neg,relacion_con_lider|onboarding
BUK11511,2026-03-08,neg,onboarding|herramientas_procesos
BUK11511,2026-08-13,neu,relacion_con_lider|claridad_rol
BUK11512,2025-05-21,pos,onboarding
BUK11512,2025-11-25,neg,carga_trabajo|clima_equipo
BUK11512,2026-07-14,neu,onboarding|reconocimiento
BUK11512,2026-07-22,pos,clima_equipo|reconocimiento
BUK11513,2026-07-18,neu,reconocimiento|herramientas_procesos
BUK11513,2026-07-30,neu,carga_trabajo|onboarding
BUK11513,2026-08-11,neu,carga_trabajo
BUK11514,2025-05-12,pos,onboarding
BUK11514,2025-12-19,pos,onboarding|balance_vida_trabajo
BUK11514,2026-05-04,pos,clima_equipo|balance_vida_trabajo|cambio_organizacional
BUK11514,2026-06-23,neu,desarrollo_carrera
BUK11515,2026-08-01,neu,relacion_con_lider|balance_vida_trabajo
BUK11515,2026-08-27,pos,clima_equipo
BUK11516,2026-08-04,neu,carga_trabajo
BUK11517,2026-07-10,neu,onboarding|movilidad_interna
BUK11518,2026-04-28,neu,reconocimiento|balance_vida_trabajo
BUK11518,2026-08-26,neg,carga_trabajo|relacion_con_lider
BUK11519,2025-05-28,pos,relacion_con_lider
BUK11519,2025-06-13,pos,herramientas_procesos|onboarding
BUK11519,2025-11-24,pos,movilidad_interna|desarrollo_carrera
BUK11519,2026-03-24,neu,reconocimiento|carga_trabajo
BUK11520,2026-06-19,neu,carga_trabajo|balance_vida_trabajo
BUK11520,2026-06-22,neu,reconocimiento|clima_equipo
BUK11520,2026-06-28,neu,onboarding|balance_vida_trabajo
BUK11520,2026-07-13,neg,onboarding|carga_trabajo
BUK11520,2026-08-29,neu,balance_vida_trabajo|movilidad_interna
BUK11521,2026-03-01,neu,reconocimiento|movilidad_interna
BUK11521,2026-03-03,neu,desarrollo_carrera|reconocimiento|movilidad_interna
BUK11521,2026-03-04,neg,reconocimiento|desarrollo_carrera|compensacion
BUK11521,2026-03-11,pos,reconocimiento|movilidad_interna
BUK11522,2026-06-26,pos,herramientas_procesos
BUK11522,2026-08-06,neg,claridad_rol|onboarding
BUK11522,2026-08-26,neu,balance_vida_trabajo
BUK11523,2025-12-29,neg,compensacion|reconocimiento
BUK11523,2026-07-03,neg,reconocimiento
BUK11524,2026-08-11,neu,movilidad_interna|desarrollo_carrera|relacion_con_lider
BUK11524,2026-08-14,neu,desarrollo_carrera|cambio_organizacional|herramientas_procesos
BUK11525,2026-07-10,pos,carga_trabajo|balance_vida_trabajo
BUK11525,2026-07-14,neg,compensacion|reconocimiento
BUK11526,2025-11-21,neg,claridad_rol
BUK11526,2025-11-24,neg,onboarding
BUK11526,2025-11-28,neg,claridad_rol
BUK11526,2025-12-12,neu,claridad_rol|onboarding|relacion_con_lider
BUK11527,2026-05-02,pos,compensacion|cambio_organizacional
BUK11527,2026-05-27,neg,balance_vida_trabajo|compensacion
BUK11527,2026-07-24,neu,reconocimiento|compensacion
BUK11527,2026-07-28,neu,reconocimiento|movilidad_interna
BUK11528,2025-11-07,neg,movilidad_interna|claridad_rol|onboarding
BUK11528,2026-03-27,neu,clima_equipo|reconocimiento
BUK11528,2026-05-28,neg,claridad_rol|clima_equipo|carga_trabajo
BUK11529,2025-05-25,neg,relacion_con_lider|clima_equipo|cambio_organizacional
BUK11529,2025-05-31,neg,carga_trabajo|cambio_organizacional
BUK11529,2025-09-13,neu,reconocimiento|clima_equipo|carga_trabajo
BUK11529,2025-11-14,neg,relacion_con_lider
BUK11530,2026-08-26,pos,reconocimiento|carga_trabajo
BUK11531,2026-06-01,neu,compensacion|onboarding
BUK11531,2026-06-23,neu,desarrollo_carrera|cambio_organizacional|clima_equipo
BUK11532,2026-03-28,neu,cambio_organizacional|balance_vida_trabajo
BUK11533,2026-03-20,neg,carga_trabajo
BUK11533,2026-05-10,neg,carga_trabajo|relacion_con_lider
BUK11533,2026-06-03,neg,carga_trabajo|reconocimiento
BUK11533,2026-07-03,neg,relacion_con_lider|balance_vida_trabajo
BUK11533,2026-07-19,pos,carga_trabajo|relacion_con_lider|clima_equipo
BUK11534,2026-03-03,neu,carga_trabajo|clima_equipo
BUK11534,2026-06-17,pos,claridad_rol|carga_trabajo|relacion_con_lider
BUK11535,2026-07-12,pos,relacion_con_lider|carga_trabajo
BUK11535,2026-08-02,neg,movilidad_interna|herramientas_procesos
BUK11535,2026-08-16,neu,reconocimiento|balance_vida_trabajo
BUK11535,2026-08-22,neu,balance_vida_trabajo|relacion_con_lider
BUK11536,2026-07-23,pos,movilidad_interna
BUK11537,2026-06-17,pos,claridad_rol|clima_equipo
BUK11537,2026-07-02,neg,compensacion|reconocimiento
BUK11539,2025-11-23,neg,relacion_con_lider|claridad_rol|herramientas_procesos
BUK11539,2026-02-06,neg,claridad_rol|relacion_con_lider
BUK11539,2026-06-19,neg,relacion_con_lider|herramientas_procesos
BUK11540,2026-02-06,neg,desarrollo_carrera|movilidad_interna|onboarding
BUK11540,2026-02-23,neu,reconocimiento
BUK11540,2026-03-21,pos,movilidad_interna
BUK11540,2026-05-09,neu,balance_vida_trabajo|movilidad_interna
BUK11541,2025-07-11,pos,movilidad_interna|claridad_rol
BUK11541,2025-07-13,pos,movilidad_interna|reconocimiento|cambio_organizacional
BUK11541,2025-07-23,neu,desarrollo_carrera|relacion_con_lider
BUK11541,2026-02-13,neu,movilidad_interna|balance_vida_trabajo
BUK11542,2025-03-27,pos,carga_trabajo|reconocimiento
BUK11542,2025-08-06,neu,reconocimiento
BUK11542,2025-10-11,pos,reconocimiento|clima_equipo|cambio_organizacional
BUK11542,2026-01-29,neu,reconocimiento|balance_vida_trabajo|carga_trabajo
BUK11542,2026-03-25,neu,balance_vida_trabajo|cambio_organizacional|clima_equipo
BUK11543,2025-12-30,neu,desarrollo_carrera|reconocimiento
BUK11543,2026-01-03,neg,desarrollo_carrera|movilidad_interna
BUK11543,2026-01-24,neu,reconocimiento
BUK11543,2026-02-06,neu,movilidad_interna
BUK11543,2026-02-09,pos,movilidad_interna|compensacion
BUK11544,2026-08-25,neu,onboarding|movilidad_interna|relacion_con_lider
BUK11544,2026-08-26,neu,movilidad_interna|claridad_rol
BUK11544,2026-08-30,neu,balance_vida_trabajo|reconocimiento|herramientas_procesos
BUK11545,2026-05-19,neg,claridad_rol
BUK11545,2026-05-26,neg,compensacion
BUK11545,2026-08-11,neu,onboarding|movilidad_interna
BUK11546,2026-01-19,pos,cambio_organizacional|desarrollo_carrera
BUK11546,2026-06-27,neu,desarrollo_carrera|onboarding|balance_vida_trabajo
BUK11546,2026-07-08,neu,carga_trabajo
BUK11547,2025-12-12,neu,herramientas_procesos|compensacion|reconocimiento
BUK11547,2026-06-22,pos,relacion_con_lider|reconocimiento
BUK11548,2026-06-06,neu,claridad_rol|herramientas_procesos
BUK11548,2026-07-03,neg,herramientas_procesos|relacion_con_lider
BUK11548,2026-08-04,pos,claridad_rol|herramientas_procesos|onboarding
BUK11548,2026-08-05,neu,herramientas_procesos|claridad_rol|onboarding
BUK11549,2026-03-17,pos,onboarding|movilidad_interna
BUK11549,2026-06-10,pos,herramientas_procesos|carga_trabajo
BUK11549,2026-06-13,neu,cambio_organizacional|herramientas_procesos
BUK11549,2026-07-04,pos,balance_vida_trabajo|carga_trabajo
BUK11550,2026-04-29,pos,relacion_con_lider|herramientas_procesos
BUK11550,2026-05-02,neu,compensacion|movilidad_interna|carga_trabajo
BUK11550,2026-07-01,neu,clima_equipo|claridad_rol
BUK11550,2026-07-06,neu,reconocimiento|clima_equipo|claridad_rol
BUK11550,2026-07-17,pos,clima_equipo|compensacion
BUK11550,2026-08-13,pos,cambio_organizacional
BUK11552,2026-05-24,neg,herramientas_procesos
BUK11552,2026-06-15,neg,onboarding|clima_equipo
BUK11552,2026-06-28,neu,desarrollo_carrera|onboarding
BUK11552,2026-07-19,neu,compensacion
BUK11552,2026-07-30,neu,herramientas_procesos|reconocimiento|claridad_rol
BUK11552,2026-08-28,neu,reconocimiento|movilidad_interna
BUK11553,2026-05-28,neg,movilidad_interna|compensacion|herramientas_procesos
BUK11553,2026-08-27,neu,clima_equipo|reconocimiento
BUK11554,2025-05-13,neg,claridad_rol|movilidad_interna
BUK11554,2025-05-17,pos,herramientas_procesos|desarrollo_carrera
BUK11554,2025-06-23,neu,compensacion|relacion_con_lider
BUK11554,2025-10-28,pos,onboarding
BUK11554,2026-07-07,pos,desarrollo_carrera|clima_equipo
BUK11555,2025-08-27,pos,balance_vida_trabajo|claridad_rol|desarrollo_carrera
BUK11555,2025-12-27,neu,movilidad_interna|onboarding|relacion_con_lider
BUK11555,2026-05-16,pos,movilidad_interna|clima_equipo|onboarding
BUK11556,2025-04-15,neu,claridad_rol|herramientas_procesos
BUK11556,2025-06-05,neu,carga_trabajo|onboarding|relacion_con_lider
BUK11556,2025-06-20,pos,claridad_rol
BUK11556,2025-07-17,neu,onboarding|compensacion|herramientas_procesos
BUK11556,2026-03-04,pos,claridad_rol|clima_equipo
BUK11556,2026-05-02,pos,compensacion
BUK11556,2026-05-15,pos,balance_vida_trabajo
BUK11557,2025-05-14,neg,desarrollo_carrera|compensacion
BUK11557,2025-07-20,neu,reconocimiento|desarrollo_carrera
BUK11557,2025-12-19,pos,compensacion|reconocimiento|desarrollo_carrera
BUK11557,2026-04-14,neg,movilidad_interna|desarrollo_carrera
BUK11557,2026-08-08,neu,desarrollo_carrera|compensacion|reconocimiento
BUK11557,2026-08-18,neg,movilidad_interna|desarrollo_carrera
BUK11558,2026-05-19,neg,cambio_organizacional|carga_trabajo|relacion_con_lider
BUK11558,2026-05-19,neg,cambio_organizacional|clima_equipo
BUK11558,2026-05-22,neg,reconocimiento|cambio_organizacional
BUK11558,2026-06-10,neu,carga_trabajo|relacion_con_lider
BUK11558,2026-06-12,neu,relacion_con_lider|carga_trabajo
BUK11559,2026-03-21,pos,reconocimiento|cambio_organizacional
BUK11559,2026-07-14,pos,balance_vida_trabajo|claridad_rol|herramientas_procesos
BUK11560,2026-03-16,neu,clima_equipo|cambio_organizacional
BUK11562,2025-03-12,neu,desarrollo_carrera|relacion_con_lider
BUK11562,2025-03-18,pos,claridad_rol
BUK11562,2025-03-18,pos,desarrollo_carrera|relacion_con_lider
BUK11562,2025-04-01,neu,claridad_rol|relacion_con_lider
BUK11564,2025-08-18,neu,carga_trabajo|clima_equipo
BUK11564,2026-04-15,neg,onboarding|balance_vida_trabajo
BUK11564,2026-05-07,pos,onboarding|herramientas_procesos
BUK11565,2025-04-11,neu,carga_trabajo|reconocimiento
BUK11565,2025-09-11,pos,balance_vida_trabajo|compensacion|desarrollo_carrera
BUK11565,2026-06-23,neu,carga_trabajo|movilidad_interna
BUK11566,2025-07-31,neu,reconocimiento|movilidad_interna
BUK11566,2025-11-20,neg,reconocimiento|compensacion
BUK11566,2025-12-04,neu,balance_vida_trabajo
BUK11566,2026-02-16,pos,relacion_con_lider|compensacion
BUK11566,2026-06-10,pos,onboarding
BUK11566,2026-08-03,pos,cambio_organizacional|carga_trabajo
BUK11567,2025-06-28,neu,claridad_rol|desarrollo_carrera
BUK11567,2025-07-09,pos,balance_vida_trabajo|claridad_rol
BUK11567,2026-01-04,neu,onboarding|movilidad_interna
BUK11567,2026-05-16,neu,cambio_organizacional|herramientas_procesos
BUK11568,2026-04-20,neu,relacion_con_lider|reconocimiento
BUK11568,2026-04-30,neu,relacion_con_lider
BUK11568,2026-08-06,neu,reconocimiento|movilidad_interna|herramientas_procesos
BUK11569,2025-10-06,pos,balance_vida_trabajo
BUK11569,2025-10-12,pos,balance_vida_trabajo|relacion_con_lider
BUK11569,2025-11-08,neg,movilidad_interna
BUK11569,2025-12-07,neu,balance_vida_trabajo|herramientas_procesos|claridad_rol
BUK11570,2026-05-23,neg,relacion_con_lider|reconocimiento
BUK11570,2026-06-15,neg,balance_vida_trabajo
BUK11570,2026-07-08,neg,clima_equipo|balance_vida_trabajo
BUK11570,2026-07-25,neg,clima_equipo
BUK11571,2026-02-10,neg,claridad_rol|balance_vida_trabajo
BUK11571,2026-02-28,pos,herramientas_procesos|desarrollo_carrera
BUK11571,2026-06-07,neu,onboarding|clima_equipo
BUK11571,2026-07-14,neu,onboarding|movilidad_interna
BUK11572,2025-07-23,neg,desarrollo_carrera|claridad_rol
BUK11572,2025-08-20,neu,herramientas_procesos|relacion_con_lider
BUK11572,2025-09-09,neg,relacion_con_lider|desarrollo_carrera
BUK11572,2025-09-30,neu,herramientas_procesos|claridad_rol
BUK11572,2025-12-01,neg,claridad_rol|relacion_con_lider
BUK11573,2025-04-30,neg,balance_vida_trabajo|movilidad_interna
BUK11573,2025-09-11,neu,herramientas_procesos|onboarding
BUK11573,2026-01-15,neg,compensacion|onboarding
BUK11573,2026-05-09,neu,reconocimiento
BUK11573,2026-07-18,neg,cambio_organizacional|claridad_rol|movilidad_interna
BUK11573,2026-07-26,neg,relacion_con_lider|balance_vida_trabajo|clima_equipo
BUK11574,2025-09-10,pos,balance_vida_trabajo|onboarding
BUK11574,2025-10-06,neu,carga_trabajo
BUK11574,2025-12-08,pos,relacion_con_lider
BUK11574,2026-07-08,pos,compensacion|onboarding|carga_trabajo
BUK11574,2026-07-18,pos,cambio_organizacional|clima_equipo
BUK11575,2026-06-03,pos,compensacion
BUK11576,2025-10-07,pos,clima_equipo|relacion_con_lider
BUK11576,2025-11-04,neu,balance_vida_trabajo|cambio_organizacional|onboarding
BUK11577,2026-01-27,pos,herramientas_procesos|movilidad_interna
BUK11577,2026-02-15,neu,compensacion|relacion_con_lider
BUK11577,2026-08-02,pos,relacion_con_lider|claridad_rol
BUK11577,2026-08-23,neu,balance_vida_trabajo
BUK11578,2025-03-20,neu,movilidad_interna|reconocimiento|compensacion
BUK11578,2025-05-10,neg,compensacion|reconocimiento
BUK11578,2025-06-08,neu,movilidad_interna|reconocimiento
BUK11578,2026-07-14,neg,compensacion|movilidad_interna
BUK11579,2025-07-28,neu,carga_trabajo|relacion_con_lider
BUK11579,2025-10-09,neu,desarrollo_carrera|compensacion|cambio_organizacional
BUK11579,2025-11-18,neu,carga_trabajo|cambio_organizacional|reconocimiento
BUK11579,2026-01-08,neu,herramientas_procesos|relacion_con_lider
BUK11580,2025-04-22,pos,relacion_con_lider|onboarding
BUK11580,2025-11-17,neu,herramientas_procesos|cambio_organizacional
BUK11580,2026-03-16,neu,herramientas_procesos|compensacion
BUK11580,2026-04-11,pos,balance_vida_trabajo|claridad_rol
BUK11580,2026-05-04,neu,onboarding|movilidad_interna
BUK11581,2025-12-14,pos,balance_vida_trabajo|clima_equipo
BUK11581,2026-02-04,neg,carga_trabajo|reconocimiento
BUK11581,2026-03-02,neu,balance_vida_trabajo|relacion_con_lider|clima_equipo
BUK11581,2026-04-16,neu,clima_equipo|cambio_organizacional
BUK11582,2026-01-31,pos,reconocimiento|compensacion|movilidad_interna
BUK11582,2026-05-23,neu,movilidad_interna|compensacion
BUK11582,2026-06-06,pos,desarrollo_carrera|compensacion|reconocimiento
BUK11582,2026-07-23,pos,desarrollo_carrera|reconocimiento
BUK11583,2025-04-22,pos,reconocimiento|cambio_organizacional
BUK11583,2025-07-02,neu,cambio_organizacional
BUK11583,2025-08-14,neg,relacion_con_lider
BUK11583,2026-07-10,neu,reconocimiento
BUK11583,2026-08-03,neg,reconocimiento|clima_equipo|relacion_con_lider
BUK11584,2026-08-06,neg,clima_equipo
BUK11584,2026-08-15,pos,onboarding|balance_vida_trabajo|reconocimiento
BUK11585,2025-12-25,neu,reconocimiento|movilidad_interna
BUK11585,2026-01-15,neu,desarrollo_carrera|movilidad_interna|reconocimiento
BUK11585,2026-04-15,pos,desarrollo_carrera
BUK11585,2026-05-20,pos,movilidad_interna|compensacion
BUK11585,2026-07-12,neu,movilidad_interna|desarrollo_carrera|compensacion
BUK11586,2025-07-28,pos,relacion_con_lider|movilidad_interna
BUK11586,2025-07-28,pos,onboarding|compensacion
BUK11586,2025-07-29,pos,onboarding|claridad_rol|cambio_organizacional
BUK11586,2025-07-31,pos,clima_equipo|reconocimiento|herramientas_procesos
BUK11586,2025-08-04,pos,carga_trabajo|desarrollo_carrera
BUK11586,2025-08-24,pos,clima_equipo|carga_trabajo
BUK11586,2025-08-29,pos,onboarding|reconocimiento|movilidad_interna
BUK11587,2026-02-25,pos,compensacion|movilidad_interna|claridad_rol
BUK11587,2026-06-20,neg,desarrollo_carrera|relacion_con_lider
BUK11587,2026-06-28,pos,reconocimiento
BUK11587,2026-07-13,pos,movilidad_interna
BUK11588,2025-11-06,pos,carga_trabajo|clima_equipo|balance_vida_trabajo
BUK11588,2026-01-26,pos,balance_vida_trabajo
BUK11588,2026-02-17,neg,onboarding|cambio_organizacional
BUK11588,2026-02-19,neg,reconocimiento|relacion_con_lider|movilidad_interna
BUK11589,2026-05-06,pos,balance_vida_trabajo|carga_trabajo
BUK11590,2025-03-01,neu,movilidad_interna|cambio_organizacional
BUK11590,2025-04-23,pos,reconocimiento
BUK11590,2026-01-06,pos,relacion_con_lider|herramientas_procesos|clima_equipo
BUK11590,2026-04-16,neu,desarrollo_carrera
BUK11590,2026-07-01,pos,compensacion|relacion_con_lider
BUK11591,2026-04-29,neu,movilidad_interna|claridad_rol
BUK11591,2026-05-06,neu,carga_trabajo|reconocimiento|cambio_organizacional
BUK11591,2026-07-08,neg,cambio_organizacional|balance_vida_trabajo
BUK11591,2026-07-09,neg,movilidad_interna
BUK11592,2026-08-19,pos,movilidad_interna
BUK11592,2026-08-28,neu,movilidad_interna|reconocimiento
BUK11593,2026-03-13,pos,claridad_rol|herramientas_procesos|relacion_con_lider
BUK11594,2025-07-28,neu,carga_trabajo|relacion_con_lider
BUK11595,2026-01-31,neg,balance_vida_trabajo|clima_equipo
BUK11595,2026-03-05,pos,relacion_con_lider|clima_equipo
BUK11596,2025-04-30,pos,carga_trabajo
BUK11596,2026-01-02,neg,relacion_con_lider|desarrollo_carrera
BUK11596,2026-03-24,neu,balance_vida_trabajo|reconocimiento|clima_equipo
BUK11596,2026-06-20,pos,claridad_rol|balance_vida_trabajo
BUK11597,2025-05-27,pos,reconocimiento|carga_trabajo|balance_vida_trabajo
BUK11597,2026-06-27,pos,clima_equipo|herramientas_procesos
BUK11597,2026-08-22,neg,reconocimiento|carga_trabajo
BUK11598,2025-09-11,pos,cambio_organizacional|movilidad_interna
BUK11598,2025-09-22,pos,clima_equipo|onboarding|claridad_rol
BUK11599,2025-03-04,neu,relacion_con_lider|herramientas_procesos
BUK11599,2025-04-29,neg,desarrollo_carrera|herramientas_procesos
BUK11599,2025-06-07,neg,claridad_rol|desarrollo_carrera
BUK11599,2025-06-26,neg,desarrollo_carrera
BUK11599,2025-07-03,neg,herramientas_procesos
BUK11600,2026-05-25,neu,cambio_organizacional|desarrollo_carrera
BUK11600,2026-06-30,neu,herramientas_procesos|relacion_con_lider|carga_trabajo
BUK11601,2025-04-12,neu,desarrollo_carrera|claridad_rol|compensacion
BUK11601,2025-05-01,pos,balance_vida_trabajo|reconocimiento
BUK11601,2026-03-25,pos,herramientas_procesos|reconocimiento
BUK11601,2026-04-06,neu,reconocimiento|cambio_organizacional|onboarding
BUK11601,2026-06-29,neu,cambio_organizacional
BUK11602,2025-08-30,pos,movilidad_interna|onboarding
BUK11602,2026-01-26,neu,balance_vida_trabajo
BUK11602,2026-03-13,pos,clima_equipo|reconocimiento
BUK11603,2026-05-20,neu,relacion_con_lider|desarrollo_carrera
BUK11603,2026-06-23,neu,desarrollo_carrera|relacion_con_lider
BUK11603,2026-07-31,neu,claridad_rol
BUK11603,2026-08-09,neu,desarrollo_carrera
BUK11604,2025-06-17,neu,herramientas_procesos|claridad_rol
BUK11604,2026-02-14,neu,herramientas_procesos|clima_equipo|relacion_con_lider
BUK11605,2026-04-14,neu,herramientas_procesos|reconocimiento
BUK11606,2025-11-26,neu,movilidad_interna|compensacion
BUK11606,2025-12-13,neu,reconocimiento|compensacion
BUK11606,2025-12-23,pos,compensacion
BUK11606,2026-01-27,pos,compensacion
BUK11607,2026-05-31,neu,relacion_con_lider
BUK11607,2026-07-25,neg,herramientas_procesos|claridad_rol|relacion_con_lider
BUK11608,2025-03-11,neu,herramientas_procesos
BUK11608,2025-03-29,pos,relacion_con_lider|carga_trabajo
BUK11609,2025-03-07,neu,relacion_con_lider
BUK11609,2025-03-14,neu,carga_trabajo|reconocimiento|relacion_con_lider
BUK11609,2025-09-09,neg,herramientas_procesos|relacion_con_lider|compensacion
BUK11609,2025-11-17,neu,reconocimiento|compensacion
BUK11609,2026-06-15,neg,compensacion|herramientas_procesos|claridad_rol
BUK11609,2026-06-18,neg,balance_vida_trabajo|carga_trabajo|reconocimiento
BUK11610,2025-03-18,pos,movilidad_interna|reconocimiento
BUK11610,2025-04-15,pos,balance_vida_trabajo
BUK11610,2025-04-28,neg,onboarding|carga_trabajo|claridad_rol
BUK11610,2025-06-02,pos,herramientas_procesos|cambio_organizacional
BUK11610,2025-09-22,neu,movilidad_interna
BUK11611,2025-05-11,neg,compensacion|desarrollo_carrera
BUK11611,2025-07-30,neu,balance_vida_trabajo
BUK11612,2025-04-23,pos,herramientas_procesos|claridad_rol
BUK11612,2025-05-10,neu,movilidad_interna|onboarding
BUK11612,2025-06-21,pos,relacion_con_lider|herramientas_procesos
BUK11612,2026-07-02,neu,movilidad_interna|cambio_organizacional
BUK11613,2025-08-09,neg,herramientas_procesos
BUK11613,2026-02-28,neu,relacion_con_lider|herramientas_procesos|movilidad_interna
BUK11614,2025-06-08,neu,balance_vida_trabajo
BUK11614,2025-12-01,neu,reconocimiento|relacion_con_lider
BUK11614,2026-01-06,neg,carga_trabajo
BUK11614,2026-01-29,neg,clima_equipo
BUK11614,2026-06-30,neg,balance_vida_trabajo|clima_equipo
BUK11615,2025-06-09,neu,onboarding|balance_vida_trabajo|herramientas_procesos
BUK11615,2025-08-31,neg,desarrollo_carrera|reconocimiento
BUK11615,2025-09-05,neg,onboarding
BUK11616,2026-01-29,neu,carga_trabajo|relacion_con_lider|reconocimiento
BUK11616,2026-03-22,neu,cambio_organizacional|clima_equipo|carga_trabajo
BUK11616,2026-05-14,pos,balance_vida_trabajo|carga_trabajo
BUK11616,2026-05-30,neg,reconocimiento|clima_equipo
BUK11616,2026-05-31,neu,relacion_con_lider|cambio_organizacional|balance_vida_trabajo
BUK11617,2026-07-02,neu,claridad_rol|compensacion|desarrollo_carrera
BUK11617,2026-08-27,pos,carga_trabajo|clima_equipo
BUK11617,2026-08-29,neu,balance_vida_trabajo|cambio_organizacional|onboarding
BUK11618,2025-10-06,pos,compensacion|carga_trabajo
BUK11618,2025-11-08,neu,onboarding|herramientas_procesos
BUK11618,2026-06-01,neu,reconocimiento
BUK11620,2026-07-25,neu,cambio_organizacional|onboarding|movilidad_interna
BUK11620,2026-08-13,pos,onboarding
BUK11620,2026-08-28,pos,claridad_rol|herramientas_procesos
BUK11621,2025-04-09,neu,cambio_organizacional|relacion_con_lider
BUK11621,2025-04-10,pos,balance_vida_trabajo
BUK11621,2025-11-21,neu,carga_trabajo|clima_equipo
BUK11621,2026-01-24,neg,cambio_organizacional|carga_trabajo
BUK11622,2025-12-16,neu,relacion_con_lider
BUK11622,2025-12-31,neu,carga_trabajo|balance_vida_trabajo
BUK11622,2026-02-11,neu,carga_trabajo|onboarding|clima_equipo
BUK11623,2025-06-24,neu,onboarding|claridad_rol
BUK11623,2025-07-19,neu,compensacion|balance_vida_trabajo
BUK11623,2025-08-05,pos,herramientas_procesos|cambio_organizacional
BUK11623,2025-10-20,pos,claridad_rol|movilidad_interna
BUK11623,2025-11-06,neu,compensacion|onboarding
BUK11623,2026-03-13,neu,relacion_con_lider
BUK11624,2025-04-23,pos,relacion_con_lider|balance_vida_trabajo
BUK11624,2026-05-13,neu,relacion_con_lider
BUK11624,2026-07-06,neg,carga_trabajo|clima_equipo|cambio_organizacional
BUK11625,2026-02-27,neu,compensacion|movilidad_interna|desarrollo_carrera
BUK11625,2026-04-11,neg,compensacion
BUK11625,2026-06-01,neg,desarrollo_carrera
BUK11626,2026-01-27,pos,claridad_rol|relacion_con_lider|carga_trabajo
BUK11626,2026-03-15,pos,movilidad_interna|reconocimiento|relacion_con_lider
BUK11626,2026-04-16,neu,compensacion|desarrollo_carrera
BUK11626,2026-06-29,neu,claridad_rol|herramientas_procesos
BUK11626,2026-08-06,neu,desarrollo_carrera|carga_trabajo|relacion_con_lider
BUK11627,2025-12-23,pos,relacion_con_lider|claridad_rol|desarrollo_carrera
BUK11627,2026-01-05,neu,relacion_con_lider|herramientas_procesos
BUK11627,2026-01-10,neu,claridad_rol|desarrollo_carrera
BUK11627,2026-01-12,neg,relacion_con_lider|claridad_rol
BUK11627,2026-02-15,neu,herramientas_procesos|desarrollo_carrera
BUK11627,2026-02-18,neu,herramientas_procesos
BUK11627,2026-05-21,neg,claridad_rol
BUK11628,2026-02-04,neu,onboarding|movilidad_interna
BUK11628,2026-03-22,neg,cambio_organizacional|carga_trabajo
BUK11628,2026-08-25,neg,relacion_con_lider|reconocimiento|onboarding
BUK11629,2025-04-13,neg,claridad_rol|desarrollo_carrera|onboarding
BUK11629,2025-09-14,neu,balance_vida_trabajo|cambio_organizacional
BUK11629,2026-01-15,pos,compensacion|claridad_rol
BUK11629,2026-04-17,neu,movilidad_interna
BUK11630,2025-08-22,neu,claridad_rol
BUK11630,2026-06-08,neu,clima_equipo
BUK11630,2026-06-09,neu,relacion_con_lider|compensacion|reconocimiento
BUK11630,2026-08-05,pos,cambio_organizacional|reconocimiento
BUK11631,2025-06-12,pos,clima_equipo|cambio_organizacional|onboarding
BUK11631,2025-10-24,pos,desarrollo_carrera|onboarding
BUK11631,2026-03-23,pos,desarrollo_carrera|balance_vida_trabajo
BUK11631,2026-06-17,neu,herramientas_procesos
BUK11631,2026-07-15,pos,movilidad_interna
BUK11632,2026-02-17,neu,relacion_con_lider
BUK11632,2026-04-08,pos,desarrollo_carrera|movilidad_interna
BUK11632,2026-05-07,pos,reconocimiento
BUK11632,2026-05-19,pos,claridad_rol|onboarding
BUK11632,2026-05-23,pos,cambio_organizacional|movilidad_interna|compensacion
BUK11632,2026-06-29,pos,onboarding|herramientas_procesos
BUK11632,2026-08-03,neu,herramientas_procesos|reconocimiento
BUK11633,2025-08-10,neu,relacion_con_lider|reconocimiento
BUK11633,2025-11-12,pos,desarrollo_carrera|herramientas_procesos|cambio_organizacional
BUK11633,2026-02-25,pos,movilidad_interna|reconocimiento
BUK11634,2025-10-29,pos,clima_equipo|balance_vida_trabajo
BUK11634,2026-06-29,neu,balance_vida_trabajo|reconocimiento|clima_equipo
BUK11635,2025-07-04,neu,balance_vida_trabajo|desarrollo_carrera|compensacion
BUK11635,2025-12-24,neu,herramientas_procesos|claridad_rol|relacion_con_lider
BUK11635,2026-03-31,neu,movilidad_interna|balance_vida_trabajo|cambio_organizacional
BUK11635,2026-04-01,pos,movilidad_interna|herramientas_procesos|onboarding
BUK11635,2026-06-08,neu,movilidad_interna|claridad_rol
BUK11637,2026-07-19,pos,clima_equipo|desarrollo_carrera|onboarding
BUK11637,2026-08-15,pos,relacion_con_lider|desarrollo_carrera
BUK11638,2025-05-12,neu,cambio_organizacional|relacion_con_lider
BUK11638,2025-08-22,neu,clima_equipo|carga_trabajo
BUK11638,2026-06-30,neu,clima_equipo|carga_trabajo
BUK11638,2026-07-03,neu,reconocimiento
BUK11639,2025-11-07,neu,claridad_rol|reconocimiento
BUK11639,2025-12-07,neu,herramientas_procesos|onboarding
BUK11639,2026-08-21,neu,desarrollo_carrera|movilidad_interna
BUK11640,2026-04-12,neu,relacion_con_lider|onboarding
BUK11640,2026-06-28,neu,carga_trabajo
BUK11640,2026-07-26,pos,desarrollo_carrera
BUK11641,2026-04-27,neu,desarrollo_carrera|onboarding
BUK11641,2026-06-22,pos,relacion_con_lider|clima_equipo|carga_trabajo
BUK11641,2026-08-30,pos,relacion_con_lider|cambio_organizacional|compensacion
BUK11642,2025-06-04,neu,relacion_con_lider|herramientas_procesos
BUK11642,2025-08-14,pos,desarrollo_carrera|herramientas_procesos
BUK11642,2025-12-22,neg,relacion_con_lider|desarrollo_carrera
BUK11643,2026-04-18,neu,reconocimiento|cambio_organizacional|carga_trabajo
BUK11643,2026-06-16,neu,reconocimiento|relacion_con_lider
BUK11644,2025-03-31,pos,carga_trabajo|balance_vida_trabajo
BUK11644,2025-12-30,neu,onboarding|clima_equipo|relacion_con_lider
BUK11644,2026-04-04,pos,reconocimiento|claridad_rol
BUK11645,2025-06-21,neg,herramientas_procesos
BUK11645,2025-06-29,neu,desarrollo_carrera|clima_equipo
BUK11646,2025-06-24,pos,onboarding|reconocimiento
BUK11646,2026-07-23,neu,clima_equipo|compensacion
BUK11647,2025-07-15,neu,compensacion
BUK11647,2025-08-30,pos,compensacion|claridad_rol
BUK11647,2025-10-17,pos,onboarding|herramientas_procesos|reconocimiento
BUK11647,2025-11-21,neu,clima_equipo|desarrollo_carrera
BUK11648,2025-04-25,pos,balance_vida_trabajo|relacion_con_lider
BUK11648,2025-06-21,pos,carga_trabajo
BUK11648,2025-12-05,pos,cambio_organizacional|reconocimiento
BUK11649,2025-06-18,neg,claridad_rol|carga_trabajo|movilidad_interna
BUK11649,2026-02-04,neu,balance_vida_trabajo|claridad_rol
BUK11649,2026-05-22,neu,claridad_rol|balance_vida_trabajo
BUK11649,2026-06-09,pos,carga_trabajo|movilidad_interna
BUK11649,2026-06-24,neg,onboarding
BUK11650,2025-03-29,neg,onboarding|clima_equipo
BUK11650,2025-09-28,pos,relacion_con_lider|movilidad_interna
BUK11650,2025-10-18,pos,balance_vida_trabajo|compensacion
BUK11650,2026-03-10,neu,reconocimiento
BUK11650,2026-08-06,pos,desarrollo_carrera|carga_trabajo|compensacion
BUK11651,2025-03-19,neg,carga_trabajo|relacion_con_lider
BUK11651,2025-11-10,pos,reconocimiento
BUK11652,2025-12-02,pos,desarrollo_carrera|herramientas_procesos|cambio_organizacional
BUK11652,2026-06-21,pos,desarrollo_carrera|movilidad_interna
BUK11653,2026-07-06,pos,reconocimiento|movilidad_interna
BUK11654,2025-03-24,pos,herramientas_procesos|desarrollo_carrera
BUK11654,2025-07-24,neg,relacion_con_lider|clima_equipo
BUK11654,2026-02-17,neu,relacion_con_lider|claridad_rol|compensacion
BUK11655,2025-05-08,pos,reconocimiento|carga_trabajo
BUK11655,2025-05-18,pos,clima_equipo|herramientas_procesos
BUK11655,2025-07-06,pos,cambio_organizacional|desarrollo_carrera
BUK11655,2025-09-29,pos,balance_vida_trabajo|desarrollo_carrera
BUK11655,2025-12-06,pos,cambio_organizacional|herramientas_procesos
BUK11655,2026-03-07,pos,onboarding|claridad_rol
BUK11656,2026-04-13,neu,reconocimiento|balance_vida_trabajo
BUK11656,2026-06-20,neu,reconocimiento
BUK11656,2026-08-12,neg,carga_trabajo
BUK11657,2026-02-01,neg,reconocimiento|balance_vida_trabajo
BUK11657,2026-04-15,neg,reconocimiento|balance_vida_trabajo
BUK11657,2026-05-16,neg,relacion_con_lider
BUK11658,2026-08-28,neu,desarrollo_carrera|relacion_con_lider|onboarding
BUK11659,2025-03-01,pos,balance_vida_trabajo|herramientas_procesos
BUK11659,2025-12-29,neu,relacion_con_lider
BUK11659,2026-06-13,neu,herramientas_procesos|carga_trabajo|compensacion
BUK11660,2025-04-07,neu,reconocimiento|claridad_rol
BUK11660,2026-03-10,pos,carga_trabajo|desarrollo_carrera|onboarding
BUK11661,2026-02-18,neu,relacion_con_lider|compensacion|movilidad_interna
BUK11661,2026-03-01,neu,balance_vida_trabajo
BUK11661,2026-05-09,neu,balance_vida_trabajo|onboarding
BUK11661,2026-05-23,neu,desarrollo_carrera
BUK11661,2026-06-15,neu,herramientas_procesos|onboarding|compensacion
BUK11661,2026-06-24,pos,desarrollo_carrera|reconocimiento|herramientas_procesos
BUK11661,2026-08-29,pos,cambio_organizacional
BUK11662,2026-04-26,neu,balance_vida_trabajo|reconocimiento
BUK11662,2026-04-28,neu,balance_vida_trabajo|carga_trabajo
BUK11662,2026-05-21,pos,balance_vida_trabajo
BUK11662,2026-06-18,neu,relacion_con_lider|balance_vida_trabajo
BUK11662,2026-07-04,neu,clima_equipo
BUK11662,2026-08-03,neu,reconocimiento|clima_equipo
BUK11663,2025-12-30,pos,clima_equipo|balance_vida_trabajo
BUK11663,2026-01-13,pos,cambio_organizacional
BUK11663,2026-01-19,pos,movilidad_interna|clima_equipo
BUK11664,2026-04-08,neg,claridad_rol
BUK11664,2026-05-18,neg,herramientas_procesos|relacion_con_lider
BUK11664,2026-06-18,neg,claridad_rol|herramientas_procesos
BUK11664,2026-06-24,neu,onboarding|relacion_con_lider
BUK11664,2026-08-18,neg,relacion_con_lider|onboarding|herramientas_procesos
BUK11665,2026-08-08,neu,claridad_rol
BUK11665,2026-08-11,neu,desarrollo_carrera|clima_equipo|balance_vida_trabajo
BUK11665,2026-08-16,pos,relacion_con_lider|compensacion
BUK11665,2026-08-24,pos,herramientas_procesos
BUK11666,2026-07-14,pos,clima_equipo|carga_trabajo
BUK11666,2026-08-22,neu,onboarding|balance_vida_trabajo
BUK11667,2025-03-18,neu,clima_equipo|movilidad_interna
BUK11667,2025-11-12,pos,compensacion|claridad_rol
BUK11667,2026-03-18,pos,claridad_rol|relacion_con_lider|cambio_organizacional
BUK11667,2026-07-25,neu,movilidad_interna|carga_trabajo|desarrollo_carrera
BUK11667,2026-08-21,pos,carga_trabajo|claridad_rol|clima_equipo
BUK11668,2025-06-29,neu,carga_trabajo|onboarding
BUK11668,2025-10-30,neu,cambio_organizacional
BUK11668,2026-01-22,neu,relacion_con_lider|claridad_rol
BUK11668,2026-04-28,neu,carga_trabajo|herramientas_procesos|reconocimiento
BUK11668,2026-06-15,neg,cambio_organizacional|relacion_con_lider|carga_trabajo
BUK11669,2025-10-02,pos,compensacion
BUK11669,2025-10-15,pos,reconocimiento|movilidad_interna
BUK11669,2026-01-27,neu,movilidad_interna|reconocimiento
BUK11669,2026-02-26,neu,desarrollo_carrera|compensacion
BUK11669,2026-04-24,neg,movilidad_interna|desarrollo_carrera|compensacion
BUK11669,2026-06-24,neu,movilidad_interna|compensacion
BUK11670,2025-10-11,neu,clima_equipo|movilidad_interna
BUK11670,2026-01-16,neu,balance_vida_trabajo|herramientas_procesos
BUK11672,2026-08-05,pos,reconocimiento|balance_vida_trabajo|relacion_con_lider
BUK11672,2026-08-06,neg,herramientas_procesos
BUK11672,2026-08-15,neg,reconocimiento
BUK11673,2025-06-21,neu,balance_vida_trabajo|cambio_organizacional
BUK11673,2025-08-01,neu,cambio_organizacional|carga_trabajo
BUK11673,2026-04-06,neu,carga_trabajo
BUK11674,2025-10-29,pos,balance_vida_trabajo|cambio_organizacional
BUK11674,2026-05-22,neu,clima_equipo
BUK11674,2026-07-06,pos,carga_trabajo|balance_vida_trabajo|cambio_organizacional
BUK11675,2026-03-13,pos,carga_trabajo|clima_equipo
BUK11676,2025-04-29,pos,claridad_rol
BUK11676,2025-07-02,neu,claridad_rol
BUK11676,2025-08-10,pos,desarrollo_carrera|movilidad_interna|balance_vida_trabajo
BUK11676,2025-10-09,pos,onboarding|cambio_organizacional
BUK11676,2025-11-23,pos,carga_trabajo|relacion_con_lider
BUK11676,2026-01-02,pos,desarrollo_carrera|onboarding|herramientas_procesos
BUK11676,2026-02-10,pos,cambio_organizacional|onboarding
BUK11677,2026-04-27,neg,claridad_rol
BUK11677,2026-04-28,neg,claridad_rol|herramientas_procesos
BUK11677,2026-05-16,neg,onboarding|claridad_rol
BUK11678,2026-04-07,neu,relacion_con_lider|clima_equipo
BUK11678,2026-05-16,neu,relacion_con_lider|cambio_organizacional|clima_equipo
BUK11678,2026-08-10,neg,reconocimiento|carga_trabajo
BUK11679,2025-12-02,pos,claridad_rol|relacion_con_lider
BUK11679,2026-04-12,pos,compensacion
BUK11680,2026-04-03,pos,onboarding
BUK11680,2026-04-20,pos,reconocimiento|relacion_con_lider
BUK11680,2026-07-24,pos,onboarding|carga_trabajo|movilidad_interna
BUK11681,2025-07-04,pos,herramientas_procesos
BUK11681,2026-05-05,pos,balance_vida_trabajo|desarrollo_carrera|relacion_con_lider
BUK11681,2026-05-10,pos,reconocimiento|claridad_rol|movilidad_interna
BUK11682,2026-03-07,neu,balance_vida_trabajo
BUK11682,2026-05-13,neg,cambio_organizacional|carga_trabajo|balance_vida_trabajo
BUK11682,2026-05-25,neg,balance_vida_trabajo|clima_equipo
BUK11683,2026-06-27,neu,claridad_rol|herramientas_procesos
BUK11683,2026-07-05,neg,onboarding|claridad_rol|relacion_con_lider
BUK11683,2026-07-27,neg,claridad_rol|relacion_con_lider|onboarding
BUK11683,2026-08-10,neu,claridad_rol|herramientas_procesos
BUK11684,2026-04-03,neu,reconocimiento|balance_vida_trabajo
BUK11684,2026-05-02,pos,onboarding|balance_vida_trabajo
BUK11684,2026-07-27,pos,claridad_rol|compensacion
BUK11685,2025-03-17,neg,movilidad_interna|balance_vida_trabajo
BUK11685,2025-03-25,pos,onboarding
BUK11685,2025-04-05,pos,relacion_con_lider|onboarding
BUK11685,2025-06-13,pos,balance_vida_trabajo|herramientas_procesos
BUK11685,2026-05-12,pos,reconocimiento|carga_trabajo|clima_equipo
BUK11685,2026-06-16,pos,carga_trabajo|clima_equipo
BUK11686,2025-05-30,pos,cambio_organizacional|relacion_con_lider
BUK11686,2026-02-16,pos,desarrollo_carrera
BUK11686,2026-04-23,pos,reconocimiento|movilidad_interna|desarrollo_carrera
BUK11686,2026-04-28,neg,herramientas_procesos|claridad_rol
BUK11686,2026-07-13,pos,claridad_rol|cambio_organizacional|relacion_con_lider
BUK11686,2026-07-16,pos,herramientas_procesos|compensacion|claridad_rol
BUK11687,2025-11-28,pos,herramientas_procesos|carga_trabajo
BUK11687,2026-08-05,pos,desarrollo_carrera|claridad_rol|carga_trabajo
BUK11688,2025-07-03,pos,carga_trabajo|cambio_organizacional
BUK11688,2026-02-09,neu,cambio_organizacional|carga_trabajo
BUK11689,2025-10-02,pos,desarrollo_carrera|movilidad_interna
BUK11689,2026-02-02,pos,reconocimiento|desarrollo_carrera
BUK11689,2026-05-28,pos,compensacion|desarrollo_carrera
BUK11690,2026-02-09,pos,desarrollo_carrera
BUK11690,2026-02-12,pos,compensacion|reconocimiento
BUK11690,2026-06-05,neu,movilidad_interna|compensacion
BUK11691,2025-09-23,pos,balance_vida_trabajo
BUK11691,2025-10-01,pos,relacion_con_lider
BUK11691,2026-03-11,pos,clima_equipo|balance_vida_trabajo|compensacion
BUK11691,2026-05-29,pos,cambio_organizacional|relacion_con_lider
BUK11692,2026-04-14,neg,relacion_con_lider|herramientas_procesos
BUK11692,2026-04-27,neu,herramientas_procesos|relacion_con_lider
BUK11692,2026-04-29,neg,relacion_con_lider|claridad_rol
BUK11692,2026-05-03,neu,relacion_con_lider|onboarding|claridad_rol
BUK11692,2026-05-26,neg,claridad_rol|herramientas_procesos|onboarding
BUK11692,2026-06-16,neg,onboarding|relacion_con_lider
BUK11693,2026-03-03,neu,carga_trabajo|compensacion
BUK11693,2026-05-13,neg,reconocimiento|onboarding
BUK11693,2026-07-01,neg,herramientas_procesos
BUK11693,2026-08-18,neg,balance_vida_trabajo|cambio_organizacional
BUK11694,2025-10-17,pos,cambio_organizacional|onboarding|relacion_con_lider
BUK11694,2025-11-05,neg,balance_vida_trabajo|herramientas_procesos|reconocimiento
BUK11694,2026-05-31,neu,relacion_con_lider|reconocimiento
BUK11695,2025-05-02,neg,reconocimiento|desarrollo_carrera|compensacion
BUK11695,2025-07-04,neu,desarrollo_carrera|reconocimiento
BUK11695,2025-08-12,neu,reconocimiento|desarrollo_carrera
BUK11695,2025-11-22,pos,reconocimiento
BUK11695,2026-04-12,pos,movilidad_interna|reconocimiento|compensacion
BUK11696,2025-06-01,pos,movilidad_interna|reconocimiento
BUK11696,2026-01-25,pos,desarrollo_carrera|herramientas_procesos
BUK11696,2026-07-10,pos,claridad_rol|herramientas_procesos|relacion_con_lider
BUK11697,2026-05-16,pos,herramientas_procesos|movilidad_interna
BUK11697,2026-07-23,pos,onboarding|claridad_rol
BUK11698,2025-12-01,pos,compensacion|cambio_organizacional
BUK11698,2026-02-09,neu,relacion_con_lider|desarrollo_carrera|cambio_organizacional
BUK11698,2026-04-17,neu,carga_trabajo|movilidad_interna
BUK11698,2026-06-14,neu,onboarding|movilidad_interna|relacion_con_lider
BUK11698,2026-07-13,neu,herramientas_procesos|relacion_con_lider
BUK11699,2025-03-08,pos,balance_vida_trabajo|clima_equipo
BUK11699,2025-11-13,neu,reconocimiento|herramientas_procesos
BUK11699,2026-06-27,pos,reconocimiento|claridad_rol
BUK11700,2025-06-30,pos,claridad_rol|herramientas_procesos|clima_equipo
BUK11700,2025-10-24,pos,relacion_con_lider|balance_vida_trabajo
BUK11700,2025-10-30,pos,compensacion|onboarding|reconocimiento
BUK11700,2026-02-17,neu,cambio_organizacional
BUK11700,2026-02-25,pos,cambio_organizacional|balance_vida_trabajo
BUK11701,2025-04-04,pos,desarrollo_carrera|relacion_con_lider
BUK11701,2025-06-28,neu,herramientas_procesos|relacion_con_lider
BUK11701,2025-10-10,pos,onboarding
BUK11701,2025-11-24,pos,carga_trabajo|herramientas_procesos
BUK11702,2025-11-08,pos,relacion_con_lider|claridad_rol
BUK11702,2026-02-17,neu,claridad_rol
BUK11703,2025-03-05,pos,onboarding
BUK11704,2025-08-26,pos,carga_trabajo
BUK11704,2025-09-24,pos,onboarding|cambio_organizacional|movilidad_interna
BUK11704,2025-09-27,neg,relacion_con_lider|balance_vida_trabajo
BUK11704,2025-10-31,neu,reconocimiento
BUK11705,2026-06-22,neu,carga_trabajo
BUK11705,2026-06-26,pos,herramientas_procesos|compensacion
BUK11705,2026-07-24,pos,carga_trabajo|cambio_organizacional
BUK11705,2026-08-29,pos,reconocimiento
BUK11706,2026-06-23,neu,movilidad_interna
BUK11706,2026-07-15,neu,carga_trabajo|compensacion
BUK11706,2026-08-30,neu,cambio_organizacional
BUK11707,2025-06-24,neg,balance_vida_trabajo
BUK11707,2025-09-12,neu,relacion_con_lider|balance_vida_trabajo|clima_equipo
BUK11707,2026-07-16,neg,cambio_organizacional|relacion_con_lider
BUK11709,2026-02-21,pos,claridad_rol
BUK11709,2026-07-11,neu,clima_equipo|compensacion|reconocimiento
BUK11710,2026-06-25,pos,relacion_con_lider|desarrollo_carrera
BUK11710,2026-06-29,neg,cambio_organizacional|claridad_rol
BUK11710,2026-07-15,neu,balance_vida_trabajo|desarrollo_carrera
BUK11710,2026-07-28,neu,reconocimiento|compensacion
BUK11710,2026-07-30,neu,herramientas_procesos|balance_vida_trabajo|relacion_con_lider
BUK11711,2025-11-28,neu,balance_vida_trabajo|onboarding
BUK11711,2026-01-18,neg,desarrollo_carrera|compensacion
BUK11711,2026-02-10,neu,relacion_con_lider
BUK11712,2025-10-07,neu,herramientas_procesos|onboarding|claridad_rol
BUK11712,2025-10-28,neg,desarrollo_carrera|balance_vida_trabajo
BUK11712,2026-04-10,neu,carga_trabajo|claridad_rol
BUK11712,2026-05-13,pos,clima_equipo|cambio_organizacional
BUK11713,2026-04-11,neg,herramientas_procesos|desarrollo_carrera
BUK11714,2026-01-17,pos,movilidad_interna|claridad_rol
BUK11714,2026-03-19,pos,balance_vida_trabajo|carga_trabajo
BUK11714,2026-03-21,pos,onboarding|claridad_rol|desarrollo_carrera
BUK11714,2026-04-02,neg,reconocimiento|claridad_rol|carga_trabajo
BUK11715,2025-03-22,neg,balance_vida_trabajo|desarrollo_carrera
BUK11715,2025-04-16,pos,clima_equipo|cambio_organizacional
BUK11715,2025-12-24,pos,desarrollo_carrera|cambio_organizacional
BUK11716,2026-01-07,neu,cambio_organizacional|herramientas_procesos
BUK11716,2026-02-21,neu,desarrollo_carrera
BUK11717,2025-03-20,pos,compensacion|balance_vida_trabajo|desarrollo_carrera
BUK11717,2025-04-06,pos,clima_equipo|compensacion
BUK11717,2025-04-09,neu,movilidad_interna
BUK11718,2026-07-15,neg,cambio_organizacional|balance_vida_trabajo
BUK11719,2025-03-06,neu,relacion_con_lider|balance_vida_trabajo
BUK11719,2025-03-13,neg,balance_vida_trabajo|cambio_organizacional|reconocimiento
BUK11719,2025-03-18,neg,carga_trabajo|cambio_organizacional
BUK11720,2025-03-04,neu,carga_trabajo|relacion_con_lider
BUK11720,2025-03-05,neu,reconocimiento|relacion_con_lider|carga_trabajo
BUK11721,2025-03-16,neu,balance_vida_trabajo|carga_trabajo
BUK11721,2025-08-21,pos,clima_equipo
BUK11721,2025-08-31,pos,carga_trabajo|clima_equipo
BUK11721,2026-08-16,pos,carga_trabajo|clima_equipo|reconocimiento
BUK11722,2025-08-26,neu,relacion_con_lider
BUK11722,2026-03-14,neu,relacion_con_lider
BUK11722,2026-03-26,neu,movilidad_interna|cambio_organizacional|balance_vida_trabajo
BUK11722,2026-06-28,neu,onboarding|movilidad_interna
BUK11723,2026-02-13,neg,desarrollo_carrera|reconocimiento
BUK11723,2026-03-05,pos,carga_trabajo|compensacion|clima_equipo
BUK11723,2026-06-15,pos,compensacion|herramientas_procesos|cambio_organizacional
BUK11723,2026-06-24,pos,compensacion|relacion_con_lider|onboarding
BUK11724,2025-11-28,pos,onboarding|relacion_con_lider|claridad_rol
BUK11724,2026-02-21,neg,onboarding|herramientas_procesos|claridad_rol
BUK11724,2026-04-04,neg,herramientas_procesos|onboarding
BUK11724,2026-04-24,neg,claridad_rol|herramientas_procesos
BUK11724,2026-06-10,neg,herramientas_procesos|onboarding|relacion_con_lider
BUK11724,2026-06-10,neg,onboarding
BUK11725,2025-08-12,neu,movilidad_interna|carga_trabajo|onboarding
BUK11725,2025-09-23,neu,clima_equipo|carga_trabajo|relacion_con_lider
BUK11725,2026-08-12,neu,compensacion|balance_vida_trabajo
BUK11726,2026-04-05,neu,movilidad_interna|desarrollo_carrera|compensacion
BUK11727,2026-01-24,neu,claridad_rol
BUK11727,2026-04-30,neu,carga_trabajo|balance_vida_trabajo
BUK11727,2026-07-01,pos,movilidad_interna|clima_equipo
BUK11728,2025-08-07,neu,carga_trabajo|herramientas_procesos
BUK11728,2025-08-12,pos,herramientas_procesos|carga_trabajo
BUK11728,2025-10-03,pos,balance_vida_trabajo|desarrollo_carrera
BUK11728,2026-02-22,pos,compensacion|relacion_con_lider
BUK11729,2026-02-25,pos,herramientas_procesos|clima_equipo|movilidad_interna
BUK11729,2026-04-04,pos,movilidad_interna|balance_vida_trabajo|onboarding
BUK11729,2026-05-16,neu,cambio_organizacional|clima_equipo
BUK11729,2026-06-20,neu,relacion_con_lider|herramientas_procesos|balance_vida_trabajo
BUK11730,2026-06-26,neu,desarrollo_carrera|relacion_con_lider|carga_trabajo
BUK11730,2026-07-08,neg,claridad_rol|onboarding
BUK11730,2026-08-04,neu,claridad_rol|carga_trabajo
BUK11731,2026-04-04,neg,reconocimiento
BUK11731,2026-04-09,neg,desarrollo_carrera|movilidad_interna
BUK11731,2026-04-12,neg,compensacion|movilidad_interna
BUK11731,2026-04-15,neg,movilidad_interna|reconocimiento
BUK11732,2026-07-01,neg,herramientas_procesos
BUK11732,2026-07-04,neg,relacion_con_lider
BUK11732,2026-07-18,pos,herramientas_procesos|balance_vida_trabajo
BUK11733,2025-05-23,pos,carga_trabajo|herramientas_procesos
BUK11733,2025-06-24,pos,herramientas_procesos|balance_vida_trabajo
BUK11733,2025-11-06,pos,carga_trabajo
BUK11733,2025-11-06,pos,onboarding|movilidad_interna
BUK11733,2026-02-27,neu,movilidad_interna|relacion_con_lider|compensacion
BUK11733,2026-04-17,pos,compensacion|carga_trabajo
BUK11734,2025-03-04,pos,reconocimiento|herramientas_procesos
BUK11734,2025-04-22,pos,clima_equipo|claridad_rol
BUK11734,2025-06-25,pos,claridad_rol|movilidad_interna
BUK11734,2026-03-05,pos,onboarding|relacion_con_lider|movilidad_interna
BUK11735,2025-04-24,pos,onboarding
BUK11735,2025-06-30,pos,relacion_con_lider|clima_equipo
BUK11736,2025-03-19,neg,onboarding|clima_equipo
BUK11736,2025-06-11,neu,clima_equipo|cambio_organizacional
BUK11736,2026-06-14,neu,reconocimiento|relacion_con_lider
BUK11737,2025-03-11,neu,clima_equipo
BUK11737,2025-04-30,pos,carga_trabajo|onboarding
BUK11737,2025-07-27,neu,claridad_rol|balance_vida_trabajo|compensacion
BUK11737,2025-09-19,pos,clima_equipo
BUK11738,2025-10-21,pos,compensacion|desarrollo_carrera
BUK11739,2025-11-23,pos,cambio_organizacional|carga_trabajo
BUK11739,2026-03-16,neu,clima_equipo|onboarding
BUK11739,2026-04-08,pos,carga_trabajo|relacion_con_lider|onboarding
BUK11740,2026-08-15,neu,herramientas_procesos|relacion_con_lider
BUK11740,2026-08-17,neg,claridad_rol
BUK11740,2026-08-27,neg,desarrollo_carrera|claridad_rol
BUK11741,2026-02-04,neg,balance_vida_trabajo
BUK11741,2026-03-25,neg,cambio_organizacional
BUK11741,2026-04-23,neg,relacion_con_lider|reconocimiento
BUK11741,2026-04-23,neg,carga_trabajo
BUK11741,2026-04-25,neg,clima_equipo
BUK11742,2025-07-25,pos,relacion_con_lider|balance_vida_trabajo
BUK11742,2025-08-02,neu,herramientas_procesos|carga_trabajo
BUK11742,2025-08-17,pos,compensacion|clima_equipo|movilidad_interna
BUK11742,2025-08-24,neu,movilidad_interna|onboarding
BUK11742,2025-10-14,neu,balance_vida_trabajo|relacion_con_lider
BUK11742,2025-12-14,neu,desarrollo_carrera|cambio_organizacional
BUK11742,2026-03-19,pos,carga_trabajo
BUK11743,2025-04-11,neu,carga_trabajo
BUK11743,2025-12-21,neu,balance_vida_trabajo|relacion_con_lider
BUK11743,2026-02-27,neg,cambio_organizacional|reconocimiento
BUK11743,2026-05-17,neg,relacion_con_lider|reconocimiento
BUK11744,2025-08-17,neg,herramientas_procesos|relacion_con_lider
BUK11744,2026-06-17,neu,relacion_con_lider
BUK11745,2026-06-30,neg,reconocimiento|compensacion|movilidad_interna
BUK11745,2026-07-04,neu,movilidad_interna|compensacion
BUK11745,2026-08-13,pos,compensacion|reconocimiento
BUK11745,2026-08-15,neu,desarrollo_carrera
BUK11746,2026-05-19,neu,reconocimiento|relacion_con_lider|balance_vida_trabajo
BUK11746,2026-06-08,neu,relacion_con_lider|onboarding
BUK11746,2026-08-04,pos,compensacion|carga_trabajo
BUK11746,2026-08-08,pos,carga_trabajo|compensacion
BUK11747,2026-05-02,pos,balance_vida_trabajo
BUK11747,2026-05-23,neu,carga_trabajo|relacion_con_lider|compensacion
BUK11747,2026-06-24,pos,herramientas_procesos|balance_vida_trabajo
BUK11747,2026-08-05,pos,carga_trabajo|desarrollo_carrera|relacion_con_lider
BUK11748,2025-03-01,pos,herramientas_procesos|claridad_rol
BUK11748,2025-03-06,pos,cambio_organizacional
BUK11748,2025-03-09,neu,compensacion|desarrollo_carrera
BUK11748,2025-03-11,neg,relacion_con_lider
BUK11748,2025-03-14,pos,cambio_organizacional
BUK11748,2025-03-14,pos,desarrollo_carrera|compensacion
BUK11749,2026-07-05,pos,carga_trabajo|cambio_organizacional
BUK11749,2026-07-12,pos,movilidad_interna|reconocimiento|claridad_rol
BUK11749,2026-07-18,neu,clima_equipo|desarrollo_carrera
BUK11749,2026-08-09,pos,compensacion|clima_equipo
BUK11749,2026-08-23,pos,movilidad_interna|onboarding
BUK11749,2026-08-27,neu,clima_equipo|carga_trabajo
BUK11749,2026-08-29,pos,claridad_rol
BUK11750,2025-09-08,pos,onboarding
BUK11750,2025-11-30,neu,reconocimiento|onboarding
BUK11750,2026-03-15,pos,cambio_organizacional|balance_vida_trabajo
BUK11750,2026-07-09,pos,balance_vida_trabajo
BUK11751,2025-04-05,pos,onboarding|desarrollo_carrera
BUK11751,2025-04-13,pos,herramientas_procesos|cambio_organizacional
BUK11751,2025-04-25,pos,compensacion
BUK11751,2025-07-13,pos,onboarding|balance_vida_trabajo
BUK11751,2025-08-08,neu,clima_equipo|desarrollo_carrera
BUK11751,2025-10-13,pos,movilidad_interna|herramientas_procesos
BUK11751,2026-08-28,pos,onboarding
BUK11752,2025-06-20,pos,herramientas_procesos|relacion_con_lider|reconocimiento
BUK11752,2025-09-23,neu,reconocimiento|carga_trabajo|movilidad_interna
BUK11752,2026-04-13,neu,clima_equipo|onboarding|carga_trabajo
BUK11752,2026-08-04,neu,movilidad_interna|relacion_con_lider|onboarding
BUK11753,2025-08-29,neu,desarrollo_carrera|balance_vida_trabajo|onboarding
BUK11753,2025-09-26,neg,onboarding
BUK11754,2025-03-19,pos,cambio_organizacional|clima_equipo|reconocimiento
BUK11754,2025-04-25,pos,carga_trabajo|reconocimiento
BUK11754,2025-06-17,pos,cambio_organizacional|reconocimiento
BUK11754,2025-11-28,pos,carga_trabajo
BUK11754,2025-11-29,pos,relacion_con_lider
BUK11754,2025-12-30,neu,balance_vida_trabajo
BUK11754,2026-01-14,pos,carga_trabajo
BUK11755,2025-10-10,pos,cambio_organizacional|onboarding
BUK11755,2025-11-15,pos,onboarding|movilidad_interna|desarrollo_carrera
BUK11755,2026-01-18,neu,desarrollo_carrera|herramientas_procesos
BUK11755,2026-05-29,neu,relacion_con_lider|reconocimiento
BUK11756,2026-04-01,neg,carga_trabajo|claridad_rol|relacion_con_lider
BUK11756,2026-04-15,pos,movilidad_interna|clima_equipo
BUK11756,2026-04-17,pos,clima_equipo|onboarding
BUK11756,2026-04-29,neu,clima_equipo
BUK11756,2026-05-12,pos,onboarding
BUK11756,2026-05-20,pos,clima_equipo|relacion_con_lider
BUK11757,2025-04-06,pos,carga_trabajo|desarrollo_carrera|balance_vida_trabajo
BUK11757,2025-07-29,pos,herramientas_procesos|desarrollo_carrera
BUK11757,2025-09-01,neu,claridad_rol
BUK11757,2025-10-01,pos,clima_equipo|herramientas_procesos|cambio_organizacional
BUK11757,2025-11-09,neu,herramientas_procesos|claridad_rol
BUK11757,2026-08-02,neu,movilidad_interna|desarrollo_carrera|reconocimiento
BUK11758,2025-06-03,neg,reconocimiento|clima_equipo|cambio_organizacional
BUK11758,2025-08-07,neg,clima_equipo|carga_trabajo
BUK11758,2025-09-07,neg,carga_trabajo
BUK11758,2025-09-12,neu,carga_trabajo|balance_vida_trabajo
BUK11758,2025-11-02,neg,relacion_con_lider|cambio_organizacional
BUK11758,2025-11-05,neg,reconocimiento|carga_trabajo
BUK11759,2025-06-03,pos,movilidad_interna|clima_equipo
BUK11759,2025-10-12,pos,herramientas_procesos|reconocimiento
BUK11759,2026-05-25,neu,movilidad_interna
BUK11759,2026-08-08,pos,claridad_rol|reconocimiento
BUK11760,2025-04-14,pos,carga_trabajo|relacion_con_lider
BUK11760,2025-05-25,pos,herramientas_procesos|clima_equipo
BUK11760,2025-06-12,pos,cambio_organizacional
BUK11760,2025-08-01,neu,reconocimiento
BUK11760,2025-12-02,neu,cambio_organizacional|herramientas_procesos
BUK11760,2026-08-01,pos,claridad_rol
BUK11760,2026-08-10,pos,desarrollo_carrera|cambio_organizacional|relacion_con_lider
BUK11761,2025-08-29,neu,reconocimiento|cambio_organizacional
BUK11761,2025-11-05,pos,carga_trabajo|clima_equipo
BUK11761,2026-02-12,pos,relacion_con_lider|desarrollo_carrera
BUK11762,2026-08-01,pos,onboarding
BUK11762,2026-08-19,neu,balance_vida_trabajo|movilidad_interna
BUK11762,2026-08-28,pos,movilidad_interna|balance_vida_trabajo|claridad_rol
BUK11763,2025-09-05,neu,desarrollo_carrera
BUK11763,2026-01-18,neu,compensacion|carga_trabajo
BUK11763,2026-03-17,pos,claridad_rol
BUK11763,2026-05-12,pos,movilidad_interna|relacion_con_lider
BUK11763,2026-05-23,pos,reconocimiento
BUK11763,2026-08-22,pos,claridad_rol|compensacion
BUK11764,2026-03-25,pos,reconocimiento|desarrollo_carrera
BUK11764,2026-05-11,pos,cambio_organizacional|desarrollo_carrera|movilidad_interna
BUK11764,2026-06-11,pos,movilidad_interna|cambio_organizacional|clima_equipo
BUK11764,2026-06-25,pos,claridad_rol|clima_equipo
BUK11764,2026-06-28,pos,balance_vida_trabajo|cambio_organizacional
BUK11765,2025-11-06,pos,herramientas_procesos
BUK11766,2025-11-26,neu,carga_trabajo|onboarding
BUK11766,2025-12-25,pos,balance_vida_trabajo|onboarding
BUK11766,2026-06-11,pos,cambio_organizacional|claridad_rol
BUK11766,2026-08-03,neu,balance_vida_trabajo|movilidad_interna|onboarding
BUK11766,2026-08-24,neu,onboarding|clima_equipo
BUK11767,2025-09-09,pos,onboarding|herramientas_procesos
BUK11767,2026-06-28,neu,desarrollo_carrera|clima_equipo
BUK11767,2026-08-12,neg,balance_vida_trabajo|clima_equipo|herramientas_procesos
BUK11767,2026-08-25,neu,clima_equipo
BUK11768,2025-04-07,pos,compensacion|clima_equipo
BUK11768,2025-08-14,neu,herramientas_procesos
BUK11768,2025-10-05,pos,movilidad_interna|cambio_organizacional
BUK11768,2025-10-06,neu,carga_trabajo
BUK11768,2026-01-16,pos,herramientas_procesos|compensacion|balance_vida_trabajo
BUK11769,2025-09-03,pos,balance_vida_trabajo|carga_trabajo
BUK11769,2025-10-04,pos,cambio_organizacional
BUK11769,2025-10-13,pos,balance_vida_trabajo|relacion_con_lider|clima_equipo
BUK11769,2025-12-16,pos,cambio_organizacional|clima_equipo
BUK11769,2026-01-25,neu,cambio_organizacional|relacion_con_lider
BUK11769,2026-02-13,neg,carga_trabajo|relacion_con_lider|clima_equipo
BUK11770,2026-07-18,neg,reconocimiento|clima_equipo
BUK11770,2026-07-18,neg,clima_equipo|relacion_con_lider|reconocimiento
BUK11771,2025-05-04,neu,compensacion
BUK11771,2025-05-08,pos,balance_vida_trabajo|cambio_organizacional
BUK11771,2025-09-29,neu,claridad_rol
BUK11771,2026-05-04,neg,cambio_organizacional|compensacion
BUK11771,2026-06-13,pos,herramientas_procesos|reconocimiento|relacion_con_lider
BUK11771,2026-08-26,neu,claridad_rol|carga_trabajo
BUK11772,2026-06-24,neg,clima_equipo|compensacion
BUK11772,2026-07-28,pos,compensacion
BUK11772,2026-08-16,pos,claridad_rol|herramientas_procesos
BUK11773,2025-12-26,pos,reconocimiento
BUK11773,2026-02-11,neu,desarrollo_carrera|compensacion|movilidad_interna
BUK11773,2026-05-07,neu,compensacion
BUK11773,2026-08-22,neu,reconocimiento|movilidad_interna|compensacion
BUK11774,2025-06-15,neu,compensacion|cambio_organizacional|balance_vida_trabajo
BUK11774,2025-07-27,pos,compensacion
BUK11774,2025-08-23,neg,relacion_con_lider|onboarding
BUK11774,2026-04-23,pos,compensacion|clima_equipo
BUK11775,2025-11-02,pos,claridad_rol|herramientas_procesos
BUK11775,2026-08-07,pos,desarrollo_carrera|reconocimiento|movilidad_interna
BUK11776,2026-07-16,neu,clima_equipo|desarrollo_carrera
BUK11776,2026-08-01,pos,desarrollo_carrera|relacion_con_lider
BUK11777,2026-08-10,pos,relacion_con_lider|clima_equipo
BUK11777,2026-08-19,neg,relacion_con_lider|herramientas_procesos|desarrollo_carrera
BUK11777,2026-08-27,neg,cambio_organizacional|desarrollo_carrera
BUK11778,2025-10-26,neu,clima_equipo
BUK11778,2025-11-27,pos,movilidad_interna|desarrollo_carrera
BUK11778,2025-12-07,pos,herramientas_procesos|claridad_rol
BUK11778,2026-03-12,pos,movilidad_interna|relacion_con_lider
BUK11778,2026-04-15,neu,cambio_organizacional
BUK11779,2025-07-10,pos,desarrollo_carrera|relacion_con_lider
BUK11779,2026-06-02,neu,carga_trabajo
BUK11779,2026-07-29,pos,carga_trabajo
BUK11780,2026-07-02,pos,herramientas_procesos|balance_vida_trabajo
BUK11780,2026-07-03,neu,compensacion|clima_equipo
BUK11780,2026-07-30,pos,desarrollo_carrera|relacion_con_lider|compensacion
BUK11780,2026-08-22,pos,carga_trabajo|compensacion
BUK11780,2026-08-29,neu,desarrollo_carrera|cambio_organizacional
BUK11781,2025-09-08,pos,balance_vida_trabajo|cambio_organizacional
BUK11781,2026-02-05,neu,claridad_rol|onboarding
BUK11781,2026-05-18,neg,balance_vida_trabajo
BUK11781,2026-05-21,neu,relacion_con_lider|carga_trabajo
BUK11781,2026-05-25,neg,clima_equipo|herramientas_procesos
BUK11781,2026-07-03,neg,onboarding|claridad_rol
BUK11782,2025-03-22,pos,compensacion
BUK11782,2025-03-23,neu,compensacion|claridad_rol
BUK11782,2025-03-23,neu,herramientas_procesos|reconocimiento
BUK11782,2025-04-08,neg,relacion_con_lider|desarrollo_carrera|claridad_rol
BUK11783,2026-05-23,pos,relacion_con_lider|claridad_rol
BUK11783,2026-05-25,pos,cambio_organizacional|desarrollo_carrera|onboarding
BUK11783,2026-07-17,pos,herramientas_procesos|desarrollo_carrera|carga_trabajo
BUK11783,2026-07-29,neu,claridad_rol|carga_trabajo
BUK11784,2025-11-04,pos,cambio_organizacional|movilidad_interna
BUK11784,2025-11-24,neu,relacion_con_lider|cambio_organizacional
BUK11784,2025-11-27,neg,herramientas_procesos|balance_vida_trabajo|cambio_organizacional
BUK11784,2026-01-28,pos,cambio_organizacional
BUK11784,2026-03-02,neg,desarrollo_carrera
BUK11785,2026-05-21,pos,cambio_organizacional|balance_vida_trabajo
BUK11785,2026-05-29,neu,carga_trabajo|reconocimiento
BUK11785,2026-06-03,neu,cambio_organizacional|carga_trabajo
BUK11785,2026-06-05,pos,carga_trabajo|clima_equipo
BUK11785,2026-06-12,neg,carga_trabajo|relacion_con_lider
BUK11786,2026-04-17,neg,desarrollo_carrera|herramientas_procesos|carga_trabajo
BUK11786,2026-05-15,pos,clima_equipo|carga_trabajo
BUK11786,2026-07-07,neu,reconocimiento|cambio_organizacional
BUK11786,2026-07-20,neu,carga_trabajo|clima_equipo
BUK11786,2026-08-04,neu,herramientas_procesos|claridad_rol
BUK11787,2026-08-08,pos,desarrollo_carrera|claridad_rol|onboarding
BUK11787,2026-08-27,pos,balance_vida_trabajo
BUK11788,2026-02-12,pos,onboarding|claridad_rol|reconocimiento
BUK11788,2026-06-10,neu,reconocimiento
BUK11789,2026-02-24,neu,herramientas_procesos|relacion_con_lider
BUK11789,2026-03-20,neg,claridad_rol|herramientas_procesos
BUK11789,2026-07-02,neg,claridad_rol|herramientas_procesos
BUK11790,2025-03-11,pos,cambio_organizacional|onboarding
BUK11790,2025-03-15,neu,carga_trabajo|desarrollo_carrera|reconocimiento
BUK11790,2025-08-23,pos,cambio_organizacional|balance_vida_trabajo|clima_equipo
BUK11790,2026-01-27,pos,reconocimiento
BUK11790,2026-03-10,pos,carga_trabajo|onboarding|compensacion
BUK11790,2026-06-07,pos,relacion_con_lider|clima_equipo
BUK11791,2026-02-11,pos,cambio_organizacional
BUK11791,2026-02-23,pos,desarrollo_carrera
BUK11791,2026-05-21,neg,relacion_con_lider
BUK11792,2025-10-20,neu,compensacion|herramientas_procesos|clima_equipo
BUK11792,2026-02-26,pos,carga_trabajo|cambio_organizacional
BUK11792,2026-05-12,pos,clima_equipo
BUK11793,2026-05-14,neg,relacion_con_lider
BUK11793,2026-05-15,neg,herramientas_procesos|desarrollo_carrera
BUK11793,2026-05-17,neu,relacion_con_lider|herramientas_procesos
BUK11793,2026-06-12,neu,claridad_rol|relacion_con_lider|desarrollo_carrera
BUK11793,2026-06-14,neu,relacion_con_lider
BUK11793,2026-07-03,neu,relacion_con_lider|claridad_rol
BUK11794,2026-06-10,pos,claridad_rol
BUK11795,2026-07-25,neu,compensacion|cambio_organizacional
BUK11796,2025-06-13,pos,balance_vida_trabajo|carga_trabajo
BUK11797,2025-03-06,neg,reconocimiento|desarrollo_carrera
BUK11797,2025-03-14,neg,desarrollo_carrera
BUK11797,2025-03-30,neu,compensacion|movilidad_interna|desarrollo_carrera
BUK11797,2025-04-18,neu,compensacion|movilidad_interna
BUK11797,2025-04-25,neu,compensacion|reconocimiento|desarrollo_carrera
BUK11797,2025-05-26,neg,desarrollo_carrera|reconocimiento|compensacion
BUK11797,2025-06-12,neg,compensacion|movilidad_interna
BUK11798,2026-02-11,neu,cambio_organizacional|relacion_con_lider
BUK11798,2026-03-23,pos,cambio_organizacional|clima_equipo
BUK11798,2026-07-03,pos,claridad_rol|compensacion
BUK11799,2025-05-03,pos,relacion_con_lider|clima_equipo|balance_vida_trabajo
BUK11799,2025-07-16,pos,relacion_con_lider
BUK11799,2026-03-01,neu,balance_vida_trabajo|compensacion
BUK11799,2026-06-17,neu,herramientas_procesos|balance_vida_trabajo
BUK11800,2026-01-06,pos,reconocimiento|herramientas_procesos
BUK11800,2026-01-15,pos,movilidad_interna|onboarding
BUK11800,2026-02-03,pos,claridad_rol|compensacion|herramientas_procesos
BUK11800,2026-03-26,neu,onboarding|movilidad_interna|balance_vida_trabajo
BUK11800,2026-04-15,pos,claridad_rol|cambio_organizacional|desarrollo_carrera
BUK11800,2026-07-11,pos,desarrollo_carrera
BUK11801,2025-06-08,pos,carga_trabajo|claridad_rol
BUK11801,2026-02-09,neu,desarrollo_carrera|balance_vida_trabajo
BUK11801,2026-08-17,neu,carga_trabajo|balance_vida_trabajo
BUK11802,2025-07-25,pos,movilidad_interna|reconocimiento|compensacion
BUK11802,2025-08-01,pos,movilidad_interna|compensacion
BUK11802,2025-08-05,neu,movilidad_interna|desarrollo_carrera
BUK11802,2025-09-30,pos,desarrollo_carrera|reconocimiento
BUK11802,2025-10-18,pos,reconocimiento|desarrollo_carrera
BUK11802,2026-04-25,pos,movilidad_interna
BUK11802,2026-08-01,neg,desarrollo_carrera|compensacion|movilidad_interna
BUK11803,2026-03-16,neu,balance_vida_trabajo|reconocimiento|compensacion
BUK11803,2026-06-11,pos,reconocimiento|clima_equipo
BUK11803,2026-07-23,pos,onboarding|carga_trabajo
BUK11803,2026-08-15,pos,onboarding|carga_trabajo
BUK11805,2025-07-23,pos,claridad_rol|movilidad_interna|carga_trabajo
BUK11805,2025-08-10,pos,reconocimiento
BUK11805,2025-12-29,pos,relacion_con_lider|balance_vida_trabajo
BUK11805,2026-03-12,pos,reconocimiento
BUK11805,2026-04-04,pos,onboarding|relacion_con_lider|desarrollo_carrera
BUK11805,2026-04-21,neu,movilidad_interna|onboarding|reconocimiento
BUK11806,2025-09-01,neg,balance_vida_trabajo|desarrollo_carrera
BUK11806,2025-10-11,neg,cambio_organizacional
BUK11806,2026-01-15,pos,desarrollo_carrera|carga_trabajo
BUK11806,2026-02-15,neg,claridad_rol|balance_vida_trabajo
BUK11806,2026-05-23,neg,herramientas_procesos|compensacion|carga_trabajo
BUK11806,2026-08-10,neg,relacion_con_lider|movilidad_interna
BUK11807,2025-05-07,neg,relacion_con_lider|desarrollo_carrera|herramientas_procesos
BUK11808,2026-01-14,neg,reconocimiento
BUK11808,2026-02-18,neg,relacion_con_lider|balance_vida_trabajo
BUK11808,2026-02-25,neg,clima_equipo
BUK11809,2025-03-26,neu,balance_vida_trabajo|carga_trabajo|clima_equipo
BUK11809,2026-05-09,pos,claridad_rol|herramientas_procesos
BUK11810,2026-04-11,pos,desarrollo_carrera|claridad_rol
BUK11810,2026-08-03,neg,balance_vida_trabajo|clima_equipo
BUK11811,2026-06-03,neu,relacion_con_lider|claridad_rol
BUK11811,2026-06-03,neg,herramientas_procesos|relacion_con_lider|onboarding
BUK11811,2026-07-02,neu,claridad_rol|herramientas_procesos|onboarding
BUK11812,2026-08-14,pos,herramientas_procesos
BUK11812,2026-08-18,pos,balance_vida_trabajo
BUK11812,2026-08-18,pos,carga_trabajo|clima_equipo|cambio_organizacional
BUK11813,2025-11-22,neu,relacion_con_lider|cambio_organizacional|balance_vida_trabajo
BUK11813,2026-03-08,neu,relacion_con_lider|balance_vida_trabajo|reconocimiento
BUK11813,2026-04-17,neu,clima_equipo
BUK11813,2026-07-09,neu,cambio_organizacional|clima_equipo|reconocimiento
BUK11814,2025-05-22,pos,relacion_con_lider|herramientas_procesos
BUK11814,2025-05-27,pos,herramientas_procesos|relacion_con_lider|clima_equipo
BUK11814,2025-08-12,pos,movilidad_interna|carga_trabajo
BUK11814,2026-02-11,pos,carga_trabajo|reconocimiento
BUK11815,2026-01-29,pos,reconocimiento|carga_trabajo|relacion_con_lider
BUK11815,2026-04-02,neu,reconocimiento|cambio_organizacional
BUK11816,2026-02-04,neu,balance_vida_trabajo|clima_equipo|onboarding
BUK11816,2026-03-02,pos,desarrollo_carrera|compensacion|onboarding
BUK11816,2026-05-17,pos,compensacion|relacion_con_lider|movilidad_interna
BUK11816,2026-06-08,pos,cambio_organizacional
BUK11816,2026-08-08,neu,claridad_rol|cambio_organizacional
BUK11817,2025-09-26,neu,movilidad_interna|herramientas_procesos
BUK11817,2026-01-01,pos,relacion_con_lider|movilidad_interna
BUK11817,2026-04-20,pos,reconocimiento|carga_trabajo
BUK11818,2026-07-30,pos,carga_trabajo
BUK11818,2026-08-15,pos,onboarding|reconocimiento|cambio_organizacional
BUK11819,2025-03-03,neg,desarrollo_carrera|movilidad_interna|cambio_organizacional
BUK11819,2025-12-13,neg,cambio_organizacional
BUK11819,2025-12-29,neg,desarrollo_carrera|compensacion
BUK11819,2026-03-04,neu,desarrollo_carrera
BUK11819,2026-05-13,neg,reconocimiento|claridad_rol
BUK11820,2026-01-02,neg,balance_vida_trabajo|carga_trabajo
BUK11820,2026-01-10,pos,carga_trabajo|balance_vida_trabajo
BUK11820,2026-01-11,neu,balance_vida_trabajo|relacion_con_lider
BUK11820,2026-02-19,neu,relacion_con_lider|carga_trabajo
BUK11820,2026-04-20,pos,cambio_organizacional
BUK11820,2026-05-08,pos,relacion_con_lider|carga_trabajo|cambio_organizacional
BUK11821,2026-01-02,neu,desarrollo_carrera|compensacion|movilidad_interna
BUK11821,2026-03-04,neu,movilidad_interna|reconocimiento|compensacion
BUK11821,2026-05-04,neu,desarrollo_carrera
BUK11822,2026-08-23,pos,movilidad_interna|balance_vida_trabajo
BUK11822,2026-08-24,neu,carga_trabajo|compensacion
BUK11822,2026-08-28,neu,reconocimiento
BUK11822,2026-08-29,pos,balance_vida_trabajo
BUK11823,2025-11-13,neu,relacion_con_lider|movilidad_interna
BUK11824,2026-03-06,neg,relacion_con_lider|cambio_organizacional|balance_vida_trabajo
BUK11824,2026-04-10,neu,clima_equipo|cambio_organizacional
BUK11824,2026-05-20,pos,clima_equipo|compensacion
BUK11824,2026-06-02,neu,reconocimiento|balance_vida_trabajo
BUK11824,2026-07-23,neu,clima_equipo|cambio_organizacional
BUK11825,2025-05-15,pos,cambio_organizacional|clima_equipo
BUK11825,2025-06-06,neu,relacion_con_lider|reconocimiento
BUK11826,2026-05-22,neg,herramientas_procesos|desarrollo_carrera|relacion_con_lider
BUK11826,2026-07-13,neg,claridad_rol|relacion_con_lider
BUK11826,2026-07-18,neu,relacion_con_lider|claridad_rol|herramientas_procesos
BUK11827,2025-07-05,neu,carga_trabajo
BUK11827,2025-07-25,neu,herramientas_procesos|carga_trabajo
BUK11827,2026-04-01,pos,clima_equipo|movilidad_interna|onboarding
BUK11828,2026-02-17,neg,compensacion|desarrollo_carrera
BUK11828,2026-06-03,neg,onboarding|movilidad_interna
BUK11828,2026-08-13,neu,onboarding|relacion_con_lider
BUK11829,2025-03-17,neg,clima_equipo
BUK11829,2025-04-21,neu,balance_vida_trabajo|clima_equipo|cambio_organizacional
BUK11829,2025-06-19,neu,balance_vida_trabajo|reconocimiento
BUK11829,2025-09-26,neu,clima_equipo
BUK11829,2025-10-17,neg,clima_equipo|reconocimiento
BUK11830,2026-01-08,neu,cambio_organizacional|balance_vida_trabajo
BUK11830,2026-03-28,pos,herramientas_procesos|carga_trabajo
BUK11830,2026-06-17,neg,relacion_con_lider|desarrollo_carrera|balance_vida_trabajo
BUK11831,2025-07-19,neu,clima_equipo
BUK11831,2026-04-22,neg,clima_equipo|carga_trabajo|relacion_con_lider
BUK11831,2026-07-03,neg,reconocimiento
BUK11831,2026-08-19,neg,cambio_organizacional|balance_vida_trabajo
BUK11832,2026-05-26,neg,clima_equipo|carga_trabajo|balance_vida_trabajo
BUK11832,2026-05-26,neu,reconocimiento|cambio_organizacional
BUK11832,2026-05-27,neg,clima_equipo|cambio_organizacional
BUK11832,2026-06-02,neg,relacion_con_lider|cambio_organizacional
BUK11832,2026-06-04,neg,carga_trabajo|clima_equipo
BUK11832,2026-06-05,neg,clima_equipo
BUK11833,2026-05-10,neg,movilidad_interna|reconocimiento|desarrollo_carrera
BUK11834,2025-11-17,neg,clima_equipo|carga_trabajo
BUK11834,2026-07-12,neu,relacion_con_lider|clima_equipo
BUK11835,2025-04-22,pos,clima_equipo
BUK11835,2025-07-16,neg,compensacion|herramientas_procesos|carga_trabajo
BUK11835,2026-05-10,pos,cambio_organizacional
BUK11835,2026-06-24,pos,carga_trabajo|relacion_con_lider|herramientas_procesos
BUK11836,2026-06-25,pos,herramientas_procesos
BUK11836,2026-07-19,pos,balance_vida_trabajo|clima_equipo|herramientas_procesos
BUK11837,2025-03-26,pos,herramientas_procesos|reconocimiento
BUK11837,2025-06-03,pos,movilidad_interna
BUK11837,2025-09-28,neu,herramientas_procesos|clima_equipo
BUK11837,2025-10-22,neg,relacion_con_lider|movilidad_interna
BUK11837,2026-02-04,pos,movilidad_interna
BUK11838,2026-07-31,neu,relacion_con_lider|reconocimiento|onboarding
BUK11838,2026-08-02,pos,onboarding|compensacion
BUK11838,2026-08-12,neu,relacion_con_lider|desarrollo_carrera
BUK11838,2026-08-20,pos,compensacion|herramientas_procesos
BUK11838,2026-08-22,neu,herramientas_procesos|movilidad_interna
BUK11838,2026-08-24,neg,reconocimiento|compensacion
BUK11838,2026-08-24,neu,desarrollo_carrera
BUK11839,2026-06-21,pos,balance_vida_trabajo|onboarding|compensacion
BUK11839,2026-07-21,pos,cambio_organizacional
BUK11839,2026-07-23,pos,herramientas_procesos|carga_trabajo
BUK11840,2026-08-02,neu,balance_vida_trabajo|desarrollo_carrera|movilidad_interna
BUK11841,2026-01-21,pos,clima_equipo|reconocimiento
BUK11841,2026-02-15,pos,herramientas_procesos|desarrollo_carrera
BUK11841,2026-05-21,neu,movilidad_interna|reconocimiento
BUK11841,2026-08-06,neu,clima_equipo|movilidad_interna
BUK11842,2025-06-02,neu,cambio_organizacional|herramientas_procesos|reconocimiento
BUK11842,2025-08-01,pos,relacion_con_lider
BUK11842,2025-09-11,neu,onboarding
BUK11842,2025-11-26,pos,balance_vida_trabajo|desarrollo_carrera|relacion_con_lider
BUK11842,2026-01-08,neu,movilidad_interna|compensacion
BUK11843,2026-02-16,neu,claridad_rol|relacion_con_lider
BUK11843,2026-03-24,pos,movilidad_interna|onboarding
BUK11843,2026-08-14,neu,relacion_con_lider|claridad_rol|movilidad_interna
BUK11844,2025-11-09,neu,relacion_con_lider|claridad_rol
BUK11844,2025-11-10,neg,relacion_con_lider|herramientas_procesos
BUK11844,2025-12-30,neg,herramientas_procesos|relacion_con_lider
BUK11845,2025-10-20,neu,compensacion|reconocimiento
BUK11845,2026-04-24,pos,balance_vida_trabajo|onboarding|herramientas_procesos
BUK11845,2026-06-06,neu,desarrollo_carrera
BUK11846,2025-07-09,pos,reconocimiento|claridad_rol|balance_vida_trabajo
BUK11846,2025-09-02,pos,desarrollo_carrera|onboarding
BUK11846,2026-04-26,neu,compensacion|cambio_organizacional|balance_vida_trabajo
BUK11846,2026-06-10,pos,carga_trabajo|movilidad_interna
BUK11846,2026-06-11,pos,desarrollo_carrera
BUK11846,2026-07-03,pos,balance_vida_trabajo|claridad_rol|clima_equipo
BUK11848,2026-08-29,neg,clima_equipo|cambio_organizacional
BUK11848,2026-08-30,neu,clima_equipo|desarrollo_carrera
BUK11848,2026-08-30,pos,onboarding
BUK11849,2025-12-31,neu,carga_trabajo
BUK11849,2026-01-25,neu,movilidad_interna|relacion_con_lider|desarrollo_carrera
BUK11849,2026-05-06,neu,claridad_rol
BUK11849,2026-08-01,pos,claridad_rol|clima_equipo
BUK11849,2026-08-20,pos,clima_equipo
BUK11850,2026-06-21,neu,carga_trabajo|balance_vida_trabajo
BUK11850,2026-08-28,neg,reconocimiento|carga_trabajo|relacion_con_lider
BUK11851,2025-06-17,neu,desarrollo_carrera
BUK11851,2025-07-22,pos,carga_trabajo|herramientas_procesos|clima_equipo
BUK11851,2025-07-24,neu,compensacion
BUK11851,2025-08-08,pos,compensacion|claridad_rol|reconocimiento
BUK11851,2025-08-17,neu,clima_equipo|desarrollo_carrera|balance_vida_trabajo
BUK11852,2026-07-24,neu,cambio_organizacional|balance_vida_trabajo
BUK11852,2026-08-04,neg,clima_equipo|balance_vida_trabajo|claridad_rol
BUK11853,2025-07-01,pos,clima_equipo|onboarding
BUK11853,2026-01-14,neg,relacion_con_lider|onboarding
BUK11853,2026-02-07,neu,desarrollo_carrera
BUK11853,2026-02-21,neu,compensacion|carga_trabajo
BUK11853,2026-03-02,pos,claridad_rol|cambio_organizacional
BUK11853,2026-04-12,pos,onboarding|herramientas_procesos|cambio_organizacional
BUK11853,2026-07-19,pos,movilidad_interna|onboarding|herramientas_procesos
BUK11854,2026-07-11,neg,carga_trabajo
BUK11854,2026-07-16,pos,relacion_con_lider|carga_trabajo|balance_vida_trabajo
BUK11854,2026-07-18,neg,balance_vida_trabajo
BUK11854,2026-08-15,neg,balance_vida_trabajo|cambio_organizacional
BUK11855,2025-07-15,neu,relacion_con_lider|cambio_organizacional
BUK11855,2026-01-14,pos,balance_vida_trabajo|relacion_con_lider
BUK11855,2026-06-04,neu,reconocimiento|claridad_rol|clima_equipo
BUK11855,2026-07-03,pos,carga_trabajo|compensacion
BUK11855,2026-08-04,pos,balance_vida_trabajo|herramientas_procesos|clima_equipo
BUK11856,2025-03-27,pos,desarrollo_carrera|compensacion
BUK11856,2025-03-29,pos,reconocimiento|movilidad_interna
BUK11856,2025-05-27,pos,movilidad_interna|reconocimiento
BUK11856,2025-07-12,neu,compensacion
BUK11856,2025-07-17,pos,reconocimiento|compensacion
BUK11857,2026-03-02,neg,reconocimiento|desarrollo_carrera|compensacion
BUK11858,2025-09-10,neg,compensacion
BUK11858,2025-09-30,pos,balance_vida_trabajo
BUK11858,2026-01-09,neu,onboarding|relacion_con_lider
BUK11859,2025-08-08,neg,movilidad_interna|clima_equipo
BUK11859,2025-08-27,neu,desarrollo_carrera|clima_equipo
BUK11859,2025-11-21,pos,compensacion|desarrollo_carrera|clima_equipo
BUK11859,2026-03-29,pos,reconocimiento
BUK11860,2026-04-21,neu,desarrollo_carrera|compensacion|reconocimiento
BUK11860,2026-05-20,neu,compensacion|desarrollo_carrera
BUK11860,2026-08-29,pos,reconocimiento|desarrollo_carrera
BUK11861,2025-05-18,neu,desarrollo_carrera|claridad_rol
BUK11862,2026-04-22,neu,claridad_rol|compensacion
BUK11863,2025-10-17,pos,relacion_con_lider|balance_vida_trabajo
BUK11863,2025-11-15,neg,cambio_organizacional|claridad_rol|carga_trabajo
BUK11863,2026-01-05,neu,balance_vida_trabajo|herramientas_procesos
BUK11863,2026-01-22,pos,relacion_con_lider|onboarding
BUK11863,2026-02-13,pos,relacion_con_lider
BUK11864,2026-06-05,pos,clima_equipo
BUK11864,2026-06-07,pos,herramientas_procesos|balance_vida_trabajo
BUK11864,2026-06-14,pos,desarrollo_carrera|cambio_organizacional
BUK11864,2026-06-29,pos,compensacion|desarrollo_carrera|claridad_rol
BUK11864,2026-06-30,neg,balance_vida_trabajo
BUK11864,2026-07-30,neu,claridad_rol|balance_vida_trabajo
BUK11865,2025-08-31,neu,desarrollo_carrera|claridad_rol
BUK11865,2025-09-08,neu,movilidad_interna|herramientas_procesos
BUK11865,2025-09-20,neu,balance_vida_trabajo|claridad_rol
BUK11865,2025-11-21,pos,desarrollo_carrera|carga_trabajo|onboarding
BUK11865,2025-12-20,pos,onboarding
BUK11865,2026-04-05,neu,claridad_rol
BUK11865,2026-04-29,neu,compensacion|claridad_rol
BUK11866,2026-04-25,neg,herramientas_procesos
BUK11866,2026-05-24,pos,reconocimiento
BUK11866,2026-06-20,neu,cambio_organizacional|carga_trabajo
BUK11866,2026-07-14,neu,balance_vida_trabajo|clima_equipo|claridad_rol
BUK11867,2025-03-12,pos,clima_equipo|carga_trabajo|relacion_con_lider
BUK11867,2025-03-13,neg,balance_vida_trabajo|cambio_organizacional
BUK11867,2025-03-15,neu,balance_vida_trabajo|compensacion
BUK11867,2025-03-15,neu,clima_equipo
BUK11867,2025-04-13,pos,movilidad_interna|reconocimiento
BUK11867,2025-04-28,neg,carga_trabajo|desarrollo_carrera
BUK11868,2025-03-05,pos,balance_vida_trabajo|cambio_organizacional|relacion_con_lider
BUK11868,2025-03-11,pos,carga_trabajo|cambio_organizacional|reconocimiento
BUK11868,2026-06-27,pos,carga_trabajo|relacion_con_lider
BUK11869,2025-07-12,pos,balance_vida_trabajo|claridad_rol
BUK11869,2026-03-28,pos,carga_trabajo|claridad_rol
BUK11870,2025-05-07,neg,reconocimiento|cambio_organizacional
BUK11870,2025-07-27,neu,cambio_organizacional
BUK11871,2025-04-30,pos,relacion_con_lider|herramientas_procesos
BUK11871,2025-08-04,neg,relacion_con_lider|desarrollo_carrera
BUK11871,2025-09-27,neg,claridad_rol|herramientas_procesos
BUK11872,2026-08-29,pos,claridad_rol|cambio_organizacional|carga_trabajo
BUK11872,2026-08-29,neu,carga_trabajo|desarrollo_carrera
BUK11872,2026-08-29,neu,compensacion|desarrollo_carrera
BUK11872,2026-08-30,neu,onboarding|balance_vida_trabajo|clima_equipo
BUK11873,2026-06-21,neu,relacion_con_lider
BUK11873,2026-07-14,pos,balance_vida_trabajo|clima_equipo
BUK11873,2026-07-26,neg,clima_equipo|herramientas_procesos|carga_trabajo
BUK11873,2026-07-31,neu,clima_equipo
BUK11873,2026-08-07,neg,cambio_organizacional|onboarding
BUK11874,2025-05-26,pos,claridad_rol
BUK11874,2025-11-26,neu,desarrollo_carrera|balance_vida_trabajo
BUK11874,2025-11-26,neu,herramientas_procesos|balance_vida_trabajo|relacion_con_lider
BUK11874,2025-12-04,pos,claridad_rol|cambio_organizacional|relacion_con_lider
BUK11875,2026-06-20,neu,balance_vida_trabajo|cambio_organizacional|desarrollo_carrera
BUK11875,2026-06-28,neg,desarrollo_carrera|movilidad_interna|clima_equipo
BUK11876,2025-11-15,neg,relacion_con_lider|onboarding
BUK11876,2026-01-10,neg,relacion_con_lider|onboarding
BUK11876,2026-04-04,neg,onboarding
BUK11876,2026-04-05,neg,claridad_rol|relacion_con_lider
BUK11877,2025-07-12,neu,carga_trabajo|claridad_rol
BUK11877,2025-07-23,pos,herramientas_procesos|relacion_con_lider|movilidad_interna
BUK11877,2025-10-12,neu,onboarding|balance_vida_trabajo|compensacion
BUK11877,2026-01-23,pos,onboarding|claridad_rol
BUK11877,2026-04-02,pos,clima_equipo|onboarding|movilidad_interna
BUK11877,2026-06-01,pos,carga_trabajo|reconocimiento
BUK11878,2025-07-21,neg,claridad_rol|herramientas_procesos|relacion_con_lider
BUK11878,2025-08-11,neg,claridad_rol|relacion_con_lider
BUK11878,2025-12-18,neg,relacion_con_lider|desarrollo_carrera
BUK11878,2026-05-01,pos,relacion_con_lider
BUK11879,2026-03-09,pos,balance_vida_trabajo
BUK11879,2026-07-12,pos,balance_vida_trabajo|carga_trabajo
BUK11880,2025-07-14,neg,clima_equipo|relacion_con_lider
BUK11880,2025-12-28,neu,desarrollo_carrera|carga_trabajo
BUK11880,2026-01-20,neg,reconocimiento|compensacion
BUK11881,2026-07-05,pos,onboarding|balance_vida_trabajo
BUK11881,2026-07-29,neu,claridad_rol|onboarding
BUK11881,2026-07-31,neu,desarrollo_carrera
BUK11882,2025-06-01,pos,desarrollo_carrera
BUK11882,2025-09-09,pos,herramientas_procesos
BUK11882,2025-10-03,pos,relacion_con_lider|clima_equipo
BUK11882,2025-10-19,neu,onboarding|carga_trabajo
BUK11882,2025-12-18,pos,balance_vida_trabajo|carga_trabajo
BUK11882,2026-01-24,pos,onboarding|balance_vida_trabajo|reconocimiento
BUK11882,2026-02-03,neu,cambio_organizacional|desarrollo_carrera
BUK11883,2025-03-16,neg,cambio_organizacional|claridad_rol
BUK11883,2025-11-04,neu,cambio_organizacional|herramientas_procesos
BUK11883,2026-06-09,neg,relacion_con_lider|movilidad_interna|herramientas_procesos
BUK11884,2026-03-25,neg,clima_equipo|cambio_organizacional
BUK11884,2026-03-29,neg,relacion_con_lider|clima_equipo
BUK11884,2026-04-02,neg,reconocimiento|clima_equipo
BUK11884,2026-04-04,neg,cambio_organizacional
BUK11884,2026-04-05,neg,carga_trabajo|balance_vida_trabajo|reconocimiento
BUK11884,2026-04-06,neu,cambio_organizacional
BUK11884,2026-04-07,neg,balance_vida_trabajo|clima_equipo|relacion_con_lider
BUK11885,2026-01-23,pos,desarrollo_carrera
BUK11886,2025-07-01,pos,reconocimiento|compensacion|desarrollo_carrera
BUK11886,2025-08-24,pos,compensacion|reconocimiento|desarrollo_carrera
BUK11886,2026-05-19,pos,reconocimiento
BUK11887,2026-08-11,neu,clima_equipo
BUK11887,2026-08-16,pos,carga_trabajo
BUK11888,2025-12-18,pos,balance_vida_trabajo|reconocimiento|cambio_organizacional
BUK11889,2025-07-04,neg,cambio_organizacional
BUK11889,2025-10-03,neu,balance_vida_trabajo|clima_equipo|cambio_organizacional
BUK11889,2025-12-19,neg,carga_trabajo
BUK11889,2026-01-06,neu,cambio_organizacional|relacion_con_lider
BUK11889,2026-03-23,neu,cambio_organizacional|carga_trabajo
BUK11890,2025-06-18,pos,claridad_rol|herramientas_procesos|compensacion
BUK11890,2025-06-30,neu,herramientas_procesos|onboarding
BUK11890,2025-06-30,pos,claridad_rol|relacion_con_lider
BUK11890,2026-03-25,pos,carga_trabajo|onboarding
BUK11890,2026-04-11,neg,cambio_organizacional|clima_equipo
BUK11891,2026-04-09,neu,onboarding|claridad_rol
BUK11891,2026-05-29,pos,movilidad_interna|compensacion
BUK11891,2026-06-05,neg,clima_equipo|compensacion
BUK11892,2026-07-05,neu,reconocimiento|compensacion
BUK11892,2026-07-23,pos,desarrollo_carrera|compensacion|reconocimiento
BUK11893,2025-11-02,neg,relacion_con_lider|claridad_rol
BUK11893,2026-02-20,neg,reconocimiento|balance_vida_trabajo
BUK11893,2026-03-03,neg,carga_trabajo
BUK11893,2026-03-11,neg,compensacion
BUK11893,2026-03-19,neg,relacion_con_lider|movilidad_interna|herramientas_procesos
BUK11893,2026-04-11,neg,movilidad_interna|herramientas_procesos
BUK11894,2026-01-28,neg,claridad_rol|desarrollo_carrera|herramientas_procesos
BUK11894,2026-02-08,neg,claridad_rol|desarrollo_carrera
BUK11894,2026-06-08,neu,relacion_con_lider|claridad_rol|herramientas_procesos
BUK11895,2025-05-20,neg,desarrollo_carrera|herramientas_procesos
BUK11895,2025-07-16,neg,claridad_rol|desarrollo_carrera|herramientas_procesos
BUK11895,2025-10-21,neg,desarrollo_carrera|relacion_con_lider
BUK11895,2025-11-04,neg,desarrollo_carrera|claridad_rol|relacion_con_lider
BUK11895,2025-11-23,neg,desarrollo_carrera|claridad_rol|herramientas_procesos
BUK11895,2025-12-04,neg,relacion_con_lider|claridad_rol|desarrollo_carrera
BUK11895,2026-01-09,neg,claridad_rol|relacion_con_lider|desarrollo_carrera
BUK11896,2026-07-06,neg,cambio_organizacional|herramientas_procesos|relacion_con_lider
BUK11896,2026-07-09,neg,claridad_rol|balance_vida_trabajo
BUK11896,2026-07-17,neu,relacion_con_lider|reconocimiento
BUK11897,2026-04-08,pos,claridad_rol|carga_trabajo|relacion_con_lider
BUK11897,2026-05-16,neu,desarrollo_carrera
BUK11897,2026-05-26,pos,balance_vida_trabajo|cambio_organizacional|herramientas_procesos
BUK11897,2026-07-03,neu,cambio_organizacional
BUK11897,2026-08-04,pos,onboarding|cambio_organizacional
BUK11897,2026-08-20,neg,movilidad_interna|reconocimiento
BUK11898,2025-04-17,neg,desarrollo_carrera|onboarding
BUK11898,2025-07-03,neu,compensacion|balance_vida_trabajo|clima_equipo
BUK11898,2025-09-02,neu,movilidad_interna|compensacion
BUK11899,2025-06-08,neu,cambio_organizacional
BUK11899,2025-07-06,neu,clima_equipo|balance_vida_trabajo
BUK11899,2025-08-12,pos,balance_vida_trabajo|carga_trabajo
BUK11899,2026-04-05,pos,clima_equipo|cambio_organizacional
BUK11900,2025-06-26,pos,clima_equipo|reconocimiento|cambio_organizacional
BUK11900,2025-07-13,pos,relacion_con_lider
BUK11900,2026-08-19,pos,carga_trabajo
BUK11901,2025-03-01,neu,desarrollo_carrera|reconocimiento
BUK11901,2025-03-09,neu,claridad_rol|balance_vida_trabajo
BUK11902,2026-06-29,neu,herramientas_procesos|reconocimiento|claridad_rol
BUK11902,2026-08-13,pos,onboarding|movilidad_interna
BUK11903,2026-04-25,pos,onboarding|relacion_con_lider|compensacion
BUK11904,2026-01-23,pos,cambio_organizacional
BUK11904,2026-05-03,neu,movilidad_interna|reconocimiento
BUK11904,2026-07-09,pos,clima_equipo|herramientas_procesos
BUK11905,2025-06-12,neu,relacion_con_lider
BUK11905,2025-06-30,neu,herramientas_procesos
BUK11905,2025-11-23,neu,relacion_con_lider|cambio_organizacional
BUK11905,2026-03-01,neu,herramientas_procesos|movilidad_interna
BUK11905,2026-03-31,neu,herramientas_procesos
BUK11906,2026-04-28,neg,reconocimiento|compensacion
BUK11906,2026-05-04,neu,compensacion|movilidad_interna|reconocimiento
BUK11907,2025-10-24,neu,carga_trabajo
BUK11907,2025-11-23,pos,claridad_rol|movilidad_interna
BUK11908,2025-03-05,pos,cambio_organizacional|desarrollo_carrera
BUK11908,2026-03-30,pos,reconocimiento
BUK11909,2025-12-11,pos,movilidad_interna|compensacion
BUK11909,2025-12-18,neg,compensacion|desarrollo_carrera|movilidad_interna
BUK11909,2025-12-24,neg,compensacion|movilidad_interna
BUK11909,2025-12-25,neg,movilidad_interna|reconocimiento
BUK11910,2025-05-03,neu,desarrollo_carrera|balance_vida_trabajo
BUK11910,2025-07-05,pos,herramientas_procesos
BUK11910,2025-08-03,pos,claridad_rol|relacion_con_lider|movilidad_interna
BUK11910,2025-09-23,pos,carga_trabajo|desarrollo_carrera|claridad_rol
BUK11910,2026-04-12,pos,herramientas_procesos|balance_vida_trabajo
BUK11911,2026-01-04,neu,movilidad_interna
BUK11911,2026-01-05,pos,compensacion
BUK11913,2025-05-09,pos,claridad_rol|movilidad_interna
BUK11913,2026-01-07,neg,compensacion|desarrollo_carrera
BUK11914,2026-07-03,neu,clima_equipo|desarrollo_carrera
BUK11914,2026-07-14,pos,clima_equipo|claridad_rol
BUK11914,2026-07-23,pos,herramientas_procesos|cambio_organizacional|desarrollo_carrera
BUK11914,2026-07-29,neu,claridad_rol|relacion_con_lider
BUK11915,2025-09-24,neu,onboarding|claridad_rol|compensacion
BUK11915,2026-07-19,pos,balance_vida_trabajo|movilidad_interna
BUK11916,2026-06-29,neg,herramientas_procesos|relacion_con_lider
BUK11916,2026-06-30,neu,herramientas_procesos|claridad_rol|relacion_con_lider
BUK11916,2026-08-20,neg,claridad_rol|desarrollo_carrera
BUK11917,2026-05-27,neu,relacion_con_lider|compensacion
BUK11918,2026-04-16,neu,claridad_rol|carga_trabajo
BUK11918,2026-07-26,neu,herramientas_procesos|balance_vida_trabajo
BUK11919,2026-06-03,neg,onboarding|relacion_con_lider|claridad_rol
BUK11919,2026-07-18,neg,claridad_rol|relacion_con_lider
BUK11919,2026-08-16,neu,claridad_rol|onboarding
BUK11919,2026-08-28,neg,herramientas_procesos|onboarding|relacion_con_lider
BUK11920,2026-06-01,pos,cambio_organizacional|desarrollo_carrera
BUK11920,2026-06-21,pos,desarrollo_carrera|relacion_con_lider
BUK11920,2026-06-28,neu,onboarding|compensacion
BUK11921,2025-05-28,neu,relacion_con_lider|claridad_rol|desarrollo_carrera
BUK11921,2025-05-30,neg,relacion_con_lider|desarrollo_carrera|claridad_rol
BUK11921,2025-06-09,neu,desarrollo_carrera|herramientas_procesos
BUK11921,2025-10-01,pos,claridad_rol
BUK11921,2025-12-01,neg,herramientas_procesos|desarrollo_carrera
BUK11921,2025-12-13,neu,relacion_con_lider|claridad_rol
BUK11922,2025-12-02,pos,movilidad_interna|compensacion
BUK11922,2025-12-10,neu,reconocimiento|compensacion
BUK11922,2026-02-26,neu,desarrollo_carrera|movilidad_interna
BUK11922,2026-08-22,neu,reconocimiento
BUK11923,2025-03-03,pos,movilidad_interna|carga_trabajo
BUK11923,2025-07-20,neu,reconocimiento|onboarding|claridad_rol
BUK11923,2026-01-01,pos,carga_trabajo|compensacion
BUK11923,2026-06-20,pos,movilidad_interna|reconocimiento
BUK11924,2025-09-01,neu,desarrollo_carrera|compensacion|claridad_rol
BUK11924,2025-09-13,neu,clima_equipo|relacion_con_lider
BUK11924,2026-07-29,pos,claridad_rol|desarrollo_carrera|reconocimiento
BUK11924,2026-08-14,neu,carga_trabajo|clima_equipo|claridad_rol
BUK11925,2025-03-03,neu,claridad_rol|relacion_con_lider|reconocimiento
BUK11925,2025-06-03,neu,herramientas_procesos|balance_vida_trabajo|claridad_rol
BUK11926,2026-02-06,pos,movilidad_interna|balance_vida_trabajo
BUK11927,2025-11-23,pos,cambio_organizacional
BUK11927,2026-05-08,neg,balance_vida_trabajo|carga_trabajo
BUK11928,2025-03-10,neg,claridad_rol
BUK11928,2025-04-25,neg,relacion_con_lider|herramientas_procesos
BUK11928,2026-08-27,neg,claridad_rol|desarrollo_carrera
BUK11929,2025-09-14,neg,onboarding|balance_vida_trabajo
BUK11929,2026-01-25,neg,balance_vida_trabajo
BUK11929,2026-03-05,neg,relacion_con_lider
BUK11929,2026-06-11,neg,cambio_organizacional|reconocimiento|desarrollo_carrera
BUK11930,2026-05-08,neu,compensacion
BUK11930,2026-07-16,pos,cambio_organizacional|compensacion|carga_trabajo
BUK11930,2026-08-01,pos,compensacion
BUK11931,2025-10-19,neg,relacion_con_lider|onboarding
BUK11931,2025-11-04,neg,herramientas_procesos
BUK11932,2026-01-22,pos,relacion_con_lider|reconocimiento
BUK11932,2026-05-30,pos,clima_equipo|balance_vida_trabajo
BUK11932,2026-06-23,neu,clima_equipo
BUK11933,2025-04-14,pos,herramientas_procesos|reconocimiento|movilidad_interna
BUK11933,2025-08-25,pos,reconocimiento|cambio_organizacional|claridad_rol
BUK11933,2025-09-22,neg,relacion_con_lider|cambio_organizacional|onboarding
BUK11933,2026-07-12,pos,cambio_organizacional
BUK11933,2026-08-07,neg,carga_trabajo
BUK11934,2025-07-09,pos,carga_trabajo|relacion_con_lider|clima_equipo
BUK11934,2025-08-12,pos,compensacion|relacion_con_lider|claridad_rol
BUK11935,2025-10-21,neu,cambio_organizacional
BUK11935,2025-11-22,pos,movilidad_interna|desarrollo_carrera
BUK11935,2026-03-11,pos,compensacion|reconocimiento
BUK11935,2026-04-29,pos,balance_vida_trabajo|reconocimiento|movilidad_interna
BUK11935,2026-05-24,neu,compensacion|reconocimiento
BUK11936,2026-04-12,neu,onboarding
BUK11936,2026-04-17,pos,desarrollo_carrera|balance_vida_trabajo
BUK11936,2026-04-21,neu,cambio_organizacional
BUK11936,2026-04-24,pos,herramientas_procesos|reconocimiento|compensacion
BUK11937,2026-01-14,pos,movilidad_interna|cambio_organizacional|relacion_con_lider
BUK11937,2026-02-07,neu,movilidad_interna|cambio_organizacional
BUK11937,2026-04-12,pos,carga_trabajo|relacion_con_lider
BUK11937,2026-06-14,pos,desarrollo_carrera|reconocimiento
BUK11937,2026-08-29,pos,desarrollo_carrera|relacion_con_lider
BUK11938,2026-06-02,neg,relacion_con_lider|herramientas_procesos|desarrollo_carrera
BUK11938,2026-06-10,neu,relacion_con_lider|herramientas_procesos
BUK11939,2026-05-23,pos,herramientas_procesos|compensacion
BUK11939,2026-05-27,pos,clima_equipo|reconocimiento
BUK11939,2026-07-31,pos,clima_equipo|reconocimiento|claridad_rol
BUK11939,2026-08-01,pos,relacion_con_lider
BUK11939,2026-08-20,pos,balance_vida_trabajo|relacion_con_lider
BUK11940,2025-06-12,neu,reconocimiento
BUK11940,2025-07-04,neg,reconocimiento|cambio_organizacional|clima_equipo
BUK11940,2025-07-23,pos,cambio_organizacional
BUK11940,2025-12-01,neg,balance_vida_trabajo
BUK11941,2026-07-26,pos,clima_equipo|carga_trabajo
BUK11942,2026-02-19,neu,herramientas_procesos|onboarding
BUK11942,2026-03-22,pos,carga_trabajo|balance_vida_trabajo|movilidad_interna
BUK11942,2026-06-02,pos,reconocimiento|cambio_organizacional
BUK11942,2026-06-16,pos,claridad_rol|desarrollo_carrera
BUK11943,2025-12-09,pos,reconocimiento|balance_vida_trabajo
BUK11943,2026-04-03,neu,reconocimiento|cambio_organizacional
BUK11943,2026-06-17,pos,balance_vida_trabajo
BUK11943,2026-07-30,neg,reconocimiento|carga_trabajo
BUK11944,2025-04-11,neg,balance_vida_trabajo
BUK11945,2025-05-24,pos,movilidad_interna|carga_trabajo
BUK11945,2025-05-26,pos,claridad_rol|carga_trabajo|herramientas_procesos
BUK11945,2025-10-19,pos,relacion_con_lider
BUK11945,2025-11-05,neu,claridad_rol
BUK11945,2026-04-27,pos,balance_vida_trabajo|compensacion
BUK11945,2026-05-07,neu,relacion_con_lider|carga_trabajo|cambio_organizacional
BUK11946,2026-02-03,neu,reconocimiento|movilidad_interna
BUK11946,2026-03-22,pos,desarrollo_carrera|compensacion
BUK11946,2026-07-04,neu,compensacion|desarrollo_carrera
BUK11946,2026-07-06,pos,movilidad_interna|reconocimiento
BUK11947,2025-04-15,pos,onboarding
BUK11947,2025-04-19,pos,desarrollo_carrera|relacion_con_lider
BUK11947,2025-07-12,pos,herramientas_procesos
BUK11948,2025-08-07,neu,relacion_con_lider|herramientas_procesos
BUK11949,2026-03-12,neu,cambio_organizacional|compensacion
BUK11949,2026-05-24,pos,claridad_rol
BUK11949,2026-08-05,pos,compensacion|onboarding|movilidad_interna
BUK11950,2025-03-15,pos,balance_vida_trabajo|clima_equipo
BUK11950,2025-04-07,pos,clima_equipo|reconocimiento
BUK11950,2025-04-10,pos,herramientas_procesos|desarrollo_carrera|compensacion
BUK11950,2025-06-01,pos,claridad_rol|carga_trabajo|desarrollo_carrera
BUK11950,2025-09-14,neu,reconocimiento|cambio_organizacional
BUK11951,2026-05-03,pos,carga_trabajo|relacion_con_lider
BUK11951,2026-06-25,pos,balance_vida_trabajo|carga_trabajo
BUK11951,2026-08-15,pos,claridad_rol|movilidad_interna
BUK11952,2026-06-02,pos,movilidad_interna|clima_equipo|reconocimiento
BUK11952,2026-06-16,neu,claridad_rol|clima_equipo
BUK11952,2026-08-01,pos,compensacion|onboarding|clima_equipo
BUK11952,2026-08-26,neu,onboarding|relacion_con_lider
BUK11953,2026-04-24,pos,reconocimiento|movilidad_interna|compensacion
BUK11953,2026-05-24,neu,compensacion|movilidad_interna|reconocimiento
BUK11954,2026-04-21,pos,relacion_con_lider
BUK11954,2026-05-16,neu,desarrollo_carrera|claridad_rol
BUK11954,2026-06-05,neu,balance_vida_trabajo
BUK11954,2026-06-06,pos,herramientas_procesos
BUK11956,2025-12-09,neu,movilidad_interna|desarrollo_carrera
BUK11956,2026-02-15,pos,movilidad_interna
BUK11956,2026-04-06,pos,claridad_rol
BUK11957,2026-08-02,neu,carga_trabajo|relacion_con_lider
BUK11957,2026-08-15,pos,carga_trabajo
BUK11958,2026-04-02,neg,relacion_con_lider|onboarding|claridad_rol
BUK11958,2026-04-16,neu,herramientas_procesos|relacion_con_lider
BUK11958,2026-05-10,neu,herramientas_procesos|relacion_con_lider
BUK11958,2026-07-30,neg,claridad_rol|herramientas_procesos
BUK11959,2025-05-22,neu,balance_vida_trabajo|carga_trabajo|claridad_rol
BUK11959,2025-10-15,pos,desarrollo_carrera
BUK11961,2026-06-01,neu,reconocimiento|balance_vida_trabajo|compensacion
BUK11961,2026-06-12,neu,balance_vida_trabajo|carga_trabajo
BUK11961,2026-07-05,neg,herramientas_procesos|balance_vida_trabajo
BUK11962,2025-06-24,neg,reconocimiento|clima_equipo
BUK11962,2026-02-23,neu,compensacion|reconocimiento
BUK11962,2026-03-06,neu,movilidad_interna|reconocimiento
BUK11962,2026-03-14,neu,movilidad_interna|onboarding
BUK11962,2026-04-14,neg,desarrollo_carrera|clima_equipo
BUK11962,2026-06-22,neu,reconocimiento|desarrollo_carrera
BUK11963,2025-09-17,pos,clima_equipo
BUK11963,2026-01-02,neg,clima_equipo|movilidad_interna|reconocimiento
BUK11963,2026-04-16,neu,onboarding
BUK11964,2026-03-19,pos,onboarding|claridad_rol
BUK11965,2025-04-20,neu,carga_trabajo|cambio_organizacional
BUK11965,2025-08-17,neu,onboarding|movilidad_interna
BUK11966,2025-07-02,pos,cambio_organizacional|clima_equipo
BUK11966,2025-08-27,neu,herramientas_procesos|desarrollo_carrera
BUK11966,2026-05-30,pos,onboarding|reconocimiento|movilidad_interna
BUK11966,2026-06-06,pos,cambio_organizacional|relacion_con_lider
BUK11967,2025-06-07,pos,carga_trabajo|clima_equipo
BUK11967,2025-09-23,neg,clima_equipo|claridad_rol
BUK11967,2025-11-11,neu,compensacion|herramientas_procesos
BUK11967,2025-11-28,neu,reconocimiento|carga_trabajo|clima_equipo
BUK11967,2025-12-20,neu,carga_trabajo|movilidad_interna|balance_vida_trabajo
BUK11968,2025-04-27,neu,movilidad_interna|clima_equipo
BUK11968,2025-04-28,neu,relacion_con_lider|reconocimiento
BUK11968,2025-10-19,neg,relacion_con_lider|herramientas_procesos|clima_equipo
BUK11968,2025-11-02,neu,movilidad_interna|balance_vida_trabajo|compensacion
BUK11968,2026-01-01,pos,herramientas_procesos|onboarding
BUK11968,2026-02-01,neu,herramientas_procesos|claridad_rol|movilidad_interna
BUK11968,2026-07-19,neu,onboarding|clima_equipo
BUK11969,2025-08-21,pos,herramientas_procesos|relacion_con_lider
BUK11969,2025-09-01,pos,onboarding|desarrollo_carrera
BUK11969,2025-09-03,pos,reconocimiento|cambio_organizacional
BUK11970,2025-06-21,neg,clima_equipo|carga_trabajo
BUK11970,2025-09-29,neg,claridad_rol|herramientas_procesos
BUK11971,2026-03-11,neu,carga_trabajo|desarrollo_carrera
BUK11972,2026-07-02,pos,relacion_con_lider|movilidad_interna
BUK11974,2026-05-15,neu,cambio_organizacional|clima_equipo
BUK11974,2026-07-23,pos,clima_equipo|movilidad_interna
BUK11974,2026-07-31,pos,compensacion|onboarding|cambio_organizacional
BUK11974,2026-08-24,neu,relacion_con_lider|claridad_rol|desarrollo_carrera
BUK11975,2025-08-09,neg,balance_vida_trabajo|onboarding
BUK11975,2025-09-09,neu,desarrollo_carrera
BUK11975,2025-12-10,neu,clima_equipo|balance_vida_trabajo
BUK11975,2026-01-23,neu,relacion_con_lider|balance_vida_trabajo|reconocimiento
BUK11976,2025-09-11,neu,clima_equipo|reconocimiento
BUK11977,2025-03-09,pos,reconocimiento
BUK11977,2025-04-08,neu,relacion_con_lider|movilidad_interna
BUK11977,2025-06-24,neu,movilidad_interna|cambio_organizacional
BUK11977,2026-02-18,neg,reconocimiento|clima_equipo|balance_vida_trabajo
BUK11977,2026-05-05,neg,compensacion
BUK11977,2026-05-15,neu,desarrollo_carrera|carga_trabajo|claridad_rol
BUK11977,2026-07-26,neu,claridad_rol|herramientas_procesos|balance_vida_trabajo
BUK11978,2026-01-22,neg,claridad_rol|herramientas_procesos|relacion_con_lider
BUK11978,2026-03-04,neg,onboarding|claridad_rol
BUK11978,2026-04-23,neg,claridad_rol|relacion_con_lider|herramientas_procesos
BUK11978,2026-07-26,neg,herramientas_procesos
BUK11979,2025-07-07,neu,carga_trabajo|relacion_con_lider
BUK11980,2026-01-24,pos,balance_vida_trabajo
BUK11980,2026-03-16,pos,desarrollo_carrera|onboarding|compensacion
BUK11980,2026-04-05,neu,onboarding|cambio_organizacional|balance_vida_trabajo
BUK11980,2026-06-25,neu,onboarding|carga_trabajo
BUK11981,2026-04-17,neg,carga_trabajo|balance_vida_trabajo
BUK11981,2026-05-08,neu,balance_vida_trabajo|reconocimiento|carga_trabajo
BUK11981,2026-06-11,neg,reconocimiento|relacion_con_lider
BUK11981,2026-06-11,pos,carga_trabajo|balance_vida_trabajo
BUK11981,2026-06-24,neg,balance_vida_trabajo|reconocimiento
BUK11982,2025-09-12,pos,compensacion|clima_equipo
BUK11982,2026-02-22,neg,clima_equipo
BUK11982,2026-04-05,neu,herramientas_procesos
BUK11982,2026-05-28,pos,reconocimiento|herramientas_procesos|cambio_organizacional
BUK11982,2026-08-20,pos,cambio_organizacional|movilidad_interna
BUK11982,2026-08-30,neu,balance_vida_trabajo|reconocimiento
BUK11983,2026-05-20,pos,claridad_rol
BUK11983,2026-05-27,pos,carga_trabajo|movilidad_interna
BUK11983,2026-06-10,neg,clima_equipo|cambio_organizacional|movilidad_interna
BUK11983,2026-08-17,pos,desarrollo_carrera
BUK11984,2025-07-24,pos,compensacion|herramientas_procesos
BUK11984,2025-11-06,pos,clima_equipo|movilidad_interna
BUK11986,2026-08-19,pos,claridad_rol|onboarding
BUK11987,2025-11-02,neg,herramientas_procesos|movilidad_interna|desarrollo_carrera
BUK11987,2026-06-28,pos,relacion_con_lider|balance_vida_trabajo
BUK11988,2026-03-11,neg,carga_trabajo|cambio_organizacional
BUK11988,2026-03-14,neu,relacion_con_lider|claridad_rol|compensacion
BUK11988,2026-05-04,pos,claridad_rol|herramientas_procesos|movilidad_interna
BUK11988,2026-06-08,pos,onboarding|movilidad_interna
BUK11988,2026-08-06,pos,herramientas_procesos
BUK11989,2025-05-17,neg,desarrollo_carrera|movilidad_interna
BUK11989,2026-01-31,neu,claridad_rol|onboarding
BUK11989,2026-07-10,neg,herramientas_procesos|clima_equipo|movilidad_interna
BUK11990,2025-09-24,neu,movilidad_interna|desarrollo_carrera
BUK11990,2025-12-04,pos,carga_trabajo|movilidad_interna
BUK11990,2025-12-15,pos,balance_vida_trabajo|onboarding|herramientas_procesos
BUK11990,2026-02-04,pos,reconocimiento|desarrollo_carrera|movilidad_interna
BUK11990,2026-03-13,pos,carga_trabajo
BUK11990,2026-05-29,neu,onboarding|claridad_rol
BUK11990,2026-08-30,pos,herramientas_procesos
BUK11991,2026-02-14,pos,reconocimiento
BUK11991,2026-03-24,neu,reconocimiento|balance_vida_trabajo|relacion_con_lider
BUK11991,2026-07-16,pos,movilidad_interna|compensacion
BUK11993,2025-05-20,neu,onboarding|reconocimiento
BUK11993,2025-07-07,pos,claridad_rol|compensacion|carga_trabajo
BUK11993,2025-12-02,pos,movilidad_interna|relacion_con_lider
BUK11993,2026-02-21,pos,claridad_rol|relacion_con_lider|cambio_organizacional
BUK11993,2026-05-22,pos,relacion_con_lider|reconocimiento
BUK11994,2025-03-04,pos,claridad_rol|cambio_organizacional
BUK11994,2025-04-23,neu,claridad_rol|carga_trabajo|cambio_organizacional
BUK11995,2025-05-26,pos,compensacion|balance_vida_trabajo|relacion_con_lider
BUK11995,2025-10-24,neg,relacion_con_lider|cambio_organizacional
BUK11995,2026-04-15,pos,desarrollo_carrera|carga_trabajo
BUK11995,2026-08-09,neg,reconocimiento|relacion_con_lider
BUK11996,2025-03-14,pos,compensacion|reconocimiento
BUK11996,2025-03-24,neu,reconocimiento
BUK11996,2025-04-04,neu,movilidad_interna|compensacion
BUK11997,2026-06-15,pos,compensacion
BUK11997,2026-08-04,pos,relacion_con_lider
BUK11997,2026-08-11,neu,onboarding|cambio_organizacional
BUK11997,2026-08-21,pos,herramientas_procesos|carga_trabajo
BUK11998,2025-05-04,neg,desarrollo_carrera|movilidad_interna
BUK11998,2025-05-15,pos,reconocimiento|compensacion|desarrollo_carrera
BUK11998,2026-03-19,neg,reconocimiento
BUK11998,2026-04-26,neu,desarrollo_carrera|reconocimiento
BUK11998,2026-07-14,neu,reconocimiento|compensacion
BUK11999,2026-04-22,neg,relacion_con_lider|onboarding
BUK11999,2026-07-21,neg,claridad_rol
BUK12000,2025-09-09,neu,balance_vida_trabajo
BUK12000,2025-10-22,neu,claridad_rol|herramientas_procesos
BUK12000,2025-11-14,pos,clima_equipo
BUK12001,2025-03-08,pos,compensacion|reconocimiento
BUK12001,2025-03-10,neu,desarrollo_carrera
BUK12001,2025-04-08,neu,compensacion|movilidad_interna
BUK12001,2025-04-28,pos,movilidad_interna|desarrollo_carrera|compensacion
BUK12001,2025-04-30,pos,movilidad_interna|compensacion
BUK12001,2025-05-09,pos,compensacion|desarrollo_carrera|reconocimiento
BUK12002,2025-07-15,pos,relacion_con_lider|claridad_rol|balance_vida_trabajo
BUK12002,2025-08-15,neg,reconocimiento
BUK12002,2025-09-05,pos,movilidad_interna|cambio_organizacional|relacion_con_lider
BUK12002,2025-10-12,pos,carga_trabajo|claridad_rol
BUK12002,2026-01-19,pos,herramientas_procesos|balance_vida_trabajo
BUK12003,2025-08-07,pos,cambio_organizacional|clima_equipo|relacion_con_lider
BUK12003,2025-10-09,neu,carga_trabajo|balance_vida_trabajo
BUK12003,2025-12-26,neg,cambio_organizacional|clima_equipo
BUK12003,2025-12-31,neu,relacion_con_lider|clima_equipo
BUK12004,2025-10-06,pos,compensacion|carga_trabajo|desarrollo_carrera
BUK12004,2025-10-26,pos,claridad_rol|reconocimiento|movilidad_interna
BUK12004,2025-11-15,pos,claridad_rol
BUK12004,2026-04-21,neu,onboarding|cambio_organizacional
BUK12005,2025-09-11,pos,reconocimiento|compensacion
BUK12005,2025-10-09,pos,herramientas_procesos|compensacion
BUK12005,2025-11-11,neu,herramientas_procesos|reconocimiento|clima_equipo
BUK12005,2026-01-22,neg,clima_equipo
BUK12005,2026-03-22,pos,claridad_rol|reconocimiento|cambio_organizacional
BUK12005,2026-04-03,pos,compensacion|claridad_rol|herramientas_procesos
BUK12005,2026-04-18,neu,herramientas_procesos|movilidad_interna
BUK12006,2025-12-23,neu,herramientas_procesos|compensacion
BUK12006,2026-01-31,pos,balance_vida_trabajo
BUK12006,2026-02-19,neg,carga_trabajo|reconocimiento
BUK12006,2026-04-29,neg,reconocimiento|compensacion
BUK12007,2025-05-04,neg,claridad_rol
BUK12007,2025-05-09,pos,clima_equipo|balance_vida_trabajo
BUK12007,2025-08-14,neg,cambio_organizacional|relacion_con_lider
BUK12007,2025-09-15,pos,compensacion
BUK12007,2026-02-02,neu,balance_vida_trabajo|herramientas_procesos|relacion_con_lider
BUK12007,2026-04-19,pos,relacion_con_lider|claridad_rol
BUK12008,2025-03-19,neu,claridad_rol|desarrollo_carrera
BUK12009,2025-12-27,pos,claridad_rol|clima_equipo
BUK12009,2026-01-17,pos,relacion_con_lider
BUK12009,2026-02-03,neu,balance_vida_trabajo|cambio_organizacional
BUK12009,2026-02-06,pos,movilidad_interna
BUK12009,2026-02-09,neg,relacion_con_lider
BUK12009,2026-05-17,neu,herramientas_procesos|compensacion
BUK12009,2026-05-31,pos,balance_vida_trabajo|compensacion
BUK12010,2025-06-29,pos,carga_trabajo|balance_vida_trabajo
BUK12010,2025-07-19,pos,relacion_con_lider|desarrollo_carrera|movilidad_interna
BUK12010,2026-02-06,pos,cambio_organizacional|clima_equipo
BUK12010,2026-03-07,pos,balance_vida_trabajo|onboarding
BUK12010,2026-06-01,neu,desarrollo_carrera
BUK12010,2026-06-07,neu,clima_equipo|herramientas_procesos
BUK12011,2025-03-26,neg,balance_vida_trabajo|claridad_rol|herramientas_procesos
BUK12011,2025-05-16,neg,clima_equipo
BUK12012,2025-10-17,pos,balance_vida_trabajo|onboarding
BUK12012,2025-12-11,pos,desarrollo_carrera|reconocimiento
BUK12012,2026-01-02,pos,herramientas_procesos|cambio_organizacional
BUK12012,2026-03-31,pos,carga_trabajo
BUK12012,2026-04-09,pos,carga_trabajo|reconocimiento|relacion_con_lider
BUK12013,2025-10-06,pos,herramientas_procesos|carga_trabajo|reconocimiento
BUK12013,2025-12-16,neu,claridad_rol|carga_trabajo
BUK12014,2025-05-20,neg,compensacion|clima_equipo
BUK12014,2025-05-31,neg,movilidad_interna
BUK12014,2025-08-11,neg,relacion_con_lider|cambio_organizacional
BUK12014,2025-08-20,neu,desarrollo_carrera|carga_trabajo
BUK12015,2025-12-13,pos,reconocimiento|carga_trabajo
BUK12015,2026-02-05,neu,relacion_con_lider|desarrollo_carrera
BUK12015,2026-08-10,neu,carga_trabajo
BUK12017,2025-07-27,neu,balance_vida_trabajo|compensacion
BUK12017,2025-10-28,pos,reconocimiento|carga_trabajo|cambio_organizacional
BUK12017,2025-12-29,neg,balance_vida_trabajo
BUK12018,2025-04-14,neu,compensacion|carga_trabajo|relacion_con_lider
BUK12018,2025-06-02,neu,desarrollo_carrera|reconocimiento
BUK12018,2025-08-06,neu,clima_equipo
BUK12018,2025-10-09,neu,compensacion|desarrollo_carrera|clima_equipo
BUK12018,2026-04-20,neu,cambio_organizacional|reconocimiento
BUK12018,2026-06-08,neg,relacion_con_lider|movilidad_interna|compensacion
BUK12019,2025-04-14,pos,relacion_con_lider|cambio_organizacional
BUK12019,2026-01-10,pos,carga_trabajo|herramientas_procesos
BUK12019,2026-05-07,neu,movilidad_interna|cambio_organizacional
BUK12019,2026-05-22,pos,balance_vida_trabajo
BUK12020,2025-08-05,pos,claridad_rol|compensacion
BUK12020,2025-08-09,neg,movilidad_interna|herramientas_procesos
BUK12020,2025-12-09,neu,reconocimiento
BUK12020,2026-02-25,neu,carga_trabajo|balance_vida_trabajo
BUK12021,2025-08-09,pos,clima_equipo|claridad_rol
BUK12021,2025-10-06,neu,cambio_organizacional|compensacion
BUK12021,2026-04-18,pos,relacion_con_lider
BUK12022,2025-11-21,pos,herramientas_procesos|cambio_organizacional|relacion_con_lider
BUK12022,2026-04-04,neu,claridad_rol
BUK12022,2026-05-09,pos,carga_trabajo|onboarding
BUK12023,2026-01-05,pos,compensacion|movilidad_interna
BUK12023,2026-05-05,neu,movilidad_interna|clima_equipo
BUK12024,2026-07-18,pos,relacion_con_lider|balance_vida_trabajo
BUK12024,2026-07-19,pos,clima_equipo|movilidad_interna
BUK12025,2026-03-03,neg,clima_equipo
BUK12025,2026-03-04,neu,cambio_organizacional|clima_equipo
BUK12025,2026-03-14,neg,balance_vida_trabajo|reconocimiento
BUK12025,2026-03-16,neg,balance_vida_trabajo|carga_trabajo
BUK12025,2026-03-21,neu,cambio_organizacional|clima_equipo|carga_trabajo
BUK12026,2026-05-20,pos,desarrollo_carrera|onboarding
BUK12026,2026-07-14,neu,relacion_con_lider|desarrollo_carrera|carga_trabajo
BUK12027,2025-07-16,neg,desarrollo_carrera|balance_vida_trabajo
BUK12027,2025-10-26,pos,claridad_rol|compensacion
BUK12027,2026-02-02,pos,desarrollo_carrera|movilidad_interna|reconocimiento
BUK12027,2026-05-08,pos,relacion_con_lider|herramientas_procesos
BUK12028,2025-12-03,neu,carga_trabajo|balance_vida_trabajo|cambio_organizacional
BUK12028,2026-08-20,neg,relacion_con_lider|balance_vida_trabajo
BUK12029,2025-03-04,neu,herramientas_procesos
BUK12029,2025-04-04,neu,reconocimiento|onboarding
BUK12029,2025-04-30,neg,claridad_rol|desarrollo_carrera
BUK12029,2025-09-12,pos,clima_equipo|balance_vida_trabajo
BUK12030,2025-04-28,pos,relacion_con_lider|desarrollo_carrera
BUK12030,2025-12-02,pos,relacion_con_lider|movilidad_interna
BUK12030,2026-01-24,pos,carga_trabajo
BUK12030,2026-03-14,neu,movilidad_interna|carga_trabajo|claridad_rol
BUK12030,2026-08-10,pos,movilidad_interna
BUK12031,2025-12-30,pos,desarrollo_carrera|movilidad_interna
BUK12031,2026-01-10,neu,compensacion|desarrollo_carrera
BUK12031,2026-02-04,neu,compensacion
BUK12031,2026-05-09,pos,movilidad_interna|compensacion
BUK12031,2026-05-15,pos,movilidad_interna|desarrollo_carrera
BUK12031,2026-06-02,neu,compensacion|desarrollo_carrera
BUK12031,2026-06-23,pos,desarrollo_carrera|reconocimiento
BUK12032,2025-03-24,neg,cambio_organizacional|carga_trabajo|balance_vida_trabajo
BUK12032,2025-04-10,neu,carga_trabajo|cambio_organizacional
BUK12032,2025-05-06,pos,clima_equipo|balance_vida_trabajo
BUK12032,2025-06-11,neg,reconocimiento
BUK12033,2025-08-22,pos,cambio_organizacional|relacion_con_lider
BUK12033,2025-11-02,neu,carga_trabajo|cambio_organizacional
BUK12034,2025-04-27,pos,clima_equipo|reconocimiento
BUK12034,2025-09-06,pos,movilidad_interna|cambio_organizacional
BUK12034,2025-11-02,pos,carga_trabajo|claridad_rol
BUK12035,2026-03-05,pos,compensacion|relacion_con_lider
BUK12035,2026-03-23,pos,cambio_organizacional|compensacion
BUK12035,2026-04-20,neu,compensacion|onboarding
BUK12035,2026-05-24,pos,carga_trabajo|herramientas_procesos|clima_equipo
BUK12035,2026-06-10,neu,claridad_rol
BUK12035,2026-07-02,neu,carga_trabajo
BUK12035,2026-08-01,neu,reconocimiento|clima_equipo
BUK12036,2026-07-20,neu,reconocimiento|cambio_organizacional
BUK12036,2026-07-20,neg,balance_vida_trabajo|clima_equipo|cambio_organizacional
BUK12036,2026-07-29,neg,clima_equipo|carga_trabajo
BUK12036,2026-08-06,neu,cambio_organizacional|carga_trabajo|relacion_con_lider
BUK12036,2026-08-15,neu,relacion_con_lider|reconocimiento
BUK12036,2026-08-23,neg,clima_equipo
BUK12037,2025-05-13,pos,relacion_con_lider|cambio_organizacional
BUK12037,2025-07-29,neu,compensacion|clima_equipo
BUK12037,2026-07-05,pos,cambio_organizacional
BUK12038,2026-08-14,neu,onboarding
BUK12039,2026-03-05,pos,onboarding
BUK12039,2026-03-31,pos,compensacion|cambio_organizacional
BUK12040,2026-02-10,neu,clima_equipo
BUK12041,2025-09-14,neu,reconocimiento|claridad_rol
BUK12041,2026-06-24,pos,compensacion|cambio_organizacional
BUK12042,2025-12-06,neg,desarrollo_carrera
BUK12042,2026-01-15,neg,movilidad_interna
BUK12042,2026-01-21,pos,compensacion|reconocimiento
BUK12042,2026-03-20,pos,movilidad_interna|reconocimiento
BUK12042,2026-04-30,pos,desarrollo_carrera|compensacion
BUK12042,2026-05-11,pos,reconocimiento|movilidad_interna
BUK12042,2026-08-13,neu,compensacion|desarrollo_carrera
BUK12043,2025-12-30,pos,clima_equipo|reconocimiento
BUK12043,2026-01-12,neu,claridad_rol|cambio_organizacional
BUK12043,2026-04-23,neu,clima_equipo
BUK12043,2026-05-30,pos,clima_equipo|movilidad_interna
BUK12043,2026-08-15,pos,desarrollo_carrera|relacion_con_lider
BUK12044,2026-04-26,pos,onboarding|relacion_con_lider
BUK12044,2026-05-12,pos,carga_trabajo|relacion_con_lider
BUK12044,2026-07-09,pos,balance_vida_trabajo|movilidad_interna
BUK12044,2026-08-29,pos,clima_equipo|carga_trabajo
BUK12045,2026-02-14,neg,cambio_organizacional
BUK12045,2026-03-05,neg,carga_trabajo|clima_equipo
BUK12045,2026-06-18,neg,carga_trabajo|clima_equipo
BUK12045,2026-06-19,neg,cambio_organizacional|clima_equipo
BUK12045,2026-07-25,neu,balance_vida_trabajo|reconocimiento|clima_equipo
BUK12046,2026-02-27,neg,cambio_organizacional|herramientas_procesos
BUK12047,2026-06-22,neu,balance_vida_trabajo|desarrollo_carrera
BUK12047,2026-07-31,neg,claridad_rol|desarrollo_carrera
BUK12047,2026-08-29,pos,movilidad_interna|cambio_organizacional|onboarding
BUK12048,2025-11-11,neu,claridad_rol
BUK12048,2025-11-28,pos,claridad_rol
BUK12048,2025-12-19,pos,herramientas_procesos|desarrollo_carrera
BUK12048,2026-02-18,pos,herramientas_procesos|desarrollo_carrera|relacion_con_lider
BUK12049,2025-04-20,pos,reconocimiento|claridad_rol
BUK12049,2025-07-29,pos,movilidad_interna|clima_equipo
BUK12049,2025-08-08,neg,clima_equipo|cambio_organizacional
BUK12049,2025-09-26,neu,clima_equipo|compensacion|claridad_rol
BUK12049,2026-02-09,pos,reconocimiento|herramientas_procesos
BUK12049,2026-05-28,pos,claridad_rol
BUK12049,2026-06-03,neu,desarrollo_carrera|reconocimiento
BUK12050,2025-07-05,neu,reconocimiento|desarrollo_carrera|movilidad_interna
BUK12050,2025-10-01,pos,claridad_rol
BUK12050,2026-03-07,neu,clima_equipo
BUK12050,2026-05-03,neu,reconocimiento
BUK12051,2025-12-22,neg,movilidad_interna|cambio_organizacional
BUK12051,2026-03-07,neu,cambio_organizacional|onboarding
BUK12052,2025-12-02,neu,relacion_con_lider
BUK12052,2026-01-10,neu,claridad_rol|herramientas_procesos|onboarding
BUK12052,2026-01-16,neu,relacion_con_lider|herramientas_procesos|claridad_rol
BUK12052,2026-01-17,neg,onboarding
BUK12053,2025-07-13,pos,reconocimiento|balance_vida_trabajo
BUK12053,2025-11-23,pos,reconocimiento|balance_vida_trabajo
BUK12053,2026-03-06,neg,cambio_organizacional|reconocimiento
BUK12053,2026-03-29,neu,relacion_con_lider|balance_vida_trabajo
BUK12053,2026-06-30,neg,reconocimiento|balance_vida_trabajo|clima_equipo
BUK12053,2026-08-15,neg,carga_trabajo|balance_vida_trabajo
BUK12054,2026-04-06,pos,movilidad_interna|desarrollo_carrera
BUK12054,2026-07-25,pos,balance_vida_trabajo
BUK12054,2026-08-06,pos,movilidad_interna
BUK12055,2025-06-04,neu,claridad_rol|carga_trabajo|relacion_con_lider
BUK12055,2025-09-16,pos,relacion_con_lider|onboarding
BUK12055,2025-09-23,pos,relacion_con_lider|herramientas_procesos
BUK12055,2025-09-26,neg,reconocimiento|onboarding
BUK12055,2025-11-29,neu,balance_vida_trabajo|herramientas_procesos|onboarding
BUK12055,2026-01-28,pos,carga_trabajo|onboarding
BUK12055,2026-03-16,pos,onboarding|compensacion
BUK12056,2025-11-13,neu,compensacion|reconocimiento|desarrollo_carrera
BUK12056,2025-11-22,pos,reconocimiento
BUK12056,2026-03-07,pos,reconocimiento|movilidad_interna
BUK12056,2026-04-04,pos,compensacion
BUK12057,2026-02-17,neu,movilidad_interna|cambio_organizacional
BUK12057,2026-05-24,pos,onboarding|balance_vida_trabajo
BUK12057,2026-07-09,neg,reconocimiento|cambio_organizacional
BUK12057,2026-07-20,neu,cambio_organizacional|herramientas_procesos
BUK12058,2025-03-17,pos,cambio_organizacional
BUK12058,2025-05-02,pos,cambio_organizacional
BUK12058,2026-01-05,pos,cambio_organizacional|desarrollo_carrera
BUK12059,2026-02-19,neu,desarrollo_carrera|onboarding|reconocimiento
BUK12059,2026-06-02,neu,movilidad_interna
BUK12060,2026-03-24,pos,desarrollo_carrera
BUK12060,2026-08-07,pos,reconocimiento|desarrollo_carrera
BUK12060,2026-08-10,pos,claridad_rol|clima_equipo
BUK12060,2026-08-20,pos,herramientas_procesos|claridad_rol
BUK12061,2026-07-06,pos,onboarding|balance_vida_trabajo|carga_trabajo
BUK12061,2026-07-11,pos,reconocimiento|herramientas_procesos|onboarding
BUK12061,2026-07-13,neu,balance_vida_trabajo|relacion_con_lider
BUK12062,2025-12-23,neg,relacion_con_lider|carga_trabajo
BUK12062,2026-04-16,pos,cambio_organizacional|carga_trabajo|clima_equipo
BUK12062,2026-05-11,pos,relacion_con_lider|carga_trabajo
BUK12062,2026-05-29,neg,clima_equipo|reconocimiento
BUK12062,2026-06-19,pos,balance_vida_trabajo|carga_trabajo
BUK12062,2026-08-02,pos,relacion_con_lider
BUK12063,2026-03-05,pos,onboarding
BUK12063,2026-04-10,pos,carga_trabajo|desarrollo_carrera
BUK12063,2026-06-02,pos,claridad_rol|carga_trabajo
BUK12063,2026-07-05,pos,carga_trabajo|relacion_con_lider
BUK12063,2026-08-10,pos,movilidad_interna
BUK12064,2026-07-15,neu,desarrollo_carrera|movilidad_interna
BUK12064,2026-08-03,neg,reconocimiento|desarrollo_carrera
BUK12065,2025-05-25,pos,relacion_con_lider|cambio_organizacional
BUK12065,2025-07-06,neg,reconocimiento|relacion_con_lider
BUK12065,2025-09-15,pos,carga_trabajo|onboarding
BUK12065,2026-08-04,pos,cambio_organizacional
BUK12065,2026-08-16,neu,cambio_organizacional
BUK12066,2026-05-11,neg,herramientas_procesos|onboarding
BUK12066,2026-05-14,neg,onboarding
BUK12066,2026-05-22,pos,relacion_con_lider|herramientas_procesos|claridad_rol
BUK12066,2026-07-06,neu,claridad_rol|herramientas_procesos|relacion_con_lider
BUK12067,2025-05-06,neu,herramientas_procesos
BUK12067,2025-06-08,pos,herramientas_procesos|balance_vida_trabajo|onboarding
BUK12067,2025-08-28,neu,relacion_con_lider|movilidad_interna
BUK12067,2025-11-06,neu,carga_trabajo|onboarding|cambio_organizacional
BUK12067,2025-12-01,pos,herramientas_procesos|reconocimiento|desarrollo_carrera
BUK12068,2025-08-26,neg,reconocimiento|balance_vida_trabajo|relacion_con_lider
BUK12068,2025-09-04,neg,clima_equipo|balance_vida_trabajo
BUK12068,2025-09-06,neg,carga_trabajo|balance_vida_trabajo
BUK12068,2025-09-08,neu,cambio_organizacional|reconocimiento
BUK12069,2026-07-10,neu,carga_trabajo
BUK12069,2026-08-24,pos,cambio_organizacional
BUK12070,2026-03-13,neu,claridad_rol
BUK12071,2026-07-31,neg,desarrollo_carrera|claridad_rol|reconocimiento
BUK12071,2026-08-01,neu,desarrollo_carrera|cambio_organizacional
BUK12071,2026-08-16,neg,carga_trabajo|compensacion
BUK12071,2026-08-28,neu,balance_vida_trabajo|compensacion
BUK12072,2025-05-15,neu,compensacion|reconocimiento
BUK12072,2025-08-26,pos,compensacion
BUK12072,2026-04-10,neu,compensacion|movilidad_interna
BUK12072,2026-06-15,pos,compensacion|reconocimiento
BUK12073,2026-06-14,neu,balance_vida_trabajo|cambio_organizacional
BUK12073,2026-07-12,neg,balance_vida_trabajo
BUK12074,2025-04-06,pos,compensacion|cambio_organizacional|relacion_con_lider
BUK12074,2025-07-27,pos,reconocimiento|onboarding
BUK12074,2025-10-01,neu,cambio_organizacional|clima_equipo
BUK12074,2025-11-24,pos,relacion_con_lider|movilidad_interna
BUK12074,2026-01-15,neu,compensacion
BUK12075,2025-11-22,pos,clima_equipo|relacion_con_lider
BUK12075,2026-04-20,neu,clima_equipo|claridad_rol
BUK12076,2026-04-05,pos,onboarding|cambio_organizacional|movilidad_interna
BUK12076,2026-04-19,pos,herramientas_procesos|balance_vida_trabajo|cambio_organizacional
BUK12076,2026-05-02,neu,movilidad_interna|desarrollo_carrera|relacion_con_lider
BUK12076,2026-06-03,neu,desarrollo_carrera
BUK12077,2025-08-30,pos,cambio_organizacional|onboarding|carga_trabajo
BUK12077,2025-09-16,neu,compensacion|reconocimiento|cambio_organizacional
BUK12077,2026-06-22,neu,carga_trabajo
BUK12078,2026-07-19,neg,herramientas_procesos|onboarding
BUK12078,2026-07-22,neu,relacion_con_lider|herramientas_procesos|claridad_rol
BUK12078,2026-07-27,neu,relacion_con_lider|onboarding|herramientas_procesos
BUK12079,2025-03-27,neu,balance_vida_trabajo
BUK12079,2025-08-10,neg,balance_vida_trabajo|clima_equipo
BUK12079,2026-03-25,neg,balance_vida_trabajo|cambio_organizacional
BUK12080,2025-04-25,neu,desarrollo_carrera|reconocimiento
BUK12080,2025-08-27,neu,balance_vida_trabajo
BUK12080,2025-09-25,pos,reconocimiento
BUK12080,2026-07-11,neu,relacion_con_lider|balance_vida_trabajo
BUK12081,2025-03-05,pos,carga_trabajo|reconocimiento
BUK12081,2025-04-13,pos,movilidad_interna|relacion_con_lider|onboarding
BUK12081,2025-07-26,neu,relacion_con_lider|claridad_rol|onboarding
BUK12082,2026-06-05,neg,desarrollo_carrera|compensacion
BUK12082,2026-07-23,pos,desarrollo_carrera|compensacion|reconocimiento
BUK12082,2026-07-24,pos,reconocimiento|desarrollo_carrera|movilidad_interna
BUK12082,2026-08-13,neg,movilidad_interna|reconocimiento|desarrollo_carrera
BUK12083,2026-01-08,neu,cambio_organizacional|relacion_con_lider
BUK12083,2026-01-15,pos,carga_trabajo|reconocimiento|desarrollo_carrera
BUK12084,2025-11-12,neu,carga_trabajo|desarrollo_carrera
BUK12084,2025-11-23,neu,claridad_rol|movilidad_interna
BUK12084,2025-12-12,pos,movilidad_interna|herramientas_procesos
BUK12084,2025-12-19,pos,movilidad_interna|cambio_organizacional
BUK12085,2025-04-29,neu,cambio_organizacional
BUK12085,2025-12-10,neu,cambio_organizacional|compensacion
BUK12085,2026-07-06,pos,desarrollo_carrera|cambio_organizacional|herramientas_procesos
BUK12086,2026-05-22,neu,compensacion|desarrollo_carrera|movilidad_interna
BUK12086,2026-05-22,neu,compensacion
BUK12086,2026-05-23,neu,reconocimiento|movilidad_interna|compensacion
BUK12086,2026-05-26,pos,reconocimiento|desarrollo_carrera
BUK12087,2025-08-28,pos,herramientas_procesos
BUK12087,2026-02-27,neu,balance_vida_trabajo|clima_equipo|relacion_con_lider
BUK12087,2026-04-17,neu,movilidad_interna
BUK12087,2026-06-29,neu,clima_equipo|cambio_organizacional
BUK12088,2025-03-18,neg,compensacion
BUK12088,2025-04-29,neg,movilidad_interna|clima_equipo|compensacion
BUK12088,2025-05-21,neg,cambio_organizacional|compensacion
BUK12088,2025-06-05,pos,claridad_rol|reconocimiento|onboarding
BUK12088,2025-12-16,neg,onboarding|compensacion
BUK12088,2026-01-27,neu,compensacion|desarrollo_carrera
BUK12088,2026-04-10,neu,herramientas_procesos
BUK12089,2026-07-08,neu,compensacion|movilidad_interna
BUK12089,2026-08-09,neu,cambio_organizacional|reconocimiento
BUK12089,2026-08-30,neg,onboarding|claridad_rol|movilidad_interna
BUK12090,2025-03-10,neu,reconocimiento|desarrollo_carrera
BUK12090,2025-04-24,pos,compensacion|desarrollo_carrera
BUK12092,2025-04-27,neu,herramientas_procesos|claridad_rol
BUK12092,2026-01-26,neg,herramientas_procesos|balance_vida_trabajo|movilidad_interna
BUK12092,2026-06-16,neu,cambio_organizacional|claridad_rol
BUK12093,2026-05-02,neu,balance_vida_trabajo
BUK12093,2026-05-20,pos,carga_trabajo|claridad_rol|herramientas_procesos
BUK12093,2026-06-07,neu,desarrollo_carrera|relacion_con_lider|cambio_organizacional
BUK12093,2026-07-12,neg,reconocimiento|cambio_organizacional
BUK12093,2026-07-23,neg,herramientas_procesos
BUK12093,2026-07-24,neg,reconocimiento
BUK12094,2025-04-07,pos,reconocimiento
BUK12094,2025-06-22,pos,herramientas_procesos
BUK12094,2025-07-04,pos,compensacion|reconocimiento|desarrollo_carrera
BUK12095,2025-10-09,pos,movilidad_interna
BUK12095,2025-11-10,neu,desarrollo_carrera|relacion_con_lider|compensacion
BUK12096,2025-10-04,pos,desarrollo_carrera|balance_vida_trabajo
BUK12096,2026-03-15,neu,claridad_rol|cambio_organizacional
BUK12096,2026-05-21,neu,carga_trabajo|compensacion|balance_vida_trabajo
BUK12097,2025-07-04,pos,desarrollo_carrera|movilidad_interna
BUK12097,2025-12-28,neg,reconocimiento
BUK12097,2026-01-01,neg,reconocimiento|movilidad_interna
BUK12098,2026-03-15,pos,onboarding
BUK12098,2026-08-09,pos,cambio_organizacional|carga_trabajo
BUK12099,2025-08-28,pos,compensacion|reconocimiento
BUK12099,2026-03-13,neu,reconocimiento|movilidad_interna|compensacion
BUK12099,2026-04-28,neg,movilidad_interna|compensacion
BUK12099,2026-05-04,neg,compensacion|desarrollo_carrera|movilidad_interna
BUK12100,2026-04-08,pos,carga_trabajo|balance_vida_trabajo
BUK12100,2026-08-10,neg,cambio_organizacional|reconocimiento
BUK12101,2026-04-27,pos,carga_trabajo|reconocimiento|compensacion
BUK12101,2026-07-17,pos,onboarding
BUK12101,2026-08-08,neu,clima_equipo|balance_vida_trabajo
BUK12102,2025-05-22,pos,relacion_con_lider|clima_equipo
BUK12102,2025-07-06,pos,reconocimiento|balance_vida_trabajo|relacion_con_lider
BUK12102,2025-08-14,neu,balance_vida_trabajo|carga_trabajo
BUK12103,2025-04-04,neu,compensacion
BUK12103,2025-05-25,pos,reconocimiento|balance_vida_trabajo|onboarding
BUK12103,2025-08-20,pos,balance_vida_trabajo|claridad_rol|herramientas_procesos
BUK12103,2025-09-25,neg,compensacion|cambio_organizacional|clima_equipo
BUK12103,2026-08-13,pos,cambio_organizacional|balance_vida_trabajo
BUK12104,2025-03-12,pos,clima_equipo
BUK12104,2025-03-17,neu,desarrollo_carrera|compensacion|cambio_organizacional
BUK12104,2025-05-10,pos,reconocimiento|claridad_rol
BUK12104,2025-06-30,neu,clima_equipo
BUK12105,2025-03-31,neu,onboarding|balance_vida_trabajo
BUK12105,2025-06-09,neu,compensacion
BUK12105,2025-06-28,pos,claridad_rol|desarrollo_carrera
BUK12105,2025-07-14,neu,cambio_organizacional|balance_vida_trabajo|movilidad_interna
BUK12105,2026-05-03,neu,compensacion
BUK12106,2026-04-18,neg,claridad_rol|relacion_con_lider
BUK12107,2025-10-24,neu,onboarding|desarrollo_carrera|herramientas_procesos
BUK12107,2026-04-19,neg,cambio_organizacional|movilidad_interna|reconocimiento
BUK12107,2026-05-05,neu,movilidad_interna|desarrollo_carrera
BUK12107,2026-06-04,neu,movilidad_interna|carga_trabajo
BUK12108,2025-09-17,pos,reconocimiento|balance_vida_trabajo
BUK12109,2026-01-25,neu,balance_vida_trabajo|reconocimiento
BUK12109,2026-02-26,pos,cambio_organizacional|carga_trabajo|reconocimiento
BUK12110,2025-10-22,neu,carga_trabajo
BUK12110,2025-11-29,neu,herramientas_procesos|reconocimiento
BUK12110,2026-02-01,neg,clima_equipo|balance_vida_trabajo|herramientas_procesos
BUK12110,2026-02-20,neg,compensacion|movilidad_interna
BUK12110,2026-08-23,neg,compensacion|carga_trabajo
BUK12111,2026-02-16,neg,carga_trabajo|reconocimiento|clima_equipo
BUK12111,2026-03-21,neg,carga_trabajo|reconocimiento
BUK12111,2026-03-26,neg,clima_equipo
BUK12112,2025-11-02,pos,desarrollo_carrera|compensacion
BUK12113,2026-04-18,pos,clima_equipo
BUK12113,2026-07-13,pos,balance_vida_trabajo|cambio_organizacional
BUK12113,2026-08-02,pos,balance_vida_trabajo|relacion_con_lider
BUK12114,2025-12-28,pos,compensacion
BUK12114,2026-01-16,pos,compensacion|relacion_con_lider
BUK12115,2026-03-02,pos,desarrollo_carrera
BUK12115,2026-07-13,pos,relacion_con_lider
BUK12116,2025-05-10,pos,relacion_con_lider|onboarding
BUK12116,2025-08-28,pos,onboarding
BUK12116,2025-09-11,neu,herramientas_procesos|carga_trabajo
BUK12116,2026-05-04,neu,claridad_rol|herramientas_procesos
BUK12117,2025-10-17,pos,compensacion
BUK12117,2025-11-20,neu,claridad_rol
BUK12117,2026-03-03,pos,cambio_organizacional|onboarding
BUK12117,2026-03-26,neg,herramientas_procesos
BUK12117,2026-08-18,neu,carga_trabajo|desarrollo_carrera|movilidad_interna
BUK12118,2025-06-07,neg,desarrollo_carrera
BUK12118,2025-11-21,neg,desarrollo_carrera
BUK12119,2026-05-06,pos,movilidad_interna|clima_equipo
BUK12120,2025-07-20,neg,reconocimiento|movilidad_interna
BUK12120,2025-11-26,neu,compensacion|movilidad_interna
BUK12121,2025-11-14,neu,reconocimiento
BUK12121,2026-02-16,neg,movilidad_interna|relacion_con_lider
BUK12121,2026-08-10,neu,herramientas_procesos|onboarding
BUK12122,2025-03-01,neu,claridad_rol
BUK12122,2025-08-15,pos,desarrollo_carrera
BUK12122,2025-09-02,pos,clima_equipo
BUK12123,2025-05-11,neu,cambio_organizacional|claridad_rol|herramientas_procesos
BUK12123,2025-12-24,pos,balance_vida_trabajo
BUK12123,2026-06-23,pos,movilidad_interna|balance_vida_trabajo
BUK12123,2026-08-13,neu,onboarding
BUK12124,2025-10-26,neu,compensacion|reconocimiento
BUK12124,2025-11-24,pos,onboarding|movilidad_interna
BUK12124,2026-03-26,pos,reconocimiento|herramientas_procesos
BUK12125,2025-09-04,pos,movilidad_interna|clima_equipo
BUK12125,2026-01-22,pos,compensacion|relacion_con_lider|clima_equipo
BUK12125,2026-04-12,neg,compensacion|relacion_con_lider|clima_equipo
BUK12126,2026-06-21,neu,relacion_con_lider|compensacion
BUK12127,2025-06-03,neu,desarrollo_carrera|claridad_rol|reconocimiento
BUK12127,2025-09-30,pos,clima_equipo|relacion_con_lider|carga_trabajo
BUK12127,2025-10-15,pos,movilidad_interna|herramientas_procesos
BUK12127,2026-01-16,pos,cambio_organizacional|desarrollo_carrera
BUK12128,2025-06-16,pos,desarrollo_carrera
BUK12128,2025-12-04,pos,reconocimiento
BUK12128,2026-01-06,neg,reconocimiento|desarrollo_carrera
BUK12129,2025-12-27,pos,desarrollo_carrera
BUK12129,2026-01-30,neu,movilidad_interna
BUK12129,2026-02-15,neu,clima_equipo|desarrollo_carrera
BUK12129,2026-08-11,neu,balance_vida_trabajo
BUK12130,2026-08-13,neu,onboarding|relacion_con_lider|desarrollo_carrera
BUK12131,2025-06-19,neg,reconocimiento|movilidad_interna
BUK12131,2025-08-15,neu,cambio_organizacional|compensacion
BUK12132,2025-12-22,neg,relacion_con_lider
BUK12132,2026-04-19,neu,clima_equipo|cambio_organizacional
BUK12133,2025-07-24,pos,claridad_rol
BUK12133,2026-03-24,neu,cambio_organizacional|herramientas_procesos|claridad_rol
BUK12133,2026-07-28,pos,balance_vida_trabajo|herramientas_procesos|clima_equipo
BUK12134,2025-06-08,neg,clima_equipo|herramientas_procesos
BUK12134,2025-08-15,neu,herramientas_procesos|clima_equipo|movilidad_interna
BUK12134,2025-12-27,pos,claridad_rol
BUK12134,2026-01-29,pos,cambio_organizacional
BUK12135,2025-11-15,neu,clima_equipo|movilidad_interna|compensacion
BUK12135,2026-04-26,pos,relacion_con_lider
BUK12135,2026-05-01,pos,clima_equipo
BUK12135,2026-06-23,pos,cambio_organizacional|herramientas_procesos
BUK12136,2025-08-09,neu,reconocimiento|relacion_con_lider
BUK12136,2025-11-11,neu,clima_equipo
BUK12136,2026-07-16,neu,reconocimiento
BUK12137,2025-05-28,pos,relacion_con_lider
BUK12137,2025-12-06,neu,reconocimiento|clima_equipo|relacion_con_lider
BUK12137,2026-04-21,pos,cambio_organizacional
BUK12138,2025-10-18,pos,desarrollo_carrera|reconocimiento
BUK12138,2026-03-30,neu,clima_equipo|herramientas_procesos|onboarding
BUK12138,2026-05-04,neu,movilidad_interna|clima_equipo|reconocimiento
BUK12138,2026-05-06,neu,balance_vida_trabajo|desarrollo_carrera
BUK12138,2026-06-17,neu,cambio_organizacional|claridad_rol
BUK12139,2025-07-04,neu,clima_equipo|claridad_rol|herramientas_procesos
BUK12140,2026-05-27,neu,desarrollo_carrera|herramientas_procesos|relacion_con_lider
BUK12140,2026-06-17,neu,herramientas_procesos|desarrollo_carrera
BUK12140,2026-06-25,pos,clima_equipo|onboarding|reconocimiento
BUK12140,2026-08-20,neu,clima_equipo|onboarding
BUK12141,2025-09-08,neu,desarrollo_carrera|reconocimiento
BUK12141,2025-12-04,neu,reconocimiento|movilidad_interna
BUK12141,2025-12-14,neu,movilidad_interna|compensacion|desarrollo_carrera
BUK12141,2025-12-29,neg,movilidad_interna|desarrollo_carrera
BUK12143,2026-04-09,pos,desarrollo_carrera|movilidad_interna|relacion_con_lider
BUK12143,2026-04-29,pos,reconocimiento|carga_trabajo|cambio_organizacional
BUK12143,2026-08-26,pos,carga_trabajo|onboarding
BUK12144,2025-10-05,pos,carga_trabajo|onboarding
BUK12144,2026-01-27,neu,desarrollo_carrera|claridad_rol|onboarding
BUK12144,2026-08-09,pos,compensacion
BUK12145,2026-05-08,neu,carga_trabajo|relacion_con_lider
BUK12145,2026-05-11,pos,cambio_organizacional|relacion_con_lider|reconocimiento
BUK12145,2026-05-18,pos,balance_vida_trabajo
BUK12145,2026-07-01,neu,reconocimiento
BUK12146,2025-09-03,neg,relacion_con_lider
BUK12146,2025-10-15,neg,desarrollo_carrera|herramientas_procesos
BUK12146,2025-12-22,neg,relacion_con_lider|herramientas_procesos
BUK12147,2025-03-01,pos,desarrollo_carrera|onboarding
BUK12147,2025-06-29,neu,desarrollo_carrera|carga_trabajo|compensacion
BUK12147,2025-08-02,pos,movilidad_interna
BUK12147,2025-08-15,neu,relacion_con_lider|reconocimiento
BUK12147,2026-06-14,neu,carga_trabajo|onboarding
BUK12148,2025-09-22,neg,onboarding|claridad_rol
BUK12148,2025-09-25,neg,claridad_rol|relacion_con_lider|onboarding
BUK12148,2025-10-24,neu,onboarding|claridad_rol
BUK12148,2025-10-25,neu,claridad_rol|onboarding
BUK12148,2025-10-25,pos,relacion_con_lider|onboarding
BUK12150,2025-08-01,pos,claridad_rol|movilidad_interna
BUK12150,2025-11-26,pos,carga_trabajo|cambio_organizacional
BUK12150,2026-06-21,pos,herramientas_procesos|clima_equipo
BUK12151,2025-08-12,neu,reconocimiento|movilidad_interna|desarrollo_carrera
BUK12151,2025-10-21,neu,claridad_rol|cambio_organizacional
BUK12152,2025-08-23,neg,relacion_con_lider|onboarding|herramientas_procesos
BUK12152,2026-06-25,pos,claridad_rol|compensacion
BUK12153,2026-04-11,pos,carga_trabajo|claridad_rol
BUK12154,2026-05-24,pos,carga_trabajo|desarrollo_carrera|compensacion
BUK12154,2026-06-09,pos,desarrollo_carrera|reconocimiento|compensacion
BUK12154,2026-08-08,neg,desarrollo_carrera|reconocimiento
BUK12154,2026-08-26,neu,relacion_con_lider|movilidad_interna|onboarding
BUK12155,2026-02-05,pos,compensacion|clima_equipo|relacion_con_lider
BUK12155,2026-04-12,pos,cambio_organizacional|movilidad_interna|claridad_rol
BUK12155,2026-08-25,pos,claridad_rol|balance_vida_trabajo
BUK12156,2026-08-09,neu,compensacion|reconocimiento|movilidad_interna
BUK12156,2026-08-19,neg,movilidad_interna
BUK12156,2026-08-22,neg,desarrollo_carrera|reconocimiento
BUK12156,2026-08-23,neg,desarrollo_carrera
BUK12156,2026-08-23,neg,compensacion|reconocimiento
BUK12157,2025-10-20,neu,relacion_con_lider|movilidad_interna
BUK12157,2026-03-08,neu,herramientas_procesos
BUK12157,2026-03-16,neu,carga_trabajo|relacion_con_lider|onboarding
BUK12157,2026-08-18,neu,carga_trabajo
BUK12157,2026-08-23,pos,compensacion|reconocimiento|balance_vida_trabajo
BUK12158,2025-10-06,pos,claridad_rol
BUK12158,2025-10-28,pos,herramientas_procesos|carga_trabajo|relacion_con_lider
BUK12159,2025-09-23,pos,relacion_con_lider|clima_equipo
BUK12159,2026-03-30,pos,compensacion|relacion_con_lider
BUK12159,2026-06-21,pos,relacion_con_lider|reconocimiento
BUK12160,2026-04-08,neu,reconocimiento|relacion_con_lider|movilidad_interna
BUK12160,2026-05-06,neu,relacion_con_lider
BUK12160,2026-05-10,neu,clima_equipo|balance_vida_trabajo
BUK12160,2026-07-26,neu,movilidad_interna|desarrollo_carrera|claridad_rol
BUK12161,2026-03-17,neg,desarrollo_carrera|herramientas_procesos
BUK12162,2026-02-13,pos,compensacion|reconocimiento
BUK12162,2026-02-15,pos,reconocimiento|desarrollo_carrera
BUK12162,2026-04-10,pos,movilidad_interna|compensacion
BUK12162,2026-06-05,pos,compensacion
BUK12162,2026-06-05,neu,movilidad_interna|desarrollo_carrera
BUK12164,2025-04-19,pos,desarrollo_carrera|compensacion|herramientas_procesos
BUK12164,2026-05-23,neu,reconocimiento|cambio_organizacional
BUK12164,2026-05-29,neg,onboarding|cambio_organizacional
BUK12164,2026-07-06,neu,clima_equipo|herramientas_procesos|desarrollo_carrera
BUK12164,2026-08-03,neu,movilidad_interna|clima_equipo
BUK12165,2025-12-27,pos,relacion_con_lider
BUK12165,2026-02-10,pos,compensacion|onboarding
BUK12165,2026-02-23,pos,onboarding
BUK12166,2026-04-30,pos,relacion_con_lider
BUK12166,2026-08-07,neu,balance_vida_trabajo|movilidad_interna
BUK12166,2026-08-28,pos,relacion_con_lider|movilidad_interna
BUK12167,2025-03-20,pos,reconocimiento|relacion_con_lider
BUK12167,2025-04-04,pos,balance_vida_trabajo|relacion_con_lider|movilidad_interna
BUK12167,2025-04-24,neg,compensacion|herramientas_procesos|onboarding
BUK12167,2025-12-24,pos,relacion_con_lider|compensacion
BUK12167,2026-01-16,neu,movilidad_interna
BUK12167,2026-03-10,neu,reconocimiento|carga_trabajo
BUK12167,2026-08-27,neg,cambio_organizacional|desarrollo_carrera
BUK12168,2026-01-19,pos,desarrollo_carrera|balance_vida_trabajo|cambio_organizacional
BUK12168,2026-04-19,pos,balance_vida_trabajo|relacion_con_lider
BUK12168,2026-08-30,pos,balance_vida_trabajo|relacion_con_lider|onboarding
BUK12169,2025-11-09,neg,balance_vida_trabajo|clima_equipo
BUK12169,2025-12-23,neg,carga_trabajo
BUK12170,2025-08-30,pos,cambio_organizacional
BUK12170,2026-02-10,pos,cambio_organizacional
BUK12170,2026-03-04,pos,claridad_rol|reconocimiento
BUK12170,2026-03-05,neu,relacion_con_lider|reconocimiento
BUK12170,2026-06-01,pos,reconocimiento|relacion_con_lider
BUK12170,2026-08-09,neu,reconocimiento
BUK12171,2026-04-01,neu,clima_equipo|claridad_rol
BUK12171,2026-05-27,neg,cambio_organizacional
BUK12172,2026-08-16,pos,compensacion|onboarding|desarrollo_carrera
BUK12172,2026-08-16,neu,onboarding|desarrollo_carrera
BUK12172,2026-08-20,neu,cambio_organizacional
BUK12172,2026-08-24,neg,compensacion
BUK12172,2026-08-26,pos,desarrollo_carrera|carga_trabajo|reconocimiento
BUK12172,2026-08-27,pos,balance_vida_trabajo
BUK12172,2026-08-28,pos,carga_trabajo|herramientas_procesos
BUK12173,2026-07-19,neu,herramientas_procesos|onboarding
BUK12173,2026-07-28,pos,clima_equipo|compensacion
BUK12173,2026-08-01,pos,onboarding|compensacion
BUK12173,2026-08-23,neu,carga_trabajo|cambio_organizacional|herramientas_procesos
BUK12174,2025-07-26,pos,desarrollo_carrera|relacion_con_lider|balance_vida_trabajo
BUK12174,2025-08-21,neu,onboarding|herramientas_procesos
BUK12174,2025-11-28,neu,desarrollo_carrera|relacion_con_lider
BUK12174,2026-01-26,pos,cambio_organizacional|balance_vida_trabajo|relacion_con_lider
BUK12174,2026-03-17,neu,herramientas_procesos|balance_vida_trabajo
BUK12175,2026-06-02,neu,claridad_rol
BUK12175,2026-06-13,neu,claridad_rol|balance_vida_trabajo
BUK12175,2026-08-06,neg,reconocimiento
BUK12176,2025-06-22,neu,cambio_organizacional|desarrollo_carrera|herramientas_procesos
BUK12176,2026-04-12,pos,compensacion
BUK12176,2026-08-03,pos,clima_equipo
BUK12177,2025-04-15,pos,carga_trabajo|onboarding
BUK12177,2025-04-28,neg,reconocimiento
BUK12177,2025-05-14,neu,herramientas_procesos
BUK12179,2026-01-28,pos,desarrollo_carrera
BUK12179,2026-08-20,pos,desarrollo_carrera|carga_trabajo|relacion_con_lider
BUK12180,2026-02-26,neu,herramientas_procesos|clima_equipo|movilidad_interna
BUK12180,2026-03-15,pos,desarrollo_carrera|relacion_con_lider
BUK12180,2026-05-11,pos,carga_trabajo|movilidad_interna|reconocimiento
BUK12180,2026-08-14,neu,carga_trabajo|compensacion|movilidad_interna
BUK12181,2026-02-03,neg,claridad_rol|relacion_con_lider|desarrollo_carrera
BUK12181,2026-04-02,pos,claridad_rol|herramientas_procesos
BUK12181,2026-04-21,neg,herramientas_procesos|claridad_rol
BUK12181,2026-06-13,neg,desarrollo_carrera|claridad_rol
BUK12182,2026-06-10,pos,desarrollo_carrera|cambio_organizacional|clima_equipo
BUK12182,2026-08-04,neu,reconocimiento|carga_trabajo
BUK12183,2025-11-25,pos,clima_equipo|reconocimiento
BUK12183,2026-01-07,pos,cambio_organizacional|relacion_con_lider
BUK12183,2026-03-24,pos,onboarding|reconocimiento|relacion_con_lider
BUK12183,2026-04-18,pos,onboarding|desarrollo_carrera
BUK12183,2026-05-02,neu,movilidad_interna|herramientas_procesos
BUK12183,2026-06-13,pos,movilidad_interna
BUK12184,2026-05-02,neg,desarrollo_carrera|compensacion
BUK12184,2026-05-06,neu,reconocimiento|balance_vida_trabajo|desarrollo_carrera
BUK12184,2026-07-05,neu,balance_vida_trabajo|herramientas_procesos|movilidad_interna
BUK12185,2025-07-26,pos,onboarding|movilidad_interna|desarrollo_carrera
BUK12185,2025-12-27,pos,carga_trabajo
BUK12185,2026-04-04,pos,claridad_rol
BUK12185,2026-04-19,pos,reconocimiento
BUK12185,2026-06-14,pos,balance_vida_trabajo|compensacion
BUK12186,2026-01-02,neu,reconocimiento|compensacion|claridad_rol
BUK12186,2026-05-01,pos,desarrollo_carrera|movilidad_interna|relacion_con_lider
BUK12186,2026-07-19,neu,relacion_con_lider|clima_equipo
BUK12188,2025-10-24,pos,balance_vida_trabajo|clima_equipo
BUK12188,2026-02-21,pos,carga_trabajo|clima_equipo
BUK12189,2026-08-29,neu,relacion_con_lider|balance_vida_trabajo
BUK12189,2026-08-29,pos,onboarding|claridad_rol
BUK12189,2026-08-29,pos,claridad_rol|desarrollo_carrera
BUK12190,2025-07-29,pos,clima_equipo|relacion_con_lider
BUK12190,2026-05-20,neu,desarrollo_carrera|onboarding
BUK12191,2026-01-03,pos,claridad_rol
BUK12191,2026-03-12,pos,desarrollo_carrera|relacion_con_lider
BUK12191,2026-04-25,pos,cambio_organizacional|clima_equipo|reconocimiento
BUK12191,2026-06-16,pos,reconocimiento|desarrollo_carrera|balance_vida_trabajo
BUK12191,2026-06-28,neg,onboarding|compensacion|desarrollo_carrera
BUK12192,2025-11-16,neu,carga_trabajo
BUK12192,2026-01-08,pos,clima_equipo|relacion_con_lider
BUK12192,2026-04-14,pos,carga_trabajo
BUK12192,2026-08-01,neg,carga_trabajo|clima_equipo
BUK12193,2026-06-05,neu,claridad_rol|onboarding
BUK12193,2026-06-05,neu,herramientas_procesos
BUK12193,2026-06-16,neu,herramientas_procesos|onboarding
BUK12193,2026-07-25,neg,relacion_con_lider
BUK12193,2026-08-24,neg,claridad_rol|relacion_con_lider
BUK12194,2026-07-12,pos,balance_vida_trabajo
BUK12194,2026-07-27,neu,movilidad_interna
BUK12194,2026-08-10,pos,movilidad_interna|balance_vida_trabajo|compensacion
BUK12195,2026-07-01,neu,carga_trabajo|relacion_con_lider
BUK12195,2026-07-23,neu,relacion_con_lider
BUK12195,2026-07-28,neu,cambio_organizacional|reconocimiento|balance_vida_trabajo
BUK12195,2026-08-17,pos,balance_vida_trabajo|carga_trabajo
BUK12195,2026-08-22,pos,clima_equipo|carga_trabajo|relacion_con_lider
BUK12196,2025-03-08,neu,claridad_rol
BUK12196,2025-03-31,pos,claridad_rol
BUK12196,2025-04-04,pos,balance_vida_trabajo|movilidad_interna|herramientas_procesos
BUK12196,2025-05-10,neu,clima_equipo|compensacion|carga_trabajo
BUK12197,2026-08-11,neg,relacion_con_lider
BUK12197,2026-08-14,neg,herramientas_procesos|claridad_rol|desarrollo_carrera
BUK12197,2026-08-15,neu,herramientas_procesos
BUK12197,2026-08-19,neg,desarrollo_carrera|claridad_rol|relacion_con_lider
BUK12197,2026-08-21,neu,herramientas_procesos|desarrollo_carrera
BUK12197,2026-08-24,neu,relacion_con_lider|herramientas_procesos|desarrollo_carrera
BUK12197,2026-08-26,neg,relacion_con_lider
BUK12198,2026-07-01,neu,desarrollo_carrera|movilidad_interna|carga_trabajo
BUK12198,2026-07-26,neu,balance_vida_trabajo
BUK12198,2026-08-15,pos,carga_trabajo
BUK12199,2025-05-17,pos,relacion_con_lider|cambio_organizacional
BUK12199,2025-07-14,neu,cambio_organizacional|relacion_con_lider|desarrollo_carrera
BUK12199,2025-07-15,pos,onboarding|herramientas_procesos|cambio_organizacional
BUK12199,2025-09-29,neu,movilidad_interna|carga_trabajo
BUK12200,2026-01-19,pos,movilidad_interna
BUK12201,2026-07-21,neg,relacion_con_lider|claridad_rol|herramientas_procesos
BUK12202,2025-06-14,pos,reconocimiento|compensacion
BUK12202,2025-09-13,pos,carga_trabajo|reconocimiento
BUK12202,2025-09-26,pos,relacion_con_lider
BUK12202,2026-03-12,pos,carga_trabajo|compensacion
BUK12203,2025-05-27,neu,carga_trabajo|compensacion
BUK12203,2025-07-06,neu,claridad_rol|balance_vida_trabajo|herramientas_procesos
BUK12203,2025-12-29,neg,desarrollo_carrera
BUK12203,2026-01-29,neu,claridad_rol|carga_trabajo
BUK12203,2026-05-05,pos,relacion_con_lider
BUK12204,2026-02-24,neu,carga_trabajo
BUK12204,2026-06-22,neu,cambio_organizacional
BUK12204,2026-08-05,pos,compensacion|relacion_con_lider
BUK12205,2026-06-23,pos,clima_equipo|herramientas_procesos|desarrollo_carrera
BUK12205,2026-07-15,pos,compensacion
BUK12205,2026-07-19,pos,claridad_rol|carga_trabajo
BUK12205,2026-07-23,neu,relacion_con_lider
BUK12205,2026-08-30,pos,clima_equipo|desarrollo_carrera
BUK12206,2025-08-11,neu,movilidad_interna
BUK12206,2025-10-05,pos,desarrollo_carrera|movilidad_interna
BUK12206,2026-07-21,pos,compensacion|reconocimiento
BUK12207,2025-03-21,pos,reconocimiento|balance_vida_trabajo
BUK12207,2025-07-27,pos,cambio_organizacional|onboarding
BUK12207,2026-07-25,pos,onboarding
BUK12209,2026-07-04,pos,desarrollo_carrera|movilidad_interna
BUK12209,2026-07-10,pos,claridad_rol|compensacion|carga_trabajo
BUK12209,2026-08-19,pos,onboarding|movilidad_interna
BUK12210,2025-03-31,pos,claridad_rol|desarrollo_carrera|herramientas_procesos
BUK12210,2025-05-17,pos,claridad_rol|relacion_con_lider|desarrollo_carrera
BUK12210,2025-07-26,neu,claridad_rol
BUK12210,2025-07-27,neg,herramientas_procesos|claridad_rol
BUK12210,2025-12-07,neu,desarrollo_carrera
BUK12210,2026-07-10,neg,herramientas_procesos
BUK12211,2026-04-15,neu,onboarding|clima_equipo
BUK12211,2026-05-26,pos,reconocimiento
BUK12211,2026-07-14,neg,clima_equipo
BUK12211,2026-08-11,neu,desarrollo_carrera|movilidad_interna
BUK12211,2026-08-15,neu,claridad_rol|relacion_con_lider
BUK12212,2025-05-18,pos,compensacion|reconocimiento|movilidad_interna
BUK12212,2025-07-27,pos,desarrollo_carrera
BUK12212,2026-03-20,neu,desarrollo_carrera|reconocimiento|movilidad_interna
BUK12213,2025-03-15,neu,balance_vida_trabajo|desarrollo_carrera|compensacion
BUK12213,2025-10-21,neu,relacion_con_lider|herramientas_procesos
BUK12213,2025-12-29,neu,cambio_organizacional|herramientas_procesos
BUK12213,2026-07-26,pos,onboarding|cambio_organizacional|clima_equipo
BUK12214,2026-05-14,neu,relacion_con_lider|carga_trabajo|cambio_organizacional
BUK12215,2025-08-26,neg,relacion_con_lider|reconocimiento
BUK12215,2025-09-29,pos,onboarding|clima_equipo
BUK12215,2026-02-25,neg,carga_trabajo
BUK12215,2026-03-26,neg,carga_trabajo|desarrollo_carrera|clima_equipo
BUK12216,2025-05-19,neu,movilidad_interna
BUK12216,2025-05-21,neu,compensacion|movilidad_interna
BUK12216,2025-06-08,neu,movilidad_interna|desarrollo_carrera
BUK12216,2025-06-17,pos,compensacion|reconocimiento
BUK12217,2025-09-02,neg,movilidad_interna|clima_equipo|cambio_organizacional
BUK12217,2026-02-21,neg,movilidad_interna|clima_equipo|herramientas_procesos
BUK12218,2025-05-08,neu,cambio_organizacional|reconocimiento
BUK12218,2025-06-23,neu,cambio_organizacional|claridad_rol
BUK12218,2026-02-23,neu,claridad_rol
BUK12218,2026-05-14,neu,balance_vida_trabajo|relacion_con_lider|desarrollo_carrera
BUK12218,2026-08-16,neg,clima_equipo|reconocimiento|compensacion
BUK12218,2026-08-27,pos,carga_trabajo
BUK12219,2025-06-16,pos,herramientas_procesos|compensacion
BUK12219,2025-09-04,neu,claridad_rol|carga_trabajo
BUK12219,2025-09-26,neg,clima_equipo|desarrollo_carrera|balance_vida_trabajo
BUK12219,2025-12-31,neu,herramientas_procesos|relacion_con_lider|carga_trabajo
BUK12219,2026-02-12,pos,movilidad_interna
BUK12220,2025-05-27,neu,desarrollo_carrera|balance_vida_trabajo|cambio_organizacional
BUK12220,2025-10-17,neu,relacion_con_lider|movilidad_interna
BUK12221,2026-03-18,neu,relacion_con_lider|desarrollo_carrera
BUK12221,2026-04-30,neu,herramientas_procesos|desarrollo_carrera
BUK12221,2026-05-29,neu,desarrollo_carrera|claridad_rol|relacion_con_lider
BUK12221,2026-05-30,neg,herramientas_procesos|claridad_rol
BUK12221,2026-06-12,neg,claridad_rol
BUK12221,2026-07-07,neg,desarrollo_carrera|claridad_rol|herramientas_procesos
BUK12222,2025-06-07,pos,movilidad_interna|desarrollo_carrera|onboarding
BUK12222,2025-07-01,neu,cambio_organizacional|claridad_rol|compensacion
BUK12222,2025-08-01,pos,herramientas_procesos
BUK12222,2025-09-14,neu,clima_equipo|cambio_organizacional
BUK12222,2026-01-06,pos,balance_vida_trabajo
BUK12222,2026-04-20,pos,compensacion
BUK12223,2026-03-20,neg,cambio_organizacional
BUK12223,2026-04-05,neg,balance_vida_trabajo
BUK12223,2026-04-19,neg,balance_vida_trabajo|clima_equipo|relacion_con_lider
BUK12224,2026-05-18,pos,onboarding|desarrollo_carrera
BUK12225,2025-12-27,pos,movilidad_interna|clima_equipo|carga_trabajo
BUK12225,2026-04-12,neg,compensacion|herramientas_procesos
BUK12226,2026-03-10,pos,reconocimiento|balance_vida_trabajo
BUK12226,2026-03-10,pos,movilidad_interna|onboarding
BUK12226,2026-03-25,neg,relacion_con_lider|carga_trabajo
BUK12226,2026-04-01,neu,onboarding
BUK12226,2026-06-09,pos,onboarding
BUK12226,2026-08-08,pos,relacion_con_lider|onboarding|claridad_rol
BUK12228,2025-05-11,neu,movilidad_interna|reconocimiento|claridad_rol
BUK12228,2025-06-18,neu,clima_equipo|cambio_organizacional
BUK12228,2025-07-04,neu,balance_vida_trabajo
BUK12229,2025-06-08,neu,herramientas_procesos
BUK12229,2025-09-26,neu,relacion_con_lider|compensacion
BUK12229,2026-04-16,pos,clima_equipo|herramientas_procesos|desarrollo_carrera
BUK12229,2026-05-12,neu,balance_vida_trabajo|cambio_organizacional|claridad_rol
BUK12230,2025-07-26,neg,relacion_con_lider|carga_trabajo
BUK12230,2025-12-07,neg,carga_trabajo|claridad_rol|compensacion
BUK12230,2026-04-30,neg,cambio_organizacional|compensacion
BUK12230,2026-05-15,neg,balance_vida_trabajo|clima_equipo
BUK12230,2026-06-15,neg,cambio_organizacional
BUK12231,2025-10-25,pos,clima_equipo
BUK12231,2025-12-24,neg,onboarding
BUK12231,2026-01-14,neu,cambio_organizacional|herramientas_procesos
BUK12231,2026-05-14,pos,herramientas_procesos|relacion_con_lider
BUK12231,2026-08-01,neu,clima_equipo|carga_trabajo|movilidad_interna
BUK12232,2025-03-02,neu,reconocimiento
BUK12232,2025-03-06,neu,movilidad_interna|compensacion|reconocimiento
BUK12232,2025-03-09,neg,compensacion
BUK12233,2026-03-21,pos,cambio_organizacional
BUK12233,2026-05-02,pos,onboarding|claridad_rol|compensacion
BUK12233,2026-05-28,neu,onboarding
BUK12234,2026-03-25,neu,movilidad_interna|carga_trabajo
BUK12234,2026-05-30,pos,cambio_organizacional
BUK12234,2026-06-05,neg,clima_equipo
BUK12234,2026-08-02,neu,desarrollo_carrera|compensacion|claridad_rol
BUK12235,2026-05-25,pos,clima_equipo|onboarding
BUK12235,2026-05-30,neu,movilidad_interna|desarrollo_carrera|herramientas_procesos
BUK12236,2026-04-15,pos,carga_trabajo|herramientas_procesos
BUK12236,2026-05-13,pos,claridad_rol|reconocimiento|herramientas_procesos
BUK12237,2026-05-26,neu,carga_trabajo|reconocimiento|clima_equipo
BUK12237,2026-06-16,neu,carga_trabajo|relacion_con_lider
BUK12237,2026-07-29,neu,clima_equipo|relacion_con_lider
BUK12237,2026-08-23,neu,reconocimiento|balance_vida_trabajo
BUK12238,2026-02-08,pos,carga_trabajo
BUK12238,2026-04-15,neu,claridad_rol|reconocimiento|herramientas_procesos
BUK12238,2026-05-17,pos,compensacion
BUK12238,2026-06-03,neu,clima_equipo
BUK12239,2025-12-20,neg,desarrollo_carrera|reconocimiento|movilidad_interna
BUK12239,2025-12-25,pos,desarrollo_carrera|movilidad_interna
BUK12239,2026-03-11,pos,compensacion
BUK12239,2026-03-28,pos,desarrollo_carrera|compensacion|movilidad_interna
BUK12239,2026-04-04,neu,desarrollo_carrera|compensacion
BUK12239,2026-05-27,pos,desarrollo_carrera|compensacion
BUK12240,2026-04-15,pos,relacion_con_lider|clima_equipo
BUK12240,2026-05-07,pos,cambio_organizacional|onboarding|compensacion
BUK12240,2026-06-02,pos,compensacion|claridad_rol
BUK12240,2026-06-09,pos,balance_vida_trabajo
BUK12240,2026-06-15,neu,carga_trabajo|balance_vida_trabajo
BUK12240,2026-07-05,pos,reconocimiento|movilidad_interna
BUK12240,2026-08-23,pos,cambio_organizacional|onboarding|desarrollo_carrera
BUK12241,2025-12-12,neu,clima_equipo|reconocimiento|relacion_con_lider
BUK12241,2026-03-19,pos,reconocimiento|carga_trabajo|balance_vida_trabajo
BUK12241,2026-08-18,neg,carga_trabajo
BUK12241,2026-08-27,neg,relacion_con_lider
BUK12242,2026-07-31,neu,relacion_con_lider|clima_equipo|reconocimiento
BUK12242,2026-08-15,neg,compensacion|balance_vida_trabajo
BUK12243,2025-04-03,pos,compensacion
BUK12243,2025-07-09,pos,clima_equipo|movilidad_interna
BUK12243,2026-03-02,neu,movilidad_interna|compensacion|onboarding
BUK12244,2025-12-31,pos,balance_vida_trabajo|compensacion
BUK12245,2026-02-04,pos,relacion_con_lider|desarrollo_carrera|movilidad_interna
BUK12246,2025-08-31,neg,desarrollo_carrera
BUK12246,2026-02-05,neu,desarrollo_carrera
BUK12246,2026-07-05,pos,relacion_con_lider
BUK12246,2026-08-11,neg,herramientas_procesos|relacion_con_lider|desarrollo_carrera
BUK12246,2026-08-16,neg,relacion_con_lider|claridad_rol
BUK12247,2025-03-13,neg,onboarding|desarrollo_carrera|clima_equipo
BUK12247,2025-06-21,pos,movilidad_interna|relacion_con_lider|compensacion
BUK12247,2025-08-06,pos,desarrollo_carrera|cambio_organizacional|claridad_rol
BUK12247,2025-09-12,neu,compensacion|reconocimiento
BUK12247,2025-10-18,neu,balance_vida_trabajo
BUK12248,2026-05-24,pos,clima_equipo|reconocimiento|desarrollo_carrera
BUK12248,2026-05-30,pos,movilidad_interna|relacion_con_lider
BUK12248,2026-06-27,pos,desarrollo_carrera|reconocimiento
BUK12249,2026-04-16,pos,desarrollo_carrera|reconocimiento|compensacion
BUK12249,2026-05-06,neu,claridad_rol|movilidad_interna
BUK12249,2026-05-08,pos,balance_vida_trabajo|herramientas_procesos
BUK12249,2026-07-22,neu,compensacion
BUK12249,2026-07-27,neu,compensacion|carga_trabajo|claridad_rol
BUK12249,2026-08-06,neu,clima_equipo|carga_trabajo|movilidad_interna
BUK12249,2026-08-24,neu,cambio_organizacional|movilidad_interna
BUK12251,2025-03-01,pos,balance_vida_trabajo|reconocimiento|desarrollo_carrera
BUK12251,2025-06-29,neg,reconocimiento|desarrollo_carrera
BUK12251,2025-08-02,pos,herramientas_procesos|movilidad_interna|relacion_con_lider
BUK12251,2025-09-29,neg,onboarding|clima_equipo
BUK12252,2026-05-14,neu,relacion_con_lider|onboarding
BUK12252,2026-05-24,neg,relacion_con_lider|onboarding|herramientas_procesos
BUK12252,2026-08-08,neg,herramientas_procesos
BUK12253,2025-03-25,neu,movilidad_interna|compensacion
BUK12253,2025-10-20,pos,compensacion|desarrollo_carrera|movilidad_interna
BUK12253,2026-01-20,pos,reconocimiento|desarrollo_carrera
BUK12253,2026-06-15,neu,compensacion|movilidad_interna
BUK12254,2026-08-17,neu,relacion_con_lider|clima_equipo|balance_vida_trabajo
BUK12254,2026-08-27,neu,clima_equipo|claridad_rol|onboarding
BUK12255,2026-04-10,neu,carga_trabajo|clima_equipo|compensacion
BUK12255,2026-05-18,pos,herramientas_procesos|compensacion
BUK12255,2026-05-28,neu,compensacion
BUK12255,2026-06-04,neu,reconocimiento|onboarding
BUK12255,2026-07-31,pos,relacion_con_lider|onboarding
BUK12255,2026-08-14,pos,claridad_rol|cambio_organizacional|clima_equipo
BUK12256,2026-07-04,pos,desarrollo_carrera|balance_vida_trabajo
BUK12256,2026-07-13,pos,desarrollo_carrera|onboarding
BUK12256,2026-08-03,neu,desarrollo_carrera|reconocimiento|compensacion
BUK12256,2026-08-09,neu,claridad_rol|balance_vida_trabajo|carga_trabajo
BUK12257,2025-11-12,pos,relacion_con_lider|carga_trabajo
BUK12257,2025-11-17,neg,herramientas_procesos|movilidad_interna
BUK12257,2026-04-28,pos,clima_equipo
BUK12257,2026-07-18,pos,desarrollo_carrera|compensacion|herramientas_procesos
BUK12257,2026-08-03,pos,carga_trabajo
BUK12258,2026-06-01,pos,reconocimiento|clima_equipo|relacion_con_lider
BUK12258,2026-07-07,neu,cambio_organizacional|reconocimiento
BUK12259,2025-12-31,neu,clima_equipo
BUK12259,2026-04-02,neu,desarrollo_carrera|compensacion
BUK12259,2026-05-18,neg,desarrollo_carrera
BUK12260,2025-08-29,neu,relacion_con_lider|herramientas_procesos|claridad_rol
BUK12260,2025-11-09,neu,balance_vida_trabajo|carga_trabajo
BUK12261,2025-03-12,neu,balance_vida_trabajo|cambio_organizacional
BUK12261,2025-08-08,pos,movilidad_interna|desarrollo_carrera
BUK12261,2025-09-09,pos,reconocimiento|clima_equipo
BUK12261,2026-05-10,pos,movilidad_interna|relacion_con_lider
BUK12261,2026-05-13,pos,relacion_con_lider|compensacion|onboarding
BUK12261,2026-05-28,pos,clima_equipo|onboarding
BUK12262,2025-03-09,pos,reconocimiento|relacion_con_lider
BUK12262,2025-06-23,neu,relacion_con_lider|cambio_organizacional
BUK12262,2025-12-22,pos,reconocimiento
BUK12262,2026-02-12,neu,reconocimiento
BUK12262,2026-05-26,pos,relacion_con_lider|reconocimiento|cambio_organizacional
BUK12263,2025-09-28,pos,relacion_con_lider|claridad_rol
BUK12263,2026-07-18,neu,onboarding|reconocimiento
BUK12264,2026-02-21,neu,movilidad_interna|clima_equipo
BUK12264,2026-05-25,pos,clima_equipo|reconocimiento|onboarding
BUK12264,2026-08-11,pos,carga_trabajo
BUK12264,2026-08-29,neu,clima_equipo|claridad_rol
BUK12265,2026-03-30,pos,desarrollo_carrera|reconocimiento
BUK12265,2026-04-03,pos,movilidad_interna|desarrollo_carrera
BUK12265,2026-05-20,neu,compensacion|reconocimiento
BUK12266,2026-01-16,neu,cambio_organizacional|relacion_con_lider
BUK12266,2026-06-26,neu,balance_vida_trabajo
BUK12266,2026-08-04,neg,cambio_organizacional
BUK12267,2025-03-29,pos,cambio_organizacional|movilidad_interna
BUK12267,2025-09-17,pos,claridad_rol
BUK12267,2026-01-14,pos,carga_trabajo|clima_equipo
BUK12268,2026-05-15,neu,balance_vida_trabajo
BUK12268,2026-07-04,neu,carga_trabajo|clima_equipo
BUK12268,2026-08-03,neu,herramientas_procesos
BUK12269,2025-09-29,neg,relacion_con_lider|reconocimiento|carga_trabajo
BUK12269,2025-10-14,neg,clima_equipo
BUK12269,2025-11-02,neg,cambio_organizacional
BUK12270,2025-04-10,pos,cambio_organizacional|movilidad_interna
BUK12270,2025-08-17,pos,compensacion|claridad_rol
BUK12270,2026-01-05,pos,movilidad_interna|carga_trabajo
BUK12270,2026-02-15,pos,relacion_con_lider|claridad_rol|carga_trabajo
BUK12270,2026-02-19,neg,carga_trabajo|cambio_organizacional
BUK12271,2025-07-13,pos,relacion_con_lider|balance_vida_trabajo
BUK12271,2026-02-27,neu,relacion_con_lider|balance_vida_trabajo
BUK12272,2026-02-13,pos,movilidad_interna|compensacion|desarrollo_carrera
BUK12272,2026-06-26,neu,carga_trabajo|desarrollo_carrera|herramientas_procesos
BUK12273,2026-07-19,neu,compensacion|cambio_organizacional
BUK12273,2026-07-27,neu,compensacion
BUK12273,2026-08-02,pos,cambio_organizacional
BUK12274,2026-07-04,pos,carga_trabajo|onboarding
BUK12274,2026-07-18,neu,movilidad_interna|reconocimiento
BUK12274,2026-08-03,pos,relacion_con_lider|cambio_organizacional
BUK12274,2026-08-06,pos,claridad_rol
BUK12275,2025-03-01,pos,desarrollo_carrera|compensacion
BUK12275,2025-03-12,neu,movilidad_interna
BUK12275,2025-06-24,pos,reconocimiento|movilidad_interna|desarrollo_carrera
BUK12275,2025-07-03,neu,movilidad_interna
BUK12276,2025-04-02,pos,desarrollo_carrera|reconocimiento|claridad_rol
BUK12276,2025-04-23,neu,claridad_rol|balance_vida_trabajo|desarrollo_carrera
BUK12276,2025-05-15,neu,movilidad_interna
BUK12276,2025-11-23,neu,compensacion|claridad_rol|movilidad_interna
BUK12277,2025-05-23,pos,compensacion|claridad_rol|onboarding
BUK12277,2025-06-08,pos,clima_equipo|claridad_rol
BUK12277,2025-12-27,pos,cambio_organizacional|onboarding
BUK12277,2026-05-16,pos,desarrollo_carrera
BUK12277,2026-05-18,pos,clima_equipo|balance_vida_trabajo
BUK12278,2026-04-28,neu,herramientas_procesos|claridad_rol|cambio_organizacional
BUK12278,2026-06-09,pos,claridad_rol|movilidad_interna
BUK12279,2026-07-25,neu,clima_equipo|reconocimiento|desarrollo_carrera
BUK12279,2026-08-05,pos,relacion_con_lider|compensacion|balance_vida_trabajo
BUK12280,2026-08-13,pos,relacion_con_lider|claridad_rol|balance_vida_trabajo
BUK12280,2026-08-16,pos,onboarding|cambio_organizacional|claridad_rol
BUK12281,2025-09-05,pos,reconocimiento|relacion_con_lider
BUK12281,2025-12-29,pos,balance_vida_trabajo|movilidad_interna|relacion_con_lider
BUK12281,2026-01-19,pos,balance_vida_trabajo|herramientas_procesos
BUK12281,2026-03-21,neu,onboarding|clima_equipo
BUK12281,2026-05-26,pos,desarrollo_carrera|claridad_rol|balance_vida_trabajo
BUK12281,2026-08-10,neu,onboarding|claridad_rol
BUK12281,2026-08-22,pos,balance_vida_trabajo|desarrollo_carrera
BUK12282,2025-06-12,neu,relacion_con_lider|herramientas_procesos|desarrollo_carrera
BUK12282,2025-09-12,neu,compensacion|carga_trabajo
BUK12282,2026-02-19,neu,desarrollo_carrera|reconocimiento
BUK12282,2026-02-25,neu,reconocimiento|herramientas_procesos
BUK12282,2026-05-14,neu,reconocimiento|balance_vida_trabajo|movilidad_interna
BUK12283,2025-03-13,neg,balance_vida_trabajo|desarrollo_carrera
BUK12283,2025-04-26,neg,compensacion|balance_vida_trabajo|herramientas_procesos
BUK12283,2025-04-28,neg,onboarding|reconocimiento|carga_trabajo
BUK12283,2025-05-05,neu,movilidad_interna|desarrollo_carrera
BUK12283,2025-06-04,neg,clima_equipo|reconocimiento
BUK12284,2025-05-02,neu,balance_vida_trabajo
BUK12284,2026-02-14,neu,claridad_rol
BUK12284,2026-03-26,neu,compensacion|reconocimiento|claridad_rol
BUK12285,2026-05-01,pos,reconocimiento|desarrollo_carrera
BUK12285,2026-06-09,pos,movilidad_interna|desarrollo_carrera|compensacion
BUK12286,2025-11-14,neg,herramientas_procesos|claridad_rol
BUK12286,2025-11-16,neg,onboarding
BUK12286,2025-11-20,neu,relacion_con_lider
BUK12287,2026-01-25,neu,balance_vida_trabajo|clima_equipo
BUK12287,2026-04-04,neg,balance_vida_trabajo|relacion_con_lider
BUK12287,2026-04-09,neg,clima_equipo|carga_trabajo
BUK12288,2025-08-01,neg,carga_trabajo
BUK12288,2026-05-16,neg,carga_trabajo|clima_equipo
BUK12289,2025-04-01,neg,clima_equipo|claridad_rol
BUK12289,2026-05-09,neu,relacion_con_lider|herramientas_procesos|desarrollo_carrera
BUK12290,2025-12-25,pos,claridad_rol|carga_trabajo|compensacion
BUK12290,2026-03-02,pos,claridad_rol|relacion_con_lider
BUK12291,2025-06-29,pos,movilidad_interna|carga_trabajo
BUK12291,2025-09-02,neu,desarrollo_carrera|carga_trabajo|balance_vida_trabajo
BUK12291,2025-10-30,pos,desarrollo_carrera|carga_trabajo
BUK12293,2025-03-12,pos,cambio_organizacional|relacion_con_lider
BUK12293,2025-06-02,neu,relacion_con_lider
BUK12293,2025-09-17,pos,reconocimiento
BUK12293,2025-10-22,neu,balance_vida_trabajo|reconocimiento
BUK12293,2025-12-08,neg,cambio_organizacional|balance_vida_trabajo|clima_equipo
BUK12293,2026-02-25,pos,relacion_con_lider|clima_equipo
BUK12294,2026-07-02,neu,claridad_rol
BUK12294,2026-07-08,pos,cambio_organizacional|carga_trabajo
BUK12294,2026-07-15,pos,onboarding|balance_vida_trabajo|movilidad_interna
BUK12294,2026-08-28,pos,movilidad_interna
BUK12296,2025-07-24,pos,movilidad_interna|claridad_rol
BUK12296,2025-08-31,pos,balance_vida_trabajo
BUK12296,2026-02-28,pos,cambio_organizacional|carga_trabajo|balance_vida_trabajo
BUK12296,2026-08-14,pos,onboarding|compensacion
BUK12297,2025-06-03,neg,reconocimiento|compensacion
BUK12297,2025-11-12,pos,compensacion
BUK12297,2026-01-08,pos,compensacion|claridad_rol
BUK12297,2026-05-31,pos,movilidad_interna|onboarding
BUK12298,2026-03-17,pos,balance_vida_trabajo
BUK12298,2026-03-18,neu,movilidad_interna|onboarding|clima_equipo
BUK12298,2026-08-17,neu,balance_vida_trabajo|reconocimiento|clima_equipo
BUK12298,2026-08-18,neu,relacion_con_lider
BUK12299,2026-03-31,pos,carga_trabajo
BUK12299,2026-05-07,neg,claridad_rol|reconocimiento
BUK12299,2026-06-06,neg,onboarding|balance_vida_trabajo
BUK12300,2026-03-20,neg,cambio_organizacional|reconocimiento|clima_equipo
BUK12300,2026-03-23,neu,cambio_organizacional|relacion_con_lider|carga_trabajo
BUK12300,2026-04-14,pos,movilidad_interna|relacion_con_lider
BUK12301,2025-04-30,neu,desarrollo_carrera|claridad_rol
BUK12301,2025-06-26,neu,herramientas_procesos|relacion_con_lider|onboarding
BUK12301,2025-08-07,neu,onboarding|clima_equipo
BUK12301,2025-08-07,pos,cambio_organizacional|balance_vida_trabajo
BUK12302,2025-10-15,neg,onboarding|claridad_rol|relacion_con_lider
BUK12302,2025-10-25,neg,relacion_con_lider|herramientas_procesos
BUK12302,2025-10-29,neu,relacion_con_lider
BUK12303,2026-04-11,neu,herramientas_procesos|balance_vida_trabajo|compensacion
BUK12303,2026-05-14,pos,onboarding|claridad_rol
BUK12303,2026-05-21,pos,onboarding|compensacion|carga_trabajo
BUK12303,2026-06-07,pos,herramientas_procesos|claridad_rol
BUK12303,2026-06-20,pos,herramientas_procesos|carga_trabajo|desarrollo_carrera
BUK12303,2026-06-25,neu,desarrollo_carrera
BUK12303,2026-07-25,neg,herramientas_procesos|cambio_organizacional|reconocimiento
BUK12304,2025-11-18,neu,herramientas_procesos|desarrollo_carrera|balance_vida_trabajo
BUK12304,2026-03-28,pos,herramientas_procesos|compensacion
BUK12304,2026-07-25,pos,reconocimiento|onboarding|balance_vida_trabajo
BUK12305,2025-06-01,neu,claridad_rol|clima_equipo
BUK12305,2025-11-18,neg,claridad_rol|desarrollo_carrera|movilidad_interna
BUK12306,2025-08-05,pos,reconocimiento|movilidad_interna
BUK12306,2026-04-19,neu,desarrollo_carrera|reconocimiento
BUK12306,2026-08-13,neu,compensacion|reconocimiento
BUK12306,2026-08-24,neu,desarrollo_carrera
BUK12307,2025-05-19,neg,desarrollo_carrera|herramientas_procesos
BUK12307,2025-05-20,neu,claridad_rol|relacion_con_lider
BUK12307,2025-07-22,neu,desarrollo_carrera|herramientas_procesos|claridad_rol
BUK12308,2026-01-31,pos,cambio_organizacional|balance_vida_trabajo
BUK12309,2025-03-14,neg,cambio_organizacional
BUK12309,2025-04-22,neu,movilidad_interna|reconocimiento|desarrollo_carrera
BUK12309,2025-05-06,neu,movilidad_interna|carga_trabajo
BUK12309,2025-07-21,pos,movilidad_interna|claridad_rol|herramientas_procesos
BUK12309,2025-10-18,pos,movilidad_interna|cambio_organizacional
BUK12309,2026-07-08,pos,desarrollo_carrera|carga_trabajo|onboarding
BUK12309,2026-07-10,pos,onboarding|desarrollo_carrera
BUK12310,2025-08-01,neu,herramientas_procesos|claridad_rol
BUK12310,2025-09-07,neg,desarrollo_carrera|cambio_organizacional|reconocimiento
BUK12310,2025-10-11,neg,clima_equipo|relacion_con_lider|compensacion
BUK12310,2026-03-02,neu,claridad_rol|onboarding
BUK12310,2026-05-06,neg,compensacion
BUK12311,2025-10-07,neu,herramientas_procesos
BUK12311,2026-06-30,pos,reconocimiento|cambio_organizacional
BUK12312,2026-01-13,pos,movilidad_interna|herramientas_procesos
BUK12312,2026-04-26,pos,compensacion
BUK12312,2026-06-22,neu,desarrollo_carrera
BUK12313,2025-08-01,pos,cambio_organizacional|compensacion
BUK12313,2026-02-10,neu,onboarding
BUK12313,2026-03-01,neu,carga_trabajo|relacion_con_lider
BUK12314,2025-03-13,neu,balance_vida_trabajo|carga_trabajo
BUK12314,2025-10-19,neu,claridad_rol
BUK12314,2025-11-08,pos,desarrollo_carrera
BUK12314,2026-04-11,neu,herramientas_procesos
BUK12315,2025-11-02,neu,compensacion|carga_trabajo
BUK12315,2025-12-27,pos,balance_vida_trabajo|onboarding|reconocimiento
BUK12315,2026-03-17,pos,clima_equipo|carga_trabajo|claridad_rol
BUK12316,2025-03-25,neu,cambio_organizacional|reconocimiento
BUK12316,2025-03-30,neu,onboarding
BUK12316,2025-03-30,neu,onboarding|claridad_rol|carga_trabajo
BUK12316,2025-04-17,neg,onboarding|clima_equipo|cambio_organizacional
BUK12316,2026-04-08,pos,relacion_con_lider|movilidad_interna|clima_equipo
BUK12316,2026-07-08,pos,relacion_con_lider|compensacion|desarrollo_carrera
BUK12317,2025-11-01,pos,relacion_con_lider|cambio_organizacional|clima_equipo
BUK12317,2025-11-02,neu,cambio_organizacional|reconocimiento
BUK12317,2025-11-12,pos,claridad_rol|relacion_con_lider
BUK12318,2025-04-10,neg,movilidad_interna|compensacion
BUK12318,2026-01-31,pos,movilidad_interna
BUK12318,2026-04-08,pos,movilidad_interna|desarrollo_carrera
BUK12318,2026-07-09,neg,movilidad_interna|reconocimiento
BUK12319,2025-08-22,pos,claridad_rol|balance_vida_trabajo
BUK12319,2026-02-01,neu,carga_trabajo
BUK12319,2026-06-26,pos,reconocimiento|relacion_con_lider|clima_equipo
BUK12320,2025-11-05,neu,cambio_organizacional|claridad_rol
BUK12320,2026-02-08,pos,reconocimiento|carga_trabajo
BUK12320,2026-05-09,neu,desarrollo_carrera|balance_vida_trabajo
BUK12320,2026-08-09,neu,claridad_rol|reconocimiento
BUK12321,2025-08-26,pos,relacion_con_lider|onboarding|cambio_organizacional
BUK12321,2025-10-30,pos,onboarding
BUK12321,2025-11-20,neu,reconocimiento
BUK12321,2025-12-27,neu,relacion_con_lider|clima_equipo|compensacion
BUK12321,2026-02-24,pos,movilidad_interna|balance_vida_trabajo|desarrollo_carrera
BUK12321,2026-06-11,pos,cambio_organizacional|relacion_con_lider
BUK12322,2025-04-14,neg,relacion_con_lider|claridad_rol
BUK12322,2026-01-01,neu,relacion_con_lider|desarrollo_carrera
BUK12322,2026-02-03,neu,relacion_con_lider
BUK12322,2026-02-07,neg,desarrollo_carrera|relacion_con_lider
BUK12322,2026-06-15,neu,claridad_rol|herramientas_procesos
BUK12323,2026-08-16,pos,movilidad_interna|carga_trabajo|onboarding
BUK12323,2026-08-18,pos,carga_trabajo|movilidad_interna|herramientas_procesos
BUK12323,2026-08-23,neu,onboarding|reconocimiento
BUK12323,2026-08-27,pos,balance_vida_trabajo|movilidad_interna|reconocimiento
BUK12324,2026-08-13,pos,compensacion|relacion_con_lider|balance_vida_trabajo
BUK12325,2025-11-29,pos,cambio_organizacional|clima_equipo|reconocimiento
BUK12325,2026-04-17,pos,reconocimiento|relacion_con_lider|cambio_organizacional
BUK12326,2026-07-06,neu,compensacion|reconocimiento|desarrollo_carrera
BUK12326,2026-07-13,neu,compensacion|movilidad_interna
BUK12326,2026-07-24,neu,desarrollo_carrera
BUK12326,2026-08-12,neu,reconocimiento
BUK12326,2026-08-19,neu,movilidad_interna|reconocimiento
BUK12327,2025-09-26,neu,movilidad_interna|desarrollo_carrera|herramientas_procesos
BUK12327,2026-01-27,neu,onboarding
BUK12327,2026-02-24,neg,reconocimiento
BUK12327,2026-03-22,neu,herramientas_procesos|movilidad_interna
BUK12327,2026-08-15,pos,relacion_con_lider|clima_equipo
BUK12328,2025-05-06,neu,compensacion
BUK12328,2026-06-20,neu,desarrollo_carrera|herramientas_procesos
BUK12329,2025-11-29,pos,movilidad_interna
BUK12329,2026-01-09,neu,reconocimiento|desarrollo_carrera
BUK12329,2026-01-16,neu,movilidad_interna|reconocimiento
BUK12330,2025-08-23,neu,clima_equipo
BUK12330,2025-08-26,pos,balance_vida_trabajo
BUK12330,2025-09-07,pos,movilidad_interna|clima_equipo|carga_trabajo
BUK12330,2025-10-05,neu,onboarding
BUK12330,2025-10-30,neu,reconocimiento
BUK12330,2025-11-07,neu,clima_equipo
BUK12331,2025-11-03,neu,movilidad_interna|relacion_con_lider|herramientas_procesos
BUK12332,2026-06-01,pos,onboarding|reconocimiento
BUK12332,2026-06-22,pos,balance_vida_trabajo|carga_trabajo
BUK12332,2026-07-11,pos,relacion_con_lider
BUK12332,2026-08-30,pos,reconocimiento|movilidad_interna
BUK12333,2026-03-09,neg,movilidad_interna|relacion_con_lider|carga_trabajo
BUK12333,2026-05-16,neg,balance_vida_trabajo
BUK12334,2025-08-01,neu,desarrollo_carrera|relacion_con_lider
BUK12334,2025-10-12,neu,balance_vida_trabajo|relacion_con_lider
BUK12334,2026-07-13,pos,cambio_organizacional|carga_trabajo
BUK12335,2025-04-06,neg,relacion_con_lider|desarrollo_carrera
BUK12335,2025-05-22,neg,herramientas_procesos
BUK12335,2025-12-07,neg,herramientas_procesos|desarrollo_carrera
BUK12336,2026-03-02,pos,relacion_con_lider
BUK12336,2026-04-13,neu,reconocimiento|desarrollo_carrera
BUK12336,2026-08-30,pos,herramientas_procesos|claridad_rol|relacion_con_lider
BUK12337,2025-04-26,pos,clima_equipo|herramientas_procesos
BUK12337,2025-07-30,pos,desarrollo_carrera
BUK12337,2026-01-14,pos,carga_trabajo
BUK12337,2026-01-16,pos,balance_vida_trabajo|reconocimiento|compensacion
BUK12337,2026-03-31,pos,relacion_con_lider|cambio_organizacional|movilidad_interna
BUK12338,2026-07-14,neg,carga_trabajo|cambio_organizacional
BUK12339,2025-03-19,neu,relacion_con_lider
BUK12339,2025-04-29,neu,carga_trabajo|herramientas_procesos|clima_equipo
BUK12339,2025-12-01,pos,clima_equipo|reconocimiento
BUK12339,2026-07-04,neu,movilidad_interna
BUK12340,2026-02-27,neg,onboarding|claridad_rol
BUK12340,2026-03-18,neg,claridad_rol|herramientas_procesos
BUK12340,2026-03-19,neg,onboarding|relacion_con_lider
BUK12340,2026-03-26,neg,claridad_rol|relacion_con_lider|onboarding
BUK12340,2026-04-11,neg,claridad_rol
BUK12341,2025-03-28,neu,reconocimiento|balance_vida_trabajo
BUK12341,2025-08-15,pos,carga_trabajo|onboarding|movilidad_interna
BUK12341,2026-04-11,neg,herramientas_procesos|balance_vida_trabajo
BUK12342,2026-06-16,pos,carga_trabajo|herramientas_procesos|compensacion
BUK12342,2026-06-26,neu,movilidad_interna|relacion_con_lider
BUK12343,2026-05-23,pos,carga_trabajo|balance_vida_trabajo
BUK12343,2026-06-06,pos,movilidad_interna|herramientas_procesos
BUK12343,2026-06-06,neu,relacion_con_lider|desarrollo_carrera
BUK12343,2026-06-14,pos,onboarding|herramientas_procesos|balance_vida_trabajo
BUK12343,2026-06-21,pos,onboarding|reconocimiento
BUK12344,2025-03-20,pos,relacion_con_lider|cambio_organizacional|desarrollo_carrera
BUK12344,2025-11-10,neu,claridad_rol
BUK12344,2026-02-12,pos,cambio_organizacional|onboarding|desarrollo_carrera
BUK12344,2026-05-14,neg,movilidad_interna|compensacion|claridad_rol
BUK12344,2026-05-31,neg,reconocimiento|carga_trabajo
BUK12345,2026-08-07,pos,carga_trabajo
BUK12345,2026-08-08,neu,onboarding|balance_vida_trabajo|cambio_organizacional
BUK12345,2026-08-19,pos,movilidad_interna|relacion_con_lider
BUK12345,2026-08-25,neu,clima_equipo|claridad_rol
BUK12346,2025-04-29,neu,relacion_con_lider|herramientas_procesos
BUK12346,2025-06-11,pos,herramientas_procesos|desarrollo_carrera
BUK12346,2025-09-11,neu,relacion_con_lider|claridad_rol
BUK12347,2026-02-17,neg,onboarding|claridad_rol
BUK12347,2026-03-08,neu,onboarding|herramientas_procesos
BUK12347,2026-03-26,neu,herramientas_procesos|claridad_rol
BUK12347,2026-04-15,neg,herramientas_procesos|claridad_rol
BUK12349,2025-10-08,pos,claridad_rol|herramientas_procesos
BUK12349,2026-01-03,pos,claridad_rol|onboarding
BUK12349,2026-03-16,pos,carga_trabajo|desarrollo_carrera|onboarding
BUK12350,2025-03-01,neg,balance_vida_trabajo
BUK12350,2025-11-03,neu,clima_equipo|herramientas_procesos
BUK12350,2026-02-26,pos,compensacion
BUK12350,2026-03-15,neu,balance_vida_trabajo
BUK12350,2026-06-08,neg,relacion_con_lider|cambio_organizacional|balance_vida_trabajo
BUK12350,2026-08-29,pos,relacion_con_lider|movilidad_interna|herramientas_procesos
BUK12351,2025-03-29,neg,movilidad_interna|claridad_rol|desarrollo_carrera
BUK12352,2025-03-01,neg,carga_trabajo|reconocimiento|balance_vida_trabajo
BUK12352,2025-04-27,neg,clima_equipo
BUK12352,2025-05-25,neg,relacion_con_lider|cambio_organizacional|reconocimiento
BUK12352,2025-09-11,neu,cambio_organizacional|reconocimiento
BUK12353,2025-06-22,neu,herramientas_procesos
BUK12353,2026-07-09,pos,movilidad_interna|compensacion|desarrollo_carrera
BUK12354,2025-06-15,neu,movilidad_interna|onboarding
BUK12354,2025-08-25,pos,movilidad_interna|compensacion
BUK12355,2026-04-17,pos,balance_vida_trabajo|herramientas_procesos|onboarding
BUK12355,2026-05-31,pos,clima_equipo
BUK12355,2026-06-08,pos,clima_equipo|onboarding
BUK12355,2026-07-15,pos,relacion_con_lider|herramientas_procesos
BUK12356,2025-12-02,neg,desarrollo_carrera|compensacion
BUK12356,2025-12-28,pos,relacion_con_lider
BUK12356,2026-01-12,neu,balance_vida_trabajo
BUK12356,2026-01-26,pos,onboarding|movilidad_interna
BUK12356,2026-07-08,neg,reconocimiento|herramientas_procesos
BUK12357,2025-09-09,neu,onboarding|claridad_rol
BUK12357,2025-10-11,pos,movilidad_interna|herramientas_procesos|clima_equipo
BUK12357,2025-10-23,neu,onboarding|movilidad_interna
BUK12357,2026-03-05,pos,relacion_con_lider|cambio_organizacional
BUK12358,2025-10-10,pos,claridad_rol
BUK12358,2026-07-28,neg,relacion_con_lider|clima_equipo
BUK12359,2026-03-14,pos,onboarding
BUK12359,2026-04-08,pos,desarrollo_carrera|relacion_con_lider
BUK12359,2026-06-05,pos,onboarding|compensacion|relacion_con_lider
BUK12361,2026-07-25,pos,balance_vida_trabajo|claridad_rol|compensacion
BUK12362,2025-09-30,pos,desarrollo_carrera|cambio_organizacional
BUK12362,2025-12-20,pos,reconocimiento|onboarding
BUK12362,2026-04-30,pos,clima_equipo|desarrollo_carrera
BUK12362,2026-07-06,pos,movilidad_interna
BUK12363,2025-04-09,pos,movilidad_interna|carga_trabajo
BUK12363,2026-06-22,neu,onboarding
BUK12364,2026-04-19,neu,compensacion
BUK12364,2026-04-21,pos,movilidad_interna|herramientas_procesos
BUK12364,2026-07-12,pos,desarrollo_carrera|onboarding|clima_equipo
BUK12364,2026-07-29,pos,desarrollo_carrera|claridad_rol
BUK12365,2025-12-16,pos,herramientas_procesos|onboarding
BUK12365,2026-01-19,neu,onboarding
BUK12365,2026-02-06,neu,clima_equipo|balance_vida_trabajo
BUK12366,2025-09-29,pos,movilidad_interna|claridad_rol|herramientas_procesos
BUK12366,2025-11-09,neu,cambio_organizacional|clima_equipo
BUK12367,2026-05-20,neu,carga_trabajo|cambio_organizacional
BUK12367,2026-05-26,neu,desarrollo_carrera|balance_vida_trabajo|claridad_rol
BUK12367,2026-06-10,pos,carga_trabajo|compensacion
BUK12367,2026-07-16,neu,compensacion|relacion_con_lider|claridad_rol
BUK12368,2026-08-19,neg,onboarding|compensacion
BUK12368,2026-08-25,neg,claridad_rol
BUK12368,2026-08-30,pos,claridad_rol|compensacion
BUK12369,2026-01-19,neu,herramientas_procesos|relacion_con_lider
BUK12369,2026-02-10,neg,claridad_rol|herramientas_procesos
BUK12369,2026-05-11,neg,relacion_con_lider|claridad_rol
BUK12370,2026-08-01,pos,herramientas_procesos|onboarding
BUK12370,2026-08-05,pos,balance_vida_trabajo|reconocimiento|compensacion
BUK12370,2026-08-07,neu,claridad_rol|desarrollo_carrera|cambio_organizacional
BUK12370,2026-08-19,pos,clima_equipo|herramientas_procesos
BUK12371,2026-04-18,neu,relacion_con_lider|herramientas_procesos
BUK12371,2026-07-09,pos,clima_equipo
BUK12371,2026-07-29,pos,herramientas_procesos|carga_trabajo
BUK12372,2025-06-18,neu,reconocimiento
BUK12372,2025-12-19,neu,balance_vida_trabajo|cambio_organizacional
BUK12373,2025-03-13,neg,movilidad_interna|desarrollo_carrera|reconocimiento
BUK12373,2025-04-15,pos,desarrollo_carrera|reconocimiento|compensacion
BUK12373,2025-04-26,neg,desarrollo_carrera|compensacion|movilidad_interna
BUK12373,2025-10-04,neu,desarrollo_carrera|movilidad_interna
BUK12373,2025-10-22,neg,movilidad_interna|reconocimiento|desarrollo_carrera
BUK12373,2025-11-15,pos,desarrollo_carrera
BUK12373,2025-12-27,neu,movilidad_interna
BUK12374,2026-08-09,pos,onboarding|claridad_rol
BUK12374,2026-08-20,neg,herramientas_procesos
BUK12375,2026-06-22,pos,herramientas_procesos|claridad_rol|compensacion
BUK12375,2026-08-18,neu,reconocimiento|claridad_rol
BUK12376,2025-12-23,neu,balance_vida_trabajo|clima_equipo|reconocimiento
BUK12376,2026-01-12,neg,reconocimiento|balance_vida_trabajo
BUK12376,2026-01-15,neg,reconocimiento|carga_trabajo|relacion_con_lider
BUK12377,2025-12-21,neu,claridad_rol|relacion_con_lider|onboarding
BUK12377,2026-01-17,pos,herramientas_procesos|desarrollo_carrera|reconocimiento
BUK12377,2026-07-03,neu,carga_trabajo|balance_vida_trabajo|relacion_con_lider
BUK12377,2026-07-20,pos,desarrollo_carrera|clima_equipo|compensacion
BUK12378,2025-09-22,neu,cambio_organizacional
BUK12378,2025-11-10,neu,herramientas_procesos|carga_trabajo
BUK12378,2026-02-27,pos,claridad_rol
BUK12378,2026-03-18,pos,balance_vida_trabajo|cambio_organizacional
BUK12379,2026-07-31,pos,claridad_rol|onboarding|cambio_organizacional
BUK12379,2026-08-23,neu,onboarding|movilidad_interna
BUK12380,2026-03-03,neu,balance_vida_trabajo|reconocimiento
BUK12380,2026-04-01,neu,relacion_con_lider|balance_vida_trabajo
BUK12380,2026-04-17,neu,clima_equipo|cambio_organizacional
BUK12380,2026-05-09,neu,reconocimiento|relacion_con_lider|cambio_organizacional
BUK12380,2026-05-24,neg,carga_trabajo
BUK12381,2025-12-02,pos,desarrollo_carrera
BUK12381,2026-03-20,neu,cambio_organizacional|herramientas_procesos
BUK12381,2026-06-13,pos,claridad_rol
BUK12382,2025-11-09,pos,compensacion|reconocimiento
BUK12382,2026-03-18,neu,desarrollo_carrera|movilidad_interna
BUK12382,2026-07-23,neu,compensacion
BUK12383,2026-06-18,neu,clima_equipo|carga_trabajo
BUK12383,2026-06-22,pos,reconocimiento|relacion_con_lider
BUK12383,2026-07-17,pos,carga_trabajo|herramientas_procesos
BUK12383,2026-08-04,pos,herramientas_procesos|onboarding
BUK12383,2026-08-18,neu,herramientas_procesos|compensacion|movilidad_interna
BUK12384,2026-06-11,neu,onboarding|reconocimiento|claridad_rol
BUK12384,2026-07-03,pos,cambio_organizacional
BUK12384,2026-07-31,neu,cambio_organizacional|claridad_rol|onboarding
BUK12384,2026-08-08,pos,desarrollo_carrera|clima_equipo
BUK12384,2026-08-23,pos,desarrollo_carrera|cambio_organizacional|claridad_rol
BUK12384,2026-08-23,pos,clima_equipo|compensacion
BUK12385,2025-11-20,neg,relacion_con_lider
BUK12385,2025-11-27,neu,onboarding|herramientas_procesos
BUK12385,2025-12-10,neu,claridad_rol|herramientas_procesos
BUK12385,2025-12-14,neu,claridad_rol|relacion_con_lider|onboarding
BUK12385,2026-01-07,neu,onboarding|claridad_rol|relacion_con_lider
BUK12385,2026-01-16,neg,relacion_con_lider
BUK12385,2026-01-31,neg,herramientas_procesos
BUK12386,2026-04-03,pos,cambio_organizacional
BUK12386,2026-04-19,neu,clima_equipo|relacion_con_lider
BUK12386,2026-05-03,neu,claridad_rol|onboarding
BUK12386,2026-06-07,neu,onboarding|compensacion
BUK12386,2026-08-09,neu,desarrollo_carrera|relacion_con_lider|compensacion
BUK12386,2026-08-21,pos,desarrollo_carrera|relacion_con_lider
BUK12387,2025-03-31,pos,reconocimiento|compensacion|herramientas_procesos
BUK12387,2025-05-02,neg,balance_vida_trabajo|desarrollo_carrera|compensacion
BUK12387,2025-06-13,pos,cambio_organizacional
BUK12387,2025-08-05,pos,movilidad_interna
BUK12388,2025-05-02,pos,onboarding|reconocimiento|herramientas_procesos
BUK12388,2025-11-10,pos,claridad_rol|movilidad_interna
BUK12388,2025-11-12,pos,carga_trabajo
BUK12389,2025-03-06,pos,reconocimiento|compensacion
BUK12389,2025-08-25,neg,reconocimiento|movilidad_interna
BUK12389,2026-01-09,neu,reconocimiento|movilidad_interna
BUK12390,2026-01-16,pos,movilidad_interna|reconocimiento|desarrollo_carrera
BUK12390,2026-04-19,pos,movilidad_interna
BUK12390,2026-08-26,pos,desarrollo_carrera
BUK12391,2026-03-05,neu,herramientas_procesos|claridad_rol
BUK12391,2026-04-13,neg,herramientas_procesos|relacion_con_lider
BUK12391,2026-06-18,neg,herramientas_procesos
BUK12392,2026-05-12,pos,movilidad_interna|compensacion|reconocimiento
BUK12392,2026-06-22,neg,reconocimiento|compensacion|desarrollo_carrera
BUK12392,2026-06-26,neu,desarrollo_carrera|movilidad_interna
BUK12393,2026-06-28,neu,compensacion|desarrollo_carrera
BUK12393,2026-07-26,neu,herramientas_procesos|clima_equipo|relacion_con_lider
BUK12393,2026-07-29,pos,carga_trabajo
BUK12394,2026-01-30,neu,movilidad_interna|desarrollo_carrera|compensacion
BUK12394,2026-03-08,neu,movilidad_interna|cambio_organizacional
BUK12394,2026-07-18,pos,movilidad_interna
BUK12395,2025-12-06,neg,balance_vida_trabajo|reconocimiento
BUK12395,2025-12-20,neu,relacion_con_lider|clima_equipo
BUK12395,2025-12-21,neu,reconocimiento
BUK12396,2026-02-11,neu,herramientas_procesos|relacion_con_lider
BUK12396,2026-02-27,neg,claridad_rol
BUK12396,2026-03-14,neg,herramientas_procesos|claridad_rol
BUK12396,2026-04-07,neu,onboarding|claridad_rol
BUK12397,2025-10-21,pos,carga_trabajo|claridad_rol
BUK12397,2026-03-05,pos,onboarding|compensacion
BUK12397,2026-07-01,pos,herramientas_procesos|carga_trabajo
BUK12398,2025-06-18,pos,compensacion|movilidad_interna
BUK12398,2026-05-03,neg,desarrollo_carrera
BUK12399,2026-07-28,neg,claridad_rol|relacion_con_lider
BUK12399,2026-07-28,neu,relacion_con_lider|claridad_rol
BUK12399,2026-08-05,neg,onboarding
BUK12399,2026-08-16,neg,relacion_con_lider
BUK12399,2026-08-18,neg,herramientas_procesos|claridad_rol
BUK12399,2026-08-30,neu,onboarding|relacion_con_lider
BUK12400,2026-06-30,neu,relacion_con_lider|claridad_rol|herramientas_procesos
BUK12400,2026-07-13,pos,herramientas_procesos|carga_trabajo
BUK12401,2026-05-21,pos,compensacion|balance_vida_trabajo
BUK12401,2026-07-23,pos,clima_equipo|movilidad_interna|carga_trabajo
BUK12401,2026-08-03,pos,cambio_organizacional|balance_vida_trabajo
BUK12401,2026-08-15,neu,balance_vida_trabajo|clima_equipo
BUK12402,2025-09-08,pos,movilidad_interna
BUK12402,2025-11-13,pos,movilidad_interna
BUK12402,2025-12-06,pos,reconocimiento|desarrollo_carrera|movilidad_interna
BUK12402,2026-04-11,pos,movilidad_interna|compensacion|reconocimiento
BUK12403,2025-12-30,pos,balance_vida_trabajo|movilidad_interna
BUK12403,2026-03-27,pos,claridad_rol
BUK12403,2026-06-27,pos,relacion_con_lider|herramientas_procesos
BUK12404,2025-04-04,neu,cambio_organizacional|balance_vida_trabajo
BUK12404,2025-08-05,neg,relacion_con_lider|clima_equipo
BUK12404,2025-11-21,pos,reconocimiento|cambio_organizacional
BUK12404,2025-11-24,pos,relacion_con_lider
BUK12404,2026-03-07,pos,relacion_con_lider
BUK12405,2026-05-14,pos,cambio_organizacional|onboarding
BUK12405,2026-06-03,pos,carga_trabajo|claridad_rol
BUK12405,2026-07-31,neu,desarrollo_carrera|claridad_rol|cambio_organizacional
BUK12406,2025-03-20,pos,relacion_con_lider|balance_vida_trabajo
BUK12406,2025-04-13,pos,relacion_con_lider|reconocimiento
BUK12406,2025-07-24,pos,reconocimiento|carga_trabajo
BUK12406,2025-10-05,pos,cambio_organizacional|relacion_con_lider
BUK12407,2026-02-22,pos,claridad_rol|balance_vida_trabajo
BUK12407,2026-06-26,pos,clima_equipo|balance_vida_trabajo|compensacion
BUK12407,2026-07-03,pos,herramientas_procesos|clima_equipo
BUK12407,2026-08-10,neu,clima_equipo|cambio_organizacional
BUK12408,2025-03-01,neu,reconocimiento|movilidad_interna|compensacion
BUK12408,2025-03-01,neu,desarrollo_carrera|reconocimiento
BUK12408,2025-03-01,neu,desarrollo_carrera|reconocimiento|compensacion
BUK12408,2025-03-01,neg,reconocimiento|movilidad_interna
BUK12408,2025-03-01,neu,compensacion|desarrollo_carrera
BUK12408,2025-03-02,neu,desarrollo_carrera|movilidad_interna
BUK12408,2025-03-02,neg,desarrollo_carrera|compensacion
BUK12409,2026-06-16,pos,carga_trabajo|reconocimiento|compensacion
BUK12410,2026-06-16,neg,herramientas_procesos|claridad_rol
BUK12410,2026-06-21,neg,herramientas_procesos|relacion_con_lider|claridad_rol
BUK12411,2026-02-04,pos,reconocimiento|movilidad_interna
BUK12411,2026-03-16,pos,movilidad_interna|reconocimiento
BUK12411,2026-04-14,neg,compensacion|desarrollo_carrera
BUK12412,2025-04-22,neu,relacion_con_lider|clima_equipo|compensacion
BUK12412,2025-05-06,neu,carga_trabajo|desarrollo_carrera
BUK12412,2025-12-26,neu,balance_vida_trabajo
BUK12412,2026-05-24,neu,reconocimiento|relacion_con_lider|compensacion
BUK12413,2026-01-11,pos,desarrollo_carrera|balance_vida_trabajo
BUK12413,2026-05-16,neu,herramientas_procesos
BUK12414,2026-02-23,neg,relacion_con_lider|cambio_organizacional
BUK12414,2026-03-07,pos,cambio_organizacional
BUK12414,2026-04-23,neu,clima_equipo|carga_trabajo
BUK12414,2026-07-28,neg,cambio_organizacional|balance_vida_trabajo|reconocimiento
BUK12415,2025-04-07,pos,balance_vida_trabajo|claridad_rol
BUK12415,2025-08-15,pos,carga_trabajo|desarrollo_carrera
BUK12416,2026-07-25,pos,reconocimiento|carga_trabajo
BUK12416,2026-07-26,pos,movilidad_interna
BUK12416,2026-07-27,pos,reconocimiento|relacion_con_lider
BUK12416,2026-08-14,pos,balance_vida_trabajo|compensacion|carga_trabajo
BUK12416,2026-08-29,neu,carga_trabajo
BUK12417,2026-05-13,pos,clima_equipo|cambio_organizacional
BUK12417,2026-06-20,pos,clima_equipo
BUK12418,2026-01-09,pos,movilidad_interna|clima_equipo|herramientas_procesos
BUK12418,2026-05-13,pos,movilidad_interna
BUK12419,2025-06-30,pos,reconocimiento|cambio_organizacional
BUK12419,2026-03-07,neg,clima_equipo
BUK12420,2025-08-11,neu,clima_equipo|claridad_rol
BUK12420,2026-04-30,neu,desarrollo_carrera|onboarding
BUK12420,2026-05-12,neg,clima_equipo
BUK12420,2026-08-04,neu,movilidad_interna
BUK12420,2026-08-14,neg,movilidad_interna|cambio_organizacional
BUK12421,2025-06-26,neu,relacion_con_lider
BUK12421,2025-12-30,neg,compensacion
BUK12421,2026-04-24,neu,compensacion|onboarding
BUK12421,2026-08-05,neu,claridad_rol|balance_vida_trabajo
BUK12422,2025-04-03,neu,herramientas_procesos|desarrollo_carrera
BUK12422,2025-05-18,pos,onboarding|desarrollo_carrera|claridad_rol
BUK12422,2025-08-14,neu,clima_equipo|compensacion
BUK12422,2025-10-07,neu,cambio_organizacional|compensacion|balance_vida_trabajo
BUK12422,2026-03-29,neu,desarrollo_carrera|reconocimiento
BUK12423,2026-07-05,pos,balance_vida_trabajo
BUK12423,2026-07-30,pos,onboarding|claridad_rol
BUK12423,2026-08-06,pos,cambio_organizacional|reconocimiento|desarrollo_carrera
BUK12423,2026-08-30,pos,herramientas_procesos|compensacion|balance_vida_trabajo
BUK12424,2025-03-11,pos,herramientas_procesos|claridad_rol
BUK12424,2025-05-21,pos,carga_trabajo|onboarding
BUK12424,2025-07-26,neu,herramientas_procesos|carga_trabajo
BUK12424,2025-09-03,neu,reconocimiento
BUK12424,2025-09-07,neu,relacion_con_lider|clima_equipo
BUK12424,2025-10-02,pos,balance_vida_trabajo|clima_equipo|claridad_rol
BUK12424,2025-10-09,neu,reconocimiento|balance_vida_trabajo|desarrollo_carrera
BUK12425,2025-09-20,neg,reconocimiento|compensacion|relacion_con_lider
BUK12425,2026-02-08,neu,desarrollo_carrera
BUK12426,2026-06-18,neg,carga_trabajo|balance_vida_trabajo
BUK12427,2025-07-16,pos,desarrollo_carrera
BUK12427,2025-12-22,neu,balance_vida_trabajo|onboarding
BUK12427,2026-01-22,pos,compensacion|reconocimiento
BUK12427,2026-01-27,pos,relacion_con_lider|cambio_organizacional|carga_trabajo
BUK12428,2026-03-27,neu,onboarding|compensacion|herramientas_procesos
BUK12428,2026-05-24,neu,claridad_rol|cambio_organizacional
BUK12428,2026-06-06,pos,herramientas_procesos|relacion_con_lider
BUK12428,2026-08-18,neu,cambio_organizacional|reconocimiento
BUK12429,2025-10-12,pos,relacion_con_lider|reconocimiento
BUK12429,2025-11-30,pos,clima_equipo|balance_vida_trabajo
BUK12429,2026-07-09,neu,reconocimiento|clima_equipo
BUK12430,2026-01-26,neu,compensacion
BUK12430,2026-06-24,pos,compensacion|claridad_rol
BUK12431,2026-07-17,pos,desarrollo_carrera|movilidad_interna
BUK12431,2026-08-03,pos,desarrollo_carrera|compensacion|movilidad_interna
BUK12431,2026-08-13,neu,desarrollo_carrera
BUK12431,2026-08-14,neu,desarrollo_carrera|movilidad_interna
BUK12432,2026-06-17,pos,onboarding|clima_equipo|herramientas_procesos
BUK12432,2026-06-29,neu,balance_vida_trabajo
BUK12432,2026-08-23,pos,clima_equipo
BUK12432,2026-08-30,pos,onboarding|compensacion
BUK12433,2025-07-17,neg,reconocimiento|relacion_con_lider|cambio_organizacional
BUK12433,2025-07-24,neu,carga_trabajo|reconocimiento|cambio_organizacional
BUK12433,2025-08-05,neg,carga_trabajo
BUK12433,2025-08-17,neg,clima_equipo|carga_trabajo
BUK12434,2025-04-08,neg,movilidad_interna|desarrollo_carrera
BUK12434,2025-05-05,neg,reconocimiento
BUK12434,2025-07-04,neu,cambio_organizacional|relacion_con_lider
BUK12434,2025-10-07,neg,herramientas_procesos
BUK12434,2025-12-10,neg,compensacion|onboarding
BUK12434,2026-04-28,neg,movilidad_interna|compensacion
BUK12434,2026-06-10,neu,claridad_rol|herramientas_procesos
BUK12435,2025-11-11,neg,carga_trabajo|cambio_organizacional
BUK12435,2025-12-06,neu,cambio_organizacional
BUK12435,2026-07-06,neg,relacion_con_lider|balance_vida_trabajo
BUK12435,2026-08-09,neu,cambio_organizacional
BUK12436,2025-12-30,neu,onboarding
BUK12436,2026-06-18,neu,clima_equipo
BUK12436,2026-07-24,neu,reconocimiento
BUK12436,2026-08-19,pos,carga_trabajo|claridad_rol
BUK12437,2025-09-03,pos,onboarding|cambio_organizacional
BUK12437,2025-09-06,neg,balance_vida_trabajo
BUK12437,2026-01-21,pos,onboarding|reconocimiento|cambio_organizacional
BUK12438,2025-06-29,neu,reconocimiento|carga_trabajo
BUK12438,2025-10-08,neu,relacion_con_lider|reconocimiento
BUK12438,2026-04-07,neu,balance_vida_trabajo
BUK12438,2026-07-31,neu,relacion_con_lider|clima_equipo
BUK12439,2025-03-10,pos,relacion_con_lider|compensacion
BUK12439,2025-08-10,neu,desarrollo_carrera
BUK12439,2026-08-13,pos,desarrollo_carrera
BUK12441,2026-01-17,neu,reconocimiento
BUK12441,2026-03-03,pos,reconocimiento|desarrollo_carrera|compensacion
BUK12441,2026-03-30,neu,compensacion
BUK12442,2026-02-23,pos,movilidad_interna|carga_trabajo
BUK12442,2026-07-17,neu,carga_trabajo|balance_vida_trabajo
BUK12443,2025-03-22,pos,compensacion|desarrollo_carrera|movilidad_interna
BUK12443,2025-11-26,pos,compensacion|movilidad_interna|desarrollo_carrera
BUK12443,2025-12-23,neu,movilidad_interna|compensacion
BUK12444,2025-05-26,neg,desarrollo_carrera|cambio_organizacional
BUK12444,2025-10-12,neu,movilidad_interna|herramientas_procesos
BUK12445,2025-11-23,neg,claridad_rol|herramientas_procesos|onboarding
BUK12445,2025-12-12,neg,relacion_con_lider
BUK12445,2026-01-11,neg,relacion_con_lider
BUK12445,2026-02-12,neu,relacion_con_lider|herramientas_procesos
BUK12445,2026-03-06,neg,relacion_con_lider|claridad_rol
BUK12445,2026-04-06,neg,herramientas_procesos|relacion_con_lider
BUK12446,2026-04-10,pos,claridad_rol
BUK12446,2026-05-30,neu,carga_trabajo
BUK12446,2026-06-16,pos,onboarding|movilidad_interna
BUK12448,2025-04-12,pos,cambio_organizacional|herramientas_procesos|claridad_rol
BUK12448,2025-05-07,pos,compensacion|movilidad_interna|reconocimiento
BUK12448,2025-09-22,pos,movilidad_interna|relacion_con_lider
BUK12449,2026-05-08,pos,herramientas_procesos|balance_vida_trabajo
BUK12449,2026-07-22,neu,cambio_organizacional|compensacion|reconocimiento
BUK12450,2025-07-15,neu,movilidad_interna
BUK12450,2025-08-19,neg,reconocimiento|clima_equipo
BUK12450,2025-11-02,neu,compensacion|clima_equipo
BUK12450,2026-05-25,pos,carga_trabajo|reconocimiento
BUK12451,2025-09-13,neg,relacion_con_lider
BUK12451,2026-02-23,neu,balance_vida_trabajo|compensacion
BUK12451,2026-08-25,pos,herramientas_procesos
BUK12452,2025-05-06,neu,relacion_con_lider
BUK12452,2025-06-17,neu,relacion_con_lider|carga_trabajo
BUK12452,2025-08-03,neu,balance_vida_trabajo|reconocimiento
BUK12452,2025-08-11,neu,carga_trabajo|clima_equipo
BUK12452,2025-08-21,neg,cambio_organizacional|clima_equipo
BUK12454,2025-06-09,neu,clima_equipo|cambio_organizacional|onboarding
BUK12454,2026-06-12,neu,movilidad_interna|compensacion
BUK12455,2025-10-07,neu,claridad_rol
BUK12455,2026-04-01,neg,clima_equipo
BUK12455,2026-05-26,neu,desarrollo_carrera|clima_equipo
BUK12456,2025-06-23,neu,cambio_organizacional
BUK12456,2026-01-25,neu,claridad_rol|cambio_organizacional
BUK12456,2026-07-16,pos,compensacion|desarrollo_carrera|onboarding
BUK12456,2026-08-23,pos,compensacion|movilidad_interna
BUK12457,2025-06-07,neu,compensacion|desarrollo_carrera
BUK12457,2025-09-09,neg,reconocimiento|movilidad_interna
BUK12458,2026-07-24,neu,herramientas_procesos|compensacion
BUK12458,2026-08-12,neu,compensacion|herramientas_procesos
BUK12459,2026-07-07,pos,movilidad_interna|onboarding
BUK12459,2026-07-21,pos,compensacion|claridad_rol|onboarding
BUK12459,2026-08-24,pos,carga_trabajo|balance_vida_trabajo|claridad_rol
BUK12460,2026-05-14,pos,herramientas_procesos
BUK12460,2026-08-15,pos,herramientas_procesos|onboarding|relacion_con_lider
BUK12460,2026-08-24,pos,relacion_con_lider|movilidad_interna
BUK12461,2026-04-28,neg,reconocimiento|desarrollo_carrera
BUK12461,2026-05-11,neu,desarrollo_carrera|movilidad_interna|compensacion
BUK12461,2026-05-21,neg,compensacion|movilidad_interna|reconocimiento
BUK12461,2026-05-25,neg,compensacion|reconocimiento|desarrollo_carrera
BUK12461,2026-06-07,neu,movilidad_interna|compensacion
BUK12462,2025-12-02,pos,reconocimiento|balance_vida_trabajo
BUK12462,2026-01-30,pos,herramientas_procesos|compensacion|movilidad_interna
BUK12463,2025-08-03,pos,claridad_rol|compensacion
BUK12463,2026-03-24,pos,compensacion|clima_equipo
BUK12463,2026-06-23,neg,clima_equipo|movilidad_interna|balance_vida_trabajo
BUK12464,2025-03-24,pos,compensacion|reconocimiento
BUK12464,2025-04-10,pos,compensacion|balance_vida_trabajo|cambio_organizacional
BUK12464,2025-04-30,pos,cambio_organizacional|onboarding
BUK12464,2025-05-07,neg,clima_equipo|claridad_rol
BUK12464,2026-04-27,neu,claridad_rol|movilidad_interna
BUK12464,2026-05-02,neg,reconocimiento|cambio_organizacional|claridad_rol
BUK12465,2025-10-04,neu,clima_equipo|reconocimiento
BUK12465,2025-10-20,pos,reconocimiento|desarrollo_carrera|carga_trabajo
BUK12465,2026-01-18,pos,claridad_rol
BUK12465,2026-02-03,neg,clima_equipo|reconocimiento|desarrollo_carrera
BUK12465,2026-03-05,neu,cambio_organizacional|movilidad_interna|relacion_con_lider
BUK12466,2025-09-19,neu,relacion_con_lider|claridad_rol|cambio_organizacional
BUK12466,2025-11-09,neg,movilidad_interna|herramientas_procesos
BUK12466,2026-07-03,neg,cambio_organizacional|desarrollo_carrera|herramientas_procesos
BUK12467,2025-04-24,neu,relacion_con_lider|carga_trabajo
BUK12467,2025-11-28,pos,relacion_con_lider
BUK12467,2026-02-10,pos,reconocimiento|onboarding|movilidad_interna
BUK12467,2026-02-17,pos,onboarding
BUK12467,2026-05-01,pos,movilidad_interna
BUK12467,2026-05-23,neu,balance_vida_trabajo|compensacion
BUK12467,2026-07-31,pos,clima_equipo
BUK12468,2025-07-08,neu,desarrollo_carrera|reconocimiento
BUK12468,2025-08-05,pos,compensacion|movilidad_interna
BUK12468,2025-10-03,neu,desarrollo_carrera|compensacion
BUK12468,2025-10-27,neu,reconocimiento|movilidad_interna
BUK12469,2025-11-02,neg,carga_trabajo|cambio_organizacional
BUK12469,2025-11-18,pos,balance_vida_trabajo|clima_equipo
BUK12469,2025-12-26,pos,carga_trabajo|reconocimiento
BUK12469,2026-02-08,neu,balance_vida_trabajo|clima_equipo
BUK12470,2025-03-23,neu,carga_trabajo
BUK12470,2025-07-14,neu,herramientas_procesos|compensacion|desarrollo_carrera
BUK12470,2026-04-29,neu,reconocimiento|movilidad_interna|desarrollo_carrera
BUK12470,2026-05-10,pos,balance_vida_trabajo|reconocimiento
BUK12470,2026-08-20,pos,balance_vida_trabajo
BUK12471,2026-07-11,neu,movilidad_interna
BUK12471,2026-08-21,neg,clima_equipo|cambio_organizacional
BUK12472,2025-06-12,neu,cambio_organizacional|reconocimiento
BUK12472,2025-10-03,neu,balance_vida_trabajo
BUK12472,2026-01-02,neu,claridad_rol|movilidad_interna
BUK12473,2025-08-02,neg,carga_trabajo|herramientas_procesos|claridad_rol
BUK12473,2025-11-13,neg,movilidad_interna|clima_equipo
BUK12473,2026-05-01,neu,reconocimiento|claridad_rol|balance_vida_trabajo
BUK12473,2026-07-14,neg,compensacion|movilidad_interna
BUK12474,2026-01-10,neu,reconocimiento|movilidad_interna|compensacion
BUK12474,2026-01-18,neu,compensacion|reconocimiento
BUK12474,2026-01-25,neu,movilidad_interna|desarrollo_carrera
BUK12474,2026-02-07,neu,movilidad_interna|reconocimiento
BUK12474,2026-02-13,neg,reconocimiento|compensacion|desarrollo_carrera
BUK12475,2025-05-24,pos,cambio_organizacional|desarrollo_carrera
BUK12475,2025-07-09,neu,relacion_con_lider|movilidad_interna
BUK12475,2025-09-04,pos,clima_equipo|claridad_rol
BUK12476,2026-02-21,neu,relacion_con_lider
BUK12476,2026-04-27,neg,cambio_organizacional|claridad_rol|herramientas_procesos
BUK12476,2026-07-12,neg,herramientas_procesos
BUK12477,2026-05-08,neu,claridad_rol|compensacion
BUK12477,2026-05-09,neu,cambio_organizacional|reconocimiento
BUK12477,2026-05-18,pos,movilidad_interna|compensacion|herramientas_procesos
BUK12478,2025-04-26,pos,clima_equipo|desarrollo_carrera|claridad_rol
BUK12478,2025-08-31,pos,clima_equipo|onboarding|desarrollo_carrera
BUK12478,2026-07-10,neg,claridad_rol|clima_equipo|desarrollo_carrera
BUK12478,2026-08-22,pos,claridad_rol|reconocimiento
BUK12479,2025-09-23,neu,compensacion|onboarding
BUK12479,2025-12-30,pos,desarrollo_carrera|relacion_con_lider|herramientas_procesos
BUK12479,2026-04-15,neu,onboarding
BUK12480,2026-07-18,pos,balance_vida_trabajo|claridad_rol|onboarding
BUK12480,2026-08-14,neu,carga_trabajo|reconocimiento|clima_equipo
BUK12480,2026-08-27,pos,herramientas_procesos|cambio_organizacional
BUK12481,2026-02-12,neu,desarrollo_carrera|clima_equipo|claridad_rol
BUK12481,2026-04-30,neu,relacion_con_lider|desarrollo_carrera|reconocimiento
BUK12482,2025-11-23,pos,compensacion|claridad_rol
BUK12482,2025-11-30,neu,desarrollo_carrera
BUK12482,2026-03-04,pos,carga_trabajo|claridad_rol
BUK12482,2026-05-05,pos,claridad_rol|carga_trabajo|reconocimiento
BUK12483,2025-05-17,neu,relacion_con_lider|clima_equipo
BUK12483,2026-05-22,neg,compensacion|onboarding
BUK12484,2026-08-07,neg,claridad_rol|desarrollo_carrera
BUK12484,2026-08-08,neg,claridad_rol|relacion_con_lider
BUK12485,2025-10-03,neg,balance_vida_trabajo|cambio_organizacional|clima_equipo
BUK12485,2026-01-08,pos,reconocimiento
BUK12485,2026-08-06,neg,clima_equipo
BUK12486,2025-04-27,neu,claridad_rol
BUK12486,2025-09-30,neu,compensacion|balance_vida_trabajo
BUK12486,2025-12-16,neu,herramientas_procesos|claridad_rol
BUK12486,2025-12-24,neu,movilidad_interna|claridad_rol
BUK12486,2026-01-11,pos,carga_trabajo|relacion_con_lider
BUK12486,2026-08-21,pos,carga_trabajo|reconocimiento
BUK12487,2025-05-31,neg,reconocimiento
BUK12487,2025-12-30,neg,cambio_organizacional|clima_equipo|carga_trabajo
BUK12487,2026-01-04,neu,clima_equipo|balance_vida_trabajo|relacion_con_lider
BUK12487,2026-08-27,neg,reconocimiento|balance_vida_trabajo
BUK12488,2025-07-10,pos,claridad_rol|desarrollo_carrera
BUK12488,2025-10-02,neu,desarrollo_carrera|clima_equipo|reconocimiento
BUK12488,2026-02-07,pos,cambio_organizacional
BUK12488,2026-03-01,neu,movilidad_interna|compensacion
BUK12488,2026-03-05,pos,balance_vida_trabajo|reconocimiento|compensacion
BUK12489,2026-08-12,neu,cambio_organizacional|carga_trabajo
BUK12489,2026-08-13,neg,cambio_organizacional
BUK12489,2026-08-15,neg,reconocimiento|balance_vida_trabajo
BUK12489,2026-08-18,neu,clima_equipo|reconocimiento
BUK12490,2025-04-01,pos,desarrollo_carrera|reconocimiento
BUK12490,2025-05-05,pos,compensacion
BUK12490,2025-06-19,neg,reconocimiento|movilidad_interna|desarrollo_carrera
BUK12490,2025-11-02,pos,movilidad_interna|compensacion
BUK12490,2026-03-18,neu,compensacion|reconocimiento
BUK12490,2026-07-24,pos,desarrollo_carrera|reconocimiento|movilidad_interna
BUK12490,2026-08-18,pos,compensacion|desarrollo_carrera|movilidad_interna
BUK12491,2026-06-03,neu,reconocimiento|clima_equipo
BUK12491,2026-07-30,neu,herramientas_procesos
BUK12492,2025-03-17,pos,herramientas_procesos|relacion_con_lider
BUK12492,2025-10-02,neu,cambio_organizacional
BUK12492,2025-10-23,pos,reconocimiento
BUK12492,2026-02-11,pos,claridad_rol|relacion_con_lider
BUK12492,2026-03-17,pos,balance_vida_trabajo|movilidad_interna
BUK12492,2026-08-01,neu,carga_trabajo|onboarding
BUK12493,2025-05-05,pos,movilidad_interna|reconocimiento
BUK12493,2025-10-16,pos,relacion_con_lider|carga_trabajo
BUK12493,2025-12-08,pos,carga_trabajo|onboarding|claridad_rol
BUK12493,2026-01-01,neu,balance_vida_trabajo|desarrollo_carrera|claridad_rol
BUK12493,2026-07-07,neu,herramientas_procesos|cambio_organizacional
BUK12494,2025-03-20,neu,onboarding|compensacion
BUK12494,2025-08-27,neu,carga_trabajo|movilidad_interna
BUK12494,2026-05-21,pos,balance_vida_trabajo
BUK12495,2025-11-30,pos,clima_equipo|herramientas_procesos
BUK12495,2026-01-04,pos,onboarding|compensacion
BUK12495,2026-02-26,pos,movilidad_interna|carga_trabajo
BUK12495,2026-06-14,pos,compensacion|balance_vida_trabajo|onboarding
BUK12496,2026-07-11,neu,movilidad_interna
BUK12497,2025-06-20,neu,balance_vida_trabajo|relacion_con_lider|carga_trabajo
BUK12497,2025-09-28,pos,clima_equipo
BUK12498,2026-08-20,pos,carga_trabajo|movilidad_interna|compensacion
BUK12498,2026-08-21,neu,cambio_organizacional|onboarding
BUK12498,2026-08-22,neu,relacion_con_lider|movilidad_interna
BUK12498,2026-08-29,neu,reconocimiento|relacion_con_lider|claridad_rol
BUK12498,2026-08-30,neu,desarrollo_carrera|claridad_rol
BUK12499,2025-04-18,pos,carga_trabajo|relacion_con_lider
BUK12499,2026-03-28,neg,balance_vida_trabajo|clima_equipo
BUK12500,2025-09-19,pos,cambio_organizacional
BUK12500,2025-10-24,pos,desarrollo_carrera|cambio_organizacional|reconocimiento
BUK12500,2026-06-19,pos,balance_vida_trabajo|compensacion
BUK12500,2026-08-08,pos,movilidad_interna|onboarding
BUK12501,2025-03-01,neg,movilidad_interna|desarrollo_carrera
BUK12501,2025-03-01,pos,compensacion|reconocimiento
BUK12502,2025-09-05,pos,claridad_rol|herramientas_procesos
BUK12502,2025-12-11,pos,compensacion|onboarding
BUK12502,2026-05-30,pos,compensacion|relacion_con_lider|clima_equipo
BUK12503,2026-06-10,neg,desarrollo_carrera|relacion_con_lider|herramientas_procesos
BUK12503,2026-07-22,neg,herramientas_procesos|relacion_con_lider
BUK12503,2026-08-24,neu,relacion_con_lider
BUK12504,2026-05-26,pos,balance_vida_trabajo|cambio_organizacional
BUK12504,2026-08-08,neu,balance_vida_trabajo|movilidad_interna
BUK12505,2025-09-22,pos,reconocimiento|desarrollo_carrera
BUK12505,2025-12-14,neu,onboarding|cambio_organizacional
BUK12505,2026-06-01,neu,onboarding
BUK12505,2026-06-08,pos,claridad_rol|compensacion
BUK12506,2025-03-20,pos,cambio_organizacional|claridad_rol|herramientas_procesos
BUK12506,2025-08-14,neg,movilidad_interna
BUK12506,2025-11-19,neu,clima_equipo|balance_vida_trabajo
BUK12506,2026-02-04,pos,onboarding|compensacion|clima_equipo
BUK12506,2026-06-17,pos,movilidad_interna|herramientas_procesos|compensacion
BUK12506,2026-08-25,pos,herramientas_procesos|cambio_organizacional|relacion_con_lider
BUK12507,2026-06-17,neg,desarrollo_carrera
BUK12508,2025-08-15,pos,movilidad_interna
BUK12508,2026-06-04,pos,movilidad_interna|compensacion
BUK12508,2026-06-30,pos,movilidad_interna|compensacion|desarrollo_carrera
BUK12508,2026-08-13,neu,movilidad_interna
BUK12509,2025-04-20,neu,carga_trabajo|reconocimiento
BUK12509,2026-08-05,neu,movilidad_interna|reconocimiento|desarrollo_carrera
BUK12510,2025-08-24,neg,reconocimiento|balance_vida_trabajo
BUK12510,2026-03-02,neg,desarrollo_carrera|reconocimiento
BUK12510,2026-03-30,pos,reconocimiento
BUK12511,2025-08-23,pos,clima_equipo
BUK12511,2025-08-28,neu,balance_vida_trabajo|carga_trabajo
BUK12511,2025-12-11,pos,cambio_organizacional|reconocimiento|carga_trabajo
BUK12511,2026-04-05,neg,cambio_organizacional|reconocimiento|balance_vida_trabajo
BUK12511,2026-04-21,pos,balance_vida_trabajo|cambio_organizacional|relacion_con_lider
BUK12511,2026-05-20,neu,carga_trabajo|balance_vida_trabajo|relacion_con_lider
BUK12512,2025-03-11,neg,herramientas_procesos|claridad_rol
BUK12512,2025-06-24,neg,herramientas_procesos|desarrollo_carrera
BUK12512,2025-12-05,neg,desarrollo_carrera|relacion_con_lider|claridad_rol
BUK12513,2025-12-24,pos,desarrollo_carrera
BUK12514,2025-06-06,pos,clima_equipo|claridad_rol
BUK12514,2025-07-20,neu,reconocimiento|claridad_rol|movilidad_interna
BUK12515,2025-08-07,neg,carga_trabajo|onboarding|movilidad_interna
BUK12515,2025-10-02,pos,cambio_organizacional|carga_trabajo
BUK12515,2026-03-16,pos,movilidad_interna|claridad_rol
BUK12515,2026-03-22,neu,herramientas_procesos|balance_vida_trabajo
BUK12515,2026-05-25,pos,relacion_con_lider|desarrollo_carrera
BUK12516,2026-01-13,neg,carga_trabajo|relacion_con_lider
BUK12516,2026-05-10,neu,onboarding|clima_equipo
BUK12516,2026-08-19,pos,onboarding
BUK12517,2025-10-27,neu,reconocimiento|carga_trabajo
BUK12517,2025-12-13,pos,reconocimiento|claridad_rol|compensacion
BUK12518,2026-08-10,neu,claridad_rol|herramientas_procesos
BUK12518,2026-08-12,pos,reconocimiento|claridad_rol
BUK12518,2026-08-18,pos,relacion_con_lider|movilidad_interna
BUK12518,2026-08-21,neu,reconocimiento|claridad_rol
BUK12518,2026-08-21,neu,movilidad_interna
BUK12519,2025-09-19,neg,desarrollo_carrera|herramientas_procesos|claridad_rol
BUK12519,2026-01-05,neu,onboarding|relacion_con_lider
BUK12519,2026-03-03,neg,reconocimiento|cambio_organizacional
BUK12519,2026-05-08,neg,claridad_rol|balance_vida_trabajo|movilidad_interna
BUK12519,2026-06-10,neu,cambio_organizacional|relacion_con_lider
BUK12520,2025-12-15,neg,herramientas_procesos|clima_equipo|relacion_con_lider
BUK12520,2026-02-13,neu,compensacion|herramientas_procesos|desarrollo_carrera
BUK12520,2026-05-24,neu,onboarding|compensacion|movilidad_interna
BUK12520,2026-06-14,neg,desarrollo_carrera
BUK12521,2026-06-01,pos,desarrollo_carrera|clima_equipo
BUK12521,2026-08-05,pos,carga_trabajo|herramientas_procesos|claridad_rol
BUK12521,2026-08-09,pos,onboarding|claridad_rol
BUK12521,2026-08-24,neu,movilidad_interna|desarrollo_carrera
BUK12522,2025-04-12,neg,desarrollo_carrera|relacion_con_lider
BUK12523,2025-03-11,neg,movilidad_interna|compensacion
BUK12523,2025-04-02,neg,movilidad_interna|desarrollo_carrera|reconocimiento
BUK12524,2025-05-08,neu,carga_trabajo
BUK12524,2025-11-09,pos,carga_trabajo|reconocimiento
BUK12524,2026-04-18,neg,movilidad_interna|clima_equipo|claridad_rol
BUK12524,2026-05-13,pos,desarrollo_carrera
BUK12524,2026-05-25,neu,clima_equipo|claridad_rol|movilidad_interna
BUK12524,2026-06-08,pos,herramientas_procesos|clima_equipo|movilidad_interna
BUK12525,2025-08-10,neu,carga_trabajo|desarrollo_carrera|reconocimiento
BUK12525,2025-08-31,pos,onboarding|relacion_con_lider
BUK12525,2025-11-24,neu,relacion_con_lider|claridad_rol
BUK12525,2026-07-26,neg,herramientas_procesos|claridad_rol
BUK12526,2026-08-06,pos,desarrollo_carrera|balance_vida_trabajo
BUK12526,2026-08-07,pos,onboarding|cambio_organizacional|balance_vida_trabajo
BUK12526,2026-08-08,pos,cambio_organizacional|balance_vida_trabajo|desarrollo_carrera
BUK12527,2025-06-22,neu,herramientas_procesos|reconocimiento
BUK12527,2025-08-29,neu,reconocimiento|desarrollo_carrera
BUK12529,2025-07-12,neg,desarrollo_carrera
BUK12529,2026-01-31,neg,compensacion
BUK12529,2026-02-06,neu,claridad_rol|herramientas_procesos|reconocimiento
BUK12529,2026-04-05,neg,carga_trabajo|balance_vida_trabajo|reconocimiento
BUK12530,2026-02-11,pos,balance_vida_trabajo
BUK12530,2026-04-19,pos,cambio_organizacional
BUK12530,2026-05-10,pos,claridad_rol|compensacion|cambio_organizacional
BUK12530,2026-07-21,neu,claridad_rol|relacion_con_lider
BUK12530,2026-07-30,pos,reconocimiento
BUK12531,2025-06-19,pos,carga_trabajo|desarrollo_carrera
BUK12531,2025-12-07,pos,onboarding
BUK12531,2026-07-31,neg,compensacion
BUK12532,2025-06-09,neu,balance_vida_trabajo|compensacion
BUK12532,2025-07-09,neg,cambio_organizacional|reconocimiento
BUK12532,2025-07-15,pos,reconocimiento
BUK12532,2025-08-28,neg,carga_trabajo
BUK12532,2025-11-08,neu,onboarding|claridad_rol
BUK12532,2025-11-29,neu,movilidad_interna
BUK12532,2026-05-17,pos,movilidad_interna|compensacion
BUK12533,2026-01-30,pos,movilidad_interna|desarrollo_carrera
BUK12533,2026-05-18,neu,movilidad_interna|relacion_con_lider
BUK12533,2026-05-28,pos,claridad_rol|desarrollo_carrera
BUK12534,2025-05-29,neu,movilidad_interna|onboarding|relacion_con_lider
BUK12534,2025-09-19,neg,reconocimiento
BUK12534,2025-10-11,pos,herramientas_procesos|onboarding|relacion_con_lider
BUK12534,2026-01-06,pos,clima_equipo|reconocimiento
BUK12535,2026-04-01,pos,herramientas_procesos|cambio_organizacional|balance_vida_trabajo
BUK12535,2026-04-17,pos,herramientas_procesos|clima_equipo
BUK12535,2026-04-28,neu,balance_vida_trabajo
BUK12535,2026-06-30,neu,relacion_con_lider|compensacion
BUK12536,2026-04-04,pos,onboarding
BUK12537,2026-06-05,pos,cambio_organizacional|desarrollo_carrera|reconocimiento
BUK12537,2026-08-09,pos,balance_vida_trabajo
BUK12537,2026-08-16,pos,relacion_con_lider|claridad_rol
BUK12538,2025-09-08,neu,herramientas_procesos|relacion_con_lider|onboarding
BUK12538,2025-12-12,neg,claridad_rol|relacion_con_lider
BUK12538,2026-04-10,neg,desarrollo_carrera
BUK12539,2026-07-22,neu,balance_vida_trabajo|relacion_con_lider
BUK12539,2026-07-24,neu,cambio_organizacional
BUK12540,2025-09-20,neu,cambio_organizacional|balance_vida_trabajo
BUK12540,2025-10-06,pos,cambio_organizacional|relacion_con_lider|clima_equipo
BUK12540,2025-11-10,neu,reconocimiento
BUK12540,2025-12-19,neu,reconocimiento
BUK12540,2026-02-19,pos,cambio_organizacional|clima_equipo|carga_trabajo
BUK12541,2026-07-11,neu,carga_trabajo|herramientas_procesos|movilidad_interna
BUK12541,2026-07-16,pos,movilidad_interna
BUK12542,2026-06-02,neu,herramientas_procesos
BUK12542,2026-06-28,neg,desarrollo_carrera|relacion_con_lider
BUK12543,2025-03-06,neg,herramientas_procesos
BUK12543,2025-04-12,neg,herramientas_procesos|desarrollo_carrera
BUK12543,2026-06-08,neg,herramientas_procesos|relacion_con_lider
BUK12543,2026-08-16,neg,desarrollo_carrera|relacion_con_lider
BUK12544,2026-07-24,pos,reconocimiento
BUK12546,2026-01-01,pos,reconocimiento|movilidad_interna|desarrollo_carrera
BUK12546,2026-04-06,pos,reconocimiento|compensacion|movilidad_interna
BUK12546,2026-06-01,neu,reconocimiento
BUK12547,2026-03-19,neu,relacion_con_lider|balance_vida_trabajo|reconocimiento
BUK12547,2026-04-02,neg,clima_equipo
BUK12547,2026-04-04,neu,carga_trabajo|relacion_con_lider
BUK12547,2026-06-21,neu,reconocimiento|clima_equipo
BUK12548,2025-05-29,neg,carga_trabajo|reconocimiento
BUK12548,2025-06-09,neu,carga_trabajo|relacion_con_lider
BUK12548,2025-07-04,neu,reconocimiento|cambio_organizacional
BUK12548,2025-07-17,neu,relacion_con_lider
BUK12548,2026-01-24,neg,relacion_con_lider
BUK12548,2026-02-01,pos,carga_trabajo|balance_vida_trabajo
BUK12549,2025-09-22,pos,clima_equipo|reconocimiento
BUK12549,2026-04-11,neu,claridad_rol|clima_equipo|cambio_organizacional
BUK12550,2025-11-29,neg,desarrollo_carrera|claridad_rol|herramientas_procesos
BUK12550,2025-12-14,pos,desarrollo_carrera|claridad_rol
BUK12550,2025-12-15,neu,relacion_con_lider|herramientas_procesos
BUK12550,2026-02-12,neg,desarrollo_carrera
BUK12550,2026-02-18,neu,desarrollo_carrera|herramientas_procesos|relacion_con_lider
BUK12551,2026-07-30,pos,compensacion
BUK12551,2026-08-02,neg,reconocimiento|movilidad_interna
BUK12551,2026-08-28,neg,reconocimiento|desarrollo_carrera|movilidad_interna
BUK12552,2025-08-14,pos,balance_vida_trabajo|cambio_organizacional
BUK12552,2025-08-16,neg,relacion_con_lider
BUK12552,2026-03-02,pos,balance_vida_trabajo|clima_equipo
BUK12553,2025-11-24,neu,reconocimiento
BUK12553,2026-04-07,pos,cambio_organizacional|carga_trabajo|claridad_rol
BUK12553,2026-06-25,pos,carga_trabajo|compensacion
BUK12554,2026-03-08,neu,claridad_rol|carga_trabajo
BUK12554,2026-06-13,pos,relacion_con_lider|movilidad_interna
BUK12555,2025-05-08,pos,claridad_rol|onboarding
BUK12555,2025-06-03,pos,relacion_con_lider|desarrollo_carrera|movilidad_interna
BUK12555,2025-07-17,neu,balance_vida_trabajo|herramientas_procesos
BUK12555,2026-08-20,neg,relacion_con_lider
BUK12556,2025-06-15,pos,compensacion|carga_trabajo
BUK12556,2025-07-24,pos,cambio_organizacional
BUK12556,2026-05-10,neu,movilidad_interna|onboarding
BUK12556,2026-06-12,pos,compensacion
BUK12557,2026-01-04,pos,movilidad_interna|claridad_rol
BUK12558,2026-06-28,neu,carga_trabajo|reconocimiento|compensacion
BUK12558,2026-07-11,pos,cambio_organizacional
BUK12559,2026-06-14,pos,carga_trabajo|reconocimiento
BUK12559,2026-07-01,pos,claridad_rol|clima_equipo|desarrollo_carrera
BUK12560,2025-08-26,pos,reconocimiento
BUK12560,2025-10-05,neu,reconocimiento|claridad_rol
BUK12560,2025-12-28,pos,claridad_rol|compensacion|herramientas_procesos
BUK12560,2026-03-03,neu,onboarding|claridad_rol|clima_equipo
BUK12560,2026-05-27,pos,claridad_rol|compensacion
BUK12561,2025-04-14,neu,onboarding
BUK12561,2025-08-10,pos,compensacion|carga_trabajo
BUK12561,2025-11-21,pos,reconocimiento|desarrollo_carrera
BUK12561,2025-12-11,pos,desarrollo_carrera
BUK12561,2026-07-29,pos,desarrollo_carrera
BUK12562,2026-06-27,neg,carga_trabajo
BUK12562,2026-07-01,pos,relacion_con_lider|balance_vida_trabajo
BUK12562,2026-07-02,neg,relacion_con_lider|carga_trabajo|balance_vida_trabajo
BUK12562,2026-08-11,neg,carga_trabajo|relacion_con_lider|clima_equipo
BUK12562,2026-08-16,neu,relacion_con_lider|carga_trabajo
BUK12563,2026-07-09,pos,movilidad_interna|onboarding
BUK12563,2026-08-07,neu,reconocimiento
BUK12563,2026-08-09,pos,relacion_con_lider|onboarding
BUK12563,2026-08-21,neu,carga_trabajo
BUK12564,2025-03-20,neg,balance_vida_trabajo|compensacion
BUK12564,2026-05-12,neg,herramientas_procesos|onboarding
BUK12564,2026-05-16,neg,desarrollo_carrera|relacion_con_lider|compensacion
BUK12564,2026-07-07,neg,reconocimiento|onboarding
BUK12565,2026-07-05,neg,claridad_rol|desarrollo_carrera
BUK12565,2026-07-08,neg,desarrollo_carrera|relacion_con_lider
BUK12565,2026-07-11,neg,claridad_rol|desarrollo_carrera
BUK12565,2026-07-12,neu,claridad_rol|desarrollo_carrera
BUK12565,2026-07-13,neu,herramientas_procesos|claridad_rol|relacion_con_lider
BUK12565,2026-07-14,neg,claridad_rol|herramientas_procesos
BUK12565,2026-07-26,neg,relacion_con_lider|claridad_rol
BUK12566,2026-07-13,pos,carga_trabajo|claridad_rol
BUK12566,2026-07-13,pos,reconocimiento
BUK12566,2026-07-27,pos,onboarding
BUK12566,2026-08-03,pos,reconocimiento
BUK12566,2026-08-22,neu,relacion_con_lider|compensacion|balance_vida_trabajo
BUK12567,2025-07-31,pos,herramientas_procesos|cambio_organizacional
BUK12567,2026-05-04,neg,clima_equipo|relacion_con_lider
BUK12568,2026-03-30,neu,carga_trabajo
BUK12568,2026-07-20,neu,movilidad_interna|onboarding
BUK12568,2026-08-02,pos,reconocimiento|onboarding
BUK12569,2026-02-19,neu,claridad_rol|reconocimiento|balance_vida_trabajo
BUK12569,2026-06-18,neu,relacion_con_lider
BUK12569,2026-07-27,neu,relacion_con_lider|balance_vida_trabajo
BUK12570,2025-06-18,neu,relacion_con_lider|onboarding
BUK12570,2025-12-22,neg,carga_trabajo
BUK12570,2026-01-17,neu,compensacion|balance_vida_trabajo|relacion_con_lider
BUK12570,2026-07-08,neg,reconocimiento|clima_equipo
BUK12571,2025-03-30,neu,clima_equipo|balance_vida_trabajo|compensacion
BUK12571,2025-04-11,pos,relacion_con_lider|cambio_organizacional
BUK12571,2025-11-06,pos,balance_vida_trabajo|relacion_con_lider
BUK12571,2026-01-02,neu,balance_vida_trabajo|reconocimiento
BUK12571,2026-05-17,pos,onboarding
BUK12572,2026-02-20,neg,claridad_rol|herramientas_procesos|cambio_organizacional
BUK12572,2026-03-21,pos,relacion_con_lider|carga_trabajo
BUK12572,2026-04-14,pos,relacion_con_lider|movilidad_interna
BUK12572,2026-06-27,pos,herramientas_procesos|relacion_con_lider|balance_vida_trabajo
BUK12573,2026-02-24,pos,herramientas_procesos|carga_trabajo
BUK12573,2026-06-10,neu,carga_trabajo
BUK12573,2026-07-14,neg,compensacion|relacion_con_lider
BUK12573,2026-07-25,pos,movilidad_interna|desarrollo_carrera|clima_equipo
BUK12574,2025-12-31,pos,relacion_con_lider
BUK12574,2026-01-01,pos,desarrollo_carrera
BUK12574,2026-01-05,neu,relacion_con_lider|claridad_rol
BUK12574,2026-01-06,neg,desarrollo_carrera|herramientas_procesos
BUK12575,2026-08-25,neu,onboarding|clima_equipo
BUK12576,2026-01-18,neu,compensacion|movilidad_interna|reconocimiento
BUK12576,2026-02-22,neu,compensacion|reconocimiento|desarrollo_carrera
BUK12576,2026-03-11,pos,movilidad_interna|compensacion
BUK12576,2026-03-15,neu,reconocimiento|movilidad_interna|desarrollo_carrera
BUK12577,2026-07-28,neu,desarrollo_carrera
BUK12577,2026-08-05,neg,reconocimiento|cambio_organizacional
BUK12577,2026-08-09,neu,reconocimiento|compensacion
BUK12577,2026-08-16,pos,carga_trabajo|claridad_rol
BUK12577,2026-08-16,pos,compensacion|movilidad_interna
BUK12578,2026-05-07,neu,relacion_con_lider|reconocimiento
BUK12579,2025-12-01,pos,claridad_rol
BUK12579,2025-12-06,neg,cambio_organizacional|clima_equipo
BUK12579,2026-01-27,pos,compensacion|reconocimiento
BUK12579,2026-03-05,neu,desarrollo_carrera|clima_equipo
BUK12579,2026-05-17,pos,reconocimiento|desarrollo_carrera|onboarding
BUK12580,2026-04-05,neg,relacion_con_lider
BUK12580,2026-04-09,pos,reconocimiento
BUK12580,2026-04-30,neu,clima_equipo|carga_trabajo
BUK12580,2026-06-20,neu,relacion_con_lider|carga_trabajo
BUK12581,2026-08-30,pos,compensacion
BUK12582,2025-10-25,neu,onboarding|clima_equipo
BUK12582,2026-05-09,neu,reconocimiento|claridad_rol
BUK12582,2026-07-09,neu,onboarding|clima_equipo|herramientas_procesos
BUK12582,2026-08-04,neu,herramientas_procesos|onboarding
BUK12582,2026-08-30,neu,claridad_rol|reconocimiento
BUK12583,2025-04-23,neg,movilidad_interna
BUK12583,2026-01-07,neg,reconocimiento
BUK12583,2026-01-08,neg,desarrollo_carrera|reconocimiento
BUK12584,2025-10-11,neu,desarrollo_carrera|herramientas_procesos|relacion_con_lider
BUK12584,2025-12-04,neg,herramientas_procesos|relacion_con_lider|desarrollo_carrera
BUK12584,2026-04-13,neg,desarrollo_carrera|herramientas_procesos
BUK12584,2026-06-30,neu,relacion_con_lider|desarrollo_carrera|claridad_rol
BUK12584,2026-07-01,neu,relacion_con_lider|herramientas_procesos|claridad_rol
BUK12585,2025-10-31,neg,cambio_organizacional|herramientas_procesos
BUK12585,2025-11-07,neu,claridad_rol|relacion_con_lider
BUK12585,2025-11-29,pos,carga_trabajo|desarrollo_carrera|compensacion
BUK12585,2025-12-02,pos,desarrollo_carrera
BUK12585,2026-01-25,neg,carga_trabajo
BUK12585,2026-01-28,pos,onboarding
BUK12586,2025-06-11,pos,carga_trabajo|herramientas_procesos
BUK12586,2025-09-28,pos,onboarding
BUK12586,2025-10-02,neu,carga_trabajo|relacion_con_lider|compensacion
BUK12586,2025-10-20,pos,onboarding
BUK12586,2025-10-29,pos,clima_equipo
BUK12587,2026-08-18,neg,reconocimiento|clima_equipo|balance_vida_trabajo
BUK12587,2026-08-28,neg,reconocimiento
BUK12588,2025-03-26,neg,claridad_rol|cambio_organizacional
BUK12588,2025-04-03,neg,herramientas_procesos
BUK12589,2026-07-26,neg,cambio_organizacional
BUK12589,2026-08-13,neg,clima_equipo
BUK12589,2026-08-17,neg,reconocimiento|clima_equipo
BUK12590,2026-08-07,neg,compensacion|movilidad_interna
BUK12590,2026-08-28,pos,compensacion|desarrollo_carrera
BUK12591,2026-08-14,pos,clima_equipo|cambio_organizacional|movilidad_interna
BUK12591,2026-08-19,neu,onboarding|desarrollo_carrera
BUK12591,2026-08-21,neu,balance_vida_trabajo
BUK12591,2026-08-24,pos,cambio_organizacional
BUK12591,2026-08-28,neu,clima_equipo|onboarding
BUK12591,2026-08-29,pos,herramientas_procesos|relacion_con_lider
BUK12592,2025-03-26,pos,movilidad_interna|reconocimiento|onboarding
BUK12592,2025-03-30,neu,compensacion|cambio_organizacional|herramientas_procesos
BUK12592,2025-06-23,pos,balance_vida_trabajo|carga_trabajo
BUK12592,2025-08-19,pos,herramientas_procesos|balance_vida_trabajo
BUK12592,2025-12-21,pos,onboarding|compensacion
BUK12592,2026-04-07,pos,desarrollo_carrera
BUK12593,2026-05-02,pos,clima_equipo|herramientas_procesos|claridad_rol
BUK12593,2026-06-30,neu,relacion_con_lider|claridad_rol
BUK12593,2026-07-17,pos,carga_trabajo
BUK12593,2026-08-05,neu,claridad_rol|compensacion
BUK12594,2026-04-15,neu,relacion_con_lider|herramientas_procesos
BUK12594,2026-08-26,pos,compensacion
BUK12595,2025-04-15,neg,relacion_con_lider
BUK12595,2025-04-17,neu,reconocimiento|onboarding
BUK12595,2025-04-29,pos,onboarding|claridad_rol
BUK12595,2025-05-14,neg,carga_trabajo|onboarding
BUK12595,2025-05-23,neu,cambio_organizacional|onboarding
BUK12596,2025-11-04,pos,carga_trabajo
BUK12596,2026-03-12,neg,onboarding|claridad_rol
BUK12596,2026-03-23,pos,desarrollo_carrera|carga_trabajo
BUK12596,2026-04-14,neu,desarrollo_carrera|movilidad_interna
BUK12596,2026-07-21,pos,compensacion
BUK12596,2026-08-06,neu,compensacion|reconocimiento
BUK12599,2026-01-15,neu,herramientas_procesos|claridad_rol|onboarding
BUK12599,2026-04-09,neg,herramientas_procesos|claridad_rol
BUK12600,2026-02-11,pos,relacion_con_lider
BUK12600,2026-02-13,neu,relacion_con_lider|clima_equipo
BUK12600,2026-03-06,pos,herramientas_procesos|balance_vida_trabajo
BUK12601,2025-03-06,pos,claridad_rol|reconocimiento|onboarding
BUK12601,2025-10-10,pos,desarrollo_carrera|clima_equipo
BUK12601,2026-04-11,pos,movilidad_interna|reconocimiento
BUK12601,2026-05-17,pos,balance_vida_trabajo
BUK12601,2026-06-19,pos,desarrollo_carrera|onboarding
BUK12601,2026-07-24,neu,cambio_organizacional|relacion_con_lider
BUK12602,2026-04-20,neu,cambio_organizacional
BUK12602,2026-05-23,pos,onboarding|movilidad_interna|compensacion
BUK12604,2026-04-12,pos,herramientas_procesos|relacion_con_lider
BUK12604,2026-05-20,neg,relacion_con_lider|onboarding
BUK12605,2025-04-09,neg,claridad_rol|desarrollo_carrera
BUK12605,2025-05-06,neu,carga_trabajo|balance_vida_trabajo
BUK12605,2025-05-06,pos,cambio_organizacional|reconocimiento
BUK12605,2025-05-11,neg,onboarding
BUK12605,2025-06-14,pos,carga_trabajo|movilidad_interna
BUK12605,2025-06-18,neu,herramientas_procesos|movilidad_interna|balance_vida_trabajo
BUK12606,2026-02-20,neu,herramientas_procesos
BUK12606,2026-04-28,pos,claridad_rol|relacion_con_lider
BUK12607,2026-07-03,pos,reconocimiento
BUK12607,2026-07-06,neg,relacion_con_lider|clima_equipo|carga_trabajo
BUK12607,2026-08-22,neg,carga_trabajo|clima_equipo
BUK12608,2026-02-20,pos,claridad_rol|herramientas_procesos
BUK12609,2026-02-15,neg,balance_vida_trabajo|claridad_rol|cambio_organizacional
BUK12609,2026-02-18,neu,compensacion
BUK12609,2026-02-18,neu,relacion_con_lider
BUK12609,2026-02-19,neu,movilidad_interna|compensacion
BUK12609,2026-02-25,neg,compensacion
BUK12609,2026-03-09,neu,herramientas_procesos|relacion_con_lider|compensacion
BUK12610,2026-01-21,pos,herramientas_procesos|reconocimiento
BUK12610,2026-02-11,neu,compensacion|herramientas_procesos
BUK12610,2026-03-25,pos,carga_trabajo|onboarding
BUK12610,2026-04-07,neu,herramientas_procesos|movilidad_interna
BUK12611,2026-01-23,neu,relacion_con_lider|herramientas_procesos|desarrollo_carrera
BUK12611,2026-02-15,neg,claridad_rol
BUK12611,2026-03-02,neg,desarrollo_carrera|relacion_con_lider
BUK12612,2025-03-03,pos,relacion_con_lider|reconocimiento|onboarding
BUK12612,2025-07-31,pos,balance_vida_trabajo
BUK12612,2025-10-02,neu,relacion_con_lider|carga_trabajo|onboarding
BUK12612,2026-01-07,pos,carga_trabajo|balance_vida_trabajo
BUK12612,2026-03-14,pos,carga_trabajo|reconocimiento
BUK12613,2025-07-25,neu,carga_trabajo|balance_vida_trabajo
BUK12613,2025-08-21,neu,cambio_organizacional|balance_vida_trabajo|carga_trabajo
BUK12614,2026-07-11,pos,cambio_organizacional|relacion_con_lider|compensacion
BUK12614,2026-07-12,neu,claridad_rol|relacion_con_lider
BUK12614,2026-08-02,neu,reconocimiento
BUK12614,2026-08-05,neu,movilidad_interna|reconocimiento|cambio_organizacional
BUK12615,2025-03-01,neu,reconocimiento|desarrollo_carrera|compensacion
BUK12615,2025-03-04,neg,reconocimiento
BUK12615,2025-03-06,neu,desarrollo_carrera|compensacion
BUK12615,2025-03-09,neu,desarrollo_carrera|movilidad_interna
BUK12615,2025-03-22,neu,desarrollo_carrera|reconocimiento
BUK12615,2025-03-24,neg,compensacion|desarrollo_carrera
BUK12615,2025-04-01,neu,desarrollo_carrera|compensacion|reconocimiento
BUK12616,2025-09-05,pos,claridad_rol|desarrollo_carrera
BUK12616,2026-07-09,pos,compensacion|relacion_con_lider
BUK12617,2026-07-08,neu,movilidad_interna|reconocimiento
BUK12617,2026-08-26,neu,desarrollo_carrera|reconocimiento
BUK12618,2025-03-21,pos,carga_trabajo
BUK12619,2025-08-28,pos,movilidad_interna|carga_trabajo|balance_vida_trabajo
BUK12619,2026-03-01,pos,reconocimiento|carga_trabajo
BUK12619,2026-05-10,pos,desarrollo_carrera
BUK12620,2025-03-19,pos,relacion_con_lider|balance_vida_trabajo
BUK12620,2025-05-15,neu,clima_equipo|carga_trabajo
BUK12620,2026-05-13,neu,cambio_organizacional|reconocimiento
BUK12621,2025-05-04,pos,onboarding|movilidad_interna
BUK12621,2025-05-14,pos,clima_equipo|claridad_rol
BUK12621,2025-06-01,pos,cambio_organizacional
BUK12622,2026-03-21,pos,movilidad_interna|desarrollo_carrera|onboarding
BUK12622,2026-04-27,pos,claridad_rol|relacion_con_lider
BUK12622,2026-06-17,neu,clima_equipo|desarrollo_carrera|claridad_rol
BUK12622,2026-06-28,neu,relacion_con_lider
BUK12623,2025-04-27,neu,movilidad_interna|compensacion
BUK12623,2025-05-20,neu,reconocimiento
BUK12623,2025-06-23,neu,compensacion
BUK12623,2025-06-24,pos,reconocimiento|desarrollo_carrera
BUK12623,2025-07-23,neu,movilidad_interna|desarrollo_carrera
BUK12624,2025-10-15,neu,claridad_rol|clima_equipo
BUK12624,2025-10-28,neu,herramientas_procesos
BUK12624,2026-03-26,neu,carga_trabajo
BUK12625,2025-03-16,pos,cambio_organizacional|carga_trabajo
BUK12625,2025-07-06,neg,compensacion
BUK12625,2026-07-15,neu,movilidad_interna
BUK12626,2025-10-08,pos,desarrollo_carrera|compensacion|reconocimiento
BUK12626,2026-01-09,neg,compensacion|movilidad_interna|reconocimiento
BUK12626,2026-03-17,neg,movilidad_interna|reconocimiento
BUK12626,2026-03-21,neu,desarrollo_carrera|compensacion
BUK12627,2025-10-14,pos,reconocimiento|compensacion
BUK12627,2025-10-17,neu,desarrollo_carrera|compensacion
BUK12627,2026-06-09,neg,compensacion
BUK12628,2026-02-16,pos,clima_equipo|herramientas_procesos
BUK12628,2026-02-24,neu,reconocimiento|clima_equipo|relacion_con_lider
BUK12628,2026-04-13,neu,cambio_organizacional|claridad_rol|reconocimiento
BUK12628,2026-07-15,neu,desarrollo_carrera|compensacion
BUK12628,2026-08-16,pos,desarrollo_carrera
BUK12629,2026-06-03,pos,compensacion|desarrollo_carrera
BUK12629,2026-08-13,pos,movilidad_interna|relacion_con_lider
BUK12630,2026-06-27,neu,cambio_organizacional|desarrollo_carrera|clima_equipo
BUK12630,2026-07-16,neg,onboarding|carga_trabajo|desarrollo_carrera
BUK12630,2026-07-29,neu,reconocimiento
BUK12630,2026-08-17,neu,cambio_organizacional|desarrollo_carrera
BUK12630,2026-08-18,neu,reconocimiento|clima_equipo
BUK12630,2026-08-22,neg,desarrollo_carrera|movilidad_interna|claridad_rol
BUK12631,2025-04-22,neu,movilidad_interna|reconocimiento|desarrollo_carrera
BUK12631,2025-08-20,pos,desarrollo_carrera|reconocimiento
BUK12631,2025-09-10,pos,movilidad_interna
BUK12631,2025-11-17,neu,movilidad_interna
BUK12631,2025-12-04,pos,movilidad_interna|desarrollo_carrera
BUK12632,2025-07-21,neu,compensacion|reconocimiento
BUK12632,2025-09-08,neu,cambio_organizacional
BUK12632,2025-10-16,pos,desarrollo_carrera
BUK12632,2025-11-20,pos,desarrollo_carrera|compensacion
BUK12633,2026-06-12,pos,herramientas_procesos|clima_equipo
BUK12633,2026-07-14,pos,claridad_rol
BUK12633,2026-07-17,pos,balance_vida_trabajo|cambio_organizacional
BUK12633,2026-08-01,pos,clima_equipo|onboarding
BUK12633,2026-08-03,neu,balance_vida_trabajo|herramientas_procesos|movilidad_interna
BUK12634,2025-08-03,neg,balance_vida_trabajo
BUK12634,2025-10-02,neg,balance_vida_trabajo|carga_trabajo|relacion_con_lider
BUK12635,2025-03-13,neg,carga_trabajo
BUK12635,2025-05-09,pos,compensacion|desarrollo_carrera
BUK12635,2025-06-19,neu,desarrollo_carrera
BUK12635,2025-08-14,neu,relacion_con_lider|compensacion|movilidad_interna
BUK12635,2026-03-23,neg,clima_equipo|onboarding
BUK12635,2026-03-30,neu,onboarding|desarrollo_carrera
BUK12636,2025-06-05,neu,cambio_organizacional|relacion_con_lider
BUK12636,2025-10-31,neu,balance_vida_trabajo
BUK12636,2025-11-20,pos,cambio_organizacional
BUK12636,2026-02-07,neu,compensacion|balance_vida_trabajo
BUK12636,2026-06-30,pos,relacion_con_lider|clima_equipo
BUK12637,2025-10-20,pos,relacion_con_lider|reconocimiento
BUK12637,2025-12-14,pos,reconocimiento|relacion_con_lider
BUK12638,2026-07-16,neg,movilidad_interna|compensacion|carga_trabajo
BUK12639,2026-08-22,neg,carga_trabajo|movilidad_interna|claridad_rol
BUK12640,2026-01-21,pos,desarrollo_carrera
BUK12640,2026-02-20,pos,carga_trabajo|onboarding
BUK12640,2026-03-09,neu,herramientas_procesos|reconocimiento
BUK12640,2026-07-11,pos,desarrollo_carrera|claridad_rol
BUK12641,2026-01-02,pos,onboarding
BUK12641,2026-04-29,pos,balance_vida_trabajo|herramientas_procesos|desarrollo_carrera
BUK12641,2026-05-17,pos,clima_equipo|relacion_con_lider
BUK12642,2025-11-19,neu,relacion_con_lider
BUK12642,2026-01-08,pos,herramientas_procesos
BUK12642,2026-03-14,pos,herramientas_procesos|movilidad_interna
BUK12642,2026-04-28,pos,onboarding|herramientas_procesos|balance_vida_trabajo
BUK12642,2026-07-26,neu,cambio_organizacional|clima_equipo
BUK12643,2025-11-06,neg,clima_equipo
BUK12643,2025-11-12,neu,herramientas_procesos|cambio_organizacional|compensacion
BUK12643,2026-04-25,neu,herramientas_procesos|claridad_rol
BUK12643,2026-04-25,neg,cambio_organizacional|clima_equipo|compensacion
BUK12643,2026-04-29,pos,reconocimiento|desarrollo_carrera|herramientas_procesos
BUK12644,2025-04-21,pos,desarrollo_carrera|cambio_organizacional
BUK12644,2025-04-26,pos,onboarding|herramientas_procesos
BUK12644,2025-05-05,pos,movilidad_interna|carga_trabajo
BUK12644,2025-06-07,neg,desarrollo_carrera|reconocimiento|clima_equipo
BUK12644,2025-06-28,pos,desarrollo_carrera
BUK12645,2026-05-03,neg,relacion_con_lider|claridad_rol
BUK12645,2026-05-05,neg,onboarding|relacion_con_lider|herramientas_procesos
BUK12645,2026-06-16,neg,relacion_con_lider
BUK12645,2026-06-23,neg,claridad_rol|onboarding
BUK12646,2025-04-11,pos,cambio_organizacional|relacion_con_lider
BUK12646,2025-11-11,pos,balance_vida_trabajo|onboarding
BUK12646,2026-08-05,neu,compensacion|onboarding|carga_trabajo
BUK12647,2026-02-24,pos,reconocimiento|movilidad_interna
BUK12648,2025-08-19,neg,compensacion|herramientas_procesos
BUK12649,2026-06-06,pos,compensacion|desarrollo_carrera
BUK12649,2026-07-03,pos,relacion_con_lider|balance_vida_trabajo
BUK12649,2026-07-21,pos,clima_equipo|desarrollo_carrera|movilidad_interna
