employee_id,perfil_latente,eng_base,eng_pendiente,declive_meses,idx_ancla,prod_intercepto,csat_intercepto,fecha_salida_dt
BUK10000,estable,0.8832627359211278,0.001743602083745139,8,20,6.956202873342384,0.05045197600741487,
BUK10001,estable,0.7566731837290834,0.0026863353481811933,10,20,-1.2019967999671932,0.045627099714449504,
BUK10002,deterioro,0.8215024131653144,-0.03347404153647001,14,21,-11.614993653180342,0.025387352735184634,
BUK10003,estrella_subpagada,0.8264756909520218,-0.02065503671152389,14,19,-6.74492840680956,-0.10853126467006391,
BUK10004,estable,0.798401578613781,0.0017728017339110839,8,18,5.555138629817074,-0.3922821417215622,
BUK10005,estable,0.6766844229092321,-0.0024576570725638814,10,19,7.699011293704235,-0.0006343610369921541,
BUK10006,deterioro,0.7171192683972107,-0.04149113053404674,13,18,1.5293257768036925,0.018198749221198948,
BUK10007,estable,0.7701747699623868,-0.0007155810466272541,10,23,-3.5500361419212387,0.38355433012051754,
BUK10008,estable,0.7481184505482755,0.0035266064286395404,11,23,-3.9344029164111767,0.15994207797753085,
BUK10009,estable,0.8531500457529069,-0.003646267047040732,6,17,4.058743064474273,-0.24968659683001945,
BUK10010,estable,0.8308014014194465,0.0055712075934785206,12,18,5.307685320295176,-0.055766837229857195,
BUK10011,estable,0.7905441810849415,-0.007607490168295645,7,22,-2.367757676341838,0.03732132385812306,
BUK10012,bajo_desempeno,0.41132944453846454,-0.005133057865656698,11,20,-5.726948529901915,-0.09738526691868879,
BUK10013,nuevo_dificil,0.5002012627449844,-0.013857606146757672,9,14,7.1453114595247635,0.2946073687491463,2026-05-17
BUK10014,estable,0.6888112465897881,0.0015538930991562858,9,23,3.2418532831885294,0.1059237964148645,
BUK10015,estrella_subpagada,0.7141741843071667,-0.005666728859305145,12,21,9.353218058063144,-0.12856186310723172,
BUK10016,estable,0.6666161760920104,0.003545717247336904,8,0,-12.724827347925588,-0.11536218308209194,2024-10-20
BUK10017,estable,0.9299418546992099,-0.005943043557455974,8,18,-2.9211619827895166,0.41943344807483807,
BUK10018,estable,0.744199621422936,0.0007288370456156931,12,21,2.961841137166601,-0.040364145986080936,
BUK10019,estable,0.9023622821590029,0.002467235120366234,6,17,-5.079788179971194,-0.2711280745825621,
BUK10020,estable,0.8345625404232824,-0.002231988786967998,12,14,6.274534967154802,0.0009004702007475912,2026-05-28
BUK10021,estable,0.9336047082357256,0.0004944305643905715,8,20,-0.8701564310503364,0.08319522428249622,
BUK10022,estable,0.7367919213611618,-0.003131297587951456,15,23,-6.460880808247001,0.15493434892430172,
BUK10023,estable,0.6450967095739963,-0.009979461636003615,14,18,4.845220351536355,-0.2627525062959734,
BUK10024,estable,0.6043266779257379,-0.0011358715975990144,10,17,11.343463724398587,0.29428523853296756,
BUK10025,estable,0.7033256484709112,0.0015394386123779677,8,23,1.2475968427864084,-0.20427542017743436,
BUK10026,deterioro,0.6056994320118352,-0.017264004107330682,7,21,-7.80170957406643,0.16861145493954713,
BUK10027,nuevo_dificil,0.6996140296816467,-0.006041802983041297,15,11,-6.043048579500919,-0.084574159615889,2026-02-21
BUK10028,estable,0.7451674007940847,0.0009814532997124048,6,22,2.7205488790372265,-0.026181492963975518,
BUK10029,bajo_desempeno,0.5910258731402753,-0.0007530074432009646,12,22,1.8713641078825483,-0.3196158401704977,
BUK10030,nuevo_dificil,0.6164682064160317,-0.010860049193141767,8,17,-5.2368323882160475,-0.20953456930604736,
BUK10031,estable,0.7931755778331975,-0.0012567767395857928,13,17,9.256608397717546,0.22073560858362842,
BUK10032,estable,0.7641713320445561,-0.006280266486754151,8,20,5.185663138140982,-0.12604857134524974,
BUK10033,estable,0.7967096118114265,0.01176761702163207,9,18,-5.8610938177488325,0.14861968503649306,
BUK10034,bajo_desempeno,0.2634964313828332,-0.005231460167064178,9,20,9.711538379905445,-0.2954856629687794,
BUK10035,estable,0.7953017559806799,-0.001263297655830871,10,20,-9.991580311837819,0.14090380348851003,
BUK10036,estable,0.8830697258611979,-0.0009630612158975451,9,18,10.954839864731976,0.2032632355289186,
BUK10037,estable,0.786532986988077,0.001332169841325853,12,21,-2.7240204035201216,0.15226945808793407,
BUK10038,estable,0.9217572454820866,0.005539991768523652,6,17,-1.6147213391917385,-0.03439118774603246,
BUK10039,estable,0.5177454774904117,-0.008296167279923506,6,18,-1.622856806918342,-0.1348027554472286,
BUK10040,estable,0.8059129099504793,-0.003034242948728956,11,23,4.557468845448968,-0.10557164331357802,
BUK10041,estable,0.7218173401711055,-0.0022841816445734863,9,18,-0.3710053445013686,0.31819136067140524,
BUK10042,estable,0.6802272200419319,-0.0037152706699356015,6,22,10.942979507904802,0.3093049565237193,
BUK10043,estable,0.8116197660839335,0.0019415308755792455,8,20,11.1624715324144,0.10281731147638475,
BUK10044,estrella_subpagada,0.7727227064249644,-0.016054360527769696,8,7,-8.729136442611967,-0.14529740691787393,2025-10-04
BUK10045,estable,0.8829963795994185,-0.0030585806702123643,13,19,8.05424818042157,0.1607829245742282,
BUK10046,estable,0.849091266804485,-0.0016744019267182788,13,23,7.994528697894577,-0.2673470817321836,
BUK10047,deterioro,0.7746860463510172,-0.03166173622321885,11,23,-0.28787140917633464,-0.06582466074935173,
BUK10048,estrella_subpagada,0.6735252913959049,-0.009586817288415162,12,21,-3.6791716331156983,-0.0028743417827440387,
BUK10049,estable,0.7795034065395089,0.0003408973879889709,9,22,-0.9424767827527717,-0.005399866560718888,
BUK10050,estable,0.7662380872425407,-0.00037533590545653535,9,7,-4.056026137895251,-0.12456578815352845,2025-10-21
BUK10051,bajo_desempeno,0.587944264093603,0.0015747493854538748,11,17,-5.148146458780022,0.199647264101319,2026-08-27
BUK10052,estable,0.9036719464378594,-0.0037263794793749696,15,18,6.409916003672798,0.13385782098937493,
BUK10053,nuevo_dificil,0.6494651189325655,-0.0018657885691878342,6,17,-7.640116751941877,0.2245460604158848,2026-08-13
BUK10054,deterioro,0.738640771894261,-0.04072142994904915,13,22,2.7366388310530336,-0.5168337234579246,
BUK10055,deterioro,0.7181650212658672,-0.04559712302297572,14,4,7.574574006106574,0.3604650443019386,2025-07-26
BUK10056,estable,0.8270242788119828,-0.0023978217566719856,7,19,5.766775560335104,0.018033793635417995,
BUK10057,estable,0.7376610065562803,-0.0008814532277889689,9,17,8.31154877915537,-0.07950976581069015,
BUK10058,bajo_desempeno,0.5492261562533195,-0.005968487712154108,14,22,5.156368704361794,0.13594966806728184,
BUK10059,deterioro,0.6881486487653025,-0.025853724032641627,6,16,12.197106808475585,0.14082209869431714,2026-07-03
BUK10060,deterioro,0.7735405804811137,-0.0009711083857544857,12,16,-1.6866055960237243,-0.019189955595867277,2026-07-02
BUK10061,estable,0.9414929047449154,0.001187064973134297,12,23,1.7564597208837762,0.12455212933575625,
BUK10062,estable,0.7863031655620201,-0.0025413704840925237,15,22,3.276696247604483,-0.040018978073246385,
BUK10063,estable,0.8314696526614447,-0.001294273175425223,15,5,1.5362906169652373,-0.08028212234205587,2025-08-16
BUK10064,estable,0.8273041685238612,0.003950186999616303,9,19,7.699855147256256,0.5241325509263951,
BUK10065,deterioro,0.6667090651559117,-0.03993405751974701,7,20,-3.2399826765647166,0.06909762911684207,
BUK10066,estable,0.6651983287095651,0.007571467924232003,12,22,-4.949625611743588,-0.019376037928472558,
BUK10067,estable,0.7973796869653782,0.0008475370918032835,7,23,-1.3110505679278448,0.1950140076773521,
BUK10068,bajo_desempeno,0.4521725547707797,-0.00618427623052076,11,22,9.947480874758773,-0.14360230499812296,
BUK10069,estable,0.6393820337038036,-0.002378621906461949,7,21,18.172362714315128,-0.21766363090389418,
BUK10070,estable,0.7382689315197173,0.0005590021313783942,10,17,-4.7004566665092735,0.14294659439883714,
BUK10071,bajo_desempeno,0.5127231368610378,-0.003021060228106408,11,16,6.0444659633630184,0.0469750227954064,2026-07-04
BUK10072,estable,0.8332771820993251,-0.004542627138782799,8,22,-0.9823463757479654,-0.3255902723442629,
BUK10073,bajo_desempeno,0.3392149707399145,-0.005917367835131798,13,18,8.03666041694186,-0.2925781779088041,
BUK10074,estable,0.6930079404926739,-0.0015674130087371672,14,17,-0.8396431981090255,-0.17546358170854792,
BUK10075,estable,0.9185240969703236,-0.004481080682275453,10,19,-0.6422336777009967,-0.39557306637019984,
BUK10076,nuevo_dificil,0.39193987276232256,-0.024736781398376848,14,17,-0.3378838764070474,-0.17013884916852504,2026-08-21
BUK10077,estable,0.8232164734431222,0.0011573547900154278,6,20,-0.4821583754142216,-0.2270509072811526,
BUK10078,estable,0.8022983421992762,0.004885319522121773,12,16,-6.901975826518749,0.43673086447961434,2026-07-19
BUK10079,estable,0.7315659818184376,-0.00027026089103119444,11,20,-7.273531550310652,-0.30351761612332734,
BUK10080,estable,0.8799468726104963,-0.0034452000368319765,12,17,8.13181330952331,-0.19380533753803555,
BUK10081,deterioro,0.7193516824246885,-0.040526175546911826,9,17,6.747176332906489,-0.3606734039902041,2026-08-21
BUK10082,estable,0.805050273033102,-0.0006832532393391159,9,21,3.2788901478071844,-0.39551910421327885,
BUK10083,estable,0.7690941960860085,-0.004937737161689767,6,19,-4.904531830168306,0.2401810656164754,
BUK10084,estrella_subpagada,0.8013020595184694,-0.01342689648783966,8,23,1.4057230741485287,-0.040014958639503974,
BUK10085,estable,0.42105325395681653,-0.025906999507154332,14,17,4.182450321907687,0.15225867631622642,
BUK10086,estable,0.6735611461127826,0.002713221669763057,9,22,10.770386144775077,-0.21861135164674642,
BUK10087,estrella_subpagada,0.7365223694793861,-0.019267374882070677,6,19,3.06495618723042,0.3307520734112735,
BUK10088,deterioro,0.7875212349627634,-0.03343259867341878,7,19,1.2482142102142657,-0.10738067969345497,
BUK10089,estable,0.8611068484084224,0.0020218332487998334,8,21,-0.08436029295904963,-0.17725642847829393,
BUK10090,estable,0.7962512285937593,0.001610828816969013,9,21,-3.663522920045293,0.21713447913232106,
BUK10091,estable,0.7702900881915983,0.006310437678059212,15,21,-1.9274418076726574,-0.19796470639809535,
BUK10092,nuevo_dificil,0.5245397052344197,-0.021527827871296083,9,14,2.6322753762010205,-0.12477938227061444,2026-05-06
BUK10093,estable,0.7757399788328893,0.0009350378881548857,15,20,8.235159026611964,0.06137182960882809,
BUK10094,deterioro,0.7048339599594647,-0.03366939869080918,10,3,-11.971823194181876,-0.06445674850883891,2025-06-27
BUK10095,bajo_desempeno,0.4298829562566826,-0.0031087805650637616,11,16,-3.128314752924631,0.2669407833946096,2026-07-08
BUK10096,estable,0.8943096994878121,0.00246662522189008,8,17,-8.287004442296993,0.03582602712718554,
BUK10097,estrella_subpagada,0.7409228492924838,-0.004105391348154649,6,23,-0.6933404140125596,-0.20167798187995795,
BUK10098,estable,0.6398339358061562,-0.002042320417668398,7,18,9.472299350127466,0.16257674632542285,
BUK10099,estable,0.8562973979933394,0.0062723953287280995,10,21,-4.465203705181009,0.028204971229317047,
BUK10100,estable,0.7860483922505567,-0.004057551159680265,14,23,1.4156184985770977,-0.020480644062813115,
BUK10101,estrella_subpagada,0.6434788406575606,-0.006930318007807224,7,2,-6.277442106746604,-0.1550659262849702,2025-05-31
BUK10102,estable,0.8729224598891255,0.006412368971151617,15,22,2.0941749712935103,-0.4568862107847436,
BUK10103,estable,0.6936820377422019,0.0038926190872301783,7,21,-5.74429715910335,-0.25500157653000616,
BUK10104,estable,0.6433098484344737,-0.002540020284105141,7,21,-8.126894386327905,0.314833040119281,
BUK10105,estable,0.8837078587260542,-0.001336921551175502,9,19,-0.4233223649940949,-0.35570709794504934,
BUK10106,estable,0.8169048223122719,-0.0034421726146524963,15,23,4.940850852897745,-0.13397547810659968,
BUK10107,estable,0.6816420237328554,-0.004224110848040239,9,19,6.834753695222167,0.05532915464171367,
BUK10108,estable,0.3657913846563243,-0.022525550118473524,10,17,-3.1452650561737006,0.03692919223431178,
BUK10109,estable,0.7403491524650336,-0.00422654750086678,13,17,0.5741922386191656,0.18365980859694114,
BUK10110,estable,0.5205094636322359,-0.008903110623609465,7,18,5.437253896527831,-0.1280761570276072,
BUK10111,nuevo_dificil,0.49358736588673313,-0.028104740675459684,13,17,3.8034525468817257,-0.07026168842119429,
BUK10112,estable,0.7228268958968218,0.004166127613586396,9,17,0.9036485916617051,0.03821981445293822,
BUK10113,estable,0.8761286785170962,-0.006621295000561719,14,17,-15.51303454698438,0.14391544005413517,
BUK10114,estable,0.8380602656866724,-0.0025525578213536045,14,20,-3.133650919744168,0.056563275896107816,
BUK10115,estrella_subpagada,0.7806693536170413,-0.009840984726830874,14,19,-7.9363064389657945,0.3575588786310579,
BUK10116,estable,0.8198217512691875,0.001826659509595366,8,19,-0.06420064043557751,0.1614192649283268,
BUK10117,estable,0.8005521235441293,0.0026058504238837942,13,17,-10.362411087085343,-0.22629292601287335,
BUK10118,estable,0.7646962735087424,-0.0009146975726251754,11,18,-0.032030826248550484,-0.07421040280396766,
BUK10119,estable,0.8973423961348855,-0.00043005380043450314,10,17,-11.011681128546076,0.1520951593808619,
BUK10120,bajo_desempeno,0.42659563537842377,-0.01318786156280863,6,17,4.365080557462831,-0.2866810810471464,2026-08-20
BUK10121,estable,0.7899887076788329,0.0011092800818943008,11,18,3.948619861503045,0.060857780701273144,
BUK10122,estable,0.8348823788573974,0.0036559902285378267,12,21,5.866111096020584,-0.12694226024509622,
BUK10123,estable,0.9779557691100653,0.0021380028059346354,14,23,-1.413482543001487,0.009462072222261395,
BUK10124,deterioro,0.7722608271558885,-0.023981194651960247,14,19,0.1967351456043454,-0.06462171694674258,
BUK10125,deterioro,0.8190864066520189,-0.040771459864849556,8,20,-0.5275072550518669,0.5224340994471238,
BUK10126,estrella_subpagada,0.7695639840690185,-0.0019994127821917774,6,9,7.156757125411538,-0.28661278524869094,2025-12-06
BUK10127,estable,0.8359387248527057,-0.006347031970318639,8,17,-2.686194181048013,0.10828510089019838,
BUK10128,estable,0.8000192396938357,-0.0023733973463427103,9,23,0.4437270576012851,0.10516830309937164,
BUK10129,estable,0.697430259131712,0.0023617087880858775,9,17,-1.041403354192688,-0.041277764590251585,
BUK10130,estable,1.0035857082272857,-0.0036838606135301483,11,21,2.1581762650322833,-0.16474860286472892,
BUK10131,estable,0.7897283017187345,-0.0038231842806898805,9,20,-9.533726034365953,0.41523395722292644,
BUK10132,estable,0.7623005324820495,0.009927446480265289,9,23,-0.787228016597292,-0.028926509537730148,
BUK10133,estable,0.5457993836630212,-0.0065371870119839874,6,21,2.802144398759383,-0.06999862693808419,
BUK10134,bajo_desempeno,0.3417948180197522,-0.014676538128113887,10,10,4.276442522879968,0.0954614852416352,2026-01-03
BUK10135,estable,0.8626367383167084,-0.002315727185441722,6,20,-4.308340614359788,-0.06336574523124423,
BUK10136,bajo_desempeno,0.34414657781309105,0.0030420567520380026,9,17,9.039449459050243,-0.21411690931685406,
BUK10137,estable,0.6889756962286169,0.005196509733840027,11,0,-1.1964512485601042,-0.27757514601584254,2025-02-04
BUK10138,bajo_desempeno,0.41430109296762796,-0.010558281539124343,8,18,2.4400242683079276,-0.039932328137834566,
BUK10139,estable,0.7819009253864205,0.00405002841641078,13,20,10.756532875125906,0.3231765885839631,
BUK10140,estable,0.6638083903472801,-0.0028579223772178582,9,21,-2.2497709874671883,0.02692015839398505,
BUK10141,estable,0.7420210657758466,0.002344633387137384,10,21,17.651658730478765,-0.1557752429805275,
BUK10142,estable,0.8327599873636335,-0.0015207301812008062,13,20,-7.909417354027957,0.05491581599795889,
BUK10143,estable,0.6963346890648333,0.0009112915828797094,13,22,-3.776051295891768,-0.2624492132817989,
BUK10144,bajo_desempeno,0.37537027439761605,-0.008545574284984408,13,22,-3.8248194580542085,-0.2685741575072848,
BUK10145,estable,0.7952965799302538,0.0035244868585682697,14,19,0.1707800381288535,-0.28771521427006475,
BUK10146,bajo_desempeno,0.4280269681788547,-0.009754458223007866,11,13,1.9674652596689193,0.1554110845887636,2026-04-13
BUK10147,deterioro,0.7752470286890532,-0.0378456695421739,15,7,-15.526134864877804,0.1939817231462561,2025-10-26
BUK10148,estable,0.751184843540089,-0.0008636479787808651,9,20,8.49174820702137,-0.21176503991626444,
BUK10149,estrella_subpagada,0.7736483696634302,-0.004313956935499784,10,23,4.376002472003875,-0.27213680876486357,
BUK10150,estable,0.7426530079178166,0.008931306687294027,9,22,-2.154211116546041,-0.23525448659442835,
BUK10151,estable,0.8605817341433964,0.003294753048658215,13,19,7.629015640703731,0.10558628336170753,
BUK10152,estable,0.6849632400767629,-0.002007487042535053,15,19,-4.2331868034734175,0.03169044125141929,
BUK10153,deterioro,0.6894656427417372,-0.027050068351527488,8,12,-6.3810078493862505,-0.257600060111464,2026-03-05
BUK10154,bajo_desempeno,0.4768374517743207,0.006281988097099482,11,19,-11.254503660244499,-0.039935935818733476,
BUK10155,estable,0.5903113273083548,-0.0008095325528123167,14,22,0.0009480384577523987,0.32156354880759114,
BUK10156,estable,0.8022814877584757,-0.0002863611376939298,13,19,1.8326160652798387,0.08985987352679602,
BUK10157,deterioro,0.6943922388938165,-0.030644447285137977,12,0,-4.521416026346383,0.11084641072719971,2024-10-21
BUK10158,estable,0.8554511667493826,0.0009324798711092963,10,21,6.189119246301947,-0.24320161306715699,
BUK10159,deterioro,0.7411875153238842,-0.018079775448301375,13,0,-7.290220723041217,0.02978461404975621,2025-01-24
BUK10160,deterioro,0.6818380603761172,-0.0433001507726198,15,23,4.082337134971951,-0.24826946136015712,
BUK10161,estable,0.9145586100679318,0.004414925777766631,13,11,-6.420364312971267,-0.24245918038498585,2026-02-16
BUK10162,estable,0.8877791961954805,0.003945564364547106,7,4,-1.1485743562657116,-0.5589841863090776,2025-07-06
BUK10163,estable,0.6645584705840318,-0.00910874714780407,6,21,-2.717805455306487,0.46686824209785854,
BUK10164,estable,0.7402441265338126,0.006709009557240287,9,20,-7.091983423916741,-0.052349949736374246,
BUK10165,estable,0.7946232674668987,0.00459521946922963,12,20,4.624267000354109,0.007154038836902242,
BUK10166,estable,0.8101446901206376,-0.0037209214517505487,12,3,2.763306521157703,-0.16542697228533973,2025-06-11
BUK10167,estable,0.8565681805559511,0.0043023068320922064,12,23,-12.320296748418858,-0.057530347419876074,
BUK10168,estable,0.7644063181547971,0.001917173314005756,10,22,-1.8178110119162232,0.100368175377685,
BUK10169,bajo_desempeno,0.5029519067380391,0.0011911897317860637,11,8,-6.355844030493177,0.24692402406282732,2025-11-28
BUK10170,deterioro,0.7798081128305483,-0.02359744314835855,6,23,-4.935148742005608,0.0855015777260743,
BUK10171,estable,0.92062149036014,0.0006787011089020851,12,23,17.21668883873128,-0.21618834799967385,
BUK10172,estable,0.8298815349691566,-0.004672849554185962,14,22,5.302539146035711,0.016124646983160566,
BUK10173,deterioro,0.6387112522427011,-0.03727562637245403,11,17,0.810229535848064,0.1216063826679788,
BUK10174,deterioro,0.6857745243234429,-0.027628887971906352,13,11,1.4596833263725166,-0.077243348573463,2026-02-02
BUK10175,estable,0.7795887225525339,0.0004967468935137982,6,17,10.238336571535637,0.15074271007479786,
BUK10176,estable,0.7271017696519595,0.0017681846608967704,12,20,2.510371747854157,0.4480142491781887,
BUK10177,estable,0.706620062503157,0.0036978000149667533,9,23,-6.21659547630643,0.19553984928922186,
BUK10178,estable,0.8147751984621265,0.0013839445555837505,8,23,-2.3832471480067303,-0.18723629813978698,
BUK10179,bajo_desempeno,0.4369448865349019,-0.009978655881128801,15,17,6.136348172620542,-0.27908479716303664,2026-08-06
BUK10180,estable,0.5343069026163118,0.0017033722341325234,9,22,1.3459877911945088,0.17140225862184624,
BUK10181,deterioro,0.8159707160518109,-0.027330103947484266,12,22,-5.73015650686368,-0.36499328899179695,
BUK10182,estable,0.7585915153746928,-0.0023494808004272416,11,19,-0.8555511179051927,-0.08883179320078848,
BUK10183,estable,0.8264609149484722,0.002894176571072881,13,17,-5.790889778210232,-0.3200049715715632,
BUK10184,estrella_subpagada,0.7360231226622783,-0.017742308181349635,15,3,-3.629697304536183,0.09333173915359504,2025-06-13
BUK10185,estable,0.7148840819460202,0.006194658340182898,15,21,-7.779862617353626,0.07389664930886981,
BUK10186,estable,0.6694198668752304,0.0011687732540391078,10,18,-0.06831758266180306,0.3447718189455926,
BUK10187,estable,0.8368209938312359,0.0030332015332169768,15,23,-2.954499256031229,0.5666463249024264,
BUK10188,estable,0.9183497926563118,0.005022361775806032,8,22,-2.0737787267516454,-0.09376054856326659,
BUK10189,nuevo_dificil,0.6210943395435572,-0.011438055522490062,14,17,-7.605037099291403,-0.04262426703258728,2026-08-22
BUK10190,bajo_desempeno,0.48366404083522196,-0.006689909849828349,12,10,13.675980111701149,-0.003066191888537924,2026-01-03
BUK10191,estable,0.8610198055847789,-0.000815560128324477,7,21,2.4974941518994944,0.12837058051301273,
BUK10192,estable,0.829281795730842,0.004104566634904696,11,18,-5.448490677605368,-0.20353449648533659,
BUK10193,estable,0.8506054114133704,0.003368323528978451,13,18,-3.739821838661639,-0.004391578152548165,
BUK10194,estable,0.7762394398246816,0.006830077329348225,15,17,-8.088008380545231,0.12660323965622305,
BUK10195,estable,0.7248580406307483,-0.0029267564644759395,15,20,0.37035672633917094,0.16321077366119344,
BUK10196,estable,0.8911547803857232,0.004456075365658669,15,0,-0.11440402819949677,0.03371957056928112,2025-02-11
BUK10197,estable,0.7389751207423352,0.0010251870347110423,10,20,-5.123377063747207,0.35097782618673523,
BUK10198,estable,0.8103586936358889,-0.0010853815188839253,6,17,-1.8935313873354338,0.08931157972762327,
BUK10199,estable,0.6236861058637793,0.004266962612186558,9,20,-6.635568152024845,-0.14954077745984234,
BUK10200,estable,0.8033537485158511,0.0029041977801024647,10,21,-11.116732452534464,0.29127995832866027,
BUK10201,bajo_desempeno,0.41982719622366216,-0.010501776968749078,14,15,4.861070226997116,0.13838524188433596,2026-06-07
BUK10202,estable,0.7174416180790141,-0.004349944657410447,7,22,-0.2911454179691633,0.056783829375404236,
BUK10203,estable,0.9145461729368175,-0.004405008061330784,6,17,-5.709765126958683,-0.08815324938028225,
BUK10204,estable,0.8389812612263587,0.004148905854163183,6,21,0.29984407723703466,0.07593658390402926,
BUK10205,estable,0.9096699195102547,-0.0002930285252988555,8,19,1.0827207074668355,-0.12295618433290138,
BUK10206,estable,0.77856611822941,0.0016985483893325996,12,21,2.5440032529111902,0.09204005688171793,
BUK10207,estable,0.7946828923026487,-0.002454521029571948,10,21,16.111668237450857,0.33296830138740824,
BUK10208,estable,0.6538348371248486,0.00443213848783531,8,4,-0.5979327094369705,-0.06983092894834454,2025-07-08
BUK10209,estable,0.8196087977765543,0.003173789334432697,8,23,9.884502783639629,-0.11795360752212432,
BUK10210,estable,0.6599655063626252,0.003907810555685602,8,20,6.703299110324032,0.05877198521224034,
BUK10211,estable,0.6922806727087516,0.0007837187064064732,13,19,0.7525519824807956,-0.07770872579497812,
BUK10212,estable,0.7128491287274226,-0.0020270901233831323,9,21,1.327055833767115,0.17072821904766575,
BUK10213,estable,0.81408124144218,0.0005524306377157822,9,22,-10.53757594352651,-0.0539783402797876,
BUK10214,estable,0.6859888081821806,-0.0016118920175237006,13,20,1.7045511619270237,0.1747116294795592,
BUK10215,estable,0.8518198653966482,-0.006170890369891958,13,19,-3.213642528724501,-0.4567032571686585,
BUK10216,estable,0.7751756742626849,-0.0052464089478306405,10,17,-5.496814970535868,0.29807830086179843,
BUK10217,estable,0.8914977078404096,0.002540763814325389,7,17,-6.904555114780409,-0.04005434676548516,
BUK10218,estable,0.8675882828286898,-0.00237669660368491,12,17,-0.38110887313692854,0.06157551876213768,
BUK10219,estrella_subpagada,0.6997290660712794,-0.025354410847878015,6,12,10.754907661477453,0.24772550382161224,2026-03-24
BUK10220,estable,0.7584897710531651,-2.0239015708737066e-05,7,21,8.487425190839415,0.04422720076793363,
BUK10221,estable,0.7375430313737174,-0.0009778199082854451,7,22,1.4550416431469508,-0.1558729027769052,
BUK10222,nuevo_dificil,0.31099416962678306,-0.021641267177777576,13,19,-1.0577109545567405,-0.3178417888111001,
BUK10223,estable,0.45961475747562963,-0.023304804015395184,9,19,1.7181540157571937,-0.19731860164358883,
BUK10224,estable,0.7945950015325853,0.0021250150679246243,12,17,7.0158978951566375,0.16481265739503337,
BUK10225,estable,0.41684690266072716,-0.005946910957293453,7,22,-5.552732696859531,0.2955355948956628,
BUK10226,estable,0.8180840907240968,-0.003201594639854034,6,23,15.503362190892776,0.1660499497550524,
BUK10227,estable,0.7866311926565536,0.0005800853375143192,9,18,1.082199913187284,0.2464078885175858,
BUK10228,estable,0.710641326797987,0.0003527716550064698,6,18,11.23920903082659,-0.16686380201175288,
BUK10229,estrella_subpagada,0.7181046239802499,-0.00547897468826699,14,0,-1.9841461308071038,-0.04615454626171711,2024-11-01
BUK10230,estable,0.7789895752828292,-0.0015693194564324225,8,18,-8.629824796124488,0.015238900146364979,
BUK10231,bajo_desempeno,0.5190714076895095,-0.0014280162079673463,6,9,3.802580708673288,-0.15946129903496112,2025-12-23
BUK10232,estable,0.734123916032693,0.0010131416879348898,12,14,-0.35528085335805787,-0.21058761035478754,2026-05-01
BUK10233,estable,0.7076574679533881,0.005469235886425115,12,20,3.284939836105433,0.20371045020492926,
BUK10234,estable,0.8384531439494075,0.003883010384722583,7,19,1.4094810904431712,-0.2066826119790716,
BUK10235,estrella_subpagada,0.8140345926350062,-0.021553108785228932,7,18,-4.963906751467102,-0.11470736999986537,
BUK10236,deterioro,0.6872322066645671,-0.027169804949210827,6,22,-2.7459614188479384,0.1652293567561999,
BUK10237,estable,0.7711637937369068,0.005935221266553377,14,18,-16.39022253202978,-0.09070993220947021,
BUK10238,estable,0.7214427879256701,-0.0031014795294920907,9,19,7.035544965968578,0.452944270457631,
BUK10239,bajo_desempeno,0.356662654037712,0.004295920771915214,12,17,9.400106711602547,0.12215761033623161,2026-08-29
BUK10240,deterioro,0.8148503135725484,-0.03638463666295775,12,5,6.554210857576549,0.1385342481432391,2025-08-26
BUK10241,deterioro,0.7292396218602744,-0.032717875512793454,11,14,3.653314741542405,-0.38978630632144445,2026-05-01
BUK10242,estable,0.8284567272082781,-0.002560072450181073,15,19,8.017916595003081,0.1275295971014518,
BUK10243,estable,0.6353774622373412,-0.0008156107464456446,12,21,12.568332317994527,0.26736995152225373,
BUK10244,estable,0.8646327561247227,0.007523141189557953,8,23,-2.5939192232828128,0.054463356581480264,
BUK10245,estable,0.8610223572681943,-0.007931758428395176,6,23,1.7297369313048732,-0.030828380663987544,
BUK10246,estable,0.5448388801825135,-0.02174158313854743,12,20,-11.51572360887899,0.1072885133184779,
BUK10247,estable,0.4275332982405831,-0.01186555408257767,8,23,-1.066853260786118,-0.2733742415946386,
BUK10248,estable,0.849473797041036,-0.0015551132800491292,6,20,-0.8110348387723334,-0.08392864868087455,
BUK10249,estrella_subpagada,0.8210101235073821,-0.011056394145210192,13,5,9.947119853288948,0.08501743205234148,2025-08-03
BUK10250,deterioro,0.704390219332309,-0.022848849697233595,13,23,-2.4368570825340674,0.14786542091422528,
BUK10251,estrella_subpagada,0.7572312448879774,-0.0028972145324035435,8,23,-4.568986853884105,0.12511793274675703,
BUK10252,estable,0.7855484045861362,-0.0031377365218538717,8,23,2.6529631500725763,0.5153177474039276,
BUK10253,estable,0.6954696540863001,0.002369461430446442,6,17,-4.077527627309407,-0.18967752272063648,2026-08-28
BUK10254,deterioro,0.7428412726706706,-0.01980012725669613,9,3,1.3633772603625252,-0.2997609936327207,2025-06-24
BUK10255,estrella_subpagada,0.7383166057792367,-0.004411734684067621,6,0,-4.643281220171762,-0.06435337629028366,2024-12-29
BUK10256,estable,0.7958121946689098,-0.004485692033055603,13,19,6.196069088192843,0.10438335761183111,
BUK10257,estable,0.6835166978042438,0.0061290042283166715,6,22,-6.868559885530102,-0.12712550415472532,
BUK10258,estable,0.7657673448496896,0.0018813035748990322,11,23,3.719709434807619,0.10963010085040199,
BUK10259,estable,0.5473681149602839,-0.01341680291901072,12,18,-5.155987339119091,0.10434451500020946,
BUK10260,estable,0.8246361089975597,0.0049306899734334235,13,23,6.452306343140478,-0.362378089052288,
BUK10261,estable,0.7171619540615785,0.0033371381990215513,11,21,-3.0786184875757296,0.1647977088763763,
BUK10262,estable,0.8011733227570996,0.003414966640708603,7,19,2.181164611841453,-0.2738409830095844,
BUK10263,estrella_subpagada,0.8950456140673355,-0.018256477294576856,6,23,-0.26182542802822906,-0.402598308308647,
BUK10264,estable,0.7248873444067947,0.0035592288331341656,7,18,2.6172500496377795,-0.13299926118493055,
BUK10265,estable,0.7682372980817923,0.004033942198874314,10,19,-4.621917010470995,-0.050177580883049216,
BUK10266,estable,0.7997121963622026,0.0020900863730132337,7,21,1.326319622231643,0.2840376848070992,
BUK10267,estable,0.7459230866550672,0.0096634883810037,9,17,-10.52204267814246,-0.4279122454557644,
BUK10268,estable,0.7652702437541148,-0.0039236173339812835,15,19,0.899890331024352,-0.46663700541085074,
BUK10269,estable,0.8289571044074645,0.001735407321901411,13,19,-9.707079107388907,0.03673749645369949,
BUK10270,estable,0.8068733331000282,0.0006248570898023015,14,0,-1.717445961189046,-0.13468713524173315,2025-01-27
BUK10271,estrella_subpagada,0.8277878480480759,-0.015503675093457563,11,6,-1.4015522900634392,-0.1354311713043561,2025-09-08
BUK10272,estable,0.7733148359457481,0.0014719541039991445,13,22,3.0336802164805903,0.2983955617510645,
BUK10273,estable,0.8214678272367949,0.005953415100501004,6,17,-9.697291260615287,0.1057056066031279,
BUK10274,estable,0.8059513356843185,-2.0108833176528764e-05,9,18,-5.227780786531387,-0.34650831926933884,
BUK10275,estrella_subpagada,0.7728473594982502,-0.015644979185865927,9,12,0.9827189657071848,-0.040633943304898446,2026-03-09
BUK10276,estable,0.8988494842864294,-0.0022226852823227145,12,21,4.700043377743748,-0.14395977805902288,
BUK10277,estable,0.7020547685269769,0.00036573226889970525,6,22,-4.20232986408867,0.04890013598325744,
BUK10278,deterioro,0.7927026370816895,-0.020021842586782117,8,17,-1.4354570250719176,0.06710969138991905,
BUK10279,estable,0.7954557458556443,-0.007153627166000323,8,22,0.6897525206814193,0.13644152096146844,
BUK10280,estable,0.7891290218279616,-0.00439260745181423,8,20,1.7888324009774101,0.15241021741415606,
BUK10281,estable,0.7936686595521645,0.0030895496016592667,9,18,4.86348524948677,0.02292240386890935,
BUK10282,estable,0.5816329638202978,-0.007236964021995575,12,23,12.835524645405858,0.1995754228526482,
BUK10283,estable,0.7047646134593498,0.0010865827212092425,9,21,8.880311005081662,0.011546110581749893,
BUK10284,estable,0.7827417065771651,-0.007272025259706874,9,21,-5.437889363860467,0.4536783094446867,
BUK10285,nuevo_dificil,0.6366209241493008,-0.014724093042517669,13,17,1.6851204911280928,-0.17296600920001165,2026-08-19
BUK10286,estable,0.7110160348133612,-0.0016149425565780817,14,18,9.725757356190076,0.037158519569139785,
BUK10287,estable,0.7511676777064819,-0.00972767779880391,12,23,3.2494519685760483,-0.26421777942506885,
BUK10288,estrella_subpagada,0.7308313900043232,-0.015567329081237532,13,18,-0.6291606156750145,0.01671032088099194,
BUK10289,estable,0.9073792487134764,0.000856077263698914,15,18,-8.608822887272552,0.3446927299262104,
BUK10290,estable,0.8919522943692955,0.0005138061270363469,11,23,-1.0791291098207085,0.16167604088307588,
BUK10291,estrella_subpagada,0.6907790322695857,-0.028293428677124262,14,17,10.815315432177256,-0.03240522001773754,
BUK10292,estable,0.8854229448348263,0.004384959668544372,13,16,-4.833425865756263,-0.1941208930443284,2026-07-10
BUK10293,estable,0.7394212733568728,-0.00044288073024217173,15,23,-9.335692012588172,0.1459538874699937,
BUK10294,estable,0.5953527871345967,-0.007221696848865182,8,20,-3.4505641474659425,0.2902156026178593,
BUK10295,estrella_subpagada,0.7369416616071178,-0.009993105998251666,7,19,9.354462010827401,-0.12052332107251583,
BUK10296,estable,0.8408874918163487,-0.004522653145404865,15,19,-8.190352497276692,-0.04770121700898893,
BUK10297,deterioro,0.7517036377572807,-0.04497426450844947,13,18,-1.26337917826685,0.10448580359463515,
BUK10298,estable,0.7438505029958948,-0.001032404160419077,14,19,-7.626129511067523,0.08172479597147658,
BUK10299,estable,0.7356335153485776,0.0009714763978340788,10,19,3.4186044038515986,0.016450366438466077,
BUK10300,estrella_subpagada,0.8678948870791262,-0.014036443441873624,10,19,5.211854290862023,-0.08442095726051671,
BUK10301,estable,0.7962659162646017,-0.0017707482430511553,11,20,3.74513423318505,0.09669020060834027,
BUK10302,estable,0.6330897870588938,-0.0073885768793884995,8,20,-8.587300745903828,-0.009066002364815168,
BUK10303,estable,0.7829058052790027,0.004242561617047979,11,19,5.252846652273762,0.165136147689346,
BUK10304,deterioro,0.7924095480871534,-0.03541309364633268,14,14,7.824093117972825,0.01065713226423948,2026-05-01
BUK10305,estable,0.677620429108136,0.004054517661246652,13,23,-4.7372590144556135,-0.4087650884515867,
BUK10306,estable,0.686514027276878,0.00515672025149518,13,23,0.8350463312250309,-0.2841673815131452,
BUK10307,estable,0.7178253622379971,-0.0030063389894239255,14,22,5.115188233820602,-0.09364583447062962,
BUK10308,estable,0.8433219738102559,0.0012733019622506241,12,20,-1.1147007014829138,-0.4466799582935805,
BUK10309,bajo_desempeno,0.3844584948296056,0.0025398801122479145,7,17,-12.20979931975342,0.09811502543583539,
BUK10310,estable,0.7175588729327815,-0.0015324349444700274,11,19,-10.76804653124799,0.10424408615617178,
BUK10311,estable,0.7459163030493681,-0.004797889374260935,6,23,3.8598924756635,0.012425734690342357,
BUK10312,estable,0.578365733421338,0.010537602444362314,6,21,9.566775871324205,0.1020614490557195,
BUK10313,estable,0.8561873590191299,0.001849040515619772,6,23,-4.643698707478428,0.052662993679487784,
BUK10314,estable,0.8168563473890667,0.0014267354510081706,12,12,0.3734130502601547,0.34172659859049964,2026-03-16
BUK10315,estable,0.700196819977067,-0.0018614359489468985,12,17,-7.18363450300864,-0.34328503838923463,
BUK10316,estable,0.6854798317472418,-0.005805176376494211,8,18,0.1111258361198143,-0.20152680155475694,
BUK10317,estable,0.8576304276980868,0.0026244252087282583,13,17,12.80185866076029,-0.2639721718737836,2026-08-01
BUK10318,estable,0.7310495432989502,-0.0011921428939937733,10,23,5.657657243079192,0.4458073888899953,
BUK10319,estable,0.7904836326083582,-0.002736193355683984,12,22,-7.578624581006308,-0.06530814393356132,
BUK10320,estable,0.7925334996750995,-0.0038116027674535927,10,23,4.866149526280169,-0.3493919919725484,
BUK10321,estable,0.8713669168375828,0.000636279629907786,6,13,2.004765247038293,-0.1888884357398152,2026-04-06
BUK10322,estable,0.8804589931302037,0.0010100840856918636,15,18,0.7790866882716485,0.13373642875499106,
BUK10323,estable,0.7570501288874761,-0.006510833330585085,10,19,-2.5208880613055444,0.09038265484840519,
BUK10324,estable,0.8305272783456679,0.008101156465697468,10,22,-9.211452783858263,0.15257684222791293,
BUK10325,estable,0.7537253459850682,-0.0018121927265245259,6,17,-5.971313051653789,-0.1341360011053011,
BUK10326,bajo_desempeno,0.5558986459826498,-0.003963338444123537,6,23,-3.1692190412887844,-0.13490081141648905,
BUK10327,estable,0.8222064760610085,0.001900890397052363,14,21,3.1206230082233626,-0.05305040333895295,
BUK10328,estable,0.7642389921329883,-0.005587556008916433,14,16,-11.324542290999084,-0.1742488471782818,2026-07-20
BUK10329,estable,0.7308220661878589,-0.0035046542230503202,12,19,-1.619470634785071,0.1886212948355428,
BUK10330,estrella_subpagada,0.779441602225284,-0.006019854371534959,11,20,-4.7054796654641375,0.07201845966400004,
BUK10331,estable,0.3529001231461632,-0.013336969734460614,13,21,-17.9916884729137,-0.268258602940035,
BUK10332,deterioro,0.8012901641755327,-0.03374536965084743,7,0,11.902318724119642,0.151544686602339,2025-01-07
BUK10333,bajo_desempeno,0.4676777413459334,-0.013410295295731253,7,7,5.103725360164872,0.2841749691235798,2025-10-09
BUK10334,estable,0.7398945235832932,0.001414627598258658,15,10,1.9295410722827981,-0.1439319107868918,2026-01-09
BUK10335,estable,0.8135554890095936,0.0015254025572276051,14,22,3.079079899342135,0.2958371414422283,
BUK10336,bajo_desempeno,0.6676216930372113,0.003952664973186004,9,21,3.9967196195697445,-0.2023446684365011,
BUK10337,estable,0.7650588716638069,0.00239677770479344,7,20,6.2298567786032155,-0.11348308231241962,
BUK10338,deterioro,0.7568815512050044,-0.05771913029047164,7,17,-0.3222946163046676,0.29695746402597367,
BUK10339,estable,0.7473806439644951,0.010247030479801744,11,22,-0.8861919016784545,0.1642661848666586,
BUK10340,deterioro,0.6451537065588457,-0.012466947081345374,14,0,1.8718989324040214,-0.24877475929755002,2025-03-16
BUK10341,estable,0.8658102232744113,0.00012046344960735516,7,23,6.594115938402493,0.2612221109943005,
BUK10342,deterioro,0.7267437869101245,-0.028161970335727985,7,14,6.224093848999531,-0.11904245315117597,2026-05-05
BUK10343,estrella_subpagada,0.8493250566894769,-0.0205866863722092,7,18,0.29921025763941606,-0.06753348097818654,
BUK10344,estrella_subpagada,0.8174581994234121,-0.009053144775656267,7,15,6.954952980891019,-0.17679181936653451,2026-06-06
BUK10345,estrella_subpagada,0.7588585240171536,-0.006085537716934486,9,17,-2.2023186681212024,0.3796819935841561,
BUK10346,bajo_desempeno,0.4538198394083946,-0.009625609673907945,8,20,4.093735327646292,0.11376274305492715,
BUK10347,estable,0.7328067239282425,0.0066195041144892506,13,17,-1.1478909504266435,0.12073959501689879,
BUK10348,estrella_subpagada,0.9352358527266984,-0.010845850520965525,7,23,-1.4973916878381686,0.13884078254898932,
BUK10349,estrella_subpagada,0.767990578326843,-0.015094900700578345,11,18,6.140514064414136,0.09587873021247752,
BUK10350,estable,0.8150785699393558,-0.001653310855836733,15,19,-1.78213661121155,0.10163888578240311,
BUK10351,estable,0.7969866342471617,-0.005274191759440362,15,12,-3.971045554465211,0.3906077062572488,2026-03-02
BUK10352,estable,0.8135570887517327,-0.008460476066225298,13,22,7.32094938704636,0.09863466709898529,
BUK10353,estable,0.7933834318209124,0.0053392829409183214,10,17,4.711952771166166,0.33321302251967194,
BUK10354,estable,0.9295890335454824,0.00022647555506355186,7,19,7.044998634464628,-0.06474276924405534,
BUK10355,estable,0.7312574963652688,-0.0018000294325447369,8,22,2.900634863276042,0.22475340410486594,
BUK10356,estable,0.8895032048851672,0.004124676317478796,14,18,1.4690247256482754,0.11149807147145299,
BUK10357,estable,0.3903654627892298,-0.02588694105563407,12,17,-1.3852499443440687,0.2834013636244904,
BUK10358,estable,0.7498098896743552,-0.0028483990435737364,8,18,-4.3859933163268625,-0.05811173324200604,
BUK10359,estable,0.8324621954317489,0.0033410633482731465,6,17,1.315017736644232,0.05917874017591403,
BUK10360,deterioro,0.7852638121557817,-0.027813374822932516,6,17,-10.103988059867964,0.03576591587689735,2026-08-27
BUK10361,estable,0.89110271764178,-0.004516396373146526,14,22,7.351231026188685,-0.0742690499437217,
BUK10362,deterioro,0.6830700844996662,-0.02933275741605523,7,20,8.774319951199585,-0.2698052735855445,
BUK10363,bajo_desempeno,0.5426693391419173,-0.0018257685697448678,10,13,-4.464204049626982,-0.10224033624708047,2026-04-13
BUK10364,estable,0.37529393658149546,-0.00819996277353392,7,23,-3.5854751220064838,0.14935974054695128,
BUK10365,estable,0.8157824696833273,-0.003056747283009886,8,17,-3.7044828770106273,0.25801135795379393,
BUK10366,deterioro,0.7317783204010562,-0.03213615851874492,15,23,-6.978968502990211,0.049395681342795233,
BUK10367,estable,0.7284544344493799,-0.00860613695290376,14,22,-2.0896462867817367,-0.10930081448398254,
BUK10368,estable,0.7813213804980602,-0.0005091568621846439,10,17,-6.3175368963966285,0.0003269694012514766,
BUK10369,estable,0.8034923757705649,0.0002327193376906768,7,21,-11.762861269703631,0.015607890325005702,
BUK10370,estable,0.686011243158863,0.001615966327711107,11,17,7.923226443314922,0.0809594714452554,
BUK10371,estable,0.7293411825217082,-0.00806306082598036,7,22,6.87603883376175,-0.2063970337657098,
BUK10372,deterioro,0.773604655944276,-0.048998087852680394,8,4,-0.36064809146568755,0.16281836257906332,2025-07-21
BUK10373,estable,0.7919261437106293,0.005092164182887159,8,15,4.213513048622354,0.08772199536618756,2026-06-23
BUK10374,deterioro,0.7155693604600951,-0.02893377429373368,11,17,0.4449586887043088,0.12143324787118098,
BUK10375,estable,0.8192150014709766,-0.003569938643763162,8,19,-11.824304090957906,-0.015299986791460565,
BUK10376,nuevo_dificil,0.5371425454090284,-0.024859831868963605,7,15,0.6581075744866192,0.06838610183650488,2026-06-14
BUK10377,estable,0.7948279506230259,0.004167583013307461,13,22,11.25844257652953,0.2149419801847759,
BUK10378,estable,0.7967606008758433,0.0012313217253109112,13,20,-1.8102986998267987,0.09818009867831123,
BUK10379,estable,0.7792430930795814,0.003860817032127214,15,20,4.0971425465737195,0.19398382055290744,
BUK10380,deterioro,0.6655150568970996,-0.037799183135730365,6,19,-5.920592605627542,0.17723028884004222,
BUK10381,estrella_subpagada,0.7779945381708709,-0.018959298746211373,12,17,-2.633449567777018,0.13354020863579527,2026-08-30
BUK10382,estable,0.6760369268334521,-0.0004709969656879694,12,6,2.4765385051202067,0.38895398474397874,2025-09-24
BUK10383,nuevo_dificil,0.38439303284459125,-0.012033620940297276,11,23,0.20584422201804203,0.37795550022732405,
BUK10384,bajo_desempeno,0.4880825958975305,-0.004774172906468961,6,12,0.6547062932450602,-0.31854297370785833,2026-03-22
BUK10385,estrella_subpagada,0.8120510178663605,-0.028850375315472077,12,0,-2.83978666938625,0.033900660365925005,2024-09-17
BUK10386,deterioro,0.7721445912855562,-0.03520271238683311,11,18,1.9024401804242252,0.13974805822920375,
BUK10387,deterioro,0.7151741291643473,-0.04479280790500305,11,1,7.829929464736137,-0.10525856232070213,2025-04-05
BUK10388,estable,0.8766506942572829,-0.003984699907894109,10,20,5.5116511118161675,-0.048629087018592344,
BUK10389,estable,0.8736366409479375,-0.003469024941596095,8,17,6.031476609381883,-0.3076401498704914,
BUK10390,estable,0.8329692650036958,0.002827348670674252,10,21,1.1152587253342836,-0.029362533013442473,
BUK10391,estable,0.7432401448217348,-0.00044217381983062567,10,22,-2.2591623474184908,0.058152479473313735,
BUK10392,estable,0.7756241050737712,0.0033312544564609754,8,22,3.739109732493705,-0.1311537819508966,
BUK10393,estable,0.8075384662489807,-0.002648425502637866,9,19,-9.085669679128419,-0.08389936997349866,
BUK10394,deterioro,0.678190152042666,-0.021627830355311024,7,17,-1.3719962126890537,0.12959184036714738,2026-08-17
BUK10395,estable,0.8089762931383789,0.004191660567804627,6,18,5.482136060358993,0.08667819713859967,
BUK10396,estable,0.7825961822570582,-0.0028155422705025595,15,17,-2.627490839373893,-0.24136323545551822,
BUK10397,estable,0.7747095052243007,-0.0010749881372821431,6,10,-5.53257312445925,-0.11485641820578216,2026-01-26
BUK10398,estable,0.45087113495652575,-0.015233907679003029,14,18,-0.7878340738810228,0.09206605955054342,
BUK10399,estable,0.8154075489053163,0.003638449919044167,8,19,-11.752596847057504,-0.3155076431341283,
BUK10400,deterioro,0.7692690827246543,-0.03243863809278987,11,0,-4.449356088077853,0.0779330571500157,2025-02-20
BUK10401,estable,0.7923196536756324,0.0004483770461718072,7,18,-4.447718629708903,0.6657776385754548,
BUK10402,estable,0.832035303213738,0.008665362608590717,9,19,0.4242526994670493,-0.01332263528571932,
BUK10403,estable,0.8241414347154729,-0.002390989072769554,15,19,2.226335122371744,-0.32050268493233647,
BUK10404,estable,0.81829294752524,-0.00276137699298249,14,19,-3.619127671119217,0.21580931360529618,
BUK10405,estable,0.6579570797207049,0.0005633651826359228,12,19,-2.046930829318795,0.08507792479227874,
BUK10406,estable,0.7027877045919791,-0.001767015162120322,7,20,-2.3816377807233415,0.16226728942452498,
BUK10407,deterioro,0.8320817552846669,-0.024133826794293312,13,4,-6.774516891474484,0.4023067438680492,2025-07-01
BUK10408,estable,0.8424377738995078,-0.0028157445184101276,10,20,-9.849840871324295,0.3222461630976104,
BUK10409,estable,0.7055983111253719,-0.0026796693830255366,11,21,3.5347176366028767,-0.23833562173605666,
BUK10410,estable,0.8316873694055187,0.0032060382170098355,6,17,-1.863482572392432,-0.041721609823188774,
BUK10411,estable,0.8946662128814795,0.0025374792112663586,6,19,5.013082576164539,-0.08391475776172047,
BUK10412,estable,0.8197244655595147,-0.005347750013417095,15,20,2.0137895155547234,0.07732787299110971,
BUK10413,estable,0.8828978784361241,-0.0009378890508581374,6,18,-9.454907979155657,0.03969144970636299,
BUK10414,estable,0.8113366534041571,0.005023823786771574,6,2,-15.374997297793016,-0.060991881827566694,2025-05-29
BUK10415,bajo_desempeno,0.6496901296538515,-0.007062830405313178,6,20,0.03765568347071993,0.09843779615599636,
BUK10416,estable,0.9096668068638232,0.0011805418283226334,8,17,1.3046205155962052,-0.3915034891317565,
BUK10417,estable,0.801732082846648,-0.0006471642700986892,12,21,-3.5525362385746635,0.025822094473254772,
BUK10418,estable,0.7667868975552589,0.0004898565391886869,7,17,-4.400826417999294,0.32820254392911297,
BUK10419,estable,0.7783208341720016,-0.0028570189513580356,8,13,-0.16840267938192138,0.3647870285044837,2026-04-29
BUK10420,estable,0.7946194578555426,-0.003691731154493793,7,20,-7.7165520520109965,-0.03388682244901543,
BUK10421,bajo_desempeno,0.47061604723070616,-0.003600413511349488,15,8,-6.116179499092011,0.05820504484498708,2025-11-09
BUK10422,estable,0.8077658653513213,0.0057194818539280535,9,21,-7.523598922148958,0.08195401692971332,
BUK10423,estable,0.7040567448051716,0.0005108933496944045,14,19,-3.476353515562423,0.24974737625076623,
BUK10424,estable,0.8359796427854168,0.0020585004024067373,14,19,2.5476991042875174,-0.03393794221472664,
BUK10425,estable,0.3859030032734514,-0.0009335506352457223,11,17,9.494965450648294,0.40704756768923206,
BUK10426,estable,0.860586170910524,0.0006264008485643032,9,22,0.19985965810724585,-0.128617238974391,
BUK10427,estrella_subpagada,0.6918746055113275,-0.02700751255183254,6,0,1.0258955783549348,0.4415959753424639,2024-12-08
BUK10428,estable,0.7432139838631531,0.0029445191630336196,11,20,2.3545795174884,-0.5464200487252969,
BUK10429,estable,0.6009147366632057,0.00032405179278797145,8,18,1.64552119060947,0.15248668182239572,
BUK10430,deterioro,0.6626658946957342,-0.043411650551464016,7,0,-5.722087743761139,0.2797552000292144,2025-02-24
BUK10431,bajo_desempeno,0.46352362927075347,-0.0016682217228525444,9,17,-2.6705393558925885,-0.16764407553527405,
BUK10432,estable,0.8658414372841597,-0.002388471611093544,6,0,-16.014563880998768,0.1879488643900938,2024-11-18
BUK10433,bajo_desempeno,0.3558575357715953,-0.014078771810214866,7,0,5.179068908029782,0.03624949276399635,2024-11-28
BUK10434,bajo_desempeno,0.3290629939375441,-0.01135667279268417,7,23,-2.3979939978851927,-0.48684747941353906,
BUK10435,estable,0.756541543387969,-0.005658238181705995,13,21,9.432959164745238,-0.10683781465983978,
BUK10436,estable,0.6326202609838177,-0.0036372992812495376,13,23,5.448069005674228,-0.2773076107833325,
BUK10437,estable,0.7624126637357864,0.00014838227055322,11,14,0.9568570695146512,-0.12972011844214354,2026-05-09
BUK10438,estable,0.8729876396818457,0.00016774199543921454,15,21,10.69087716335664,0.04937888979766427,
BUK10439,estable,0.7603023512893562,-0.002525213408674937,7,17,-4.131742470330405,-0.12638876563874524,
BUK10440,estable,0.5972802688970097,-0.019580126512482518,12,21,-0.567859083923338,0.08024184253569802,
BUK10441,estable,0.8376193430365448,0.0014777814810480966,12,2,2.315818346902563,0.09227781340843051,2025-05-21
BUK10442,estable,0.8549867572265246,0.010103383468792684,12,21,1.488954003769681,0.012037627816839386,
BUK10443,estable,0.6287843714504546,0.0025636446578448666,7,20,-7.138516513841689,0.15156836071893476,
BUK10444,estable,0.8099493228125321,-0.004647424635567298,14,17,1.546148613530951,-0.08226878060855758,
BUK10445,estable,0.7657374083533582,0.0001116939548612272,9,20,-4.030576762874915,-0.08945201697936027,
BUK10446,estable,0.7980261691203264,-0.001297033381771792,6,17,2.683631384435277,0.20925050474348542,
BUK10447,estable,0.7621974602792662,-0.007753234346110061,7,20,-10.416084108946478,-0.03163945283146134,
BUK10448,estable,0.8679065067824424,0.0031675301770144586,7,18,0.21610747923837625,0.11398083311449475,
BUK10449,bajo_desempeno,0.39239096335335055,0.0007043363753642265,7,16,5.344010576315289,-0.3027847888701622,2026-07-27
BUK10450,deterioro,0.835909342039687,-0.035113163761784985,11,0,3.8215642629992503,-0.45529340876251106,2025-02-10
BUK10451,estable,0.7891336322123309,-3.2924516487855846e-05,12,19,4.07877192060919,0.33953132397626623,
BUK10452,estable,0.8501801831974599,-0.00353906357885571,10,23,4.818874829750895,0.37411789425304814,
BUK10453,estable,0.8407075419919487,0.0016717732008267989,9,17,-8.162561663459973,0.20509119767847253,
BUK10454,estable,0.8035253851744664,-0.0009921940725758909,11,10,-8.505690335486861,0.270240890898369,2026-01-01
BUK10455,deterioro,0.7215023159266157,-0.019813937913444248,15,23,-1.9478285284134174,0.5621094489074097,
BUK10456,estable,0.8861988078017093,0.002140812587917389,6,19,-2.545682398877176,-0.07249890261725594,
BUK10457,estable,0.8018319682595917,-0.005662874129797091,7,19,5.585615494047519,-0.13922004009449587,
BUK10458,estable,0.7240730623274104,-0.0004601260668179889,14,21,0.29553700114625414,0.13745406549182584,
BUK10459,estrella_subpagada,0.8391940450980243,-0.01577745833315661,10,17,-7.745882435938299,0.07166493927387696,2026-08-18
BUK10460,deterioro,0.731068152204183,-0.02513608239114955,9,13,-0.6274713330601025,0.02233570320530516,2026-04-05
BUK10461,estable,0.783467537954735,0.009499211854651964,13,22,-7.0528203389968365,-0.43501758294354076,
BUK10462,estrella_subpagada,0.8174841722723701,-0.012317703701112436,6,17,-8.674427583308855,0.1088478689780681,2026-08-03
BUK10463,deterioro,0.8639134198338434,-0.019555114512413145,7,18,-3.9129765005170647,-0.06765456450606742,
BUK10464,estable,0.767847983909053,0.0030585003426925874,11,21,2.0190501067070468,0.009577873632709925,
BUK10465,estable,0.7843713578620011,0.002131507016274232,6,23,-3.9761798966562685,-0.36360812034848194,
BUK10466,deterioro,0.782331076378157,-0.03260702908989058,8,0,7.2701724294863475,-0.021751089273184653,2025-01-09
BUK10467,deterioro,0.6886376657339031,-0.03867470786984192,8,0,-7.820213618838788,0.19022036862922728,2025-03-31
BUK10468,estable,0.37639352007749916,-0.010077617581885285,13,23,8.525878692515867,-0.004607445774221408,
BUK10469,estable,0.7721000064200371,0.004786897624865546,12,13,-4.186842998336457,0.23977186205738543,2026-04-09
BUK10470,estable,0.8064328870143458,-0.009125789183822204,12,19,-0.7151182103886624,-0.17811153423867923,
BUK10471,estable,0.5168128076654108,-0.01079161831614849,12,19,5.715158654992143,0.017022117281623124,
BUK10472,estable,0.6077406438513152,-0.023874919173679097,13,18,0.997755573418211,-0.12179591427120459,
BUK10473,bajo_desempeno,0.3400068850271486,0.006775185968686556,15,17,5.955399647764786,-0.08607476426963906,2026-08-21
BUK10474,estable,0.8300149615626936,-0.008177045126314751,14,20,4.779024531813159,-0.39459186604573004,
BUK10475,estable,0.7739082532785858,-0.0010565431649703352,11,15,7.6792604892340055,-0.01674486301816715,2026-06-22
BUK10476,deterioro,0.7927896048505587,-0.031738978919890824,11,17,-5.188699753684433,0.08457006776673247,
BUK10477,estrella_subpagada,0.6171244079745789,-0.02015523997626022,7,16,8.300509290413174,0.3148292793845588,2026-07-18
BUK10478,estable,0.793322362328211,-0.0035647960884828992,13,19,1.1106333862446693,0.1939824403584777,
BUK10479,estable,0.8391621219305452,-0.0020075584948972746,8,19,1.8304950639820685,-0.20372642405615096,
BUK10480,deterioro,0.7234761324207016,-0.027680332354867894,10,3,0.7192844489559254,0.20883061567772093,2025-06-19
BUK10481,estable,0.8737545895660158,0.006895135233997978,15,22,-2.8241566696797094,-0.039893212143525085,
BUK10482,deterioro,0.7433069072091678,-0.04919345302511704,10,15,-2.3078452813001373,0.3572737448663007,2026-06-30
BUK10483,estable,0.8484533043901875,0.0006319944433299581,6,17,0.6578172688424252,0.20817199632534292,
BUK10484,estable,0.6644423654134202,-0.0011925192022870638,14,22,4.462522906645765,-0.060725468752934546,
BUK10485,estrella_subpagada,0.7650437075785176,-0.006982834592179981,6,0,6.423227544253267,0.2150923922494878,2025-01-23
BUK10486,estable,0.7536957768668094,0.0051729838021807055,10,22,-9.107625005283802,-0.06201378118935526,
BUK10487,estable,0.6781481735337599,0.005429878085519451,10,16,4.350248033657714,-0.10917912403623768,2026-07-18
BUK10488,bajo_desempeno,0.5240020474138838,-0.004599937035584123,10,18,-7.303453244284091,-0.008112294013131122,
BUK10489,estable,0.4203695898097839,-0.01471856978217164,14,19,4.280423744820768,-0.14210092331755655,
BUK10490,estable,0.7805455912703668,0.005137028017609551,14,18,1.7178994734260624,0.1134371218742588,
BUK10491,estable,0.8949287803363277,-0.0030029596889992976,10,21,-1.5924858122375702,-0.14355201539605872,
BUK10492,nuevo_dificil,0.6742356344791346,-0.01173029261277717,9,19,7.08258148943932,-0.08510237279626566,
BUK10493,estable,0.8263095562316073,-0.007359293104061212,9,20,-14.790195328683204,-0.06517427119235523,
BUK10494,estable,0.6936858068383501,-0.0027957553466584685,8,19,-8.837481060239064,-0.01575144335822631,
BUK10495,deterioro,0.6555020129355069,-0.03545807661762767,9,23,-2.5328279384415593,-0.4315454244226022,
BUK10496,estable,0.7292892390405521,-0.003487155875685385,10,20,10.427382299515322,-0.09096181210655666,
BUK10497,estable,0.8485792285271812,0.0015386835834627023,7,21,5.958090946188575,-0.25940257378003456,
BUK10498,estable,0.7874101225271183,0.0028901224978612867,7,18,8.398012392658135,-0.17985083617085817,
BUK10499,estable,0.7743766046396485,-0.008134074066898924,11,17,6.175881047870188,0.08386551699273179,
BUK10500,estable,0.8278406545235805,-0.0016041518324583864,15,19,7.288182791502035,0.13651282979932997,
BUK10501,estable,0.7381735587518264,-0.0006410536876455292,9,22,14.803655901432926,-0.2513350758825385,
BUK10502,estable,0.6454670487596903,0.0019306272235369347,13,14,6.028682613084179,-0.3054724025556758,2026-05-25
BUK10503,estable,0.8813948860194855,0.007848127223367637,13,18,-1.8460113301123469,-0.30881669950906976,
BUK10504,estable,0.7849172870521357,-0.0006811872152209276,8,19,-4.666436048933284,0.26018583727120226,
BUK10505,estable,0.812813782216384,-0.0015193553650037664,6,20,3.2402302814109394,-0.11629283965584543,
BUK10506,estable,0.8638241212218171,-0.0024425825996424516,11,0,2.528034235245375,0.0061974707856836345,2025-02-24
BUK10507,estrella_subpagada,0.6754549146006378,-0.01563083741209546,7,11,-1.3109880787083164,-0.09937530096313751,2026-02-11
BUK10508,estable,0.617657227089702,0.0027614024536442355,13,23,12.60598270933728,0.20115804210149993,
BUK10509,bajo_desempeno,0.5108098477525826,-0.008297503956909355,10,17,-4.829776455261071,0.12244553947243894,2026-08-14
BUK10510,estable,0.60996322524134,-0.027569199802209086,8,2,-2.291915972069697,0.2265652596323901,2025-05-31
BUK10511,estable,0.7936330628304054,-0.0039102521310522415,13,19,-6.159343207597528,-0.23806435486373995,
BUK10512,estable,0.7109899544586828,0.003920868650839425,6,20,-3.591303210602324,-0.22125429804186408,
BUK10513,deterioro,0.6529658126807709,-0.02087155215122751,15,18,-0.17330690816951042,0.04805570747939757,
BUK10514,estable,0.6838179691736983,0.001857547513404269,6,17,-5.376773160946132,0.011796453482482863,
BUK10515,estable,0.8408677817787703,0.002372542444364098,14,18,-10.346979043172455,-0.4193306433198887,
BUK10516,deterioro,0.8145316635008248,-0.04016449592372947,9,17,-12.448911262631356,0.570714294341275,2026-08-27
BUK10517,estable,0.6750969149699011,-3.988137775158713e-06,11,6,-8.970329035888735,0.19371281188737652,2025-09-19
BUK10518,estable,0.7425087522843412,-0.00022785053071350118,9,17,6.343839380394492,-0.314488146517533,
BUK10519,estable,0.7821177813176619,-0.002381431169290174,8,18,1.0312317853355093,-0.270812755197824,
BUK10520,estable,0.8698539360386611,-0.0014400670336917794,14,21,-10.460459327602926,0.23341737494348386,
BUK10521,estrella_subpagada,0.9101293519354916,-0.031970511784810224,15,14,-5.025950514763437,0.08323190641700286,2026-05-21
BUK10522,deterioro,0.7029654755666762,-0.027262650706658714,13,22,10.34752427823194,-0.22541754328855998,
BUK10523,estable,0.747744551787505,0.009313952833170254,15,23,-0.8661731906482897,0.058883082004496344,
BUK10524,bajo_desempeno,0.49294588115182997,-0.010146083580346077,9,14,-8.525891633905406,0.01923586184870665,2026-05-31
BUK10525,estable,0.7656521467775043,-0.008096029542730851,12,16,2.8063419664308955,0.3186373073781457,2026-07-06
BUK10526,estable,0.5547607497025051,-0.008557535591243132,7,17,-3.5122775744224146,-0.42424314940699687,
BUK10527,deterioro,0.7871923152182455,-0.012206153049392907,11,0,-9.362840938682874,-0.10256280499591514,2024-10-21
BUK10528,estable,0.8668255413584509,0.002275864481968958,13,5,6.267234000254845,0.011635961402282248,2025-08-20
BUK10529,estable,0.8125505709957695,-0.0112477165347735,9,17,5.709914765629002,-0.1281418714461634,
BUK10530,estable,0.7783561011263953,-0.00425083915552862,7,18,-7.583328321040992,-0.36459202176012223,
BUK10531,estable,0.687495243905447,-0.00027339152060026873,9,18,-5.647559359419331,-0.08186531851879682,
BUK10532,estable,0.73129602651107,-0.002803272676854184,14,21,7.299842658054406,-0.041166389482631544,
BUK10533,estable,0.7669583951461562,0.0009044709622343615,13,22,-7.556185933804759,0.19459650048359184,
BUK10534,estable,0.7464891244975519,-0.00021380701138750546,11,19,-5.395108934110933,0.22691244692709886,
BUK10535,estable,0.8721199325490723,0.0028752236054688687,14,18,0.4149213638544662,0.09004146681657527,
BUK10536,estable,0.753828279032389,0.0024230838036733153,7,18,-13.694458803805677,-0.024696973819159276,
BUK10537,estable,0.7767094974245421,-0.0004825343729906918,14,17,-0.9777558159557231,-0.1744602669050387,
BUK10538,estable,0.8475182346500155,0.0017657660652060717,8,21,-0.7631481737109995,-0.25772301813882204,
BUK10539,estable,0.8494159988018766,-0.0023878343899756504,12,21,-1.703182128567843,0.10523431870811831,
BUK10540,estable,0.8694712143081614,0.0033474433203012537,12,17,-2.463434979748296,0.12495861444172457,
BUK10541,deterioro,0.654379605529375,-0.04187732102624165,8,0,5.212724597842987,-0.26371961134328925,2024-10-01
BUK10542,estable,0.727610988487441,0.0042566342506148505,7,17,-5.963420176941753,-0.14979571872577097,
BUK10543,estable,0.7390293563447994,0.0010829321760583944,15,9,-1.7277981877595072,-0.07453362577270523,2025-12-27
BUK10544,deterioro,0.7929020772071851,-0.01592382106515547,14,21,-1.6047659543158685,-0.6533795448040478,
BUK10545,estable,0.70541756631154,-0.0035023997503664346,14,22,-2.7271889347578315,-0.060920315941841385,
BUK10546,estable,0.700692536051785,-0.0026738365909055564,9,19,-4.777534425256231,-0.3157003683528521,
BUK10547,estable,0.7264945088427528,-0.004027428453479576,7,22,3.438009677858702,0.10215324890933522,
BUK10548,estable,0.8181410732545008,0.006057824393706839,14,18,-1.8201248092499562,0.01992487221754204,
BUK10549,estable,0.585927796335878,-0.005248633808127106,7,18,8.290373178765202,0.05304276473728034,
BUK10550,estable,0.7005741726411637,0.0018536694015960729,7,2,9.161576551448938,0.18466721647134826,2025-05-27
BUK10551,estable,0.8375989308144863,-0.005565748079354104,13,19,-7.911797863362054,0.11702795136220652,
BUK10552,estable,0.8230129493193352,0.005224409667964182,12,16,-5.924746740128367,0.42730302935134756,2026-07-20
BUK10553,deterioro,0.627464793164201,-0.0424477382867315,7,17,-5.497695736921672,0.12884584482092148,
BUK10554,nuevo_dificil,0.5349877071668248,-0.020219639324223885,12,18,2.759879958161579,0.1022453919597387,
BUK10555,estable,0.8317093529177315,0.0018095844992028266,10,17,-9.620410633228662,-0.40212191639336486,
BUK10556,estable,0.7473642764689186,0.00021352158426714258,8,20,-3.47771047065459,0.5613474690406208,
BUK10557,estable,0.7371511256932506,-0.007847581699915963,14,17,-1.4074096015961093,0.04380249159472532,
BUK10558,estable,0.7148407333199345,-0.005362022497927768,6,21,1.3863301901612342,-0.1170821264757967,
BUK10559,estable,0.7576759940924839,-0.00614491853584979,7,20,1.6343805667738507,-0.5717875563668282,
BUK10560,estable,0.8406101381412978,0.005640417452890741,11,19,1.350326720180334,-0.43634191323649046,
BUK10561,estable,0.7941361446508987,0.005072216734374474,15,19,12.353390303624172,0.15035008856444923,
BUK10562,estable,0.8318011147001658,0.0041992411728796995,11,22,-8.891978943179035,-0.05259358097569393,
BUK10563,estable,0.6872464797812002,-0.008166270061800786,9,17,2.5493246351655525,0.2120150366379589,
BUK10564,estable,0.6702917376332892,0.001039181833664996,6,21,6.560439524166206,-0.218864762575542,
BUK10565,estable,0.8829019367065597,-0.004134052789205331,14,18,3.880487484747476,0.27454156626176773,
BUK10566,estable,0.8472499276741171,0.00848521945912664,15,6,7.871071335501245,-0.4847976587882154,2025-09-17
BUK10567,estable,0.7779848975625213,-0.004589554460118542,14,17,2.939733827007651,-0.2785449394465606,
BUK10568,estable,0.8415598881940701,-0.0006090255777088196,7,11,0.0501847291198112,0.02875863720155171,2026-02-21
BUK10569,estable,0.8436415406696796,0.0023753149843317913,11,18,-7.282361916964987,0.04317533315879679,
BUK10570,estable,0.8193395250132024,0.003704517049605806,8,17,12.569718922681595,0.3123905398676503,2026-08-21
BUK10571,estable,0.7716296340168127,0.0068846190716323995,15,17,-1.7177851142248914,-0.08734574390409068,
BUK10572,estrella_subpagada,0.7377506204850932,-0.007151026093642448,14,15,1.2359932000371658,-0.05060439425626946,2026-06-17
BUK10573,estrella_subpagada,0.7145949375534739,-0.009892307034971723,6,10,3.5451388750780106,0.5815974721693179,2026-01-03
BUK10574,estable,0.8352484224515615,-0.004507117924518914,7,17,5.808729958390195,-0.4111154686195643,
BUK10575,estable,0.8491799899500775,0.007221225114422721,12,16,1.7845901483246696,0.2583042611631553,2026-07-28
BUK10576,deterioro,0.8043001116286471,-0.020679535001695858,8,8,-4.245243702458992,-0.028892882313007805,2025-11-24
BUK10577,estable,0.7136070592942422,0.0023235300688910733,11,19,-0.27761922816725976,0.014111504328120604,
BUK10578,deterioro,0.7332145000280011,-0.04991405705140002,6,11,-3.0910236335724974,0.09270710640845978,2026-02-14
BUK10579,deterioro,0.5893200726242089,-0.020964656880305032,10,20,6.513385877234866,-0.12075417844763012,
BUK10580,estable,0.828180761939643,0.0005262992090650857,9,19,10.348695653759567,0.09003310823138504,
BUK10581,estable,0.9232566820009935,-0.002485219288655504,15,23,-2.357504077669392,0.02956710206397058,
BUK10582,estable,0.8307091594588402,0.0017753944923811166,13,21,-5.684234709695771,-0.053196595207648155,
BUK10583,estable,0.8254702799515652,0.00032351742774788843,8,19,-1.50133967277873,-0.0205362051125531,
BUK10584,estrella_subpagada,0.9257734539229283,-0.01851247513550464,10,19,3.591284357240035,-0.034555016471203695,
BUK10585,estable,0.6197322250089703,-0.0031994134032938696,7,17,3.9923122145666534,0.12123534602695041,
BUK10586,estable,0.8374047243326366,-0.005071418524300745,12,20,2.2530582221507185,0.3052568082481539,
BUK10587,deterioro,0.8318576817965693,-0.017235492166401446,8,15,-22.001483346420212,-0.007249857154919022,2026-06-08
BUK10588,estable,0.7512886882540406,-0.002435888630109729,8,19,0.46050515632282196,-0.0811869722005706,
BUK10589,estable,0.5131320530592676,-0.002330190668558745,15,17,-0.890284796750353,-0.1366612712334809,
BUK10590,estable,0.8124154749243505,0.0026941191305105638,6,21,2.594364623982397,0.14714975761821983,
BUK10591,estable,0.902334621393593,0.002218593726446961,8,22,5.646443653963736,0.07929202362345275,
BUK10592,estable,0.8050832440582488,-0.0032004065279515608,15,20,-4.606795854920551,0.1489262169859765,
BUK10593,deterioro,0.6697993880455771,-0.019918428361953858,10,0,-6.667192657583932,-0.06032568426933905,2024-12-16
BUK10594,bajo_desempeno,0.5083322425478829,-0.008306880921617073,10,22,-5.2547062405483045,0.19048341783787692,
BUK10595,estable,0.7367725032989274,0.0030877541499437504,11,17,13.646022516687228,-0.28804487371818954,
BUK10596,estable,0.8877627239905603,-0.0016066606409137145,7,18,5.37711926029011,-0.453104421100912,
BUK10597,estrella_subpagada,0.8162036900123477,-0.0010474038697106183,8,7,-9.482204882185203,0.007455432404126775,2025-10-03
BUK10598,estable,0.6829182678976525,0.006528994641577776,6,23,-1.4135630834763697,-0.008021616587238791,
BUK10599,estable,0.4682686107171716,-0.02421598830589959,8,18,-6.122420015984526,0.21383846868541218,
BUK10600,estable,0.622638701693524,-1.4158657175742092e-05,6,23,6.456837170739462,0.12072734404760765,
BUK10601,estable,0.71579835225119,-0.002108170889137891,13,0,1.4876985885483953,0.1660782984277267,2024-09-07
BUK10602,estrella_subpagada,0.7010144730214498,-0.005794884282581158,10,20,2.820206954843535,0.06493942119507634,
BUK10603,estable,0.7590946944827072,-0.0018560090628141066,10,20,1.754906430154318,-0.1406382921938485,
BUK10604,estable,0.8207172785752433,0.0009213560239017082,14,17,4.752673550030588,0.2718135781959313,
BUK10605,estable,0.8829061317387225,0.006286216122255417,14,18,3.215965871752541,0.1920989844655091,
BUK10606,estable,0.7904925139730139,4.005015765951532e-05,13,22,-12.791413687205177,0.3383103281410584,
BUK10607,estable,0.8340265809928766,8.939529612130547e-07,8,20,-0.12580123377754363,-0.06640136124337781,
BUK10608,deterioro,0.6409281429674691,-0.030042513897281235,7,11,-0.13239271545342352,-0.019247594601952567,2026-02-16
BUK10609,estable,0.8479601574425961,0.006921410820796996,12,20,0.20918141206807034,0.27099671595940694,
BUK10610,estable,0.7954074030162636,-0.0007330049442886034,7,21,4.234694019014452,0.20480583294410176,
BUK10611,estable,0.8319266030594531,0.000465522885906728,14,22,-1.9933953078325144,0.017094807067278884,
BUK10612,estable,0.781799845251691,-0.0038453359901181945,13,17,-3.384479753685701,-0.2850531837785156,
BUK10613,estable,0.6951631226167434,0.0034743168861833458,6,17,6.603615972939888,0.03940440571362236,
BUK10614,estable,0.8058097505087738,0.0028356727619346855,14,20,-2.294127182004897,-0.06178038638226133,
BUK10615,deterioro,0.8129166018835888,-0.037298756032774744,7,11,-4.082515479823577,0.21685193805675448,2026-02-07
BUK10616,estable,0.7992261422957705,0.003941018797997234,9,23,4.753249278830301,0.40186184530068264,
BUK10617,estable,0.7623412077534728,0.004258581471113891,15,23,5.6805333708851045,0.08552234344477497,
BUK10618,estrella_subpagada,0.8213393478833385,-0.01741119389630664,13,20,-6.908054423778108,-0.06393446694314578,
BUK10619,deterioro,0.6527986187207205,-0.021610696481903495,11,9,-1.3380662266073449,0.11673717959306634,2025-12-27
BUK10620,estable,0.7001221107580741,-0.003699135905439671,9,21,-0.41739540833119565,-0.17318469990643748,
BUK10621,deterioro,0.7466023760526695,-0.03262494208116791,6,17,2.8194151043748272,0.015544769634254664,2026-08-18
BUK10622,estable,0.8291292756156545,-0.005001502953730426,9,21,8.77828958827965,0.059943549442941356,
BUK10623,estable,0.6872100017503344,0.008922734908562857,13,20,-0.902839207318473,-0.394997453640377,
BUK10624,estable,0.7220965361115156,0.00160866086452313,15,23,-2.041737753132402,-0.0075905607533324065,
BUK10625,estable,0.7267276311015489,-0.0015546552662308439,14,18,10.428330954056673,0.08926028761782162,
BUK10626,estable,0.8286533972887712,0.002172726783498634,14,22,-8.088273124893195,-0.1482610366414041,
BUK10627,estable,0.8060402004165307,0.001079180273446961,8,7,-3.8227166175086005,0.3705966759531725,2025-10-13
BUK10628,deterioro,0.8169979721252439,-0.02204043210573546,14,14,2.2805432411149003,-0.06485864440648634,2026-05-21
BUK10629,bajo_desempeno,0.5452681474505323,-0.014708029582575544,8,20,-7.408850350557255,0.4917013508535471,
BUK10630,bajo_desempeno,0.43433337477084305,0.005160819729528483,15,18,1.9635623171257,-0.5048879613915107,
BUK10631,deterioro,0.675212823709006,-0.035222049212318286,7,20,0.5007905213304092,0.11472847966909107,
BUK10632,deterioro,0.8177985455154231,-0.0484861756822729,14,0,-1.1299528633372655,0.06090492222305196,2024-11-22
BUK10633,estable,0.7590242772523418,0.0027044808078393475,11,18,0.9223598263695734,-0.2550648682152841,
BUK10634,estable,0.5722081310606995,-0.00973842969217643,11,17,5.78609367321676,0.011601538287497283,
BUK10635,estrella_subpagada,0.7820613881222269,-0.0033045098789320857,6,2,2.583349223256694,-0.4350385528810345,2025-05-07
BUK10636,deterioro,0.7118676539422811,-0.010769233730819887,11,14,5.975664783929215,-0.01964850900063044,2026-05-25
BUK10637,estable,0.8230435798079606,0.002862797198090679,12,17,1.2928260412718293,-0.30682927449460545,
BUK10638,estable,0.8148018319810604,0.0035276726165469233,8,20,7.403953813663863,-0.11116647066343975,
BUK10639,estable,0.9746432513288183,0.004494892365624579,9,22,-1.4760555695763857,-0.3245810071649525,
BUK10640,estable,0.6194089618698236,-0.021100039665789546,11,22,4.30763308770228,-0.09451632696104434,
BUK10641,estable,0.8062639751640536,0.00043337303387577385,8,17,-6.952557069914394,0.17312309073548268,
BUK10642,estable,0.8069987125795098,-0.0009050194533944376,11,23,8.274600481380752,0.00025099990863037647,
BUK10643,estable,0.6796188988380455,-0.0011752660306482844,14,22,0.3286991009185388,0.06288948776862172,
BUK10644,bajo_desempeno,0.4671538569202239,0.00048830267069564,15,20,6.759462677361029,-0.3571787335879577,
BUK10645,estable,0.776709375321404,-0.0057153232076948566,6,20,-1.5227077396205146,-0.22412526855181075,
BUK10646,bajo_desempeno,0.4162429432928061,-0.0033681727955160966,12,10,3.5989504187675356,0.17256014957000956,2026-01-04
BUK10647,estrella_subpagada,0.7743696805653484,-0.00917324374719119,11,21,-2.1675368551986454,-0.13642001566582573,
BUK10648,estable,0.8154265977925805,-0.004267869343596678,10,18,4.626501907254319,-0.20038566430530255,
BUK10649,estable,0.6666891534876124,0.004280684568085651,11,19,-2.289138493441687,-0.26501476895554604,
BUK10650,estable,0.7409741909100742,-0.004663799773471958,12,17,-8.674721616820117,-0.06444516871993004,
BUK10651,estable,0.667390439780742,0.004351325717947712,6,18,-9.097716019195571,0.37277335378179066,
BUK10652,estable,0.795336302488108,-0.004227032229091257,6,20,-4.544573700581175,0.31145254550654605,
BUK10653,estable,0.7474760035412329,-0.0018699665754021088,8,21,-6.508353494962002,0.2607380291766017,
BUK10654,deterioro,0.8367932556759704,-0.021824764835528993,12,12,0.1829522189701825,0.007223265926462265,2026-03-28
BUK10655,estable,0.7499274868454063,0.0025666328750687767,10,18,-0.05801769486603073,-0.16237908242517848,
BUK10656,estable,0.8294890110599846,0.0020750699665879014,9,23,8.575320386803707,-0.07031052907325283,
BUK10657,estable,0.747091082807715,-0.004261137330288335,11,20,-6.681320565946779,-0.07606252901378038,
BUK10658,estable,0.8594858051574952,-0.00024671572065240705,13,17,-4.726855392405877,-0.06344041472896592,
BUK10659,estrella_subpagada,0.74339142504667,-0.02221703115917458,10,17,10.420181342159337,-0.06278830498436404,
BUK10660,estable,0.6963507438229604,0.001279148794474772,12,7,1.5187988259790859,-0.09281843499405923,2025-10-07
BUK10661,estable,0.6070930976546053,-0.0014949528918701924,6,20,-0.5475530813572359,-0.14096895790034517,
BUK10662,estable,0.8016295150324825,-0.0008537555526558963,8,20,-1.4488126678604136,-0.024824716619761454,
BUK10663,estrella_subpagada,0.7123691940387381,-0.005046977063870719,11,19,3.398542370517294,0.08553633562398044,
BUK10664,bajo_desempeno,0.2156238373352258,-0.015050740309616709,14,14,3.807680784313445,-0.013823219044651152,2026-05-03
BUK10665,estable,0.8534346306405595,0.003699097272393776,11,21,1.0075970627740125,0.41827479655948147,
BUK10666,deterioro,0.6757929229444639,-0.017476468262094567,15,20,5.285220572602424,0.025634551509372452,
BUK10667,estable,0.7246645277828534,0.00493655954443767,11,19,3.8627951595513896,0.08588053462624963,
BUK10668,estable,0.8939886360134986,0.001950551969025678,12,18,-0.09263137031765961,-0.17311384995887005,
BUK10669,estrella_subpagada,0.770986180515927,-0.016712248264389627,11,18,0.5170520429340197,0.18983693047873026,
BUK10670,deterioro,0.7516719392326021,-0.026430104366437782,9,20,-0.37010520550661136,0.41977974237149407,
BUK10671,estable,0.7222725274501179,0.00019199232666364553,15,19,2.790027844903817,-0.3522109515223996,
BUK10672,estable,0.8364075383694672,-0.002621285112914551,7,15,1.2188699595507044,-0.04252502263242341,2026-06-07
BUK10673,deterioro,0.613120976622602,-0.03352659948576477,14,18,-6.9289738050817,0.08413004185433055,
BUK10674,bajo_desempeno,0.3983734448461597,-0.005212583269841084,14,23,-11.783305536970795,-0.005447891382046757,
BUK10675,estable,0.7285925622414877,0.0010233299898601608,13,23,-1.4117911838378505,-0.13332416899627175,
BUK10676,estrella_subpagada,0.7677328511623287,-0.021488876107791918,7,15,7.170543548291634,-0.13481924215707278,2026-06-20
BUK10677,estable,0.9296183505101656,0.001018476769933142,9,23,7.010775498496944,-0.018229638625664926,
BUK10678,estable,0.764710423410426,-0.00479346733056136,14,0,0.46216572150459606,0.38273945774147927,2024-12-23
BUK10679,estable,0.7457301861553495,-0.005769481656915741,13,21,-0.8194370267441105,0.3088913993793204,
BUK10680,estable,0.8537881145458442,-0.0032425298720534686,14,19,0.2073961713318786,0.10097510043281807,
BUK10681,deterioro,0.7453228702547531,-0.022519737702340597,9,17,-5.840729334446486,-0.12783118039464716,2026-08-19
BUK10682,estable,0.7360328487764352,0.0010144367581843513,13,23,-2.26167352237722,0.15140383449715927,
BUK10683,estable,0.8559431657566758,-0.0005036625515560421,14,20,-8.490072651421105,-0.15559927915946364,
BUK10684,estable,0.7600986975256634,0.002594014850473016,8,20,10.589831360480323,-0.007545431587766225,
BUK10685,estable,0.8823238708026095,0.001579932176355928,8,19,5.9366855876909295,-0.18008427658174647,
BUK10686,estable,0.6493558449522749,-0.0018608626389310984,7,18,8.16814692174412,-0.08407178353117278,
BUK10687,estable,0.783322140088381,0.001485298178462583,9,17,-9.006694700315965,0.14481512328141136,
BUK10688,nuevo_dificil,0.6368348130744018,-0.017031195820499258,15,21,10.860739406536915,0.134600096639641,
BUK10689,estable,0.8377180364794806,-0.004476403804732195,7,20,-3.6214953847706695,-0.055295789163748006,
BUK10690,deterioro,0.742218871692748,-0.035365088143113906,10,17,-3.6900167778868838,0.23559738844749398,2026-08-20
BUK10691,deterioro,0.7694531835735963,-0.008522506403727124,7,18,6.669695808584489,-0.07129268079292081,
BUK10692,estable,0.8375694904739986,-0.0004924673286007319,6,0,-4.468613700627111,0.3751237058939313,2024-10-09
BUK10693,estable,0.7485237928866595,-0.0024383271180733104,10,18,0.5794428692624325,-0.18573659085858882,
BUK10694,bajo_desempeno,0.44581653132772375,-0.0013638156959292118,6,0,10.520018812815508,-0.17031010108244332,2025-03-27
BUK10695,deterioro,0.8318760424995937,-0.02280945578524994,13,17,1.5082175345481965,0.0855279891875663,2026-08-18
BUK10696,estrella_subpagada,0.7353874307843555,-0.016175194515870194,15,16,-5.854319588557756,-0.07062142979340763,2026-07-23
BUK10697,estable,0.8479584141867978,0.0030124812312127586,7,19,-4.641717675681985,0.10638680773399216,
BUK10698,deterioro,0.7826035133147993,-0.028687524903945823,6,19,-2.701940443149344,-0.2919890844350201,
BUK10699,deterioro,0.6129855268270269,-0.02400375698119322,13,20,-3.377933461632344,0.3364200978568949,
BUK10700,estable,0.32471584221497574,-0.01842642757097841,12,22,3.7156017681865006,0.39146180115391055,
BUK10701,estable,0.8195483187960964,0.01287086753986571,13,18,-3.3551187608065476,0.11529004024589573,
BUK10702,estrella_subpagada,0.7613030843760061,-0.011137273262801624,13,17,5.622712083122211,-0.31790450478132637,
BUK10703,estable,0.7986442155875693,-0.001330412253722202,9,20,-4.758187994408282,-0.16362883309555312,
BUK10704,estable,0.8108595333720869,0.0011324596902357455,7,17,2.0907824512096376,-0.1317359303257372,
BUK10705,estable,0.835678678835965,7.896482671504863e-05,9,21,-5.5922539041501365,0.12471107215043394,
BUK10706,estable,0.7804457387947555,0.004010493912469722,11,19,-0.8585527567351194,-0.15906846905483266,
BUK10707,estable,0.7488529893950834,0.0012522328621894269,15,21,16.353753095912893,-0.3423899538536014,
BUK10708,deterioro,0.7046225204262159,-0.030070870591999893,10,18,-3.6863247611110275,0.07176356161002964,
BUK10709,estable,0.8602552695256849,0.002158256265120872,9,19,-4.674515352014631,-0.05236612460857003,
BUK10710,estable,0.6959613638116199,-0.0016569437776274667,12,16,-8.029721042857847,-0.021539494128799592,2026-07-23
BUK10711,estable,0.7793661425548702,-0.0027374657745909163,15,21,2.3862507837994635,0.15537837194194143,
BUK10712,estable,0.7970652046539668,-0.0020521232705038184,13,15,1.8974451100607426,0.013691962177964171,2026-06-14
BUK10713,nuevo_dificil,0.5738248085628201,-0.011510041099675659,14,19,4.895944498506925,-0.28109909965361257,
BUK10714,estable,0.8019809899199974,0.0025620301950912906,8,19,-6.554652238424388,0.2675129957031461,
BUK10715,deterioro,0.7582793242449687,-0.0327469845606704,6,17,-11.455941857844078,-0.27964964700052825,2026-08-26
BUK10716,deterioro,0.6807567105418838,-0.013487849341976766,15,23,3.1607524304714953,0.00021597071793963307,
BUK10717,estable,0.8885988589806267,0.005689057009807771,8,21,-6.312667774324538,-0.20155978045073972,
BUK10718,estable,0.5120166554752992,-0.026776814414119846,7,19,-7.221033352287481,0.28381700590643094,
BUK10719,estable,0.8437693647001331,0.006033365480199783,12,19,-2.2384428036103037,0.13864971006195606,
BUK10720,estable,0.5881130114357269,-0.004463234014854348,7,20,-4.224877177312078,0.0645989668500066,
BUK10721,estable,0.6504409689848906,0.00556026441128461,9,19,-2.073430105849938,-0.14306218710202429,
BUK10722,estable,0.8393379804805741,-0.005069646360396498,10,19,2.547938467324588,0.05533551248756448,
BUK10723,deterioro,0.803488008784027,-0.03815636484639724,6,17,6.669979789848613,-0.14052669744739543,
BUK10724,estable,0.6658329143090282,0.0040126046141427145,10,20,-5.7181146351410925,0.05268332713394377,
BUK10725,estable,0.8159789256386745,0.0004216547043883175,7,19,3.462875730306532,0.21210587077375181,
BUK10726,estable,0.7705965105543161,0.0006800530223831209,13,22,2.966870612806362,0.12368121206129422,
BUK10727,estable,0.8090586413347977,0.001874068342218292,6,19,2.171020017253099,-0.03248063099463747,
BUK10728,deterioro,0.8019289870250164,-0.04654143782791137,14,15,2.5004480188037688,0.05460261465893498,2026-06-28
BUK10729,estable,0.9392486787920442,-0.002060440343926995,9,22,-4.294513150073034,0.24745570242053658,
BUK10730,estable,0.8475979729938545,0.005752491712421389,12,18,-1.1019294284590755,-0.14740323842378844,
BUK10731,estable,0.7657982995926909,-0.005425418056055708,10,21,1.68807570415337,-0.013416664834364756,
BUK10732,estable,0.7599248758538594,0.00019177033216031267,10,23,-0.5735324841859604,0.20117697122162695,
BUK10733,estable,0.8514177023915819,-0.0018821947610661723,13,20,1.3248188389692985,-0.20281176295853695,
BUK10734,estable,0.7046827054038574,-0.0034575933165319345,13,20,-4.695012067603602,-0.3938094739225995,
BUK10735,estable,0.881299233398428,-0.010882174180767416,11,19,3.8399359419673402,-0.038279614368389996,
BUK10736,estable,0.8162039399368157,0.0023068286114135386,13,20,4.634059738929015,-0.15206519587157005,
BUK10737,estable,0.8897954591075486,0.0037420060531184033,9,17,2.5183225621463388,0.3272614175105474,2026-08-13
BUK10738,deterioro,0.7240450091738182,-0.023076225103106657,12,23,-2.068547176783148,0.12225586421041042,
BUK10739,estable,0.8097468283206265,0.0027551827551726585,8,20,10.13481741126963,-0.053984330452669274,
BUK10740,deterioro,0.6578893418765585,-0.038272507433818354,6,19,-3.256968764062356,-0.13030771349692133,
BUK10741,estable,0.8576583467907265,0.005440497940975912,8,22,11.833771246049588,-0.27481193441835433,
BUK10742,estable,0.8438337546014114,0.00434803998621359,7,19,0.8429209172344037,0.1135581978743378,
BUK10743,estable,0.7585658032292659,-0.004337859143632654,15,14,-11.445960538267077,-0.45231965031510774,2026-05-03
BUK10744,estable,0.6865987180156143,-0.0017151632952011019,7,21,0.6871945442968453,-0.2191906096115554,
BUK10745,estable,0.7603548265222115,-0.0009730545028791536,14,21,-7.796201590090286,0.05591066720876759,
BUK10746,estable,0.8144529020396893,-0.002158789117407365,10,2,5.653774352947159,-0.012322563616751136,2025-05-24
BUK10747,estable,0.7233460928792285,0.0008764544969120835,6,22,-3.85908907330841,-0.26395538984979316,
BUK10748,deterioro,0.7695050186086829,-0.026894572544661453,15,20,8.519079477358162,-0.3673484829641711,
BUK10749,estable,0.8896620512574386,0.002864235254529491,9,19,-0.8487182246623046,-0.07282919022924737,
BUK10750,bajo_desempeno,0.3808888665265953,-0.00742246858628777,9,2,-7.2701682662321465,0.1880442344924485,2025-05-13
BUK10751,bajo_desempeno,0.3210199407464057,0.0028978573961821923,15,17,1.4572683345122661,-0.28523202661033076,2026-08-15
BUK10752,estable,0.6913831172047404,0.005038472461560946,12,17,-6.4039768622105875,-0.16718235963471972,2026-08-25
BUK10753,estable,0.8870805783443626,-0.002530583674437429,6,23,4.929958681215321,-0.18479083600336532,
BUK10754,estable,0.7073025587779302,0.00148380866580981,13,17,-3.25659015321248,0.31123781283728813,
BUK10755,estable,0.851417605018445,-0.005098970796846632,11,23,-4.459402349647524,-0.1002803392080919,
BUK10756,estable,0.8096752603964336,-0.00025538483601228316,6,17,-5.563965573164255,-0.26859649554373904,
BUK10757,estable,0.7723133210966128,0.00810333498638139,15,18,4.3411409936285725,0.33569817864607876,
BUK10758,estable,0.6818111074089968,-0.003109203278388028,15,21,4.225228639914784,-0.01530809647827919,
BUK10759,estable,0.8538633050319026,0.0008217883830582769,11,10,-10.348349945657649,0.1932193784105208,2026-01-02
BUK10760,estable,0.8241357990966063,-7.798595653451516e-05,15,21,-3.5968997406146976,0.04098326296163104,
BUK10761,estable,0.8501648715455443,0.0010029930387324244,6,20,-10.901007504730098,-0.2718217780352932,
BUK10762,estable,0.7148364684017529,0.005142101674408753,12,22,-0.5100392346211584,-0.3049972013257097,
BUK10763,deterioro,0.762403239916949,-0.03541515651205255,7,17,-6.070094979740827,-0.2991288645466487,
BUK10764,estable,0.8209498777914233,-0.0015717208936192608,9,0,1.1438531449323024,-0.09883463614647613,2025-03-27
BUK10765,estable,0.9365160515118649,0.004074053769443803,14,20,2.3667005850651366,0.4102910949917469,
BUK10766,estable,0.8199191504553982,0.0029125908876826167,13,23,1.1476981483035424,0.06875355055219935,
BUK10767,estable,0.8575958436689688,0.002604455085663599,11,19,-2.4390156592092,0.16365853185874357,
BUK10768,estable,0.7357675441253353,0.003015718709170583,10,19,5.693419868221188,-0.31558603520162,
BUK10769,estable,1.015171601500505,-0.006248924095220993,11,22,-6.0186122034964935,0.27891629098987697,
BUK10770,estable,0.8648121106857257,-0.0030352122337249736,14,20,-5.1068134980798785,-0.004715574363256476,
BUK10771,estable,0.7690468174624159,-0.0007757268878373795,10,22,-0.0830115168890414,-0.07067747146407766,
BUK10772,estable,0.798211530518021,0.00633667764947308,11,9,0.03518801200918685,0.10321538562957293,2025-12-10
BUK10773,deterioro,0.8330725686077562,-0.042339351990256124,12,18,6.398359295563876,-0.25548674159902124,
BUK10774,estable,0.7898915888321029,-0.0043886415747179585,12,21,0.752562648873093,-0.03424284236185867,
BUK10775,estrella_subpagada,0.5967363472665124,-0.015323224234557085,10,22,4.912480780302519,-0.04028386957711494,
BUK10776,estrella_subpagada,0.8478483520992565,-0.01282905668288726,15,7,10.992226697442513,0.33311715725717633,2025-10-06
BUK10777,bajo_desempeno,0.5539507918843836,-0.012718793553658738,12,7,-6.043657427565485,0.24260043712776228,2025-10-14
BUK10778,estable,0.6608644508775632,0.0003662572465628049,15,19,-4.589525483090937,-0.038037664495743174,
BUK10779,estable,0.7864088069916946,0.004378480962725306,10,23,-11.892439802318641,-0.2202542995146314,
BUK10780,bajo_desempeno,0.3863595705250856,-0.009342495461790317,15,18,-6.896622217714748,0.03544711291019443,
BUK10781,estable,0.864583022043555,-0.000534466823095168,12,19,-3.791271106236115,0.05277507962231677,
BUK10782,estable,0.6786929680162685,-0.0020625598090798013,13,18,-4.735746238142045,-0.18965442626074333,
BUK10783,deterioro,0.7914357153515557,-0.04999909700164708,11,0,-6.205131755971889,0.001392038651713146,2024-08-31
BUK10784,estable,0.7504686238599926,0.000775561361162087,12,21,-6.837213897440386,-0.384700244063581,
BUK10785,estable,0.8153347087463786,-0.0024181641393693507,6,17,-5.5893880841019445,0.2181400318110358,2026-08-17
BUK10786,estable,0.7167250126535534,0.005456351111408145,11,21,2.119671163331769,0.5159459458481641,
BUK10787,estrella_subpagada,0.8123299874869373,-0.008791735284882005,11,0,-5.1828754928449685,0.26891542690094616,2024-10-11
BUK10788,estrella_subpagada,0.7093049095899756,-0.024846301168380755,6,21,-3.0675700849407455,-0.0020642965592304768,
BUK10789,estable,0.7014941985533614,0.0021019812715859718,8,20,3.577236848867114,0.06562029204430583,
BUK10790,estable,0.6835119004495283,0.001796785893603328,9,23,-4.583299844004689,-0.383718707775366,
BUK10791,bajo_desempeno,0.41103187084515125,0.00516051891340597,15,22,-4.522187791848968,-0.11313115846225386,
BUK10792,estable,0.4164202715937201,-0.014129281283652869,12,19,7.967658448941247,-0.07735900551826605,
BUK10793,estable,0.9676179611194555,-0.0006535254590517268,7,20,3.173807232115606,-0.3794294991226167,
BUK10794,estable,0.8749016536385003,-0.0005395278342082,11,23,-3.521228548324146,0.0659467460765573,
BUK10795,estrella_subpagada,0.7414449348287624,-0.020940945783760233,7,13,1.6701171256065992,-0.04999710376863354,2026-04-17
BUK10796,estable,0.8262929470172635,0.0054034287670267364,12,18,-4.522517129093877,0.3318215859028766,
BUK10797,estable,0.8903266711725734,0.0006098620986628414,13,23,5.502062167089841,-0.08019036359549772,
BUK10798,estrella_subpagada,0.792072800568794,-0.015583119303802816,12,21,-2.10773424772923,-0.09238764138187647,
BUK10799,estable,0.7871975722244164,-0.00046999972386531797,9,20,-4.129977625213926,0.24485689054655443,
BUK10800,deterioro,0.7707737913133015,-0.05029052782162473,15,19,5.064394211988901,-0.013770808000183744,
BUK10801,estable,0.6748658856689557,0.007141846987358411,9,21,-2.750675293141581,-0.2324134675725102,
BUK10802,estable,0.7726892714248047,-0.004371178044468068,15,17,-11.389540025098997,-0.6365796335247906,2026-08-29
BUK10803,deterioro,0.6335673260763353,-0.022316363613917402,13,21,-4.086730964165611,0.07740448337730431,
BUK10804,estable,0.69805768308135,0.00039795579002060175,13,18,-1.7644412922180899,-0.12321019225827048,
BUK10805,estable,0.6903086536603529,-0.0032214425978638883,10,19,1.0885458155322065,0.4013974190086478,
BUK10806,estable,0.874967959221743,0.001054401680908741,6,17,3.6848385778235615,0.036117787418433335,
BUK10807,estable,0.8900560072764578,0.00417821912070665,15,14,-3.342336776869562,0.16637476991984793,2026-05-28
BUK10808,estable,0.7560860823720308,0.0006488916461879643,14,21,3.2635383236399287,-0.1991672909762746,
BUK10809,estable,0.800833087848641,0.001972450959861154,15,23,-0.5583040100602848,-0.02462405850242589,
BUK10810,estable,0.7857701196956569,0.0027479667251189203,14,17,10.999909106547205,-0.02797976073703166,
BUK10811,estable,0.904482316942918,-0.007239971202287841,8,10,4.036352266165377,-0.010416024450591923,2026-01-05
BUK10812,estable,0.7474393706720333,-0.002242568628065183,7,20,4.446778459116182,0.25299419568694154,
BUK10813,estable,0.8894641947792961,0.00570904947593513,15,23,-0.0001771916006845128,-0.045707367049233824,
BUK10814,estable,0.7576498350586512,-0.0030423156376988936,7,17,-0.7791175573775804,-0.2354653274808839,
BUK10815,deterioro,0.813041840517802,-0.029148819984412065,9,5,-9.075369927953876,-0.25195450274896786,2025-08-04
BUK10816,estable,0.667244890905142,-0.003198089687388022,12,17,6.847332686638188,-0.04886070243914111,
BUK10817,estable,0.7772148391441077,0.001313428530332651,12,0,-5.496086045462291,0.3347733969364831,2024-10-06
BUK10818,deterioro,0.7455408039189172,-0.02290043848884167,11,17,4.671227206771002,-0.18735414443124979,2026-08-11
BUK10819,estable,0.8508850515689836,0.004587902643050101,6,20,-0.4616429628118869,-0.6885575038279501,
BUK10820,estable,0.8838854736680447,-0.0016369394643952558,14,17,5.516965812442626,0.3070709219882845,
BUK10821,estable,0.8460342385580358,-0.0012377632268924363,9,17,3.451272142607362,-0.0911537392984124,
BUK10822,estable,0.840485944258555,-0.0041125406872464,9,13,4.531143354177994,0.17988392735592634,2026-04-15
BUK10823,estable,0.7731935577328424,0.00199497654648309,8,18,-10.08680234871213,-0.48378446187191926,
BUK10824,estable,0.908539706723672,0.003017036981188643,13,23,6.279508271875201,0.0806310579014001,
BUK10825,deterioro,0.625477496964654,-0.0448586381006164,6,18,2.675703232544121,-0.10900494389511993,
BUK10826,estrella_subpagada,0.6703658231673392,-0.013245424637142834,11,19,3.380377315504975,-0.13225644977540466,
BUK10827,estable,0.7441491499212515,6.43014769534588e-05,15,20,0.5042034785138512,0.21068099254261305,
BUK10828,estable,0.566023464875165,-0.014053102432193074,6,19,-4.439428969613151,0.14052118477193137,
BUK10829,estable,0.7921846887743295,-0.0109676861597657,13,18,-1.7502643647364897,0.19746014380044413,
BUK10830,estable,0.7708538454198788,-0.003882651529786347,11,22,-3.121383425278771,-0.3385636116995665,
BUK10831,estable,0.835377720910043,-0.0013691493264629292,14,20,6.665159087812151,-0.46541775681064707,
BUK10832,bajo_desempeno,0.5684869446415856,-0.00753577041869369,15,23,-9.708644715682738,0.3501191166463669,
BUK10833,estable,0.8064462521674336,0.006369110553365608,15,18,-1.4827504573083026,-0.100529405902289,
BUK10834,deterioro,0.6891419368924578,-0.03954195807180621,14,17,4.846456253540231,0.03031686286856142,2026-08-27
BUK10835,deterioro,0.6060925731166179,-0.035773779411755476,14,10,-5.40605138159297,0.14093828682294743,2026-01-18
BUK10836,estable,0.6576019470803298,0.0032681006957344166,15,17,-0.3040537931746427,0.004442122799575098,
BUK10837,estable,0.8603631391863199,0.009898152933218371,15,20,0.1281267888399321,0.11342785121902889,
BUK10838,estable,0.8147251415290103,0.0043157119201938845,12,17,7.358454188540334,-0.06922379656922625,
BUK10839,estable,0.8274965593510185,0.0018839646582754584,7,22,-2.9766189944331267,0.10531916652619276,
BUK10840,estable,0.943469737178294,0.0016245006855042205,12,17,0.6429482217307597,-0.04226824868414669,
BUK10841,estable,0.723125416498181,0.00025192716709034854,13,15,-6.279094918676707,0.5049196264374148,2026-06-02
BUK10842,estrella_subpagada,0.6830053376189484,-0.001575077555147372,11,18,-15.720761147469677,0.001673610566254918,
BUK10843,estable,0.8131468376530584,0.0007273901093485977,15,18,4.134397056127826,-0.08525227770415401,
BUK10844,estable,0.7755024831081292,0.0007330367516999111,12,16,-1.6319311683439819,0.45330200083098093,2026-07-16
BUK10845,deterioro,0.6360469562639273,-0.023645083633213798,11,23,-6.285761223258986,-0.054725489469682205,
BUK10846,bajo_desempeno,0.6470862675664497,0.015424510790980419,8,20,-4.820581998060913,0.18804269847697147,
BUK10847,estable,0.7216451205763319,-0.0006586258503408155,14,16,5.338642101006876,0.11036760640565796,2026-07-07
BUK10848,estable,0.7114469345011394,-0.00464463543495631,10,17,-6.157099315645793,-0.03325845882859979,
BUK10849,estable,0.4809480018839952,-0.010967114805897744,13,22,1.686284886711657,-0.23295408252975824,
BUK10850,estable,0.7902923531555528,-0.0002958309303035824,11,6,-17.08668352936139,0.23906608709410518,2025-09-26
BUK10851,estable,0.751421063218546,0.0009022573522174439,14,22,1.0812675899987534,0.06411726150821796,
BUK10852,estable,0.77953762241944,-0.0038603859486787905,14,18,11.295792551070546,-0.20294388902643476,
BUK10853,bajo_desempeno,0.26071972300627344,-0.010117953863454206,8,0,8.023639593950037,0.1161384237429517,2024-10-24
BUK10854,estable,0.7449299226084902,0.002526728773200465,15,14,0.8661661217811276,-0.07033912432134388,2026-05-09
BUK10855,estable,0.9849910028967331,-0.0009043137104038323,10,18,0.7097044757893574,0.010731173694360881,
BUK10856,estable,0.8557843007908437,0.0058622403609733965,7,18,-6.104661735479854,0.10632011301096954,
BUK10857,estable,0.8135157430501408,-0.0009382960532261029,7,14,-5.331167091840147,0.23296979140974788,2026-05-07
BUK10858,estable,0.7571812390180301,-0.005046924885404847,7,22,8.261254715558113,0.02014630152373086,
BUK10859,estable,0.8244658171237971,0.0015104651837202817,14,9,-7.377407546988007,-0.0415739793876624,2025-12-24
BUK10860,estable,0.8191629436031572,-0.004755820070655972,6,19,-0.424907888788273,0.10649296238242481,
BUK10861,estable,0.7246464205703831,0.0036027636240365296,9,1,-6.907396065180442,0.052464780249517964,2025-04-30
BUK10862,estable,0.8489730193534016,0.0013917429821306323,13,22,2.6328664575784995,0.03527158234966801,
BUK10863,estable,0.7333711895385283,-0.005830408087504442,6,20,0.25687019733101546,0.14056900317217105,
BUK10864,deterioro,0.7773630300820371,-0.020415462229743414,13,16,4.907878088834543,0.23465883112876273,2026-07-31
BUK10865,estable,0.8075206885897366,-0.0008697155264845792,13,23,2.555839188000612,0.2872234126989985,
BUK10866,estable,0.8041996746309451,0.003986539373345154,11,15,-0.7643195501188955,-0.043932993294235154,2026-06-08
BUK10867,estrella_subpagada,0.797266491564178,-0.007841512662407124,14,21,4.203187159095936,-0.024072628755847002,
BUK10868,estable,0.619179055674559,-0.006284563325870511,6,21,-2.816653622968193,0.302809105519604,
BUK10869,estable,0.873843487403324,0.0011317448235029198,6,23,-7.2785954707089955,-0.28539954896880015,
BUK10870,estable,0.8826430388644818,-0.0014962331552945698,8,20,-11.39883832254426,0.0076005818828334725,
BUK10871,estable,0.5144364666200577,-0.01900700367180336,12,19,0.27735612962836353,0.07828280745427209,
BUK10872,estable,0.859391325233934,-0.0011542975746558276,13,0,3.3130248181169644,0.19802981735859826,2025-03-02
BUK10873,estable,0.8413272634478066,0.0031069454235538485,7,19,2.449639589088346,0.22279923409932204,
BUK10874,estable,0.8441512189407285,-0.0025407195736983105,9,16,6.663465161392059,-0.2081409045728255,2026-07-27
BUK10875,estable,0.6795864179011231,-0.005317027289591193,15,17,-9.152250809025377,0.14218454601758174,
BUK10876,estable,0.717584541703772,0.0061450263063281396,13,20,2.5922181134856435,0.048241834131940727,
BUK10877,estrella_subpagada,0.7633318380125088,-0.010701228081851779,15,16,-6.205507174697324,0.04817449392677069,2026-07-22
BUK10878,deterioro,0.7142338530981731,-0.027594159105082127,12,17,0.8454275648663137,-0.33698807953748255,
BUK10879,estable,0.790075402454355,0.0014517819423386365,6,18,-7.769834612558073,-0.23830908925635794,
BUK10880,estable,0.7487557496104543,0.0005050005473310067,15,18,4.079512400299172,-0.05609069991541053,
BUK10881,estable,0.4895682379758272,-0.036445419457503736,14,12,-3.0006036633818516,0.2218960913650507,2026-03-03
BUK10882,estable,0.7599789888610575,-0.004806978019901498,13,20,-0.7024793297849935,0.12178138189366769,
BUK10883,deterioro,0.8262574268104148,-0.032767869668265184,10,10,-1.8337411879254057,0.09609515995705699,2026-01-16
BUK10884,estable,0.7912685463726404,-0.0024377713949613163,9,22,3.3760342810661084,0.032534245987065655,
BUK10885,estable,0.822099610133917,-0.0032614105395391575,10,13,-4.727905842872008,-0.05852561452557983,2026-04-02
BUK10886,estable,0.4207627712886864,-0.002666663161802465,8,18,0.3640361865066506,-0.33161451662413566,
BUK10887,nuevo_dificil,0.4655164862836629,-0.014219073631147383,14,22,-1.9237825624438187,-0.11062888357932173,
BUK10888,estable,0.8691125766612444,0.0015218886605314027,13,17,-4.149945706770059,-0.17223868033886083,
BUK10889,estrella_subpagada,0.8285698120147316,-0.015597798124679707,12,12,3.945795651375049,0.11514979472265419,2026-03-03
BUK10890,estable,0.7769670630820309,0.0015510503631467824,7,22,9.272528399077233,0.11504342572674947,
BUK10891,nuevo_dificil,0.5586212700288647,-0.0238067264227156,15,20,-3.4078894060511766,0.424545725218731,
BUK10892,estable,0.965904150120665,0.005253701809937589,11,17,-0.7387056403562713,0.1640569037586456,
BUK10893,bajo_desempeno,0.3153652823730533,-0.0004987109570632033,6,8,11.422176803473686,-0.06391926549818776,2025-11-11
BUK10894,estable,0.8726139377904496,0.0050392550058521,6,9,3.129284788205254,0.17733889541587847,2025-12-26
BUK10895,estrella_subpagada,0.7209701879078703,-0.019596823530882285,15,17,1.7315394183787474,0.1379823096827443,
BUK10896,estable,0.7534987269313488,-0.0007104818672288484,14,18,-7.517748283687503,0.10227747070494335,
BUK10897,estable,0.8036392860702254,0.0034203516390555132,7,20,2.0320949931132484,0.3689843026190992,
BUK10898,estable,0.7934411146214736,-0.0042586357317617425,7,21,-2.0321208227092553,0.07149036676471288,
BUK10899,estable,0.7936591069402154,0.003299891006643642,8,23,2.496863902881357,0.1655868841086064,
BUK10900,estrella_subpagada,0.7837691208474206,-0.011730531255274831,12,19,-7.906366110552577,-0.3190411252884269,
BUK10901,estable,0.8712342187231237,0.00042648439252695964,9,11,0.5534386493487559,0.12034081307487872,2026-02-23
BUK10902,bajo_desempeno,0.4112136127269936,-0.00684520793396874,7,0,-3.7174444877447343,0.06240020902574081,2024-12-02
BUK10903,estable,0.7750347748095947,0.005137765218955342,11,3,-5.649375620278363,-0.14165369862015248,2025-06-07
BUK10904,estable,0.8714364808123719,-0.006207899607319384,7,20,-11.078390746058915,0.10795649314627445,
BUK10905,estable,0.7912280665398113,0.0023537354289790736,14,22,1.9448902382026656,-0.1260692777580976,
BUK10906,bajo_desempeno,0.4767655112607574,-0.006512633378850594,14,19,-1.221219277836941,0.033195403614403776,
BUK10907,estable,0.7545969704956083,0.006211289801378271,14,22,4.3341840850090865,0.04321057819717964,
BUK10908,estrella_subpagada,0.8395066961493226,-0.017711667366562163,8,17,0.7982649096742607,0.04270971815918247,
BUK10909,estable,0.712071870352629,-6.868376848068013e-05,11,18,-0.9408375457867932,-0.19622309964127368,
BUK10910,estable,0.8166962642717231,-0.0022883926535544686,6,17,4.277844546146488,0.33794639559213974,
BUK10911,estable,0.7230166763466056,0.0023056846972767013,9,19,13.377630882917378,0.33636052007105727,
BUK10912,nuevo_dificil,0.5867067002823442,-0.010615817257596529,8,13,-2.3280140026879974,-0.1989386252268329,2026-04-12
BUK10913,estable,0.7847658176089204,-0.0006634825342600141,9,20,6.8451765418450545,-0.1977178573991851,
BUK10914,estable,0.6176396458652732,-0.01336168991934662,12,19,4.300370011627366,0.07395766567391306,
BUK10915,estable,0.852327839904271,-0.0029853415684347275,10,22,-4.128985316678179,-0.31233576747784475,
BUK10916,estable,0.621415088756041,-0.0008239916079303669,6,20,2.428938236226349,0.037181273460106384,
BUK10917,estable,0.9359061794454102,-0.0008202426581105658,14,19,-9.245113478284752,-0.09554139515454624,
BUK10918,estable,0.6962159210951131,0.0049802517844787075,15,17,8.072653118268303,0.021841837239466422,
BUK10919,deterioro,0.6692465410648266,-0.04407676163913826,8,23,-17.25429651926961,-0.00515711722908633,
BUK10920,estable,0.7937364443483774,-0.0038942880728646987,14,22,-8.138737504089612,-0.10992410865762355,
BUK10921,estable,0.4271055216609557,-0.011435753444649498,11,20,-1.2895359075001087,-0.13194082307028365,
BUK10922,estable,0.7746872865394129,0.0020510379691936836,7,20,-3.30770426904947,-0.11796282374559966,
BUK10923,estable,0.8763527965552939,0.0029853745731517156,7,23,2.758733669514672,0.1126668972386644,
BUK10924,deterioro,0.7285399344207099,-0.03222796628598632,15,17,-8.652650889651811,-0.22407808675113824,2026-08-17
BUK10925,estable,0.7012603867285618,0.0011522066649303933,9,16,-3.030480484479437,0.3424696068184411,2026-07-30
BUK10926,estable,0.7830304805384187,-0.0025640002916198115,6,23,-1.757091300169308,-0.1169548362268027,
BUK10927,estable,0.8418372747940197,0.009153912622388035,15,18,-2.429492273769083,-0.03005301314595856,
BUK10928,estable,0.8495177375903648,0.00022259213579598454,7,21,3.541532227370734,0.1319647816564917,
BUK10929,estrella_subpagada,0.7098663746460683,-0.01860981601517113,13,2,4.2081754671128735,-0.1821428148962742,2025-05-01
BUK10930,estable,0.9417582477769756,-0.0047021567740860755,8,22,0.9792876736812157,0.11841985647102896,
BUK10931,estable,0.649477452566411,0.003339245712769587,8,21,-9.947851340198966,-0.582941798848563,
BUK10932,estable,0.8434712950340253,-0.003448870929472221,11,21,-6.895888702468314,0.24378932945071385,
BUK10933,estrella_subpagada,0.7026277467492987,-0.021352102503801942,6,12,1.569995156907831,-0.29492887440709964,2026-03-28
BUK10934,deterioro,0.6605420948162014,-0.028808808803617865,14,19,-8.50599979140838,0.03650483622793142,
BUK10935,estable,0.739963638412336,0.007180128653520257,12,20,-7.403785951868594,-0.18477208186918523,
BUK10936,estable,0.740872452817609,-0.005893236011858697,14,20,-1.0671631249154405,-0.16328185232227774,
BUK10937,estable,0.6708155875722918,0.00020455847202708515,7,19,-5.010140365641871,0.5789084968765037,
BUK10938,estable,0.8018894032777523,-0.0034842626342549044,11,19,-1.6123766245675326,0.2208569542371432,
BUK10939,estable,0.8651693638120076,0.007828322975878606,15,23,6.683095817192083,0.24102554186592334,
BUK10940,deterioro,0.8669680788506746,-0.02458939678728982,14,17,3.2095729249988976,0.13692564273655375,
BUK10941,estable,0.8363894982181399,-0.003885283221750186,15,18,10.006877138007678,0.36446085786195426,
BUK10942,estable,0.8799207044970654,1.1550180168994193e-05,10,20,0.8196516668820987,0.0335803443059948,
BUK10943,estable,0.6955855228111733,0.0013776670470906612,10,17,5.154735363132183,0.17605357265529914,
BUK10944,estable,0.7969381216531283,-0.006442150211339593,6,23,-5.240521848741238,-0.10254900736885926,
BUK10945,estable,0.9231081423805184,-0.0025042667237498845,9,23,9.73053471396109,-0.11931498652942374,
BUK10946,estable,0.7732856216390037,-0.00010417570501230227,7,19,-2.53650685758337,-0.21774322773093946,
BUK10947,deterioro,0.733744288305826,-0.02624266952798959,6,11,-1.5547597769236665,0.022212201334255256,2026-02-07
BUK10948,nuevo_dificil,0.5572410399407277,-0.0001599791896973804,13,17,-1.4978844764919947,-0.004469540231774216,2026-08-06
BUK10949,bajo_desempeno,0.5679598507999034,-0.00358685878650436,15,19,11.180216119576404,0.03421048648754495,
BUK10950,estrella_subpagada,0.847359752829325,-0.018067765121690026,7,15,1.7040292269038246,-0.040647405142330756,2026-06-02
BUK10951,estable,0.8235228968497961,0.005400215921649921,8,20,-10.644350660399994,-0.14112596193165172,
BUK10952,estable,0.8162694123386136,0.004970017435857258,13,7,6.804503717183163,-0.20582935626914386,2025-10-02
BUK10953,estable,0.8012533749094778,-0.006348751328324575,13,0,-3.0678173124183177,-0.27259687971882407,2025-02-09
BUK10954,estable,0.7641073025298522,-0.00553498382673304,10,19,5.080182838269251,-0.13953011357923575,
BUK10955,estable,0.7894970072928963,-0.003984613178958842,7,19,-0.659521083046564,0.14378943803078537,
BUK10956,estable,0.8354980838991506,-0.0001667376646033137,11,18,-2.6942450292315185,0.03959364672393741,
BUK10957,estable,0.7447642593395015,0.006330970393225202,14,21,0.5504938281452982,0.06448006078601505,
BUK10958,estable,0.46072252366806726,-0.005057020149385762,7,17,9.6254789147758,-0.17416293441624595,
BUK10959,estable,0.7841390883537792,0.0029261486423606364,11,17,-1.0999912702023884,0.31548356364775254,
BUK10960,estable,0.81652545558253,-0.005333999232246827,13,21,-5.807021811839143,0.03249827249263131,
BUK10961,estable,0.941707215666628,0.0008598924925534807,8,17,8.083870067841936,0.2166352445214407,
BUK10962,estable,0.7816641589259138,-0.0015656605457498693,13,18,-3.3047110085814264,0.14163803772425038,
BUK10963,estable,0.8853205790416498,-0.0013319380707894793,7,17,-2.4284649068905004,0.19315028041289448,
BUK10964,estable,0.92755044175684,-0.005915579060896502,10,22,3.6178072430734303,-0.3235552527561897,
BUK10965,deterioro,0.6803384875767146,-0.0477394478961084,7,0,-6.538650930429152,-0.032716748984888994,2025-01-01
BUK10966,estable,0.7392925710611282,-0.0007964339199433448,15,19,-7.399787576013258,0.06672527363166326,
BUK10967,estable,0.8489630313781806,-0.008527870451534402,7,17,1.2723987805313663,0.13566438351821875,
BUK10968,estable,0.8102528650682355,-0.00020908095992560368,8,21,-2.9520525536623,-0.0025861540881041956,
BUK10969,estable,0.6352454472748303,0.006484194273090185,7,22,5.261627310329085,0.00848770383549681,
BUK10970,estable,0.6810535575288165,-0.00025751943090479513,11,4,1.7185513153129657,0.2569821960375858,2025-07-13
BUK10971,estable,0.7755541236758449,0.010895455959697509,13,0,-2.8130597406594897,0.018641287508802132,2025-01-16
BUK10972,estable,0.6584463411538657,0.004416487541864615,14,21,-4.250100789704145,-0.08031710678551911,
BUK10973,deterioro,0.6775338618964515,-0.01641763392756384,10,23,1.1242105578049475,-0.1110773060890511,
BUK10974,estable,0.844768917946659,-0.002391040851921623,13,23,-3.6596967599244703,-0.2737449681665754,
BUK10975,estable,0.7400895436639807,0.0021778046494197803,15,18,7.335215999395892,0.24643408846062578,
BUK10976,estable,0.7058038734742174,-0.013573980234037615,13,23,3.749950738850277,-0.21195517262743643,
BUK10977,estable,0.83587004524624,-0.00765861826857188,8,22,-1.2879324407908608,-0.05244372446737132,
BUK10978,estable,0.6427617129927791,0.0014232403537589894,8,17,-2.829897725837735,0.12436901060421456,
BUK10979,estable,0.8408225024343923,0.0030102699767047937,6,20,2.4115168740578143,-0.149842114008592,
BUK10980,estable,0.7407623350249031,-0.0003952404095093732,9,20,2.6614671346265055,0.24370521746324933,
BUK10981,deterioro,0.6541978080478905,-0.01623749156129066,15,0,2.3402186006851857,0.2079389810625029,2024-12-07
BUK10982,nuevo_dificil,0.5160240968506807,-0.008224841366508464,10,18,0.5988626753481625,-0.17138387657256493,
BUK10983,estable,0.8021841697124996,0.00040286394997891795,9,21,-8.793263456653683,0.055446017631091,
BUK10984,deterioro,0.7004883916741612,-0.02190274468789672,10,9,2.5528456333646172,0.04089702094109156,2025-12-25
BUK10985,deterioro,0.756091065715806,-0.037961648614460115,7,16,2.6216955703199636,0.10484514221051634,2026-07-20
BUK10986,deterioro,0.7004731109928666,-0.024691665568577208,11,16,3.3456663515525156,-0.37283285569221475,2026-07-30
BUK10987,deterioro,0.5738541913348589,-0.023659116045569112,10,0,-1.0966593761595584,0.10100339124875776,2025-03-04
BUK10988,estable,0.6909251201062068,-0.005003106494781345,15,0,-0.20887027858750307,0.09334324591837344,2025-01-04
BUK10989,estable,0.8957542659026723,0.002760438799089483,10,20,-5.100277591846995,-0.15463385615639802,
BUK10990,estable,0.8400446682508292,0.002913374433437601,13,17,-11.995776982868742,0.04421537973765619,
BUK10991,estable,0.7173983184455316,-0.0007041648475336452,7,18,-9.032842860387495,0.16559546183769197,
BUK10992,estable,0.7906897034441236,0.004167887636077309,6,20,9.730334689263326,0.09073839635773835,
BUK10993,estable,0.7494086181562174,0.0013106338367712515,11,21,6.694414811748555,0.12527491530524665,
BUK10994,bajo_desempeno,0.37886651961641704,-0.004090123055608656,9,20,1.192942476035226,-0.22165093627529642,
BUK10995,estable,0.805224831660938,-0.006398258956660059,14,17,3.213390065026176,-0.3990015643575474,
BUK10996,estable,0.8361659162727454,0.005459217935954588,15,19,-0.895752077467328,-0.01669063947679124,
BUK10997,estable,0.8156688193599222,-0.003078960243446497,11,22,4.890227902809473,0.21100183943740528,
BUK10998,bajo_desempeno,0.24578227888091403,0.006758071271969361,8,17,1.0108925632692245,-0.3008853685825879,
BUK10999,estable,0.8135506208114293,-8.633914664487256e-05,9,3,3.5701843641511886,-0.053661451543580034,2025-06-13
BUK11000,estable,0.8394824911246669,0.0038248634903431515,8,17,1.291694429708286,-0.28741087411274924,
BUK11001,estable,0.6958751673985871,0.0018563050501135398,14,23,1.7936480375644146,-0.04044458492996375,
BUK11002,deterioro,0.6392487895969555,-0.036954846086383185,6,5,-0.6982467472346671,-0.11515263588694909,2025-08-31
BUK11003,deterioro,0.7780389172176513,-0.05508609182460733,12,16,4.9073769408718535,-0.7285429243617672,2026-07-21
BUK11004,estable,0.7937740736554205,0.0006554295196217088,7,20,4.446792462593619,-0.49403974812157114,
BUK11005,bajo_desempeno,0.5773370137193374,-0.009183296292598168,14,17,6.624143571160944,0.14663461118401444,
BUK11006,estable,0.824038805742338,0.000515432049545593,8,14,-6.437433371578065,0.03201652148686301,2026-05-27
BUK11007,estable,0.7858469493305567,-0.003478473104505796,7,20,12.515929174253023,0.03803882512512878,
BUK11008,estable,0.8747313515388292,-0.004329112272210356,12,23,-1.8315888366773168,0.15744387132643928,
BUK11009,estable,0.7563274860284771,-0.005250149394978782,12,18,2.8539452123203297,-0.08542227334542639,
BUK11010,estrella_subpagada,0.6759837294097892,-0.011619196416949364,12,21,1.6527709299531035,0.3038389083899001,
BUK11011,estable,0.8874543150535539,0.001845028449862889,8,1,-4.119163687175217,0.14459888395007392,2025-04-10
BUK11012,estable,0.7329962385278986,0.0021710035118013217,13,23,5.902673621158406,-0.24117359646166528,
BUK11013,estable,0.7462276295594784,0.0030323674758453,12,19,7.24472491668728,-0.16139440664903956,
BUK11014,deterioro,0.6893637752862672,-0.03874292178254369,12,17,0.7261426203512412,0.2561306640151712,
BUK11015,estable,0.8542612690145666,-3.211813418362614e-06,15,17,-6.171639552870904,-0.3100974845789545,2026-08-20
BUK11016,estable,0.9616846230643703,0.0010517957416300695,11,23,6.383845075483727,-0.14968809413126025,
BUK11017,estable,0.8730674664436925,0.003644938867943651,14,6,-1.9409452619592344,0.3465603922177572,2025-09-15
BUK11018,estable,0.7892201437650447,0.0018098563533744015,12,15,-6.193602953568766,0.18781269358856947,2026-06-22
BUK11019,bajo_desempeno,0.2908891782103884,-0.006156990027242192,10,17,-2.6670245506853396,-0.2223874062612525,2026-08-21
BUK11020,estable,0.873748003238879,-0.0027568488568296685,8,17,5.922361941171462,0.18006192788615957,
BUK11021,estable,0.9082584137535292,-0.0020883969334192093,6,23,-2.6424271600435874,0.046336034876744675,
BUK11022,estable,0.37928054504303643,-0.004503869698089393,15,19,-12.193036143375618,-0.0727425874583765,
BUK11023,estable,0.6361599209081885,-0.001158776703902059,10,17,-2.86189376390696,0.014543826944216373,
BUK11024,estable,0.7433682057794231,-0.0006405454365938008,9,21,-2.416666192756712,-0.0512563932934734,
BUK11025,estrella_subpagada,0.7679839796760108,-0.009239961489406336,11,16,7.13859193961251,0.36345223086896683,2026-07-31
BUK11026,bajo_desempeno,0.3551747896466812,-0.004704405081556848,11,19,1.5165919877514689,0.28665975933296406,
BUK11027,estable,0.8839076311401395,0.003182947842903407,6,20,3.420442136631391,0.04246447995056784,
BUK11028,estable,0.8896271232125454,0.0002924786310599468,14,22,11.138048467102646,0.45392298491522204,
BUK11029,estable,0.8098169754529574,-0.0007076230718428189,9,17,3.6487587122028526,-0.0036328676717904194,
BUK11030,estable,0.775408611274429,0.0008856640765754597,8,22,-5.857667254227801,0.07688526740158275,
BUK11031,bajo_desempeno,0.5447844715935853,0.0018481550403676586,14,17,11.444514164830236,0.10629282302395977,2026-08-06
BUK11032,estable,0.7593540039431889,0.004187945763963399,14,18,3.1455193366585643,-0.1513504043581809,
BUK11033,estable,0.7396192816585601,-0.005221538583578939,11,23,-0.46036784580925527,0.10166074711250953,
BUK11034,estable,0.7939430608287981,-0.002519022679395756,15,22,-1.9111635510423275,0.044435199507767385,
BUK11035,estable,0.7878770461052029,0.005947405290260207,15,20,2.4946337317437948,0.3336440157852441,
BUK11036,estable,0.8302402424482208,0.004486531520830419,8,0,-9.5332258216884,0.02964541742006036,2024-11-06
BUK11037,estable,0.7048477491073013,0.006302199841273068,15,21,10.252748359268015,-0.00870907589888445,
BUK11038,estable,0.7249124015766566,0.0034352575401242202,11,12,-3.482515986004424,-0.04595090531230211,2026-03-01
BUK11039,estrella_subpagada,0.7441824139650539,-0.01851158558495127,11,14,-0.9855961000245078,0.44556438220917427,2026-05-25
BUK11040,estable,0.8066017136608967,0.005002494378518961,7,23,4.72228216135745,-0.0686378706947836,
BUK11041,estable,0.9698418888617184,0.0023141536019385526,11,18,1.6252685013817185,-0.035428381800499675,
BUK11042,estable,0.6449988393105435,-0.012311762317761344,8,23,3.066627624139657,-0.09038631656979317,
BUK11043,estable,0.7278946064104957,-0.02297129333382405,9,20,2.24693831030626,0.14759220888308622,
BUK11044,deterioro,0.8671559182154491,-0.027580728004202384,10,19,-0.6336746737083501,-0.22685859183536422,
BUK11045,estrella_subpagada,0.7863511540350825,-0.014820332169145058,8,19,7.540077491457618,-0.02472594006173603,
BUK11046,estable,0.8516029739838502,0.00539804347829107,13,20,-0.7137512510221415,-0.14991583735247344,
BUK11047,estable,0.6807428788389582,-0.0015233581148419316,9,23,-1.1196224664249594,0.2314295517325429,
BUK11048,deterioro,0.8116796147923651,-0.027176171498028888,7,0,-6.101863018282616,0.03322953811991467,2024-12-30
BUK11049,estrella_subpagada,0.6897547375548572,-0.012569427814225789,6,18,-5.026653821464584,-0.13615762569936773,
BUK11050,estrella_subpagada,0.6995323634654174,-0.014722836857410044,8,4,2.9377706795230396,-0.32742581710085145,2025-07-27
BUK11051,estable,0.8081850266675831,0.005004040511101999,10,13,-1.5577585035122055,0.1961822713614963,2026-04-18
BUK11052,estable,0.927279468220845,-0.001408075443085875,13,19,-1.4741228335986574,-0.04190702184145079,
BUK11053,estable,0.760697226449464,0.00034985177701943787,10,19,6.715355277645065,0.11999496015326108,
BUK11054,estable,0.46969373868868086,-0.004267857661639253,7,18,-5.7021418531670385,-0.5519181226747292,
BUK11055,estable,0.9581466409190028,-0.005290205251266155,6,23,3.165320421818331,0.11968857615934095,
BUK11056,nuevo_dificil,0.647756223377516,-0.014214691860497388,15,14,-6.452739443435762,0.0051977042464707085,2026-05-21
BUK11057,estable,0.7178998112036171,0.011046335771032601,7,22,-7.532256313084563,0.36122234010186827,
BUK11058,deterioro,0.7927482948151486,-0.028375649532773186,9,19,-7.470132853919352,0.1365113858617532,
BUK11059,deterioro,0.7174018426124714,-0.025103182624091388,10,17,7.034502107372203,-0.04654623374447133,2026-08-04
BUK11060,estable,0.7976662090234543,0.0008251667120338103,7,20,-3.192334853318253,0.2967825828958394,
BUK11061,estable,0.8486696026319027,-0.0042408871044712585,7,19,-1.5629960768340418,-0.31262344234339606,
BUK11062,estable,0.9055285291245748,-0.0010066167221915582,11,18,-2.880598757358754,-0.04701487965985526,
BUK11063,estable,0.8864935249533452,0.002816278836191664,8,22,2.940478612785744,0.09242556940949355,
BUK11064,estrella_subpagada,0.6511947205114368,-0.012554440043143602,7,17,1.9680350461126817,0.07253840162983505,
BUK11065,estable,0.914544969830816,0.0017824697522810422,9,17,-3.539084163353028,-0.4756019083224786,
BUK11066,estable,0.8810938007351488,-0.0040248844719201786,9,23,15.28415470079668,0.021881236305857765,
BUK11067,estable,0.70587730734748,0.0007558652235083451,9,21,-1.3731677130677014,-0.08067344531324598,
BUK11068,estable,0.599954400296559,-0.006303534359362118,8,23,-2.827134903985692,0.1615929128322301,
BUK11069,nuevo_dificil,0.6834632588554453,-0.01535086337328375,12,7,1.7929017642917804,-0.2388969457869496,2025-10-11
BUK11070,bajo_desempeno,0.4166821891965058,0.004360891887508817,10,18,-7.018630485754,-0.35343952049342103,
BUK11071,deterioro,0.792430213234063,-0.0508153492451853,12,18,-4.968037659774111,-0.019095710978394242,
BUK11072,bajo_desempeno,0.5728658064231331,-0.012662433430663452,15,13,-11.492470817876962,0.059980598153298516,2026-04-11
BUK11073,estable,0.632188758599239,0.003073297766868811,13,17,-4.835820212048441,-0.21494972887280067,
BUK11074,estrella_subpagada,0.7159130081198645,-0.014375491454890461,8,18,2.6393231610808527,0.10154073899146034,
BUK11075,estable,0.8581017444823442,0.003806649311971482,13,23,-5.350145274187178,0.18066257316613915,
BUK11076,estable,0.7056883096336853,-0.000993905823150109,12,18,4.640830897954746,-0.3515660232019961,
BUK11077,estable,0.77091285688945,0.0032223020245849463,13,19,-4.7179833134744005,0.04489947314447607,
BUK11078,estable,0.8254985563647385,0.008077798418909399,13,21,2.6770778424082593,0.22804470947076694,
BUK11079,estable,0.8063853829892221,-0.003311923549909461,12,19,-5.164405166414394,0.19051151355660162,
BUK11080,estable,0.8429719006475263,0.0020269882055786626,8,21,0.2836491708112701,-0.06588924375721124,
BUK11081,estable,0.9156214664159319,-0.006308178260846644,7,23,-3.607038737505314,0.12692594284632833,
BUK11082,estable,0.7615681485538041,0.010906734387107842,9,22,7.991045046748349,0.021547391377384307,
BUK11083,deterioro,0.8289401054287341,-0.027392368695220267,11,20,1.7618819135256811,0.21746015155805348,
BUK11084,estable,0.7539275297639699,-0.008047855117591162,13,22,-6.550839484158551,0.14692917770333602,
BUK11085,estable,0.7202691772365187,0.000528189640739292,6,19,-16.592738434756278,-0.18897888583970748,
BUK11086,estable,0.702762587416102,-0.004530011245737598,14,21,3.378562494556639,-0.10805983289570208,
BUK11087,estable,0.794666554697796,-0.0008626575883404611,12,20,0.5952255000892697,0.3413510663509962,
BUK11088,estable,0.8447543377701594,0.004356133578063594,13,17,-2.039947943091277,-0.026482876060621354,
BUK11089,estable,0.6984783445461069,-0.001972833305514583,10,21,0.3147275887039854,0.25286584635835807,
BUK11090,estable,0.8135176442513803,-0.0017097485957814583,12,11,2.671643645377321,-0.013741231769705257,2026-02-28
BUK11091,estrella_subpagada,0.7044754691343329,-0.026569355511545177,10,16,0.18802457314373783,0.08411011222618874,2026-07-04
BUK11092,estable,0.8395011469948119,-0.008474244354973631,13,22,0.4337312139900823,-0.17331769829695265,
BUK11093,estable,0.829373365445974,0.00524962277851009,9,18,3.5601708929562506,0.0008842685859685286,
BUK11094,deterioro,0.6601186013424067,-0.043059729645604956,15,9,3.552267163796886,-0.08588865502454017,2025-12-14
BUK11095,estable,0.7932033692625232,-0.0036384874406999853,12,18,-4.648923319516314,0.029867746529432027,
BUK11096,estrella_subpagada,0.7660884641455324,-0.015309743270963575,9,10,-6.043100550369888,0.13924765306251155,2026-01-15
BUK11097,estable,0.8560901413705834,-0.0012518827608515018,13,22,6.4571363676228355,-0.2610576948182816,
BUK11098,estable,0.8076473936947874,-8.579959362077229e-05,10,9,-1.5834302676402685,0.22627892510703862,2025-12-13
BUK11099,estable,0.7483370602516974,0.0031721758970928455,7,17,5.007639981187152,0.012439534368500977,2026-08-01
BUK11100,estable,0.8719513424510265,0.002954956866308134,13,22,1.3448948609561275,-0.12865000973754015,
BUK11101,estable,0.8377993947154018,0.00040794753158364443,7,20,-3.117780076685449,-0.4485185353163722,
BUK11102,estable,0.892342230879917,-7.413073853625137e-05,10,19,-0.38898966435938753,0.04065753916314198,
BUK11103,bajo_desempeno,0.4716359601986947,-0.001527837154539647,11,17,-0.44874466974494903,-0.08680621385829412,
BUK11104,estable,0.7455774240072437,-0.0008426100745809959,8,17,0.9496941425736278,0.2318543108556351,2026-08-16
BUK11105,deterioro,0.7818576119060782,-0.03010007560263464,6,17,-3.94397518207838,-0.14501081417986128,
BUK11106,estable,0.5452408024043178,-0.0016334400664196715,6,23,-3.156361051168929,-0.16751035678638468,
BUK11107,bajo_desempeno,0.49769707361418525,-0.017301016333418625,6,22,-4.749014049496178,-0.09462431569465726,
BUK11108,bajo_desempeno,0.5882012969650253,-0.0011530447787159283,9,18,-2.6622724715585493,0.13396676964624596,
BUK11109,estable,0.9164579324041785,-0.0028906761740744003,10,18,5.082484204676417,-0.19882467678342208,
BUK11110,estable,0.7808500888095953,-0.001153004357682676,15,21,1.3235184277657421,0.42912024327289744,
BUK11111,estable,0.8914256452969795,0.00582269461991375,7,21,1.443780775354356,-0.14444393915857953,
BUK11112,deterioro,0.8153058565247278,-0.0425472749035584,12,0,8.039806166794882,-0.13640794240390386,2025-01-08
BUK11113,deterioro,0.6100813642886843,-0.02336226994656989,10,18,-2.8653186754365927,-0.0412958677572048,
BUK11114,estable,0.8483343651910309,-0.0010425774353417104,9,22,-0.32259721075510445,-0.087374430475541,
BUK11115,estable,0.7423453950290185,-0.005149078425764663,14,23,0.5284140355313723,0.1164098889569428,
BUK11116,estable,0.8413643303355394,-0.003408390767805447,12,8,-7.858185303171245,0.10117814044766338,2025-11-30
BUK11117,estable,0.8237864054341381,0.002931735383295945,14,20,-11.850544945419834,0.06150922364217628,
BUK11118,estable,0.5694574076784934,-0.012795044747439971,7,20,-15.951216088333249,-0.04353263943842389,
BUK11119,estable,0.7635457168202596,-0.0006194102395520295,7,18,8.446936944575855,0.002260354425044527,
BUK11120,estrella_subpagada,0.7760417003765747,-0.00680196850815147,15,23,7.148763239655377,0.40001985442011284,
BUK11121,estable,0.6266262186079743,0.004441560760948542,8,20,-8.702731877579023,0.06338167134929346,
BUK11122,estable,0.9232971475892773,0.005272931144681131,15,23,2.795125697253817,-0.0056192332223208965,
BUK11123,estable,0.73320497315111,0.0004163229201976842,14,18,-2.876073334311627,-0.18377662024953564,
BUK11124,estable,0.768874762999582,-0.002897084420126396,15,21,13.910996955150935,0.04399893310575763,
BUK11125,estable,0.7959839107028601,0.00434031025135942,9,19,6.01385036105786,-0.12197779424022379,
BUK11126,estable,0.7437907380605706,-0.004471190381239629,12,21,0.13860758429544554,0.005405450770884551,
BUK11127,estable,0.8418845886443697,0.0032002379103402995,10,20,-6.3467003191814175,-0.0032614386869970775,
BUK11128,estable,0.8721632074299004,-8.606797045782954e-05,6,16,8.059094374793478,-0.12176563337779334,2026-07-17
BUK11129,nuevo_dificil,0.5518302218871496,-0.02150260508209851,6,12,14.88476954338635,-0.1708759052508865,2026-03-22
BUK11130,bajo_desempeno,0.37588585397517893,-0.012979423339513825,10,11,13.133755074602753,0.2654498097864391,2026-02-20
BUK11131,estable,0.43570885913105395,-0.018336867748211486,9,18,-3.8018182680149897,0.2597585580901994,
BUK11132,estable,0.9289539439037602,-0.00231581347488714,6,17,-7.4320455669578225,-0.10312875472327847,2026-08-02
BUK11133,estable,0.5837679876620817,-0.015301519196896506,6,18,6.984944852123279,0.190451427290317,
BUK11134,estrella_subpagada,0.8548803266280686,-0.02500492714495591,10,22,-0.08979745000240844,-0.4500625645267643,
BUK11135,estable,0.7375857579002228,0.005603456923380906,13,19,-7.601012838294897,0.13268136471179437,
BUK11136,estrella_subpagada,0.761941746789227,-0.004569367008698155,13,21,1.6884200044747883,-0.15885119449947638,
BUK11137,estable,0.7001808226180407,0.0007456753754813819,8,20,0.8766790921200197,-0.15876247376838235,
BUK11138,deterioro,0.6410781396606993,-0.027724902335442933,6,23,-13.970304147865892,-0.4551324393566498,
BUK11139,estable,0.7782481116962726,0.003399701625102848,9,23,3.2243633576514776,0.039969044676809735,
BUK11140,deterioro,0.7965660564910344,-0.03517176444670615,9,10,0.09742438385475324,0.006189386392869512,2026-01-07
BUK11141,estable,0.7384841289630815,0.0028397980325116303,6,13,-7.479207982948193,-0.3303662904958824,2026-04-20
BUK11142,estable,0.7867111606380194,-0.0051751033588393605,8,23,-0.10182667842528466,-0.4446379437193485,
BUK11143,estrella_subpagada,0.8075381951154518,-0.01591483709975115,6,16,4.094361836327103,0.06266146217087883,2026-07-16
BUK11144,estable,0.7540215048506275,-0.0038707416559190864,8,20,-1.156049019805904,-0.022489835668157217,
BUK11145,estable,0.7619393341639537,0.0018763668654888305,15,10,11.0702598706593,0.21521074576378002,2026-01-07
BUK11146,estrella_subpagada,0.8582101819524711,-0.010867253376140642,11,23,-10.838145014657577,-0.24219848358942697,
BUK11147,deterioro,0.5958763475392781,-0.014081635836983106,13,16,2.085423250853591,-0.057005188307150206,2026-07-23
BUK11148,estrella_subpagada,0.7112099715210493,-0.013466957437396298,13,23,1.8172680555988867,0.20621256709668973,
BUK11149,estable,0.7502244084574565,-0.003522211329867582,6,21,-1.8005289817120609,-0.06731879357927456,
BUK11150,estable,0.7127041463449865,0.0004222004367237283,11,22,8.2794695273136,-0.1838676850176467,
BUK11151,estable,0.6242311550759927,-0.008308821845596115,14,7,-4.053167466739973,0.05502637784169095,2025-10-12
BUK11152,deterioro,0.7564873432618644,-0.03947040324907207,7,3,-2.766157402889044,0.3746115824316799,2025-06-13
BUK11153,estable,0.831167138717908,0.0008660688960216307,13,19,-1.4004876126609953,0.06374170849747127,
BUK11154,estable,0.7332768071538516,-0.0012091670939129453,6,23,-2.354336749687433,-0.25548321795695367,
BUK11155,estable,0.8343950656571428,0.005782980222986583,14,18,-7.154209451588152,0.04771819097030939,
BUK11156,estable,0.847811649476408,0.0016096086067865047,8,19,5.041045418756672,-0.3014004310230553,
BUK11157,estable,0.7003575200469304,0.00136597901472832,13,17,2.2898400965660537,0.2399163767328281,
BUK11158,estable,0.8466331359856738,-0.0021926677343864303,10,17,2.3833368792046574,0.07635966853661683,
BUK11159,estable,0.777104330079264,-0.002940649938182038,7,22,-4.0435643003776915,-0.003956238070992018,
BUK11160,estable,0.8848529113964894,-0.0019879788224380743,11,21,11.880579014619713,-0.17545179685660892,
BUK11161,estable,0.7835863832443601,-0.001581069905494452,12,19,6.6273859179761345,0.10821867183392382,
BUK11162,nuevo_dificil,0.40446342009485764,-0.015148024009206961,11,12,-12.84239583539237,-0.13770069013018332,2026-03-04
BUK11163,nuevo_dificil,0.4626903367923832,-0.005458668660627038,12,16,1.631506214728434,0.5253923694239939,2026-07-15
BUK11164,estable,0.7682797595104519,0.004909718326974511,10,22,1.8090069802543445,0.09875236326091842,
BUK11165,estable,0.8058529378942346,0.006183909456166605,9,23,-12.208067639620754,0.030792178998747966,
BUK11166,estable,0.7819426736407723,-0.002505356357582022,15,21,-8.33372511108308,-0.37121897977454155,
BUK11167,estable,0.7198578452467739,0.00674690198059584,10,17,-1.690521031768282,0.03441584902640566,2026-08-08
BUK11168,estable,0.7205601727478925,0.0014644627930633055,9,23,3.602618655149132,0.0408401574027501,
BUK11169,estable,0.8626710940364835,0.0017042887906845705,14,16,3.1503742183898846,-0.10902097018381839,2026-07-18
BUK11170,estable,0.69706916365061,0.0017655398839092893,7,14,2.299173305859191,0.12264698496087481,2026-05-16
BUK11171,bajo_desempeno,0.5524277400256538,-0.00834314840745607,12,0,3.999969435049138,-0.1213904052187107,2024-10-03
BUK11172,estable,0.7751353134698304,0.0015136610423209876,7,17,-6.304540219217569,0.15027365303293166,
BUK11173,estable,0.8971509011353952,0.005955861974922589,10,19,2.5440738840959654,0.12260236825626578,
BUK11174,estable,0.7320047487695809,0.003457274737858424,6,20,-0.026635955051122172,0.1682551030929951,
BUK11175,deterioro,0.6134643031043144,-0.01420209399918455,7,16,4.310534915743569,0.2889812750607475,2026-07-10
BUK11176,estable,0.7985776261499696,0.0011389780401865387,14,22,0.5946316670392435,0.5696476686805603,
BUK11177,bajo_desempeno,0.48575995814542555,0.008845823957115024,6,11,3.5876352198976376,0.05875015220039128,2026-02-11
BUK11178,estable,0.728056606093626,0.005714470522112755,15,20,-1.1103863472310653,-0.14360978645155864,
BUK11179,estable,0.7104426040467074,-0.008057573342299115,14,23,1.9651003749521074,0.03547228150257464,
BUK11180,estrella_subpagada,0.7444923668565627,-0.030069474391234516,9,15,2.016579132590413,-0.11681976992041149,2026-06-25
BUK11181,estable,0.8028933972721567,0.007279507612235697,15,18,10.300948609043232,0.12511569419673116,
BUK11182,estable,0.8277888417528093,-0.00566732495522765,6,18,4.882900768105344,0.2145356069093152,
BUK11183,estable,0.9409629890753994,0.001047074446585534,8,20,-6.81254686958089,0.1725736837605192,
BUK11184,deterioro,0.6036353650860117,-0.0397039639321933,6,20,3.9694794714514794,0.08012535304985134,
BUK11185,estable,0.7770376591056999,-3.608425435434218e-05,7,21,-9.325548154066622,0.12580638733855046,
BUK11186,estable,0.7816654238199666,-0.0009388382148231548,7,23,7.226303909583902,0.17376356397917778,
BUK11187,estable,0.8179489760929223,-0.0025057529707636027,6,20,3.716226679301025,0.19466327807420888,
BUK11188,deterioro,0.6635617901628624,-0.012988912995250606,9,17,7.772792386827966,-0.017140088148428125,2026-08-26
BUK11189,estable,0.6669640354773326,0.00459805259013089,10,17,-1.5859748327103578,-0.07059374353787144,
BUK11190,estrella_subpagada,0.8440531417890729,-0.006781862917498508,10,15,8.109433277913778,0.14899790712110872,2026-06-08
BUK11191,estable,0.8425848126561128,-0.003988082974906454,12,13,7.086186367700041,0.0778383638882493,2026-04-05
BUK11192,deterioro,0.8473530053246238,-0.027122449034455615,12,18,-6.861539598291319,0.21135829959550137,
BUK11193,estable,0.8825513792561493,-0.006114332043896717,6,17,-3.980776169489875,0.47607986168189076,
BUK11194,estable,0.8390955479954766,0.0036763146164081285,13,22,2.3826632885758423,-0.3412416543064991,
BUK11195,estable,0.6363094086339373,-0.016324176562935635,10,21,-1.8150834242735994,0.33882664215512964,
BUK11196,estable,0.9793611930887995,0.007335116121533292,8,18,1.849400105334706,-0.27897152351480187,
BUK11197,estable,0.7451677319547183,0.0067326603608245965,7,22,8.676825306175317,-0.2207765589856813,
BUK11198,estable,0.7209272032295863,-0.0007184141472398566,9,18,-5.870021061609309,-0.13126350961333208,
BUK11199,estable,0.8284095906638358,-0.004790728936546696,15,16,4.777822491002471,0.37353090941285244,2026-07-09
BUK11200,estable,0.8671310480167054,0.0014388325264020536,15,18,-0.8771729147127553,0.2781479360040227,
BUK11201,estable,0.7316515870273049,0.0010473161630804237,7,1,-0.9573738487914734,0.2730393182533615,2025-04-27
BUK11202,estrella_subpagada,0.7113355751298728,-0.014719154321531338,14,20,2.6404060203819184,-0.13070400411668096,
BUK11203,estrella_subpagada,0.7695662520521913,-0.00830718904896385,9,18,-4.589371840333551,-0.18311450481055472,
BUK11204,nuevo_dificil,0.5182656651379471,-0.002305275169342324,14,15,-5.717255868613357,0.033625201392806066,2026-06-24
BUK11205,estable,0.736222849835829,-0.009697710164016491,8,20,-6.177600636262191,0.032708295762594555,
BUK11206,nuevo_dificil,0.6607456430987126,-0.012345348739218432,13,19,6.05350158226536,0.18348325120893488,
BUK11207,estable,0.8413202737189582,-0.004054165228796981,6,22,0.6966676853805025,0.0627294635771639,
BUK11208,estable,0.7360306782019271,0.006660031496117955,10,20,-5.995966141374867,-0.06389195260119805,
BUK11209,deterioro,0.7577381541455951,-0.053168720704106054,12,17,-1.4584678892756835,0.27486300723153206,2026-08-21
BUK11210,estable,0.8951630349738064,-0.0015942085178564317,10,19,2.4299077885851306,-0.08942713036844252,
BUK11211,estable,0.7474479676891814,-0.0005385791530866603,13,18,-4.779334547820814,-0.1176091079693758,
BUK11212,deterioro,0.7491637288285774,-0.03482163027174638,8,17,-1.1025858864073115,0.5788303926325455,2026-08-25
BUK11213,estable,0.8770207181889862,0.0009690168217767885,6,21,5.934399903938616,-0.35247457383814124,
BUK11214,estrella_subpagada,0.7744618869645705,-0.01057394235010265,12,17,-0.19404746473410897,-0.060851291173675846,2026-08-26
BUK11215,deterioro,0.684682971899413,-0.06418618039726441,7,4,1.8421295155978226,0.17123593197676465,2025-07-30
BUK11216,nuevo_dificil,0.5731723924035838,-0.002579039565553231,11,14,14.081340492664864,0.029887476135582708,2026-05-28
BUK11217,estable,0.7657494371217579,0.0021438258685326523,8,19,-0.6120888317577963,-0.34040568043026204,
BUK11218,estable,0.6779854746221756,0.006262816144320916,8,22,1.1960616787080223,-0.0707955211096795,
BUK11219,estable,0.8199426957317534,-0.004860457588279082,6,21,-1.4101430224814981,0.08810661978102596,
BUK11220,estrella_subpagada,0.7210982544924801,-0.0036514297883176155,14,17,3.6719293001067737,0.24851852540737415,
BUK11221,estable,0.7937404126664402,0.0008428677389000497,12,16,-0.12680734322072088,0.06084713280949805,2026-07-03
BUK11222,estable,0.8487952687529033,-0.0010153674471197532,10,21,-4.81614010659163,-0.19699067006966145,
BUK11223,estable,0.831608684013349,-0.00682897765330046,12,22,0.9742713547467525,-0.324809462073442,
BUK11224,deterioro,0.778614666050077,-0.030980788070919304,10,17,4.682593914632508,0.2338348837402913,
BUK11225,estable,0.8698106572845824,-0.006268582600275919,7,21,7.960701902933897,-0.2360222720172724,
BUK11226,estable,0.8878584641474916,6.782050377969888e-05,10,21,-7.953725407798696,0.19959957703411002,
BUK11227,estable,0.8581294391196576,0.009416454309224295,10,17,2.770344697141315,0.11545747026021681,
BUK11228,estable,0.8488817177558255,-0.01167149407123479,15,7,-2.770796693639131,0.3586899105498454,2025-10-19
BUK11229,estable,0.7635423572677418,0.0052117851596668605,12,18,6.984420536553384,0.15342410215748276,
BUK11230,estable,0.7689010021754175,0.0015659027682327117,11,23,9.526490322208595,0.2623835088438839,
BUK11231,estable,0.8112421166052772,7.837402718892104e-05,11,17,4.33819827168448,0.02320440191927132,2026-08-16
BUK11232,estable,0.7948595749401849,-0.0017606065432640536,12,16,-3.607403311951718,0.2215397447320765,2026-07-03
BUK11233,estrella_subpagada,0.7994142044709682,-0.008615277722882666,9,8,-4.665334283269207,0.14672382666769115,2025-11-19
BUK11234,estable,0.7758427276582242,0.003454433058317605,8,23,5.56099167487785,-0.049334568401171605,
BUK11235,estable,0.6727704801162429,0.001590583656721117,13,17,1.9489592192310838,-0.16192949199406884,
BUK11236,estable,0.8968229093008246,0.0029683083295188786,14,23,-10.726314747777373,0.19604323208106936,
BUK11237,estable,0.775735193725002,0.0022568091294542683,6,19,2.159164847416366,0.34240077680518977,
BUK11238,estable,0.7222577200127471,-0.0005772743140013045,12,22,-6.2733134283361816,0.3958942675009992,
BUK11239,estable,0.8560288991785853,-0.00034486003501226127,13,14,3.997766002641058,-0.2412269984174905,2026-05-25
BUK11240,estable,0.7753819110148829,-0.001959684831615361,11,20,6.780509312616953,-0.3837945942758546,
BUK11241,estable,0.820508048547439,-0.0011272791635234835,15,19,-1.511185686951516,-0.062034968297960486,
BUK11242,estable,0.6804138722376909,0.0009696185219083372,9,17,-14.009527228289969,0.10090639338324946,
BUK11243,estable,0.9633262319135534,0.007638442450652447,10,18,-0.12955900266467787,-0.05078898471202577,
BUK11244,estrella_subpagada,0.7789832786779926,-0.016088525460966376,15,18,2.0436323311981726,0.4358542244090103,
BUK11245,estable,0.6684336121991387,0.006304879556246142,13,20,-0.05969443257090251,0.10483746268427048,
BUK11246,estable,0.7537631114353884,0.006257810875018803,15,21,-0.6447169749410815,0.22441632025450028,
BUK11247,estable,0.8325604122948062,-0.00012257588721366355,8,21,-0.598303438103839,0.42845711838385847,
BUK11248,estrella_subpagada,0.7385253993185478,-0.020807551212881602,7,23,5.666075382397199,0.08414302018060558,
BUK11249,estable,0.8497133123640743,-0.004149047450606388,10,21,10.159048116242204,-0.23683897233355863,
BUK11250,estable,0.8795093457918656,0.0024329680342392375,10,23,2.4562551956960235,0.19524265337208155,
BUK11251,estable,0.849269493856956,-0.002015697968482626,7,22,-4.473227976204589,0.44425336289122397,
BUK11252,estrella_subpagada,0.81006694585007,-0.0008139075357603952,6,11,-0.005782368808451502,-0.0915023900921533,2026-02-26
BUK11253,estable,0.8783952712204811,-0.004966431141180625,8,21,8.134113375262064,-0.35211255678084363,
BUK11254,nuevo_dificil,0.3072129658792593,-0.004204658518149635,15,22,-7.879892398216731,0.4356063425819871,
BUK11255,estable,0.7255182232400315,0.004077599173348703,8,20,-8.743683218657447,-0.26078406405967086,
BUK11256,estable,0.8540015055431893,0.0013888031276928006,11,13,-4.672135123935717,-0.11322042551125591,2026-04-07
BUK11257,bajo_desempeno,0.5875640884074836,-0.006586605198232679,11,19,3.288345960001692,-0.2942045749703554,
BUK11258,estable,0.8099114986864109,0.002064709047147029,12,19,-2.7449668041153745,-0.1911692998460195,
BUK11259,estable,0.8473905757263198,-0.0070564686015366284,15,19,-14.707130323289572,0.050135317456965485,
BUK11260,estable,0.7951346782871318,0.006918401360492154,8,22,-6.581129452909266,0.14177412254685634,
BUK11261,deterioro,0.8022098139008653,-0.0326310256852067,13,13,7.385447875624191,-0.07213596851896108,2026-04-27
BUK11262,estable,0.8589274761210075,-0.0006133917770951409,7,18,3.7446387726735493,0.2701136155174918,
BUK11263,estable,0.7170105185883512,-0.006623267498537136,8,17,3.024717054355463,0.30506288147430743,
BUK11264,estrella_subpagada,0.7062470861520737,-0.011429781740018985,6,17,-9.069871545961265,-0.016443641705141333,
BUK11265,estable,0.8191432021058266,-0.0010935899712772926,14,23,-5.3877976409979045,0.35835969705167814,
BUK11266,estable,0.844387057408407,6.06775026014902e-05,15,23,5.879989358077299,-0.2166474672399123,
BUK11267,estable,0.7648516739178098,-0.003956040621601346,13,21,2.8558708080518276,-0.473638958984104,
BUK11268,estable,0.8384960111535695,0.003105287974323654,12,19,-6.893274889930401,-0.2468998428034619,
BUK11269,estable,0.6925242976151477,-0.008795853434084814,6,22,6.3362884963722985,-0.10723533157693177,
BUK11270,estable,0.7967304958839694,0.002697016404707549,6,18,10.084259727930872,0.37452508402604756,
BUK11271,estable,0.8794576014299214,0.0016003329770002265,12,23,-2.806962046702472,0.3462287217703991,
BUK11272,estable,0.8252207344760326,-0.006329393633345595,10,22,2.9399716098371256,-0.18618837684693598,
BUK11273,estable,0.8858593505656578,-0.004132410499624559,14,21,-0.3841804197251413,-0.07835407523450229,
BUK11274,estable,0.7571761341941554,-0.005237416528256302,8,22,-0.910084041446644,-0.2923588772923727,
BUK11275,estable,0.8113820758264437,0.0019752270037944005,10,18,-11.767267560978329,-0.04641048737438453,
BUK11276,estrella_subpagada,0.7631991906511245,-0.01630291175451295,7,21,-8.896512247846642,-0.18780600693062374,
BUK11277,deterioro,0.5647566188777708,-0.03314129822997779,11,21,0.8269575809593244,-0.14112292414038982,
BUK11278,deterioro,0.8305787296152831,-0.03733334199263271,8,17,-1.4069233563531007,0.1744083410469771,
BUK11279,deterioro,0.5998964282761128,-0.03448549804900216,12,19,0.8030061410997018,-0.07427856679473338,
BUK11280,estable,0.7496184152608139,0.0016712287169071839,15,16,2.760409845672654,0.4680195979953999,2026-07-09
BUK11281,estable,0.8056258857782457,-0.008918166365287401,14,20,-5.0512669840829325,0.0008015314836642248,
BUK11282,estable,0.6361011827770567,0.0010580748656620407,6,20,-3.3866932285139915,0.06513791804867898,
BUK11283,estable,0.8640100947274536,0.006971309519713702,15,20,-2.807705332336425,0.10750722779869343,
BUK11284,estable,0.9073511173364854,0.0007932031563424041,13,17,-7.740891855153049,-0.12768043993458705,
BUK11285,estable,0.7466465281071577,-0.005475408340919213,15,23,-3.0703532019841324,-0.12990978417782564,
BUK11286,estable,0.7219496972055419,-0.001887252244165812,13,18,-4.40714809965039,0.27633910247431137,
BUK11287,estable,0.7614474958775292,-0.007886611386264657,13,17,-4.389058033889103,-0.05670434026973112,
BUK11288,estable,0.8057662862423286,-0.0019947354273766576,13,23,0.9683521067501356,0.22716742130022685,
BUK11289,estrella_subpagada,0.7353358704756461,-0.011052700795598178,14,18,-10.003723225426764,0.09904117869136624,
BUK11290,estable,0.7348146467723671,-0.0015954541940011527,12,17,-4.567300652812676,-0.05901007858418707,
BUK11291,deterioro,0.6250968490173316,-0.027007842828648435,12,23,0.05018824890180077,-0.18959162895688894,
BUK11292,estable,0.8474670073847224,0.005444354148647534,8,21,3.523150402127996,-0.14299617475187495,
BUK11293,estrella_subpagada,0.8882727079876559,-0.013550664062674515,13,15,-3.728934751831955,-0.0399166150665517,2026-06-28
BUK11294,estable,0.8577940006001145,-0.0060640680863256954,7,22,-1.7127429499554974,0.3422695393575686,
BUK11295,deterioro,0.7943176949815881,-0.01814699954618742,13,14,1.125528200463402,-0.29698459310620695,2026-05-09
BUK11296,estable,0.8583607681002045,0.006420349014631662,13,17,7.616709588363991,-0.07500231453309175,
BUK11297,estrella_subpagada,0.6802747700163411,-0.009888399423389597,12,22,4.796868343178682,-0.29354869201928757,
BUK11298,estable,0.7899023356365433,0.007244054729508481,15,17,-4.642056871122056,0.1678237412764687,
BUK11299,bajo_desempeno,0.6171315774486477,-0.011366694437199041,12,20,8.643454286766522,0.0271534631653363,
BUK11300,estrella_subpagada,0.782843390794964,-0.022000834364243892,12,23,9.228324821653525,-0.558660276765552,
BUK11301,estable,0.8406906146295398,-0.002922300740357361,13,18,-4.356547648431472,-0.0052086905215223914,
BUK11302,estable,0.8459058612827141,-0.006224984833866446,8,22,5.9060646362998765,0.02847388036225281,
BUK11303,deterioro,0.84190017062245,-0.043845604167948145,7,17,-5.551614598485292,-0.0940744453274994,2026-08-06
BUK11304,bajo_desempeno,0.6311231578765686,-0.004457871467916708,15,17,-3.6084118348304166,0.24097695894052254,2026-08-05
BUK11305,estable,0.8077521091774417,-0.006124087574055209,9,22,-4.3275128824245455,0.23757887828277255,
BUK11306,estable,0.7606882052523606,-0.0022597379356615703,12,18,-3.596881216993572,0.13380233031641525,
BUK11307,estrella_subpagada,0.7589840951321234,-0.012519564543510178,12,16,1.7313467198448338,-0.4074650901599987,2026-07-13
BUK11308,estable,0.7413839283660992,-0.0019305697736941767,11,20,-6.290160196833902,-0.13594301711290227,
BUK11309,estable,0.7469806947950473,-0.0006047431021808341,7,21,1.6765778701221423,0.19033953015928487,
BUK11310,estable,0.9616076864149197,-0.0026777869918500007,12,17,-1.898266194941882,0.1014154576740545,2026-08-15
BUK11311,estrella_subpagada,0.805392850097873,-0.013811623969248643,12,19,-9.883285817504948,-0.042201836953206194,
BUK11312,estable,0.897176502828529,0.006828621278093541,15,23,4.237707679219167,0.12895646554062876,
BUK11313,estable,0.6192994049564655,-0.0008166688129687134,6,20,6.864053871383055,-0.13743346312929944,
BUK11314,deterioro,0.7526859474627845,-0.054201476232443854,10,17,7.38148870107539,-0.00808946895738093,2026-08-25
BUK11315,estable,0.6253931422911571,0.0002699613840539807,9,23,11.938522767872545,-0.1467548844696396,
BUK11316,estable,0.8174265729460808,0.007376501940774599,15,15,2.285011049282277,0.06138801373115444,2026-06-12
BUK11317,estable,0.731724049503864,0.0012038764451706657,12,18,6.0447219626297635,-0.09475196328326081,
BUK11318,estable,0.7165669490076987,-0.006450946376100859,13,21,2.7084956566573197,-0.1036217489976697,
BUK11319,estable,0.6578719766637307,-0.00039340115035575685,13,21,2.2779351400453636,0.42893387553652484,
BUK11320,estable,0.7121785058520851,0.0017300524360796148,12,18,-4.449862025236758,0.01854953362052014,
BUK11321,estable,0.8606310809672597,0.004735788334384968,13,19,-6.343710009823218,-0.13703163563371018,
BUK11322,estable,0.7691114465081615,0.006546023065691122,12,20,-1.5081555187933526,-0.27740097301762084,
BUK11323,deterioro,0.7485689286426607,-0.03079462575160728,7,17,15.905716185228213,0.29735554149938054,2026-08-24
BUK11324,estable,0.6318570002447534,-0.001650895224652192,15,20,-4.628125760303207,0.16636374850432628,
BUK11325,estable,0.8537616831481907,0.001809037655309022,7,22,-10.182358924691714,-0.36089122847308547,
BUK11326,estable,0.711222962014021,-0.0006750406166706985,9,22,4.007413118202728,-0.03987168760498669,
BUK11327,bajo_desempeno,0.49560715499607727,-0.003464537223404698,12,13,-5.391181892324951,0.11967706385312506,2026-04-23
BUK11328,estable,0.8810456599805433,-0.003149632900918976,7,19,6.160728930559673,-0.34865262934933455,
BUK11329,estable,0.9184098318800088,0.0006839990434709204,7,20,-4.615438129089683,-0.16634195757938183,
BUK11330,estable,0.8873528347733193,-0.0014060675507865546,6,19,2.5592709641414904,-0.22770714552832802,
BUK11331,estable,0.8245394903276587,-0.0004589277500511136,15,18,4.674928604619629,-0.05633946235986138,
BUK11332,estrella_subpagada,0.7107659089990319,-0.016538817443311385,14,19,0.4765457710312242,-0.2519270260295298,
BUK11333,estable,0.7876028520874769,-0.0017205494293312475,12,16,-4.58232150225225,-0.3606982892670154,2026-07-07
BUK11334,estable,0.8032900430549835,-4.1285013777618507e-05,8,20,17.278930808541016,-0.15940546723620444,
BUK11335,estable,0.42261907734001475,-0.00799308251095238,7,20,-7.298161511532269,-0.050378051243485364,
BUK11336,bajo_desempeno,0.4010755996920731,5.328935281788145e-05,13,15,14.190092193297303,-0.08803080426171585,2026-06-29
BUK11337,estable,0.6157853133887209,0.0024840631997732907,15,20,-7.685795240014894,-0.05626472205645999,
BUK11338,estable,0.8030432440144769,0.002494814082414875,9,18,2.963785508253001,0.21501755218085242,
BUK11339,estable,0.7745041003481528,0.00465636195323068,14,23,7.774399417422398,-0.18995476153719146,
BUK11340,estable,0.7098026112287641,-2.3916561670245113e-05,6,8,-3.4257029798345577,0.2897530494931006,2025-11-13
BUK11341,bajo_desempeno,0.4359066105597624,0.00016986205486502204,10,5,-7.947125458962008,0.20429748657274127,2025-08-04
BUK11342,estable,0.726200069480077,-0.007867752920323247,14,23,-9.985963350093515,0.026771988908252924,
BUK11343,estable,0.5752567544785352,0.004485690729198826,6,23,7.497466628449277,-0.2981410445801316,
BUK11344,estable,0.7355982848526031,-0.006892551529860553,14,22,-1.5972868726297413,0.3715207091590469,
BUK11345,estable,0.8198048409915393,0.0025207319938307213,12,16,4.471680370448632,0.07056364168656096,2026-07-06
BUK11346,estrella_subpagada,0.8217150755096332,-0.013611691376373022,8,11,2.3032625337016084,0.06664186975662985,2026-02-21
BUK11347,estable,0.7333177414036359,0.004176393452915203,14,19,15.9809432421605,0.0997637178766241,
BUK11348,deterioro,0.7888224558633773,-0.0345062990211067,10,14,-7.396982009050804,0.2923616816047315,2026-05-24
BUK11349,estable,0.7327618453891575,0.0048857110663962314,9,20,5.7402513902122605,0.19673953698149219,
BUK11350,estable,0.7149753428138298,-0.002137906855762069,8,23,2.410636998263568,-0.10240709983669018,
BUK11351,estable,0.69943518523397,-0.0020648765682072094,7,17,15.007881608860462,0.04253843449780323,
BUK11352,estable,0.7425047350795538,-0.0016441194658074099,8,19,4.372502724399522,-0.03236955281394835,
BUK11353,estrella_subpagada,0.8425522755996865,-0.022286590765442614,6,12,3.0084299089833397,-0.100563761801133,2026-03-27
BUK11354,estable,0.7828340163682411,0.004023924125726217,13,22,-3.6739495010282748,0.0015348630543799019,
BUK11355,estable,0.8485916808751053,-0.0003239623275832068,8,18,0.8237042079188399,0.317441320930467,
BUK11356,deterioro,0.8399825519947102,-0.025929364320322473,7,6,0.9450041551167054,0.39356614419711994,2025-09-03
BUK11357,estable,0.6583531634483901,-0.008036393423754876,9,17,-2.1393477231464555,-0.03549964382155469,
BUK11358,estable,0.8120089429848444,-0.003959070428992186,10,23,-6.975352274382505,0.09881419106580999,
BUK11359,estable,0.6989987871756501,0.004797647672706566,11,20,-4.382979574722351,0.17861696655440978,
BUK11360,deterioro,0.8125798105494645,-0.03131102313288951,7,17,-1.0638622238633095,-0.16834557601849387,
BUK11361,estrella_subpagada,0.769172035041173,-0.016668890768822255,10,23,-0.37981910172010896,-0.6320596377897296,
BUK11362,estable,0.8389300144334678,0.004706292271319572,15,22,1.7052478920920808,0.2365247841809175,
BUK11363,estable,0.7068272399363845,8.979292037540926e-05,10,23,3.97696246151053,-0.08402377764850742,
BUK11364,estable,0.874569972106143,-0.00048008084792563614,6,3,-5.875146103779526,0.16180784982381816,2025-06-28
BUK11365,estable,0.7688596866858703,-0.001959060776398002,6,16,-11.875136557712224,0.15905027442223926,2026-07-08
BUK11366,estable,0.7512891296198008,-0.005525891038326009,10,20,2.3481295355528857,0.04368572473949384,
BUK11367,estable,0.7351297310735982,0.0004955535681654534,7,23,10.579565646583124,-0.012581022068778678,
BUK11368,estable,0.8120635952076966,-0.005653313321046857,10,23,-2.1932661200991217,-0.055193089057436605,
BUK11369,deterioro,0.6391070569721848,-0.03896892421499743,11,18,-1.0810081702517769,0.14692147212545945,
BUK11370,bajo_desempeno,0.4875273740356098,-0.005618050270908285,10,14,-6.011582497652299,-0.010586712545839663,2026-05-27
BUK11371,estable,0.694656307288524,0.005182990978829341,14,16,7.757534712621554,-0.02649605940784778,2026-07-24
BUK11372,estable,0.8372126627061178,-0.001555406875057962,7,17,-0.389400082498053,-0.06406576974772106,
BUK11373,estable,0.8212526909076171,0.002358707989807782,13,22,4.267941722805737,-0.7305690169697378,
BUK11374,estable,0.7913329511210111,-0.010428763985617899,13,21,2.8203107741222495,-0.309572163244237,
BUK11375,estable,0.7912645382555252,-0.001284367244614627,8,20,0.08258050724266786,-0.18482699525855634,
BUK11376,bajo_desempeno,0.3865775768107389,0.0034306450946860476,9,17,4.083137371432402,0.14168396939331449,
BUK11377,estable,0.7170606935525533,-0.0021174146812388767,14,23,-6.471457079600114,0.37126906453664676,
BUK11378,estable,0.595010508624101,-0.004009473313948994,9,19,-10.2414938249799,0.138930411649028,
BUK11379,estable,0.6994589397520041,0.0046432291971104725,9,16,1.2151673176740607,0.07846253556795593,2026-07-27
BUK11380,estrella_subpagada,0.6848239796912252,-0.0008703100661197945,8,21,-2.7983383560597272,0.11131100797548073,
BUK11381,estable,0.8346140314961604,-0.003917653836309386,11,17,-0.25381689833755045,0.10436702028495794,
BUK11382,estable,0.8717714693490195,0.00306762688692693,11,18,-8.131357621995175,0.03883742869460382,
BUK11383,estable,0.5015166518121438,-0.006265213075103104,6,20,7.051347565986617,0.22109635115359058,
BUK11384,estable,0.6483161731061304,-0.0023018894804780533,7,21,-4.866561769414229,0.10589454182142267,
BUK11385,estable,0.7357609538492645,-0.0042769857900950255,8,22,6.3992785607617115,-0.011799454088817288,
BUK11386,estable,0.6741388894660344,0.004105660183226591,12,22,-7.651432101960038,0.26189256981004894,
BUK11387,estable,0.8229657335839634,-0.0014629932870556734,13,21,5.497986218534834,0.17064152880839353,
BUK11388,estable,0.8461965961203342,-0.006595000625857799,10,23,-10.356179985699267,-0.18116804034417985,
BUK11389,estable,0.7604403066389288,0.006156138664151328,9,23,-8.785235402267105,-0.1470330292826069,
BUK11390,estable,0.7458868657057302,-0.004014107841775392,9,17,7.262190932413455,-0.15976869031992336,
BUK11391,estable,0.8853226484464167,0.0012593437004929887,15,18,2.8285530583631453,-0.15707288308071723,
BUK11392,estable,0.8397727979781613,0.009000799437322026,8,17,-1.926706972785575,-0.3425321533339066,
BUK11393,deterioro,0.7011696560024383,-0.02624403852566567,6,11,-4.175907134349367,0.2503594570157316,2026-02-22
BUK11394,deterioro,0.7540274943360185,-0.019548589709552443,10,20,-4.799904833353894,0.3098280584731073,
BUK11395,deterioro,0.6783000408880066,-0.031821715056770554,7,19,-0.5181276880929059,0.2711350444753848,
BUK11396,estrella_subpagada,0.8098879240182096,-0.0046047942328634305,14,16,-1.0160891229126103,0.1968450375307413,2026-07-30
BUK11397,estable,0.8746243737624664,0.001544644910761347,13,23,-7.230856490250453,0.016550984671242105,
BUK11398,estrella_subpagada,0.7295438365679918,-0.020020019511841305,12,13,-5.5120572216543255,-0.03262958638519787,2026-04-11
BUK11399,estrella_subpagada,0.7162934618097174,-0.014053878758565017,8,16,0.7891643274898688,0.38249682208993735,2026-07-12
BUK11400,estable,0.9586765640748626,0.004488831786140878,8,19,5.41524158448285,0.15903507183244428,
BUK11401,estable,0.8529800522779254,-0.001713662574393002,10,19,-1.210533169177136,-0.03875063227417226,
BUK11402,estrella_subpagada,0.6973162038714553,-0.02113471579838549,9,20,-2.082519400487426,0.15095436120765696,
BUK11403,estable,0.6763565663755373,0.0036679700835418657,14,21,4.6190931664926875,-0.01703843274021704,
BUK11404,estable,0.7757621390770394,0.0008684808336267777,15,17,0.8905668360625836,-0.6251668887363853,2026-08-06
BUK11405,estable,0.7788280473279823,0.003738846292324775,7,20,-6.291461414290113,0.019889921483895442,
BUK11406,estable,0.4813573524480765,-0.004541716149118215,15,19,2.0627392373266726,0.10574859151745915,
BUK11407,estable,0.8616008923586825,0.00044723657272855143,15,20,-7.6405364247679906,-0.12043164722226687,
BUK11408,estable,0.8517751564683079,-0.009029998748008543,10,22,1.5516810302103292,-0.23010062823173963,
BUK11409,estable,0.8196567050945263,-0.006012350850851288,15,23,4.685280553323695,-0.0581800325456532,
BUK11410,estable,0.6968959790303368,-0.002482294132603671,6,21,-1.5349796784802952,-0.060008357759878984,
BUK11411,bajo_desempeno,0.49729954958739947,0.0008056118910609988,14,17,-6.232271051642471,-0.0400744293656349,
BUK11412,deterioro,0.7081187225781785,-0.030418928842384525,15,17,0.4149748371637766,-0.1970772426885723,
BUK11413,estable,0.852559305538365,0.003685317800149584,12,18,1.480082454406785,0.19569818285050647,
BUK11414,estable,0.7837062076553787,0.006272801941725216,10,13,0.20977218167723355,0.10382472588720856,2026-04-02
BUK11415,bajo_desempeno,0.40146193179796413,-0.004113681183913081,8,21,2.6882454845381933,0.3140205646764798,
BUK11416,estable,0.8736808082605929,0.004778474038918445,11,23,-3.5961233440806635,0.06058893738470498,
BUK11417,estable,0.7666519113661102,0.003442128471920953,9,21,-3.562482129004502,0.4179864816294252,
BUK11418,estable,0.741694231782865,-0.0005904278504263316,12,20,-1.8517551767812828,0.04166737274914664,
BUK11419,estable,0.7719847767221764,-0.0010183812371052268,13,22,1.7041408622835506,0.3924758098089448,
BUK11420,estable,0.7161517020260753,0.0017681904268007091,6,19,-0.8873389750657327,0.24330619521373342,
BUK11421,deterioro,0.747616419899682,-0.022109671086645497,13,18,3.2085918660563815,-0.5792691158017615,
BUK11422,deterioro,0.7545498384480062,-0.035672090121981886,15,16,9.775479551677858,-0.05865618828734563,2026-07-28
BUK11423,estable,0.8649886774061778,0.0007888390540964475,9,14,-1.6118559255209566,-0.30127693770507347,2026-05-19
BUK11424,estable,0.7949572771210518,-0.002242850437150886,8,21,8.91248536111863,0.06269168121543241,
BUK11425,estable,0.7303599715092748,-0.0011119088938212202,14,15,-0.6911295286866525,0.32944003186094933,2026-06-28
BUK11426,estable,0.8228086610430277,-7.932403424733284e-05,14,17,10.846334924592657,0.1725331410426864,
BUK11427,estable,0.627179213580484,-0.005156112464368394,15,13,-2.341725682922417,0.11666323215229983,2026-04-18
BUK11428,estable,0.8121066934335274,0.0058637143836201555,6,18,2.038670962075501,-0.23929715995613457,
BUK11429,estable,0.8865680132894384,-0.0034288381840805386,15,17,-3.184914867176472,-0.16130660104112876,2026-08-29
BUK11430,estable,0.8883226159755699,-0.0032425967498603213,14,23,7.940972323631255,-0.4071974378113588,
BUK11431,estable,0.7313461459799135,0.008194921194206261,11,18,8.915025633615384,0.09469466792728118,
BUK11432,estrella_subpagada,0.7028267822148856,-0.0016553459621645537,15,13,4.895901718196713,0.323890294855684,2026-04-12
BUK11433,estable,0.7690214412881177,-0.0013943613879193165,10,22,-1.5207243677146436,0.11494494859003639,
BUK11434,estable,0.6722559559327359,0.006642750108328131,12,22,7.479459922081627,-0.35200624664376257,
BUK11435,estable,0.8489756341382482,0.002365748559065147,7,19,3.0303489772800916,-0.39637650583836975,
BUK11436,estable,0.7632607906060892,-0.0015519133014194962,7,22,0.6928383327872663,0.017688211144656765,
BUK11437,deterioro,0.6773548976028745,-0.03634166869656539,14,14,3.7700791539236627,-0.08881217574091417,2026-05-18
BUK11438,estable,0.9407890703914256,-0.0012574912757252503,14,22,4.918718043909532,-0.06160241221764797,
BUK11439,estable,0.834818555964961,0.00019519020477504914,9,16,0.47752342717797247,0.24332704731915375,2026-07-19
BUK11440,estable,0.8388534964331374,-0.006264782840119776,11,19,-3.5336156794148663,0.1217965852526718,
BUK11441,deterioro,0.7549451051411611,-0.04975567629002449,14,12,-4.256819480288823,0.22812181312778992,2026-03-07
BUK11442,deterioro,0.6724207355999557,-0.04146937686765201,15,15,-3.660503243822056,-0.22728663533914245,2026-06-08
BUK11443,estable,0.6760048740486496,0.0011056354824921218,10,13,5.841354544252949,0.07529959527546991,2026-04-13
BUK11444,deterioro,0.7273261802859621,-0.039956535724127606,14,4,-1.6916883224225092,0.2107364264167683,2025-07-17
BUK11445,estable,0.7661600863561973,-0.002661700712301924,9,20,-5.411417832228215,-0.17627083145729183,
BUK11446,estable,0.6745153437771949,-0.004585347938470841,12,21,4.7367007496871,0.14944709467982994,
BUK11447,estable,0.7409153807238056,0.003171623357390293,10,23,1.22919512499933,0.13119135240210134,
BUK11448,estable,0.8333511763148567,-0.0018668306117668972,13,6,-3.8636281139403725,-0.037906100782421404,2025-09-14
BUK11449,estable,0.6924795395260871,-0.005498639250323235,6,20,7.216472558076842,0.034607629654009806,
BUK11450,estable,0.7462009097251328,0.007094974962048134,13,20,-1.0794571913147655,-0.1992143219421986,
BUK11451,estable,0.926941620443156,-0.0004932907617718788,10,23,-1.3836846529340705,0.3412061693551903,
BUK11452,nuevo_dificil,0.3876047980098445,-0.004772592247591159,7,18,-5.029994631848614,0.3274505197519749,
BUK11453,estable,0.6530836370806047,-0.003325920613841599,15,22,14.914173154131081,0.004202347516264791,
BUK11454,estable,0.748052587128081,0.0024805666509627733,7,9,-0.05605615010023243,0.03756570116695017,2025-12-25
BUK11455,estable,0.6924807178212395,-0.004802026350308962,11,23,2.4977750435869477,0.01570007798625238,
BUK11456,deterioro,0.712125386555033,-0.0395637026856471,8,23,-0.7886355121573005,0.08642961976737194,
BUK11457,estable,0.7808422960094363,0.0033601573802382097,15,17,6.521188987420593,0.6319737317573166,
BUK11458,estable,0.8622305595942505,0.00610596900963716,10,23,6.846759605684196,0.18259794235736596,
BUK11459,estable,0.7954925217979103,0.00156103392007509,6,18,-7.074950334130417,-0.14541498710772474,
BUK11460,deterioro,0.7291515933696704,-0.0358267807634681,6,17,11.667631907610819,0.05396784090386497,2026-08-13
BUK11461,estable,0.7128022502542053,-0.0073548503802788375,11,22,0.07633108468414448,0.04297350199618537,
BUK11462,estable,0.7759014246372596,0.004450120917472606,10,23,-8.096688554269797,-0.3788984123162405,
BUK11463,estable,0.8526642411410102,0.0019406847309983285,6,20,1.0772425627240902,-0.07257003344289795,
BUK11464,estable,0.6410820407116169,0.003519328363039877,10,23,-2.13201657196911,-0.03901695762811701,
BUK11465,estable,0.8374589918969584,0.0038484042624558103,14,15,-0.9440071005002377,-0.4174983019438289,2026-06-26
BUK11466,estrella_subpagada,0.6367157127696477,-0.013736718069797343,12,17,2.100492983724788,-0.025580984368705772,2026-08-03
BUK11467,estable,0.782793471353286,-0.005711032722113477,15,22,1.7590946433477856,-0.11415278862264532,
BUK11468,estable,0.7508731723680613,-4.418518231702841e-05,8,21,11.841121086060884,0.05797246094773805,
BUK11469,bajo_desempeno,0.4204555194059462,-0.003988079562339243,15,17,-12.594854214398975,-0.09051913920838807,
BUK11470,bajo_desempeno,0.42515810449090746,-0.008692624453860757,10,20,4.322961264518491,-0.08351374111955737,
BUK11471,estable,0.8047770890309094,0.0018768823175577657,12,19,-2.2804788791079256,-0.06433816096841272,
BUK11472,estrella_subpagada,0.7791350978291475,-0.020916215032387397,14,15,0.966837251054885,0.19966667119559256,2026-06-15
BUK11473,estable,0.7799125043206887,-0.0045780472802403336,8,17,-4.388394927394769,0.15312668300199606,2026-08-28
BUK11474,estable,0.7743303516508534,0.004345770289363982,12,17,7.775802114959128,0.3215575276757484,
BUK11475,deterioro,0.7311637797790008,-0.027887184322193937,8,15,-4.333455169038528,-0.1584558935868426,2026-06-27
BUK11476,estable,0.7794673677570594,-0.0010146326736141828,12,17,-1.59062522647831,0.06149410717094996,
BUK11477,estable,0.4644856213950777,-0.008683131322055844,6,21,-1.899255687332936,-0.029162603613267033,
BUK11478,estable,0.8106922875466832,-0.0010595360853210987,8,17,8.965286737035067,-0.1703871848269881,
BUK11479,estrella_subpagada,0.7673114217508746,-0.023471022462685932,14,22,-7.631761941500467,0.022696389214523376,
BUK11480,deterioro,0.6773530798163176,-0.03258695555276861,14,12,-2.9231457981525297,0.0649510265711711,2026-03-31
BUK11481,estable,0.7356565601684976,-0.00043032953367026707,6,18,-1.0372412000515365,-0.08576706788466601,
BUK11482,estable,0.642781253958866,-0.002870247743643964,13,21,-5.065022354195849,-0.2552073693611431,
BUK11483,estable,0.7213729493927965,0.0022211352726950414,14,22,0.22976986987402548,-0.22391623695011179,
BUK11484,estable,0.8135564592450053,0.000271801943850431,11,22,-6.157635181332823,0.05468022714506154,
BUK11485,deterioro,0.8000466755238209,-0.03073038135367689,15,20,1.8083627734779446,-0.08354387973098651,
BUK11486,deterioro,0.6917079055207547,-0.02012730287910592,12,17,5.244553785161412,0.18642496705935035,2026-08-29
BUK11487,deterioro,0.8148366290697653,-0.024469400172582815,8,23,0.012881959068791922,-0.1408710959595313,
BUK11488,estable,0.6962513879252443,0.0021864754932189446,7,3,4.540213158945777,0.07498927168821616,2025-06-25
BUK11489,estrella_subpagada,0.6605410294060741,-0.008252482430537946,9,7,1.1728042906389176,-0.20156951164956197,2025-10-24
BUK11490,estable,0.903361550515224,0.003682854599346455,8,20,-8.112515742151817,-0.1137180694144302,
BUK11491,estable,0.7712198986293176,0.005455391182732731,9,19,3.885183961468428,-0.051692297912686216,
BUK11492,estable,0.7713580529689228,-0.005007190995689821,13,12,-1.567754685295013,-0.12003895600504452,2026-03-21
BUK11493,estrella_subpagada,0.8234589328562222,-0.0014981678788813374,15,14,2.691472905624544,-0.01723287627434432,2026-05-19
BUK11494,estrella_subpagada,0.7219623523455265,-0.020907936349786806,9,18,-0.43724872169299706,-0.06800317397051388,
BUK11495,estable,0.824624753460692,0.0026746305858424166,11,19,-7.659899506669985,-0.3829121680383639,
BUK11496,estable,0.8017663436221875,-0.010115675738663567,11,18,-0.8632839081889595,-0.4193075402143907,
BUK11497,estable,0.951721822323298,0.004269227304125715,6,22,3.225104474258593,-0.4066163571060642,
BUK11498,estable,0.8229402881688233,0.001037654225761077,14,22,-11.30227519940916,0.5628482771245424,
BUK11499,estable,0.7646799953650538,-0.0033489154956874365,9,7,-4.443475479316562,0.07425751957525535,2025-10-25
BUK11500,estable,0.789173674664216,0.00909771581859002,13,13,1.0025187019401525,-0.08254335028225188,2026-04-01
BUK11501,estable,0.86047064279887,0.0022776409273473444,9,17,-0.9766696177474762,-0.1572389471935899,
BUK11502,estable,0.705146192933146,-0.00015974327204907078,12,17,1.7201378475964513,-0.15189277633190637,
BUK11503,bajo_desempeno,0.5546450207881599,-0.00266175044994265,6,19,-8.094784194234432,-0.10968519878417694,
BUK11504,estable,0.5455376033783033,-0.014794627459864328,14,22,0.15641675889131532,-0.23246356050957306,
BUK11505,deterioro,0.8490852246409625,-0.01622124693524422,10,3,2.4275551072320694,0.4158570381753497,2025-06-09
BUK11506,estable,0.9549516935557155,0.0012122354637948394,14,7,-0.643042453229723,-0.009607609469943695,2025-10-02
BUK11507,estable,0.7092034552084481,-0.0015810388115908279,10,22,2.5432202217667097,-0.000535460431531455,
BUK11508,estable,0.7934355950802723,0.0032774880916092803,11,18,-3.2257531216084905,-0.20900548242912295,
BUK11509,estrella_subpagada,0.9206660560898656,-0.011521298115350107,6,22,0.5822704232642412,-0.055648962060633016,
BUK11510,estable,0.7903704576778883,-0.002558356046256618,6,20,-4.808537952481617,-0.031899300997583216,
BUK11511,nuevo_dificil,0.5457900013244563,-0.0011694025823218678,7,21,-2.7982009410807875,0.12117117266945616,
BUK11512,estable,0.7333145605960744,0.0010191262708655487,7,23,-0.9077431142308987,-0.13906115033680458,
BUK11513,estable,0.6799634745196629,-0.0015730968961941271,14,22,0.23532037562410202,0.04309289618898365,
BUK11514,estable,0.8009897842059275,0.0017866362842900115,15,22,-1.6749870740469728,0.09973005500688659,
BUK11515,estable,0.8332237845697371,-0.0026525854299531745,14,22,-0.34634505728670717,0.17109513204221896,
BUK11516,estable,0.7499377479595932,-0.0037919321467702956,14,22,2.430842536212161,-0.33646020368515067,
BUK11517,estable,0.7992343380983438,0.0006148256535166398,8,17,2.906165929509518,0.08069473185180723,
BUK11518,estable,0.70913574076717,-0.0052219655404620825,11,23,5.8565304512251055,-0.22074037343509426,
BUK11519,estable,0.8677643278705768,-0.0006370627024339142,8,20,-5.128509957405459,-0.07264483447065415,
BUK11520,estable,0.7020132635338626,-0.0036499073004229465,13,17,-1.0773720534838063,0.08425347341839262,
BUK11521,estrella_subpagada,0.7218287484793723,-0.013611269586701601,8,12,-2.6691973990855864,0.04898067857949959,2026-03-18
BUK11522,estable,0.7317349647717308,-0.004383968778074661,14,19,-4.762112037342955,0.2542862934960913,
BUK11523,estrella_subpagada,0.7231366146234667,-0.014875370632602934,9,19,5.420627299333177,-0.1574288478415853,
BUK11524,estable,0.6946831864320314,-0.002842997149377009,10,20,-2.7620264316697627,0.13183958459644754,
BUK11525,estable,0.9544240292295298,0.0022061692794160736,6,17,3.5946787017489017,-0.19047215370970785,2026-08-02
BUK11526,nuevo_dificil,0.49246787166682515,-0.009821010254423864,6,9,-3.5336434946771957,0.10873630794253993,2025-12-13
BUK11527,estable,0.8546423515614624,-0.0003145436098907727,13,23,4.501140546000665,-0.3816432262508348,
BUK11528,estable,0.4420447755937389,-0.007900953549415909,12,21,0.6672338857102116,0.13566206110855564,
BUK11529,deterioro,0.6338291789287348,-0.04008782908932759,13,9,4.818242832644817,0.010292035501307844,2025-12-10
BUK11530,deterioro,0.8559963141414171,-0.02933149101636993,8,22,3.4185340792507617,-0.18432813340655285,
BUK11531,estable,0.6838597903461728,-0.0012721727396992203,9,19,11.198677207493004,-0.27350204705127357,
BUK11532,deterioro,0.7784951605198519,-0.016583138186049777,6,14,-3.5810126436052894,-0.00726054408837439,2026-05-13
BUK11533,deterioro,0.7901734013008389,-0.010536036379682829,15,21,5.3624932893736545,0.19374347731514682,
BUK11534,estable,0.717805849006857,-0.0015816671429848199,11,19,2.6801237743152955,-0.2752321869957833,
BUK11535,estable,0.8453769838085252,-0.006779118370357514,14,20,-3.5659565489645324,-0.26210492193090434,
BUK11536,estrella_subpagada,0.7572482703611324,-0.0014260219083893962,13,17,1.48204534585669,-0.555564699750912,2026-08-24
BUK11537,estable,0.9308265222629222,0.00038699297554530584,6,23,8.652611566842047,0.09658703396653028,
BUK11538,bajo_desempeno,0.4665988485766861,-0.003972250965312939,9,0,10.312681635801956,0.18204423712871465,2025-01-19
BUK11539,nuevo_dificil,0.515045147424322,-0.014386810921438679,7,22,8.695474844700735,0.2644663966386349,
BUK11540,estable,0.663903361221714,0.0038462429388922614,15,18,-0.5590578968268101,0.29916680463800227,
BUK11541,estable,0.8461436815351374,0.0007918381761912343,8,21,-4.102718969889427,0.21957845723650068,
BUK11542,deterioro,0.7346339729589954,-0.02511029904287581,6,23,-2.428387837426671,0.07982843480889637,
BUK11543,estrella_subpagada,0.7156559039434099,-0.006564524661335824,11,11,-1.8285477400481678,0.29764082164247135,2026-02-13
BUK11544,estable,0.7242208345244356,0.0011342701821191188,12,22,1.709875284350301,0.2008436420016111,
BUK11545,estable,0.6080593128354547,-0.004307111398365445,10,22,-2.847636624840308,-0.26887054965847285,
BUK11546,estable,0.7276089233952523,-0.003850789233256804,15,22,-0.7979320447887163,0.12848264860179986,
BUK11547,estable,0.7405781855057679,0.004115193713390889,7,21,2.311227273861678,0.08162426563682681,
BUK11548,nuevo_dificil,0.5728803515591929,-0.0028523646014339023,9,18,1.4010335714343511,-0.10709232866399761,
BUK11549,estable,0.7869522569619137,-0.010230728335787727,11,22,-2.8486067428217914,0.20529539576478656,
BUK11550,estable,0.8089856561067512,-0.005530390818708147,12,18,-1.197909225891808,0.1549674326757839,
BUK11551,deterioro,0.8664266721790528,-0.030057527580735585,11,0,6.457500210679745,0.2346157365258834,2025-01-02
BUK11552,estable,0.7081669564999206,-0.0023194822512392892,11,18,2.383489806394487,0.04290458012806533,
BUK11553,estable,0.7102798643482172,-0.004746110245994255,11,22,12.868797785866025,0.17208028838249628,
BUK11554,estable,0.7284598212701497,-0.0032310204036203553,9,22,2.1233355073658924,-0.020629178603973234,
BUK11555,estable,0.7048706473337499,0.0028576659785355886,15,21,-1.533408638689178,-0.17906144496538443,
BUK11556,estable,0.8634821980818093,0.007162121985199602,13,23,0.7126460474597269,-0.013054443877867927,
BUK11557,estrella_subpagada,0.6592365667620421,-0.018046735276640406,12,17,2.560979233340483,0.3266704223149056,
BUK11558,deterioro,0.7155212210648199,-0.036977985715689755,12,15,1.3051662528671455,-0.14163462045610895,2026-06-16
BUK11559,estable,0.8425746395068162,0.0044012274397212765,13,19,-5.277349939848467,-0.19968522062759228,
BUK11560,estable,0.7248231374243181,0.00040003399696821664,13,22,2.098993411167399,-0.12100029486107125,
BUK11561,deterioro,0.803056019680245,-0.029524867896988247,6,18,10.184281888624415,-0.178092061161197,
BUK11562,bajo_desempeno,0.5921112987937405,-0.004406676855779082,9,1,-2.9039943866445057,-0.19251974030555166,2025-04-04
BUK11563,deterioro,0.7649854867827925,-0.026446700413871867,14,0,8.654751195936793,0.3233594108579786,2024-12-24
BUK11564,estable,0.9442507053375333,-0.004370880911004979,8,18,-11.518857759876319,-0.1306524919768028,
BUK11565,estable,0.6167246274007918,-0.004148388204140033,13,19,-0.40145755837946484,-0.03325923759331109,
BUK11566,estable,0.6618154759978113,0.001757873397224437,14,21,13.46340526894242,0.5633417447073596,
BUK11567,estable,0.8448009446904811,0.0030890882597160102,8,23,-4.6630843240483575,-0.08202811949907793,
BUK11568,estable,0.718578398467132,0.0009529232400618319,11,23,2.14535902847187,-0.10855333505314042,
BUK11569,estable,0.8511833328250655,0.0064403982621790146,10,22,7.800328285372759,0.005927871645995012,
BUK11570,deterioro,0.8353472091494731,-0.035015618692593314,14,16,0.5017210318793717,0.3413537375494908,2026-07-27
BUK11571,estable,0.9318314787489494,-0.0015821879708926266,13,23,-7.203763484076218,-0.05720289708736809,
BUK11572,bajo_desempeno,0.4161071804939166,-0.003260789721027157,14,10,-9.062057511064461,-0.08341039121879779,2026-01-06
BUK11573,estable,0.4420393483256621,-0.004198419497513855,15,17,-3.6310979854085126,0.003623922089274422,
BUK11574,estable,0.894672367076873,-0.0018260125017973184,9,22,-19.168936652555995,-0.27500951816298413,
BUK11575,estrella_subpagada,0.7200290529513679,-0.006651444690465275,8,22,-2.5950880372091456,0.22817658473112537,
BUK11576,estable,0.8255277029716798,0.0013382054749317962,15,23,-3.558904944895339,-0.323471869281673,
BUK11577,estable,0.8076153988904538,0.0012090507832927355,8,19,3.009912512587369,-0.048819531225423186,
BUK11578,estrella_subpagada,0.7390453581877932,-0.014094772793395669,6,18,1.8299293883209864,0.19093373563334523,
BUK11579,estable,0.8040079857211555,0.0013455136399799117,7,19,-9.667877384455513,-0.09147038808901378,
BUK11580,estable,0.8035242836308445,0.005366006036439645,14,20,-8.881341749972274,0.21346008805240702,
BUK11581,deterioro,0.7570302045214121,-0.02709585690069468,9,13,-1.4975663258141498,-0.18452979218422877,2026-04-20
BUK11582,estrella_subpagada,0.7915861458389176,-0.007124057257381887,13,18,-8.355416267403516,0.3263246376739747,
BUK11583,deterioro,0.6181297432948295,-0.01929715483727805,10,22,-3.1925869843392842,-0.08601879120417788,
BUK11584,estable,0.6903986735872526,-0.005964873324426405,13,17,-9.216218467056265,-0.08671838803505638,2026-08-20
BUK11585,estrella_subpagada,0.8207666059254777,-0.001291369129104325,10,17,-2.1995152579028403,0.07034091402514331,
BUK11586,estable,0.7019369393218777,0.0037450721725405694,13,6,4.537797462052297,-0.3361358902810061,2025-09-03
BUK11587,estable,0.9002194679740625,0.006919650705024542,11,23,8.288399014229258,0.3722718476115533,
BUK11588,estable,0.8119320432186484,-0.0015278526754695172,15,17,0.18851599263333024,-0.16295241954937695,
BUK11589,deterioro,0.8092709835822484,-0.04335726297632763,8,14,-3.829620796352807,0.19976503373517604,2026-05-15
BUK11590,estable,0.8169989793722926,0.001098400153261095,14,17,-1.2224752005977582,-0.4653646207186384,
BUK11591,estable,0.6166438223151349,-0.002257582918372378,15,17,-2.8941586459843474,0.447924877181476,
BUK11592,estrella_subpagada,0.7326476123891407,-0.010765613984261891,12,18,6.725376015066573,-0.18735620633683453,
BUK11593,estable,0.7783118841073597,-0.0036788947811532326,8,22,9.941720366600643,-0.39346849523159255,
BUK11594,estable,0.8837086359495068,0.0007059219650352865,15,22,-13.848736359098309,-0.14160411321768102,
BUK11595,deterioro,0.6901907153287636,-0.015982723254998187,6,13,-3.0851509920420215,0.2923404047457614,2026-04-02
BUK11596,estable,0.9138975603066447,-0.0013537859623942734,14,17,2.487576630802339,0.3812240202534225,
BUK11597,estable,0.8338224288921662,-0.001126576304946629,15,21,2.422355232968725,-0.020701231018928085,
BUK11598,estable,0.8550507987602436,-0.003060045500521063,9,21,0.36439980909558234,-0.4154916144229819,
BUK11599,bajo_desempeno,0.561254024937257,-0.0022450629376317027,12,5,5.4368537332022555,0.15688327026910523,2025-08-04
BUK11600,estable,0.715507166725737,-0.0009864863297172365,9,21,1.4917169297798851,-0.045545669539863005,
BUK11601,estable,0.826650914207214,0.004010785097589239,7,23,-4.177382133959629,-0.012663383006957529,
BUK11602,estable,0.8364089291369456,-0.0003590685407068157,10,22,-3.3003290981072086,0.29964670955244394,
BUK11603,bajo_desempeno,0.573533281907193,-0.013917102878437351,10,22,9.398621512379938,-0.06423342532579256,
BUK11604,estable,0.6841135368771127,0.0009923102717171875,14,22,3.7470201084400996,0.6320587749641071,
BUK11605,estable,0.8135335653023702,-0.0025058237239503575,14,21,1.1455990860307186,-0.5212179266551602,
BUK11606,estrella_subpagada,0.8468895223186068,-0.0008278127591067538,15,11,0.6682663859291318,0.045021443735704124,2026-02-08
BUK11607,bajo_desempeno,0.45738258178212887,0.004232333951424017,8,21,0.8493038666685884,0.03131195238514993,
BUK11608,estable,0.9060684347346853,0.0018387042133229119,10,19,-0.5016829625533292,-0.1699013213250617,
BUK11609,estable,0.7054421417491278,-0.0034678382129255873,9,18,1.6767513148916908,-0.32730425901211363,
BUK11610,estable,0.7136077659251532,-0.002975137239500782,6,7,1.0752740419243607,-0.08826784017546176,2025-10-14
BUK11611,estable,0.735924147830059,-0.001634280031593282,12,18,-8.667728040639478,0.16886394407263514,
BUK11612,estable,0.8606517068970286,-0.0031366913463108373,9,17,-2.706644217555084,0.06436248324044375,
BUK11613,estable,0.6053286898525845,-0.0014414021183450985,8,17,-1.3524486904152313,-0.4271583726889506,
BUK11614,deterioro,0.676120438833402,-0.042708707819888905,14,22,-1.0357967975710098,-0.18731713851597293,
BUK11615,estable,0.5856689929476666,-0.016200940251551093,9,7,1.9406830169017262,-0.4680627115809492,2025-10-11
BUK11616,deterioro,0.7611244282936684,-0.017159966857686518,14,15,-10.872076062974962,-0.07502693205273248,2026-06-28
BUK11617,estable,0.7480308885723339,-0.0029626444861884805,12,20,-3.1471595409468103,0.0793297563755329,
BUK11618,estable,0.7401935945800944,-0.0027639981614411883,10,17,1.492219933547324,0.0001278573461994607,
BUK11619,bajo_desempeno,0.5275099851606125,-0.010312278776197826,10,0,9.754919373962093,-0.15650839038454292,2024-11-05
BUK11620,estable,0.70826772939014,-0.0011937121692197062,7,17,2.291560852245551,0.10912631446215133,
BUK11621,deterioro,0.6013043459704333,-0.040701475025272,14,19,-13.512280631923332,0.06684052869391721,
BUK11622,estable,0.6903801186611132,-0.0044319266349060965,12,21,-9.245917808884668,0.048017250395720516,
BUK11623,estable,0.8016361026929906,0.0004739753306493186,8,21,-0.18546459205156984,0.03603568223393213,
BUK11624,deterioro,0.7287997149124198,-0.026152716126985245,13,20,9.457764054302086,-0.006629426627014507,
BUK11625,estrella_subpagada,0.7414604560823631,-0.0069034061287374,14,19,-15.137791350460112,-0.24178604026387038,
BUK11626,estable,0.8133124212899401,-0.0022169322772543996,11,21,-2.7054675703920026,0.17533529405094067,
BUK11627,bajo_desempeno,0.6119518810475724,-0.009772331912926735,7,14,-8.970787736659362,0.31776815036356476,2026-05-23
BUK11628,estable,0.5585377623687711,-0.018647131402254734,15,22,-4.7864862097907235,0.03029823596746568,
BUK11629,estable,0.8082081858679,0.005737356916078555,10,23,-2.4193156642240243,0.24805789189087044,
BUK11630,estable,0.6833232439466396,0.0001124658129999478,14,21,-9.649415455047286,0.08441493705575058,
BUK11631,estable,0.7850317103991262,0.0005437599257969392,12,20,-4.333028039106524,0.11686798679828826,
BUK11632,estable,0.8117694604785023,0.004030306496127444,10,22,-0.2530005712927354,0.21572589838490175,
BUK11633,estable,0.8074602023875486,0.0052404068252529514,12,22,-2.6770428614295882,0.03845971017491158,
BUK11634,deterioro,0.7335812440630517,-0.019251806135317056,10,19,-3.3485040949850693,-0.40001473363644063,
BUK11635,estable,0.5617580963786701,0.003396383349648205,7,19,10.706920966280153,0.10172074528836905,
BUK11636,deterioro,0.7795186893307227,-0.033320096899701154,14,0,8.813296697179872,-0.44339043291000874,2025-01-24
BUK11637,estable,0.7732800384802595,-0.006800826465404371,6,18,-5.030359420580036,-0.4982407660917305,
BUK11638,deterioro,0.6290562695493195,-0.041275493826848725,10,20,-0.5787227957298612,0.13481712887411665,
BUK11639,estable,0.7254156140152028,-0.009130550387948654,10,20,11.308617199750618,0.03373050060428897,
BUK11640,estable,0.7468677167217492,0.0036026105354729342,9,23,12.428577970098939,0.13470379920318148,
BUK11641,estable,0.8526065877882395,0.005219748854766947,8,17,-2.574439008672532,0.17328714889743344,
BUK11642,bajo_desempeno,0.462317639247668,-0.01249604805905742,9,9,5.986798886900196,-0.06657729712280559,2025-12-29
BUK11643,deterioro,0.7365562070559768,-0.04583369679241317,6,21,-7.714710989866235,0.019143185854385604,
BUK11644,estable,0.821047154365572,-0.003857124532283083,9,23,-4.133449423136122,0.06871076804262333,
BUK11645,estable,0.8000268929167823,0.0020961466784650933,6,4,-8.79406309843468,-0.19809258256976306,2025-07-29
BUK11646,estable,0.8402467925578264,0.00734721068090172,9,23,-3.6392101939145833,0.03008375313622193,
BUK11647,estable,0.7992169986979434,-0.007666057411962766,9,9,-4.702327965545644,0.1435139611251724,2025-12-19
BUK11648,estable,0.9102018526685494,-0.0008128950498997184,15,23,-10.027704498687976,-0.1590251502777645,
BUK11649,estable,0.6717633667894561,-0.0021063486924607707,8,17,-1.4804739228125665,-0.15646905429080651,
BUK11650,estable,0.8907777115661658,0.008911212076237624,12,23,-4.242821361153398,0.5259790781465833,
BUK11651,deterioro,0.7255516868762689,-0.04476247890826443,9,19,-6.342401546011223,0.1441806535162701,
BUK11652,estable,0.7953802274939856,0.0027109797054938214,7,22,3.472000054012674,0.013568081752547426,
BUK11653,estrella_subpagada,0.8620953349287764,-0.006942896234028915,12,18,2.6079141467268694,0.01840946298845805,
BUK11654,estable,0.7143618061137414,-0.002839846660837813,12,20,-6.7099219492197895,-0.06890454040562384,
BUK11655,estable,0.8349886747139024,-9.935064273370028e-05,15,23,8.718027640849014,-0.4034828153148159,
BUK11656,deterioro,0.7779256968327561,-0.03846703912592795,12,21,-6.526937791889864,0.1940611933900671,
BUK11657,deterioro,0.6850296409521144,-0.03163125063203551,13,16,7.89610945779755,-0.14710913706976664,2026-07-25
BUK11658,estable,0.7442810938214032,0.002698634644679666,10,23,-10.46479795958046,-0.1134122692277183,
BUK11659,estable,0.9434073689058503,0.009504669404449214,12,18,3.5761075227261965,-0.08780468270809498,
BUK11660,estable,0.7652021584052198,-0.0014568520253015818,14,23,1.2611739526952968,-0.0717491255337042,
BUK11661,estable,0.8310961720184419,-0.0014303667950519106,7,20,1.5162995106676131,-0.06420200696519152,
BUK11662,deterioro,0.579297139613738,-0.025901011178278394,6,20,-0.6291573734061598,-0.061386498213196986,
BUK11663,estable,0.9075590301217883,-0.004042844902112223,14,19,-0.08595021258730376,-0.1765680644842317,
BUK11664,nuevo_dificil,0.5036164047057868,-0.003557670568168636,11,18,-1.744620257232741,-0.01757031384084579,
BUK11665,estable,0.8980535986362699,-0.004483889308678945,15,21,-6.145594137080982,0.10474884374368623,
BUK11666,estable,0.837294496574512,0.005581182852302225,10,17,-3.0930128624964857,0.17767138291799311,
BUK11667,estable,0.8768561718431642,0.008344427241087367,13,20,-13.425299376140932,-0.14594074799446644,
BUK11668,estable,0.5697348721133719,-0.016745365414604037,11,20,-8.233900508307716,-0.19497364330321998,
BUK11669,estrella_subpagada,0.7953379619015887,-0.020938221214256612,15,21,0.15885947631856914,-0.5448626604986508,
BUK11670,estable,0.8542396375636278,-0.006408063096158886,11,12,3.595120470510251,0.31575118701513905,2026-03-20
BUK11671,estable,0.7575722358799438,-0.002997235997266235,8,0,6.151238817816141,0.0617340893406816,2024-11-13
BUK11672,estable,0.815973303703537,-0.001533601013932192,11,23,-5.396240710005346,-0.02896084688804069,
BUK11673,deterioro,0.6351095008195944,-0.028834843706074836,6,20,13.452866738260012,-0.20658118646690496,
BUK11674,deterioro,0.770531634770063,-0.01653914087563771,11,17,-14.420615932734139,0.26897304445532977,
BUK11675,deterioro,0.6582576078368724,-0.038623336339449504,6,16,1.3996342515948292,-0.1311325637194749,2026-07-20
BUK11676,estable,0.8343367114838918,-0.004634525114060364,6,12,2.266830145040164,0.09945327829422385,2026-03-23
BUK11677,nuevo_dificil,0.5390528932583037,-0.013131160941339384,6,14,-3.038040284611717,-0.26286384126939344,2026-05-31
BUK11678,deterioro,0.6658438105205978,-0.030426078472457426,7,19,4.428302740870179,0.061304439275516084,
BUK11679,estable,0.7247337878856472,0.0019420868800871709,14,20,9.128822873675745,-0.3637004248521179,
BUK11680,estable,0.7350675188926773,0.0009703428988829054,10,18,7.746307040384201,0.049550531509605034,
BUK11681,estable,0.8782001842097772,-0.0038246576948173976,11,22,-2.1176595099680458,-0.05065070283037336,
BUK11682,deterioro,0.700734235467719,-0.04157849962870848,14,15,1.02905259186284,-0.005364469714909254,2026-06-09
BUK11683,nuevo_dificil,0.6153255577305452,-0.011309847875243452,13,23,-2.573875543057124,-0.18470924779406683,
BUK11684,estable,0.7173736701859791,0.0030970177293810114,15,22,8.607913277733314,0.17924774440824304,
BUK11685,estable,0.7632611279321723,0.008573278772791806,9,21,-2.2200186775754434,-0.18460402657583952,
BUK11686,estable,0.7988357182147667,0.0011886797537585144,15,23,7.740995632666285,0.14462026095624284,
BUK11687,estable,0.8066674757322438,-0.005542068610160729,14,21,12.811428726192398,-0.16308539073051595,
BUK11688,estable,0.7201369386652714,-0.0020536803936981084,11,20,-1.201353342390545,0.10537551868405043,
BUK11689,estrella_subpagada,0.781558590739136,-0.013584830589099853,11,19,-4.731038100081007,0.22467067622553447,
BUK11690,estrella_subpagada,0.765217121490865,-0.0009986543731959723,14,22,2.860321892767215,0.1523143492066231,
BUK11691,estable,0.7815898876433265,-0.00992252383801013,12,19,10.369173828538312,0.021618177091672373,
BUK11692,nuevo_dificil,0.4882553523817156,-0.021289705710566424,10,16,5.806951026691272,-0.09661447704107347,2026-07-26
BUK11693,estable,0.6892936669579643,0.009284525706016383,8,23,-2.901551093096854,0.15462015105084734,
BUK11694,estable,0.8968313279883938,-0.00024190973402902455,15,19,-4.654408936143049,0.19780751572760527,
BUK11695,estrella_subpagada,0.781682878392386,-0.0029235908035981865,10,13,4.392102504821764,-0.14569977599523162,2026-04-27
BUK11696,estable,0.7314482114704642,-0.003429603379155217,6,18,0.37716877245212177,0.023011938046396584,
BUK11697,estable,0.7612634127242823,0.0014595108278699209,15,19,17.028639904646674,-0.04752988976820868,
BUK11698,estable,0.7060157146910135,0.008348064163691044,6,17,-8.432290663492811,-0.045276429607942335,
BUK11699,estable,0.7646452466211953,-0.0036142384053040023,14,22,8.186772460418396,0.2072477767906147,
BUK11700,estable,0.7390864594912484,-0.0010754915575657323,11,20,-6.766438591005424,-0.4123658250608739,
BUK11701,estable,0.7989557691844418,-0.0032276226296179445,12,9,2.8348760118170895,0.1121638099115918,2025-12-12
BUK11702,estable,0.9086258241506378,-0.00038609543972991566,8,23,-6.219887436748573,-0.00019449889070999915,
BUK11703,estable,0.7088310995272458,-0.004480899022964574,7,22,3.60765135609775,-0.4810993383491017,
BUK11704,estable,0.8740168474307576,-0.004498228589280394,8,18,-0.986514835703991,0.14835605723034992,
BUK11705,estable,0.8097606242762873,0.0010348031489823017,11,17,-8.842046839310676,-0.12943110066303443,
BUK11706,estable,0.8700780215442686,-0.0024871246532727105,8,17,-15.760911884841809,0.26599698224288415,
BUK11707,deterioro,0.6578002708930393,-0.03659776306406773,8,20,-6.196964309260535,0.33081737813975676,
BUK11708,estable,0.8712406024451217,0.002374955006029669,13,21,5.649788356297383,0.021953080608743535,
BUK11709,estable,0.7847547213719994,-0.0009698549185700821,11,20,3.3444409810099556,0.47947774788277536,
BUK11710,estable,0.7237807194932175,-0.0010412103959562189,14,19,-10.1198954077627,-0.1982387171591532,
BUK11711,estable,0.853758078651706,0.00312449651132941,14,19,-0.4590796937556405,-0.10374151885185905,
BUK11712,estable,0.7852037526501158,-0.004196984382416073,11,22,-10.447203028904358,-0.1719483933560888,
BUK11713,estable,0.43231428512290765,-0.009889050077867268,8,21,-0.35295868833085964,-0.12744654149287296,
BUK11714,estable,0.8270346669373005,0.003913160291632505,6,22,3.952996297924984,0.511196358271697,
BUK11715,estable,0.9197615839174733,-0.012382233764450025,10,22,2.3739130718279453,0.04896773752472684,
BUK11716,estable,0.8583996300202834,0.0020610814967515103,8,22,-7.457303684094063,0.32332431690713304,
BUK11717,estable,0.8961253619690591,-0.002921332109854672,15,1,4.347583142431231,0.49113348054156847,2025-04-18
BUK11718,estable,0.6488229368893205,-6.524364853675265e-06,11,19,5.6309176265591,-0.15743481093429423,
BUK11719,deterioro,0.814405756988774,-0.03648535612331899,11,1,-6.167481046827854,0.17406837025027605,2025-04-02
BUK11720,deterioro,0.7895549648625787,-0.019858581619672126,6,0,-6.710340332842019,0.36879643609654084,2025-03-09
BUK11721,deterioro,0.8524181826273098,-0.008626731835336958,12,20,-7.346629454264308,0.5298107825571629,
BUK11722,estable,0.6651995839690319,0.006876642334734486,9,23,-9.753194520512046,-0.06061222848271038,
BUK11723,estable,0.9077660056287649,0.008799334974448167,7,19,-10.90625437766076,0.16807974450982502,
BUK11724,nuevo_dificil,0.40843775178360847,-0.006492658583879222,6,21,-8.903894900441324,-0.15306676279309836,
BUK11725,estable,0.7432412951826534,-0.0019754713049007135,13,23,8.563546203733509,-0.3683189695940937,
BUK11726,estrella_subpagada,0.7899738866076019,-0.017293818679273668,13,14,3.6674006671435446,0.12939871592137944,2026-05-21
BUK11727,estable,0.8359865713887067,0.004591228886728159,11,22,-1.0640088065288213,-0.015615920581835361,
BUK11728,estable,0.8701097821832336,0.0019470409644495182,7,12,13.132745729036776,-0.19684110810738914,2026-03-29
BUK11729,estable,0.9984857948082506,0.001473376166059723,8,23,-1.5472796097028867,0.27612577391401577,
BUK11730,estable,0.7924922903625032,0.004360437732058055,7,20,8.891127257632482,0.19922763340507862,
BUK11731,estrella_subpagada,0.768483266132592,-0.018888589155137685,14,13,3.382558442923772,-0.2472737522942992,2026-04-23
BUK11732,estable,0.8036978932915798,-0.0026200043974055802,12,17,4.081986474418285,0.12588482862967884,2026-08-01
BUK11733,estable,0.9824070761362429,-0.005718324160101738,13,18,14.208675314141868,-0.3840207148337786,
BUK11734,estable,0.827911187136469,0.0012784081672476523,6,17,9.11360785987879,-0.1500447167445986,
BUK11735,estable,0.8130278898386594,0.0065894059474781485,6,19,2.487634942825405,0.12110432207406686,
BUK11736,estable,0.7551670176193586,-0.008903937493941553,15,22,0.5520512850200036,0.008517275212421287,
BUK11737,estable,0.8367125039798943,0.004213596955021364,14,18,-5.975379733685761,0.09807626546749981,
BUK11738,estable,0.7736083136832068,-0.007647956684504237,13,20,5.553887397942617,0.2381643306465472,
BUK11739,estable,0.743195845173186,-0.0008787852397458086,11,21,-8.385387849990806,-0.3099642174726356,
BUK11740,bajo_desempeno,0.4819634690206057,-0.003736053137965569,12,17,-1.5575557068192634,0.08344713681345882,2026-08-30
BUK11741,deterioro,0.7437886980869004,-0.035767531197725355,13,16,10.086181653531046,-0.5548360674831941,2026-07-08
BUK11742,estable,0.833764685451798,0.0020440137539787756,7,18,3.2150705090514666,-0.13667440146657975,
BUK11743,deterioro,0.6015821912207793,-0.029357536226132835,10,16,-4.028651057186048,-0.08763485465414997,2026-07-07
BUK11744,estable,0.5172836763150108,-0.006345851679403325,15,18,10.492852718423158,-0.05216044881065061,
BUK11745,estrella_subpagada,0.8051646773110614,-0.021313005279332158,11,19,7.619189559814948,0.20634376780556754,
BUK11746,estable,0.7643373299112,0.0005274264882126796,11,20,3.652677251162924,0.20878914418229116,
BUK11747,estable,0.7784785257158482,0.0018599427935762146,6,17,-2.103656101284359,-0.2066869254174608,2026-08-14
BUK11748,estable,0.6909990202826192,0.006791740968368335,6,0,-3.0612844876934733,0.01371974278708716,2025-03-15
BUK11749,estable,0.8860529775634388,-0.008808430023208462,12,23,6.287733363008506,0.11245630000389108,
BUK11750,estable,0.8286401556551217,0.004381618076632375,15,23,2.2592292915590115,0.34744745543555,
BUK11751,estable,0.7762925319096342,0.0027860369903724056,10,21,-0.21854653324565038,-0.06338084474843175,
BUK11752,estable,0.6793259759115232,0.00298654361895383,7,23,-5.51051104121415,0.4317758000553329,
BUK11753,estable,0.7335999007252807,0.004813181501777936,11,23,1.4405281465744126,-0.17233049354151952,
BUK11754,deterioro,0.759436330317643,-0.04631223632468588,10,23,-0.25789610035995625,0.034270483454472096,
BUK11755,estable,0.7837068439601149,-0.002169463300178095,14,15,-1.2370126284751128,0.16665849686324372,2026-06-10
BUK11756,estable,0.6965803121516807,0.00023809336814026365,13,22,-1.9558008973141985,0.3589162348816088,
BUK11757,estable,0.764814848345441,0.0013150197497718873,7,22,2.171421920119972,0.02881647630886938,
BUK11758,deterioro,0.7026146966473533,-0.035548813474854946,14,9,-3.947426715239523,-0.08560505156796248,2025-12-19
BUK11759,estable,0.8784838078325672,-0.003450597577705535,12,22,-6.466739602042489,0.1509544784466849,
BUK11760,estable,0.8572770519639135,0.0014102689425288765,6,22,-2.7061349817447864,-0.15451170270836712,
BUK11761,estable,0.8360849578567431,0.008333305864741567,10,21,7.918993605278679,0.21622581116072653,
BUK11762,estable,0.7890172551334101,-0.0048988861448692215,11,20,-1.4679509152607015,-0.045359923932809465,
BUK11763,estable,0.8193259967625114,-0.002595993468246868,6,19,3.4444141658137117,0.13799232037393924,
BUK11764,estable,0.8059373468236651,0.004525921122614121,15,18,8.747148925932631,-0.20460011931929675,
BUK11765,estable,0.812197595886836,-0.004162140742485889,8,11,-1.7962516729330111,0.06955152242880411,2026-02-26
BUK11766,estable,0.7684994504519231,0.005320257899369489,7,22,-5.637152834864301,0.18146830905609257,
BUK11767,estable,0.6448818041061223,-6.558808001756421e-05,9,18,6.1489370457280295,-0.20079084545879172,
BUK11768,estable,0.8605611268700188,-0.0029991181346151283,6,19,0.1692294690694952,-0.07586162021436688,
BUK11769,deterioro,0.8232806921599193,-0.015093504266466311,8,11,-5.881354788736252,0.557076079244095,2026-02-24
BUK11770,deterioro,0.7250988556893858,-0.02523275623388966,9,17,-0.38200448428353806,0.07211857535924975,2026-08-15
BUK11771,estable,0.8450554581714331,-0.005684047892440878,13,19,-3.3114261681892234,-0.5787406397157414,
BUK11772,estable,0.7546419117356218,-0.0008541302924665823,10,21,4.712722708361795,0.14799709228785787,
BUK11773,estrella_subpagada,0.7933702230653874,-0.015771491131311523,8,20,-7.793813048121509,0.06060436701566072,
BUK11774,estable,0.7172244791384995,0.004608111490709594,14,19,-4.6594256691349365,-0.1394051536105027,
BUK11775,estable,0.825118154258472,0.0016599241604766531,9,21,3.727838715148125,-0.23289958955157028,
BUK11776,estable,0.7807513354374642,-0.0029532466780827554,8,17,-11.342655908876937,0.23157529924709835,
BUK11777,estable,0.7305970892837431,-0.002756673483562043,9,17,1.697314520003731,-0.08277379286190817,2026-08-28
BUK11778,estable,0.7242373912492924,-0.0001679620444310254,11,17,11.050475494971156,-0.6449243331166378,
BUK11779,estable,0.8991100816794586,-0.007291429599110858,13,18,3.894331820025376,-0.10625456208791577,
BUK11780,estable,0.7799770534718129,0.003816034295070864,6,21,10.636489992388576,-0.16577961053409315,
BUK11781,estable,0.5840582095497546,-0.005686132734882804,11,17,-4.775302639121255,0.19338728684961318,
BUK11782,estable,0.5925221598599215,-0.008551855305085926,6,1,0.8608851568723812,-0.191247719625655,2025-04-19
BUK11783,estable,0.8245156959709923,-0.0046860398605341564,11,23,13.67046649403079,0.28415685016336845,
BUK11784,estable,0.6125122615413361,-0.004648251514338718,14,18,-1.0261630780446254,0.1438290921246358,
BUK11785,deterioro,0.694537854534756,-0.041478998399975604,15,15,-10.030942530039264,-0.2513860569757355,2026-06-15
BUK11786,estable,0.7417187932268078,0.002646380645788141,15,17,1.7978901836103738,0.13555279060800043,
BUK11787,estable,0.7353144749284999,0.002257674749891035,9,19,11.432774661450262,0.3240179591962457,
BUK11788,estable,0.7779886199285945,0.0030270867187418803,15,21,4.612596847942589,0.1956262122638945,
BUK11789,nuevo_dificil,0.5223503966322793,-0.010196982080826117,12,22,5.500333808796675,-0.2234615067795394,
BUK11790,estable,0.7594512474209352,0.00037063018213084236,9,19,1.6011194460079659,-0.28889889928455004,
BUK11791,estable,0.9487108748454569,0.004091664818136717,14,20,-6.985408679886605,0.26828355064011317,
BUK11792,estable,0.8003163123419617,0.0024189779240988253,15,18,-16.759155421047357,-0.3844195560247635,
BUK11793,bajo_desempeno,0.6287009748169877,0.004689057139139512,9,16,-12.615051544024496,-0.02835991155849704,2026-07-19
BUK11794,estable,0.9013947890693506,0.0009110521972000509,13,21,-14.015228157195693,-0.4616320092408325,
BUK11795,estable,0.7856559835678492,-0.005871418949197558,9,23,10.3870781805602,0.19891672172036934,
BUK11796,estable,0.824049809440689,0.002048442082899826,9,9,-8.167073990924198,-0.06111078659637008,2025-12-10
BUK11797,estrella_subpagada,0.7277859608110822,-0.019731462118505228,10,3,4.064564171708325,0.44574406077126427,2025-06-28
BUK11798,estable,0.8533896285935945,-0.0010789602333974046,8,23,1.3961248625848244,0.10182489944413436,
BUK11799,estable,0.9211973484826439,0.001996602408384171,11,19,0.3086838229696469,-0.042845959590651406,
BUK11800,estable,0.9281625320353097,0.00260898478436138,7,22,5.577059274266017,-0.1729040488377216,
BUK11801,estable,0.7531920302984103,-0.0067243254693310954,12,21,-3.3016994682227585,0.42634546209368646,
BUK11802,estrella_subpagada,0.7548678702953145,-0.007530397553948237,7,21,-2.82586231517956,-0.07490226817158589,
BUK11803,estable,0.8744016841661659,-0.002556198564876727,14,19,1.4642205180222663,0.08970403368514596,
BUK11804,bajo_desempeno,0.5380089423863573,0.0014674731328687008,6,18,3.5159105679460967,0.031763784192412936,
BUK11805,estable,0.8417625468868853,-0.010287437067518055,8,18,-7.334517639270794,0.5759454406857336,
BUK11806,estable,0.49795522514945845,-0.021765667125563257,11,20,0.5403995312085118,0.5167270914102581,
BUK11807,bajo_desempeno,0.46984799475099737,-0.0009124931917448014,13,20,0.396294003138211,0.08255220113020642,
BUK11808,deterioro,0.6341755398535562,-0.04175454414927317,10,12,4.202538452590676,0.21464172701273887,2026-03-17
BUK11809,estable,0.6694873602712728,0.004713450171841757,8,18,-2.367241185390762,-0.04567718961239108,
BUK11810,estable,0.6304334502840725,0.0030051267988789702,9,17,2.3464552334789914,-0.011207324316334205,2026-08-23
BUK11811,nuevo_dificil,0.656210738052272,-0.0029966549658079177,12,16,-7.756984752173022,0.36390014666861487,2026-07-31
BUK11812,estable,0.7490996167395848,0.0029215024629702345,8,18,0.15232696541178734,-0.18625898260513676,
BUK11813,deterioro,0.751965488564069,-0.018854111141445754,13,20,1.6688864269484367,-0.3026584691823417,
BUK11814,estable,0.7736525057840705,0.0020790984694935614,6,19,6.199813230927353,-0.24439205597179747,
BUK11815,deterioro,0.8960794712837936,-0.02007261937393079,7,15,2.6712005051846934,-0.029295140581546007,2026-06-27
BUK11816,estable,0.7631232336579058,0.0010833241735317045,9,23,6.105795927104618,0.07689538080535151,
BUK11817,estable,0.792342721734541,-0.0016908336537511618,6,21,6.488826987752484,0.07817857242632774,
BUK11818,estable,0.857796567076828,0.008794825632239229,7,21,-4.569279667471133,0.0001756047981855588,
BUK11819,estable,0.5003055455011994,-0.02000879539979282,8,21,-1.8229384140773754,0.062183361351365464,
BUK11820,deterioro,0.7619351797788076,-0.00965146123025299,6,20,6.828025319580333,0.00978894050381798,
BUK11821,estrella_subpagada,0.7464289312619274,-0.02239486195948396,10,16,8.588725765738783,-0.25482204291258265,2026-07-28
BUK11822,estable,0.7612154862750675,0.006568712095487733,12,17,1.7729175925811576,-0.23035181653139955,
BUK11823,estable,0.7627865870841317,-0.004974690476260257,10,21,9.239589575749456,-0.1550411215205972,
BUK11824,estable,0.6999759156977264,0.001982371050296457,8,23,5.080014576329506,0.2602467607274152,
BUK11825,deterioro,0.7311208071580133,-0.03677004137079212,12,19,-2.6594790592107516,-0.04929621019720549,
BUK11826,bajo_desempeno,0.43339916545874346,-0.01957075982301152,12,22,-8.01194355061603,0.21101517617037752,
BUK11827,estable,0.7940995093263379,-0.0004775681480705906,9,16,-2.033877351490023,0.10394561997417011,2026-07-23
BUK11828,estable,0.7175152376464629,-0.0060373107234552355,8,22,-2.2025691687172944,0.03103508993613525,
BUK11829,deterioro,0.7034903203060511,-0.015688731412976796,6,7,-10.838351528033444,0.23598952659791853,2025-10-26
BUK11830,estable,0.6051435933107335,0.0009321080317282704,7,20,6.160450187232438,-0.07562190170486582,
BUK11831,deterioro,0.6267370543520819,-0.010747302731337047,11,23,2.7002596205564116,0.008394738817812313,
BUK11832,deterioro,0.7834719949729622,-0.03285644349105689,14,15,7.3314755729308905,-0.04720052811178455,2026-06-11
BUK11833,estrella_subpagada,0.6804555037700761,-0.010980376878278388,9,23,2.2092653574262022,-0.18751329333758524,
BUK11834,estable,0.8441889000726734,-0.0018645683317928912,12,20,-0.9649795014231732,0.03659903088066813,
BUK11835,estable,0.8934963104276549,-0.002414855985172239,11,19,2.540752921145864,0.1262499333527922,
BUK11836,estable,0.8426944284953326,0.0014003337202929743,12,19,-14.02526209096347,0.09722226898405592,
BUK11837,estable,0.8588564617504142,0.0006262986275474441,10,21,4.5776759202072554,0.4919889805871632,
BUK11838,estable,0.8159367442551398,-0.0020168841903781503,11,17,-0.6762680367407223,0.2849576616717294,2026-08-26
BUK11839,estable,0.8892486989869173,0.004637874774419324,14,17,-6.300316591583095,-0.3822585685824057,
BUK11840,estable,0.8578737113973276,-0.005367634852263039,13,22,-4.186870597749203,-0.1135921892018477,
BUK11841,estable,0.7703834495052604,-0.00387194195567701,10,19,-0.614732019570407,0.07491580945034552,
BUK11842,estable,0.7840932789938133,-0.0002172389175115956,10,18,-1.5266937301275916,0.04906310861298959,
BUK11843,estable,0.8909432498698311,-0.00018959849641684133,14,17,-3.3600923742244477,-0.3932321314442249,
BUK11844,bajo_desempeno,0.5257743155204504,-0.0017701430561011073,11,10,-1.6108145268748015,0.09595210371380584,2026-01-21
BUK11845,estable,0.6660913468411674,-0.0009589463630013442,14,19,-5.8522621212868104,0.2848500089031056,
BUK11846,estable,0.9379849366334374,0.004434909131361377,7,20,0.27519711043987566,-0.3325839417958188,
BUK11847,estable,0.8253943098794383,0.0025807330509342186,11,15,2.503982969948289,0.3544091485964723,2026-06-13
BUK11848,estable,0.652758156154047,-0.0029332257571884667,14,19,-2.7026942945395063,0.033776282430277076,
BUK11849,estable,0.8131104432252425,0.003117177576750198,11,19,2.756828375927272,0.14898846492192852,
BUK11850,deterioro,0.7008135305018879,-0.0533485004102037,7,21,-5.042411344816293,0.11292138289482447,
BUK11851,estable,0.8545086622576281,0.003057974728065,7,5,5.247106211752247,-0.3184208966776467,2025-08-22
BUK11852,estable,0.7072292404272441,-0.0020397745512236464,12,19,9.568743697308955,0.2835723508199879,
BUK11853,estable,0.9256128856465247,0.000912774249841439,6,23,6.590240615150233,-0.11793974151355578,
BUK11854,deterioro,0.7386505874156584,-0.024819601820624947,13,17,0.8573031354461986,0.14445124086353947,2026-08-17
BUK11855,estable,0.8637526163469955,-0.002899994308262392,10,23,0.6405430108754864,-0.02740801387257883,
BUK11856,estrella_subpagada,0.7463313596684015,-0.003297993793406369,11,4,-0.16795183128150404,-0.11839659538090072,2025-07-23
BUK11857,estrella_subpagada,0.7263752965311268,-0.005954277189405415,11,17,-1.9613054461879837,-0.008295491789298684,
BUK11858,estable,0.8020511788491371,0.0016062882724312945,10,22,-12.417977549826759,-0.34012692243540116,
BUK11859,estable,0.7730123898286727,-0.002313098350781614,8,18,1.429843132994742,-0.22737720621493746,
BUK11860,estrella_subpagada,0.6591681191523409,-0.006703724194706483,13,19,1.7489626237366436,0.257927226985526,
BUK11861,estable,0.9111029555110278,-0.00031750119967650074,7,5,-0.6999421212695845,0.47601253982031266,2025-08-04
BUK11862,estable,0.7500032505763864,0.0028713766865192756,11,23,7.818605241530682,0.0877824771848728,
BUK11863,estable,0.8557037894629617,0.0007310036102249198,7,11,6.958202305932781,0.07162246256555156,2026-02-20
BUK11864,estable,0.7639519356660238,0.0007529617577479537,15,17,5.870442172007077,0.23516741915329062,
BUK11865,estable,0.7410918219257686,-0.003006793315114046,12,21,7.039968891568529,0.1352603278338471,
BUK11866,estable,0.8826044310380272,-0.0034788879729420637,9,16,8.71120649689174,0.13270573062072424,2026-07-15
BUK11867,estable,0.8629232560020201,-0.00463485042844276,13,2,-2.8636141053611297,-0.106465157397498,2025-05-10
BUK11868,deterioro,0.7780853911410053,-0.02564375129988438,15,20,-4.279975946200601,-0.27403863926255456,
BUK11869,estable,0.7732712017010694,-0.0017514487781694413,6,14,3.5955557873003117,0.1431344072269482,2026-05-20
BUK11870,estable,0.6957698481877359,0.0005411034762017819,9,21,-0.5268027879800924,0.37749567624684927,
BUK11871,bajo_desempeno,0.594667799945807,0.005099648054661548,13,13,-1.3872182310279786,0.07804132622301271,2026-04-14
BUK11872,estable,0.6483137924297053,-0.009633372066452907,10,19,6.556633541898463,0.22439182337840732,
BUK11873,estable,0.6470171733334386,-0.0038536602506429435,10,23,1.7068320945965332,-0.17373343768893132,
BUK11874,estable,0.8997133370708332,0.007172635815047917,9,12,0.3302557759231952,0.277013222113758,2026-03-11
BUK11875,estable,0.6720441749161339,-0.0075496384685851126,10,23,2.2569911340148074,-0.21617201626135973,
BUK11876,nuevo_dificil,0.4411390555572731,-0.008748622103729571,11,17,1.5242401574455493,0.1276971587646371,
BUK11877,estable,0.780815155716339,-0.0032390664187333623,14,19,-2.5298313056352733,0.29316424323873774,
BUK11878,bajo_desempeno,0.4095242568989243,-0.005361375338236985,12,15,0.2681972014568125,0.03294173269047086,2026-06-28
BUK11879,deterioro,0.8117699758029654,-0.016389579139500315,8,20,-4.183527718953256,-0.2012413622001086,
BUK11880,estable,0.45707081442291975,-0.004610090714951029,7,17,-1.9087099302777877,0.10936793763575556,
BUK11881,estable,0.7021834607453611,0.0029271752385911865,7,23,1.4640480484796727,0.17981858505628015,
BUK11882,estable,0.8575520388382589,-0.007545283640400617,6,11,4.570763352546143,0.06789860878158825,2026-02-08
BUK11883,estable,0.6546990465348587,-0.0008415982190085968,6,17,-4.980587185304551,-0.32778314250590845,
BUK11884,deterioro,0.6850086435823115,-0.035163910867144474,9,13,-1.6745810448106433,0.5301784341866772,2026-04-14
BUK11885,estable,0.8276182264188273,-0.0031186778239389763,9,21,-3.801839969514112,-0.1761400905396082,
BUK11886,estrella_subpagada,0.7635388514102165,-0.006722231520508731,11,20,3.849215646411605,-0.2928303978150519,
BUK11887,deterioro,0.8455952709977934,-0.03908507846466642,7,21,11.155160898891774,0.21796557531409855,
BUK11888,deterioro,0.7259509042246334,-0.013948550156566462,6,17,1.37306124812771,0.3732488635498077,
BUK11889,deterioro,0.6798622606132476,-0.021748793179693884,11,18,-2.2440053446103034,-0.07042789896189604,
BUK11890,estable,0.7912404698940375,-0.002956257983581862,13,17,2.2217044400170414,0.11356218248039336,
BUK11891,estable,0.7510890869309081,0.0015821654832424042,11,19,4.534855160378564,0.01160792322192699,
BUK11892,estrella_subpagada,0.7302273147900367,-0.010238068340456137,8,18,-9.952585088874017,-0.15839795063987494,
BUK11893,estable,0.467927843750679,-0.020366244279102594,11,16,-3.09836866895934,0.3020372051867645,2026-07-23
BUK11894,bajo_desempeno,0.4448317939724444,0.0005856546433864566,15,18,5.532174016685676,0.4049027735751937,
BUK11895,bajo_desempeno,0.43658869763336455,0.005491317310544617,11,12,0.9477237362637844,0.3587082004332687,2026-03-22
BUK11896,estable,0.6940759570528852,-0.0021257256025092484,12,18,1.1506176127130094,-0.11557716501657062,
BUK11897,estable,0.7717913970592226,-0.001121866256110228,14,18,3.21631430496662,-0.4639857096063112,
BUK11898,estable,0.6992966383873739,0.0041324195883253294,12,23,3.085851258106142,0.2441996001790556,
BUK11899,deterioro,0.783922818444336,-0.025281470752717552,11,23,6.597066426104947,-0.2680555989002383,
BUK11900,estable,0.7930658003732587,-0.00011387846053326611,8,23,-11.763250782558393,0.003793424088054221,
BUK11901,estable,0.7180684614745552,-0.004163241111448853,11,0,-0.2403653778791528,-0.07362310036111155,2025-03-13
BUK11902,estable,0.672833341293956,0.0064845199465599955,9,23,9.030987412874463,0.12328241270175647,
BUK11903,estable,0.756102422489002,0.0037225503208654126,12,21,3.1604382292476556,0.034483509633701975,
BUK11904,estable,0.7565978226361343,0.0037883516312077485,13,21,-0.10085252292782806,0.1371602347198574,
BUK11905,estable,0.7228737494572832,0.00506772722877003,14,21,6.045005446426105,-0.07584150362505161,
BUK11906,estrella_subpagada,0.6933041402929369,-0.012415769448306465,12,14,2.0466943721467072,-0.0773122783555598,2026-05-09
BUK11907,estable,0.8089640426492981,0.007158956016229463,15,9,0.0390657611388638,0.03535865500966816,2025-12-05
BUK11908,estable,0.7223494008804163,0.0026896252484179288,14,15,-5.196159151444601,-0.2630626698370422,2026-06-22
BUK11909,estrella_subpagada,0.7383624406533471,-0.024747710908931242,11,10,-5.091873197805813,0.04089347925318162,2026-01-15
BUK11910,estable,0.8010857941589009,0.0020766963241110516,15,22,0.8367062514926283,0.13828502766407957,
BUK11911,estable,0.7361435891035145,-0.0005341851821174473,11,21,4.64992998645986,0.2921212926458544,
BUK11912,estrella_subpagada,0.6387905640590797,-0.021124931624655834,13,0,5.653268115120547,-0.32169814239394506,2025-01-01
BUK11913,estable,0.6877837513562726,0.0014929278287058667,12,23,-11.538515339855868,0.268626055527327,
BUK11914,estable,0.6857148703063243,0.0042088013962153035,14,18,6.672097402790374,-0.058912654362046665,
BUK11915,estable,0.8439971060109271,-0.005756358153495443,13,18,3.1446315621830108,0.18679982726975258,
BUK11916,bajo_desempeno,0.33708776283880504,-0.013262465490345685,7,21,8.39203779073108,0.32509029324825733,
BUK11917,estable,0.7830721159837272,0.0032132803424734244,10,23,-3.4526418418294513,-0.012807206717223624,
BUK11918,estable,0.6410713011053031,0.0034654728895308303,7,23,-8.1017354617377,0.13776345021379388,
BUK11919,nuevo_dificil,0.3987068654806507,-0.007903537248096832,8,18,-4.621003992903588,-0.3119274581963723,
BUK11920,estable,0.8562382500605281,0.0026075548441338837,12,19,-2.484357767190371,-0.1740041301276036,
BUK11921,bajo_desempeno,0.6392258510828466,0.0023237581134756555,11,14,4.547159747422865,0.41514275638127607,2026-05-16
BUK11922,estrella_subpagada,0.7787205673207702,-0.015773326567736203,11,23,0.6595190456418041,0.005264991008586742,
BUK11923,estable,1.0273856889352573,0.007435468363008423,8,19,-9.970700459025625,-0.23698947402923537,
BUK11924,estable,0.6684451471816983,0.004367353377250237,11,21,3.430889392540028,-0.07210316131483101,
BUK11925,estable,0.719394750382317,-0.004814151554526184,7,4,-2.205289201997498,-0.31897787956886653,2025-07-28
BUK11926,estable,0.97353636616298,0.0037372027940287566,12,17,0.15020709856438486,-0.5280450224903455,
BUK11927,deterioro,0.6762314331892697,-0.02553105758301224,11,18,2.9356023010452956,0.2992798813602495,
BUK11928,bajo_desempeno,0.6529014258567014,-0.0173177919776455,15,22,10.75252434457764,0.06575019729100354,
BUK11929,estable,0.4838072325531837,-0.015892437530507408,12,18,-0.6397007485904909,0.06523592340411477,
BUK11930,estable,0.7961865234821837,-0.004329877251672798,15,21,-1.5544041311394898,-0.32534196093148426,
BUK11931,nuevo_dificil,0.5348374703296985,-0.0055528814344877435,10,8,5.634298976364076,0.2856774264975915,2025-11-13
BUK11932,deterioro,0.7374070514996498,-0.04002094808550735,8,22,1.2509512971872114,0.10556852478875678,
BUK11933,estable,0.7489868038117026,0.006659042608237784,6,23,-7.985667438084367,-0.1026018261902662,
BUK11934,estable,0.8018824263534365,0.005089544123666052,12,20,-3.6874564564526633,0.2643580826395765,
BUK11935,estable,0.7483262663138548,0.008898836346486723,7,18,-8.601015914721652,-0.0173883393230073,
BUK11936,estable,0.7909299218232287,0.0034579000848097676,13,14,2.8331001866565284,0.14570026846856693,2026-05-07
BUK11937,estable,0.8521149084799722,-0.00540924581918452,13,21,6.179884932761977,0.14139873197484468,
BUK11938,bajo_desempeno,0.430652174036564,-0.012732456845781885,13,15,-3.6749562909505,0.0022433169670001535,2026-06-13
BUK11939,estable,0.9079287064394669,-0.002996982413905053,13,18,-4.462938305851985,0.2823060545805546,
BUK11940,deterioro,0.6327912017535289,-0.0396858949964692,13,12,5.157581914444623,-0.2356187907879561,2026-03-30
BUK11941,estable,0.8194409442683339,0.00035767480723288117,9,21,1.246243791416865,-0.2604505371077311,
BUK11942,estable,0.7626852340980943,-0.005280140007632287,14,20,-4.678749695791093,-0.3012622488339444,
BUK11943,deterioro,0.8098910517641394,-0.02671822164065677,13,19,-12.495614187930556,0.30433515140184414,
BUK11944,deterioro,0.7538313146749236,-0.039171755759849367,11,1,0.45986449234405996,-0.022118837843613775,2025-04-20
BUK11945,estable,0.7528170137923224,-0.0012778488144480611,13,22,2.8658479674147266,-0.14713800355713677,
BUK11946,estrella_subpagada,0.7539123998988774,-0.013868824605058595,8,18,2.5468788445957062,-0.3566952028993776,
BUK11947,estable,0.7494156487687268,-0.005388861442035833,15,23,-0.40289819978616637,-0.49194849984212496,
BUK11948,bajo_desempeno,0.5057698727355554,-0.002074864423539193,10,13,-7.801998313923466,0.2172385483405299,2026-04-18
BUK11949,estable,0.8450644797681011,-0.0021891861597391313,7,23,-3.6291235680986813,0.12427477975455607,
BUK11950,estable,0.8552549415531499,-0.0023640317885601984,7,7,-12.515073709643142,-0.20671176335145966,2025-10-08
BUK11951,estable,0.8472507582738091,-0.003295963809019173,11,23,-0.19270949620404593,-0.1679096164089507,
BUK11952,estable,0.8469539830105591,0.0010723431185104494,13,22,9.342686792134288,-0.06709006655272422,
BUK11953,estrella_subpagada,0.6525410177404407,-0.02175514273680822,6,17,-10.366893178942046,-0.06930654563565461,2026-08-15
BUK11954,estable,0.9425616056301426,0.005345421019975181,6,20,-7.490023365178593,-0.07855493006391907,
BUK11955,deterioro,0.621231796863138,-0.04662416527923176,12,0,3.058988901957499,0.08777981067475753,2024-12-16
BUK11956,estable,0.7309112085572186,0.003164502191209969,9,14,11.493949308833749,-0.07408024986804443,2026-05-20
BUK11957,estable,0.7247437743854639,-0.002516644193056574,14,20,-0.8183548607002895,-0.26937199429111613,
BUK11958,nuevo_dificil,0.4509829495631601,-0.025070748878046632,8,19,-1.2754189189335985,-0.2164481071260924,
BUK11959,estable,0.8200185430981493,-0.0059893939137680855,7,19,-7.662694331462169,0.15951057848147027,
BUK11960,nuevo_dificil,0.41440640763948167,-0.013119036458139912,6,16,0.16522983190393975,0.1143383418196741,2026-07-08
BUK11961,estable,0.6608948905678876,-0.0037265648202271314,15,17,1.357404787239393,0.2587528475816312,
BUK11962,estable,0.7074036471211635,-0.007687135236247299,13,23,-3.54083280174601,-0.11887675522019196,
BUK11963,estable,0.6622107325962624,-0.00019276889597262772,6,19,-8.396630425399747,0.24230884823241383,
BUK11964,estable,0.7924029320326278,-0.0020269104455401857,14,17,0.8236973953290845,0.36593487131317765,
BUK11965,estable,0.4275654155594007,-0.021415809051840925,13,5,4.261373802628068,-0.2723005800004325,2025-08-31
BUK11966,estable,0.7117968471887244,0.0036676770687327424,14,22,2.401016262230938,0.2868715759665645,
BUK11967,estable,0.7299685067045873,-0.007808881852251021,9,17,1.8823594634862282,0.2265201562192601,
BUK11968,estable,0.7067503409482622,-0.004127980930853267,10,20,-2.080756979503815,0.3483872919046559,
BUK11969,estable,0.8318647319892165,0.00041806682848889314,10,6,-3.966819269427699,0.24979019580311598,2025-09-08
BUK11970,estable,0.6896370737930038,0.002995604609145792,8,16,5.598155876253682,0.5450875177394529,2026-07-17
BUK11971,estable,0.7505546608281031,-0.0026866314922296625,9,22,4.867838755404082,-0.08684953579588021,
BUK11972,estable,0.8726078477217422,-0.0027207877767779316,12,20,-6.055296362003126,0.4651727637759648,
BUK11973,estable,0.9348358430562822,0.007017909737436021,7,0,-5.567951279815954,0.18642175413310763,2024-09-30
BUK11974,estable,0.8322156734415981,0.0003501426536420907,11,17,-0.7326267132762208,0.11418869397676362,
BUK11975,estable,0.6451101992197478,0.002603866570407462,13,19,3.646679524662813,0.355688638980655,
BUK11976,estable,0.6272826678997919,-0.001524538226740477,8,20,2.387916483798576,-0.4657949774082544,
BUK11977,estable,0.7279386175308034,-0.002830074757767996,13,17,5.6086744139068525,-0.0532984614533771,
BUK11978,nuevo_dificil,0.5148758139167534,-0.01995541419439268,7,17,-3.534537396351663,0.14283076547381446,2026-08-11
BUK11979,estable,0.9195759256835118,0.007086776654195034,7,4,-11.184684320495425,-0.15325673674853457,2025-07-26
BUK11980,estable,0.796478210202182,-0.007549934541101257,9,18,-3.125903868569079,0.4750212750188147,
BUK11981,deterioro,0.7548801664588303,-0.025112384330895007,9,16,3.803496400203911,-0.14922487411731566,2026-07-01
BUK11982,estable,0.8760234529142129,-0.0036507423801582428,6,22,3.750796086184513,-0.1826815266186896,
BUK11983,estable,0.7818219576084514,-0.0001936840948213188,15,20,1.040757719333762,-0.1754374885815341,
BUK11984,estable,0.9001881392975134,-0.0031287908209030792,6,19,0.5995508062644349,0.08121694233154918,
BUK11985,estable,0.7829886036744746,-0.0030266125072717174,6,0,-5.09449560406742,-0.13320768970841218,2024-09-26
BUK11986,estable,0.7341347371291065,0.005386621565999668,15,17,1.9298957532897956,0.6280244369485708,
BUK11987,estable,0.8387757432073399,0.00521609491897379,11,18,-5.792242910920283,0.1554796620028731,
BUK11988,estable,0.8785289594362415,0.005214687112452387,15,20,-4.543065941616361,-0.22559875947681576,
BUK11989,estable,0.6823166230220878,-0.006079139098816852,13,20,2.6816952286408933,0.1435123631843033,
BUK11990,estable,0.738834104540511,0.0020590132917430873,7,21,2.1912162052693844,-0.12481667183361884,
BUK11991,estable,0.8998444030171189,0.009758699333198539,10,21,-2.4370054628690037,0.10641805509825822,
BUK11992,bajo_desempeno,0.6508940020528151,0.0053445034962341376,14,22,4.42199522053932,0.06071811214600817,
BUK11993,estable,0.797607352619635,0.0011160425088928675,10,19,6.446527368596218,0.48625805967272767,
BUK11994,estable,0.7999585730556241,-0.0015502738712762042,6,19,-2.9835060596612735,0.2970647873040358,
BUK11995,estable,0.5489832483554131,-0.002783739646928556,14,18,-4.880972786956575,0.21260688241845332,
BUK11996,estrella_subpagada,0.8828491242826388,-0.012898185020097236,6,1,-10.659168849204015,0.5822661251234621,2025-04-19
BUK11997,estable,0.7696951799771252,0.00709973838575242,14,18,-2.229423173754515,-0.35602284191000516,
BUK11998,estrella_subpagada,0.683610181360854,-0.016052350981906337,13,23,4.980671843883951,0.1684271287863909,
BUK11999,nuevo_dificil,0.40638619013321786,-0.02533730039473981,12,17,-3.7352864561508747,0.010165642432755386,
BUK12000,estable,0.7951384936976255,0.00282501551857413,13,20,3.056364998597861,-0.195588108518146,
BUK12001,estrella_subpagada,0.8479422753355064,-0.012655001424512142,9,3,0.5724192603767926,-0.23668278181565575,2025-06-10
BUK12002,estable,0.8202736296844726,0.009252514874540088,10,23,-6.992611610325244,0.22670596530882467,
BUK12003,deterioro,0.7345458905698752,-0.026083348557258863,14,21,-0.194260510920687,0.4298106247993462,
BUK12004,estable,0.7458691441370269,-0.006267553938024186,11,20,1.3710573048602896,-0.10979745298945162,
BUK12005,estable,0.768228254672476,-0.0014262430542609716,8,14,-1.7044072047841148,0.34542831329007867,2026-05-06
BUK12006,estable,0.68877735399207,0.005015880739184483,13,22,-1.2548519802195295,-0.023142587867652123,
BUK12007,estable,0.8317694872014314,0.0026940844738255493,11,13,3.9936361478559363,0.06358995024187594,2026-04-26
BUK12008,bajo_desempeno,0.32258743265365275,0.0006441507182351558,12,7,-0.7449452222234336,-0.14200672159754493,2025-10-17
BUK12009,estable,0.7941519443526622,-0.0039487021236645665,9,15,9.409675505729997,0.14154599007937452,2026-06-13
BUK12010,estable,0.7913398894633532,0.011221828969823783,15,18,2.782221671215729,-0.11852130535142492,
BUK12011,estable,0.6666929103529532,-0.0035572448373872054,11,4,-7.816160506405476,0.10894722344149925,2025-07-28
BUK12012,estable,0.7801801638899633,0.004077461636261252,14,19,-1.6106849135412515,0.18454460589292007,
BUK12013,estable,0.7708905068749077,-0.008804580160112633,14,22,-4.338980471551811,0.03786525897554892,
BUK12014,estable,0.5038603708218605,-0.00022432315719039288,7,20,-8.014716705828587,-0.27178083413328175,
BUK12015,estable,0.7661731141182287,0.0009614181695536533,9,17,-5.278791566691683,0.05759516626107739,
BUK12016,estable,0.8167975212336961,-0.00686485144899882,11,0,-7.3060735332265,0.0037988078412611735,2024-11-26
BUK12017,estable,0.7998158754509713,-0.0030755346635602024,13,18,11.489243842259214,-0.0986632336620367,
BUK12018,estable,0.5579973901839723,0.003145510109386174,15,17,-3.685264661838324,-0.09662843913210731,
BUK12019,estable,0.7450823697897427,-0.00321558938648172,6,21,-6.135627186182837,0.10401853116290674,
BUK12020,estable,1.018418213467969,0.003361730143819067,15,22,8.609196301707199,-0.0985664171194176,
BUK12021,estable,0.8138816981451035,-0.0021437202414552915,14,19,-3.7488971649847236,0.10995546843710771,
BUK12022,estable,0.8204035700141072,-0.0056679416649602484,12,23,8.631375050369561,0.35497907246155336,
BUK12023,estable,0.8238977738846265,-0.0013477279192566334,8,20,5.590701888933552,-0.19232757499725328,
BUK12024,estable,0.861804076680327,-0.0009137093649115883,13,18,-6.900869788053761,-0.12040962791234926,
BUK12025,deterioro,0.6940168526648064,-0.025426326586626174,8,13,-8.015868082640274,0.48558135703280814,2026-04-01
BUK12026,estable,0.8520901236389109,-0.001551042923768969,10,20,4.881106172404747,-0.07097999693058768,
BUK12027,estable,0.8711164250710458,-0.001782860186149253,12,17,4.275808191446922,-0.18398818213870077,
BUK12028,deterioro,0.6776540029361062,-0.010835897629418643,8,22,-4.404583938043357,0.14819460616929375,
BUK12029,estable,0.8963731725020441,-0.003555152806755408,10,20,2.6260524273936285,-0.4104308056369704,
BUK12030,estable,0.7558732817944516,-2.098936009060806e-05,14,22,0.9680428593187402,-0.3771843869743307,
BUK12031,estrella_subpagada,0.7600579365364445,-0.012306946135098322,6,16,-6.057731185156218,-0.26275910714203643,2026-07-13
BUK12032,deterioro,0.757475936706865,-0.026094566708975135,8,4,-0.3006954668335453,0.07487511219635355,2025-07-06
BUK12033,deterioro,0.7804990334898759,-0.031246833706975872,9,9,0.5201867540153384,-0.40207586115283733,2025-12-13
BUK12034,estable,0.8522015277446802,0.0036735200947507216,7,8,2.5029309536538564,0.04286006041822705,2025-11-23
BUK12035,estable,0.6137276768605507,0.008540270560123756,6,22,5.243363659388495,0.08069585829911408,
BUK12036,deterioro,0.7527598596032451,-0.03920495257903614,12,17,2.659597164147345,-0.19196724815151328,2026-08-26
BUK12037,estable,0.8344338443715633,-0.002844590643369948,8,21,-2.092849036260117,-0.4118589579330781,
BUK12038,nuevo_dificil,0.6452027133217498,-0.006669364577253999,15,19,6.80770674561452,0.14669338969969248,
BUK12039,estable,0.7633462092019081,-0.001579791474640053,13,15,15.227715742706135,-0.18934549484069282,2026-06-30
BUK12040,deterioro,0.8463416747527794,-0.027828602506688997,11,20,1.920318190871074,0.33583476637534204,
BUK12041,estable,0.7829125688538704,-0.006097986762396117,11,22,9.235630232207797,-0.08793963406844403,
BUK12042,estrella_subpagada,0.712026255305553,-0.016470098495264446,12,23,-8.199675254907103,-0.22937748982404788,
BUK12043,estable,0.721243781568656,0.0032076759718446214,11,20,-3.366734810302462,0.07228108903957901,
BUK12044,estable,0.7622296016328003,-0.003430852864803989,8,21,-2.881095873489716,0.3188333203643079,
BUK12045,deterioro,0.712161860034297,-0.035875019712289014,10,21,0.032990139904477585,0.1654985823264792,
BUK12046,estable,0.7878094512658503,-0.004775875538790931,15,18,11.527365775344787,0.2314947832152183,
BUK12047,estable,0.685749879887477,-0.004853863695815901,11,18,-4.334264933561659,0.20078142968698034,
BUK12048,bajo_desempeno,0.7101781230540332,0.0004922642573865436,9,15,-9.04010468149577,-0.013572464379606606,2026-06-17
BUK12049,estable,0.9047476157073415,-0.0019943844947149384,11,17,1.2962455406874098,0.12007332905505975,
BUK12050,estable,0.6981163498130126,-0.00120381981713788,10,19,2.3049997629414256,-0.23200247923876602,
BUK12051,estable,0.6487014431486733,0.0008394532204361825,13,19,3.6668850351147944,0.0688307152818592,
BUK12052,nuevo_dificil,0.5751640697550225,-0.00688964529285566,13,21,-0.02794762723159513,0.15374339081591137,
BUK12053,deterioro,0.6244338728121774,-0.03738576694893548,13,23,7.1447055775894395,-0.014925654329207354,
BUK12054,estable,0.7686208560077008,0.00044937671393381476,9,18,-4.9904404244647695,-0.13490453721885295,
BUK12055,estable,0.7312125334749192,0.0013106801891294936,12,23,16.283031330787168,0.15839672438512029,
BUK12056,estrella_subpagada,0.8403924729301295,-0.0011414492698466755,14,13,-15.48149540439286,-0.1895402115071954,2026-04-18
BUK12057,estable,0.7071566510475218,0.0016799007750140948,6,17,0.5889644958466413,-0.012293815445315881,
BUK12058,estable,0.8654784890191682,0.0025984242314657856,12,20,5.590101919808425,-0.09188620150198457,
BUK12059,estable,0.6636183247890359,0.0032082330223849286,8,20,-1.5458112791242082,-0.08814223492704217,
BUK12060,estable,0.8093534959375798,0.00010577712956538083,15,22,10.327086257466393,0.23375094714443667,
BUK12061,estable,0.8261531692168032,-0.003685634191817574,14,18,-12.977273634933567,0.2049823775511603,
BUK12062,deterioro,0.8541726389713382,-0.02579011138943159,6,22,-8.252510292031383,-0.22242169960836697,
BUK12063,estable,0.8662950204142827,-0.0034380611743717597,13,18,-0.5653170163380151,0.1515740687041301,
BUK12064,estrella_subpagada,0.5723911193371103,-0.010037231125636963,15,20,3.720316648109195,-0.15725018015517073,
BUK12065,estable,0.8585693099611958,0.0013214702226735714,10,18,0.8711675466802242,-0.143921444378136,
BUK12066,nuevo_dificil,0.4454780207141963,-0.02345143358774012,6,22,-2.625224297726033,0.026279478579735834,
BUK12067,estable,0.7321574635629576,-0.0031450252552097544,11,17,3.6553300703999265,0.22415320203818526,
BUK12068,deterioro,0.680329413485975,-0.01675912259215013,10,6,7.025103838151446,-0.5248709045414838,2025-09-14
BUK12069,estable,0.9345227071434763,-0.003674277679171258,11,20,9.189103383789805,0.03820246600512267,
BUK12070,estable,0.9043983938205036,0.0013689816098141794,8,17,3.3076487378084245,0.24082331379420716,
BUK12071,estable,0.6944164379816933,-0.0037011689638104636,10,17,2.8276341650200867,-0.3124239264320194,
BUK12072,estrella_subpagada,0.631075315314599,-0.008316516497248872,9,18,-0.44838857775726426,0.19315790843589015,
BUK12073,estable,0.6981665771414002,0.0017832360963542624,9,16,-4.1419411182080275,0.24617000631635125,2026-07-15
BUK12074,estable,0.7921791306875327,-0.00042923328525664833,6,18,6.094221209199348,-0.544240362385743,
BUK12075,estable,0.768407445456948,-0.0033557549847456794,8,22,2.473789843555225,-0.19860890779651397,
BUK12076,estable,0.79957649801481,0.0019015975498040988,12,17,-4.787562996257726,0.37052287132982104,2026-08-24
BUK12077,estable,0.782241560278539,0.002562575971610092,15,22,-1.27208991324362,0.08354566127429675,
BUK12078,nuevo_dificil,0.5248097048447089,-0.016032407720145116,6,17,2.2194629569616295,0.10286039998220901,2026-08-27
BUK12079,deterioro,0.6563736888067602,-0.0442378257522614,14,16,4.362053530266504,-0.22496334352930178,2026-07-26
BUK12080,estable,0.8165150799481459,-0.001975680906000828,7,18,-1.5283699507603357,-0.04564078738059227,
BUK12081,estable,0.7683566861737365,0.008828938646328548,9,22,2.4111870737658743,-0.205960115245219,
BUK12082,estrella_subpagada,0.7106525982862302,-0.012776322467351907,13,22,6.671895855323108,0.21459911070835397,
BUK12083,estable,0.6651531695285541,-0.0022578140226915022,10,22,-7.977245993242458,-0.2498809701355995,
BUK12084,estable,0.6250933047916272,-0.003884020021423268,7,10,6.476853954846771,-0.5978978528925477,2026-01-01
BUK12085,estable,0.7202000341612026,-0.005508390820714719,13,17,1.2758532835667553,0.12584617441108845,
BUK12086,estrella_subpagada,0.6431053001555822,-0.012846449416821292,7,15,-0.5117684341962017,0.11458067944622931,2026-06-09
BUK12087,estable,0.7358248422097693,-0.005559964299733599,15,20,-4.213049452596119,-0.052334706693935314,
BUK12088,estable,0.42855332350215297,-0.01156356294755078,12,21,5.076088985671436,-0.0940659763131614,
BUK12089,estable,0.9763964188335401,-0.006368374806685426,13,17,7.191743646729991,0.2110343572622839,
BUK12090,estrella_subpagada,0.763013627544481,-0.00885523936038309,11,1,-1.0415336510743005,0.1639440369026158,2025-04-29
BUK12091,estable,0.8270582189610581,9.869493300557299e-05,11,0,2.1629266705084764,-0.2804785357775483,2025-02-19
BUK12092,estable,0.7894870158062958,-0.0015480506302058925,12,18,-5.672301729337599,0.08766194415083305,
BUK12093,estable,0.6846218870269224,0.0012245642019508658,6,20,7.108052563571746,0.11343274360335345,
BUK12094,estable,0.8447265872504439,-0.003122949610224816,14,21,0.47481551459818017,0.19957391742153022,
BUK12095,estable,0.6678569556709221,0.011867840422327244,13,21,1.040771303889523,-0.02517007419622295,
BUK12096,estable,0.6853206612086667,0.0006801662379344756,11,22,-12.536207027296854,-0.07644355727265809,
BUK12097,estrella_subpagada,0.6153240689917783,-0.014132648663547593,14,17,-7.036808505117523,-0.08485407889813908,2026-08-09
BUK12098,estable,0.760104445008514,0.007766175126788678,13,23,-0.6012875726288711,0.2298682977676753,
BUK12099,estrella_subpagada,0.7396895848047618,-0.023118575413789838,12,20,-0.3542255540872737,0.1481556460126219,
BUK12100,deterioro,0.7816739067192765,-0.04321601241474938,6,20,-1.3560980505567368,0.05089644318001086,
BUK12101,estable,0.9099486567990343,0.0011679711804571538,15,23,-2.710760489026486,0.2851838484072246,
BUK12102,deterioro,0.8475033561187176,-0.010479907376696056,8,5,2.1836325497963704,-0.27004372019212997,2025-08-30
BUK12103,estable,0.874243020648768,-0.008027691750951983,15,23,-10.086673149498765,0.20342905362226554,
BUK12104,estable,0.7771619188142392,0.0025814139045549616,9,5,7.984122162721626,-0.41165634116526867,2025-08-04
BUK12105,estable,0.5569721274665104,-0.01748576761334164,8,23,6.11046531310694,-0.10745485871187023,
BUK12106,bajo_desempeno,0.46628980147816396,-0.006722826612386261,9,19,6.640381329869028,0.42541897406646784,
BUK12107,estable,0.6607454990619064,0.004583744450938489,11,23,-10.765782399712656,-0.049593839660720236,
BUK12108,deterioro,0.8419342499510903,-0.010889535174330289,12,22,-2.6092562817702882,0.3516123643452299,
BUK12109,deterioro,0.7278437490213001,-0.02695210966653519,8,13,-0.9998678448105743,0.1291981069109544,2026-04-11
BUK12110,estable,0.4882646239549485,-0.0017209724688713544,10,17,-1.1451403312146884,-0.12754145584282217,
BUK12111,deterioro,0.6944690314559367,-0.04175086306739532,8,12,-1.5283522195844974,-0.29118328067767607,2026-03-27
BUK12112,estable,0.8216792141444684,0.0043456296295420055,9,23,-0.9375687300321732,0.13528706634697107,
BUK12113,estable,0.7636983953619814,0.004906333295142019,6,23,-0.22477505262739578,-0.19275433183704233,
BUK12114,estable,0.7616333403370383,0.0017015490771960281,14,20,5.787779656273755,0.10698480741691042,
BUK12115,estable,0.8563766247858567,-0.0054671353549644005,11,17,-1.2181785481332792,-0.0652526092031225,
BUK12116,estable,0.7476199979105355,-0.0037275966909874913,11,18,-4.8918276703352275,-0.18886372309763236,
BUK12117,estable,0.8850452561347123,-0.007102569523795305,12,22,-4.722755790002085,0.0011402787878863675,
BUK12118,bajo_desempeno,0.4690920453023156,0.002844518637487954,12,9,5.768425871235909,-0.14114381243003696,2025-12-14
BUK12119,estable,0.7344462100912136,0.005530594228092672,10,19,-4.652184024147405,-0.2757575433980966,
BUK12120,estrella_subpagada,0.7291147266835701,-0.005330767258280653,9,15,-4.006346843170757,-0.017515480376375663,2026-06-07
BUK12121,estable,0.7395384070651122,-0.004280783912654699,15,21,15.089450486637904,0.3028572575189372,
BUK12122,estable,0.8575211535861448,-3.9335588311486145e-05,6,9,2.676766023097632,0.26833973855495885,2025-12-22
BUK12123,estable,0.8236605461793864,6.153901987344498e-05,11,19,-2.8581604368052105,-0.03797287593008622,
BUK12124,estable,0.7690065091556512,-0.002251187468066771,6,22,0.6372460857428004,0.05393586407708138,
BUK12125,estable,0.8318160298995443,-0.0004889645324434249,7,19,6.986901158009266,-0.14342259367002452,
BUK12126,estable,0.8230718860874553,0.0017030307640366756,7,20,-15.142086315991834,-0.01337887552289742,
BUK12127,estable,0.7754475433044123,0.0035996978877025796,8,22,3.5246727387065335,0.07321417495919157,
BUK12128,estrella_subpagada,0.7572464185942518,-0.010594256017571538,15,13,-4.161734575707824,0.21942663113203686,2026-04-08
BUK12129,estable,0.659784185721965,-0.0024029360906241935,12,21,4.157434936768588,0.07778341474785447,
BUK12130,estable,0.8704998258669441,-0.0003904465064883426,11,20,-2.571947428320149,-0.17239078596447865,
BUK12131,estable,0.6561021704467839,-0.02071918156057633,6,21,1.0663515474587186,-0.10766218647890392,
BUK12132,deterioro,0.6806552344550174,-0.03553550640540349,10,14,-4.382705143618713,-0.014171977459240702,2026-05-01
BUK12133,estable,0.8723947046270316,0.0015915975353369698,15,23,1.7089297972089796,0.04917941454507842,
BUK12134,estable,0.8360315257060777,-0.008294132279531885,10,17,3.7359803623092067,0.056076125151668155,
BUK12135,estable,0.7321069854511203,-0.0035560090742507875,6,19,-2.0855471466671145,-0.07352690099062957,
BUK12136,deterioro,0.6981557069596394,-0.027655865176193017,13,22,-10.527732745202414,0.0646042539472516,
BUK12137,estable,0.9488821011598093,-0.005582337741428389,11,23,-10.591364840311764,0.06768638980476635,
BUK12138,estable,0.6730605036041182,-0.002456830071538622,15,19,-0.912150702145406,0.20020091308021987,
BUK12139,estable,0.73820766616513,0.0014413165670257922,8,21,-1.324446390782383,0.14595826876999998,
BUK12140,estable,0.8051993764703508,0.0036072408196021963,12,17,1.7245062400020625,-0.24771320024282867,
BUK12141,estrella_subpagada,0.646953776023357,-0.0180593804459927,6,18,1.571874892713657,0.45898561443230823,
BUK12142,estable,0.8363756794699175,-0.0012372875813726136,8,20,7.595771277577284,0.008658883312988442,
BUK12143,estable,0.7973045726010531,-0.003165472692524438,11,17,-7.537038191163363,-0.13663927794113634,
BUK12144,estable,0.7710392361623246,-0.0008409493252576443,8,22,2.5451400042181094,0.04678896682297216,
BUK12145,deterioro,0.8016241844956002,-0.034339123609365,7,19,-10.66666459406077,-0.17900007660503986,
BUK12146,bajo_desempeno,0.4401054429034565,-0.00983194714921463,13,10,-1.2062636089908496,0.25118001106747073,2026-01-18
BUK12147,estable,0.9488815141776826,-0.009167994829193319,14,19,-11.783991464891695,0.3215367326427172,
BUK12148,nuevo_dificil,0.6128521271858636,-0.012939667528623326,15,8,0.47673901680802205,-0.3713498991630192,2025-11-08
BUK12149,deterioro,0.7110120947655054,-0.009981390825520652,14,0,6.1441158499253845,-0.1031844728252168,2025-01-02
BUK12150,estable,0.8380094882854887,-0.00016672707101018466,14,20,2.572895782370196,-0.19267938293804487,
BUK12151,estable,0.7414137446862701,-0.004195213074426958,10,9,-3.3471494772927213,-0.3069012697397599,2025-12-21
BUK12152,estable,0.679510700366898,0.0020428666779760793,12,17,-2.61661804001029,-0.3850094997540325,
BUK12153,estable,0.7842099134389319,-0.002369459819997716,13,22,-0.38662001498505705,0.33373084942435893,
BUK12154,estable,0.6473543758176651,-0.010201341010357915,13,23,-7.052229955414273,0.0659436390717316,
BUK12155,estable,0.7759282355204381,-0.0076299712940481705,6,23,2.686387041800516,-0.0891605568969706,
BUK12156,estrella_subpagada,0.6859543115395975,-0.02037333137843322,11,17,-1.1366247377174323,-0.4178931674146516,2026-08-26
BUK12157,estable,0.9055847080630668,0.006728951540291137,11,23,-15.855920081973155,-0.17552435065382557,
BUK12158,estable,0.7813949861584397,-0.0010835357435316408,14,22,-4.787340596906798,0.1394638676072836,
BUK12159,estable,0.8476093661611807,-0.002315140394934369,11,23,-0.17046225945234855,0.2780727419941189,
BUK12160,estable,0.6333941787736761,-0.0002436034243102492,9,18,-5.51303467802829,0.2967019464247105,
BUK12161,bajo_desempeno,0.31614339296767807,0.002246986566799834,12,22,-6.9521657585359335,0.6977824264305924,
BUK12162,estrella_subpagada,0.8099937227335599,-0.00683924429439474,11,16,-6.126830327889578,0.2953434120977229,2026-07-26
BUK12163,estable,1.0167236525811065,0.0049635827969596895,11,0,-2.221532775294043,0.20261109390539772,2024-09-30
BUK12164,estable,0.7724950273001994,0.006009212609805942,8,19,3.249008591297552,0.02414696841177101,
BUK12165,estable,0.833497895707875,0.001513078081643206,7,11,-3.6491394110696387,0.01945032703967736,2026-02-24
BUK12166,estable,0.8350658046884105,0.00411432986745792,15,22,0.5840877836960157,-0.1432681281272196,
BUK12167,estable,0.7763451954662782,0.002939271299193915,12,18,1.7099459797107648,0.01026570228119473,
BUK12168,estable,0.7925393227063066,-0.00024814282846979306,14,19,-2.989083145736175,0.35241291092963833,
BUK12169,deterioro,0.7135574063562985,-0.04584709539468267,11,10,2.935027111805391,0.2976646112962639,2026-01-12
BUK12170,estable,0.8286085236481916,0.002762169208247631,8,20,-1.591968837110056,-0.015013662952622957,
BUK12171,estable,0.6643274116809967,0.004382635847245302,14,21,-0.13790770150109888,0.12099225523869415,
BUK12172,estable,0.9598631966274354,-0.0013677351581805428,7,17,7.467916991400071,-0.06396074729343361,2026-08-29
BUK12173,estable,0.8819275071052268,0.00463203950280319,9,20,-5.533191239302667,0.24091839711735735,
BUK12174,estable,0.8240865093211394,0.001292054779187341,14,22,-12.92545451035057,-0.1974181359226323,
BUK12175,estable,0.7678254210400444,-0.0016897160749893793,11,17,2.398885122395266,0.06990812582817914,
BUK12176,estable,0.8213995559878768,0.00023691328685585737,12,22,11.545338887419891,-0.06348407083019073,
BUK12177,estable,0.7888362931421982,-0.007030621638078777,9,2,4.077656349558997,0.08307048518102618,2025-05-23
BUK12178,estable,0.758588397615137,0.0024007139768891014,12,0,-5.184182714831197,0.16876041290415097,2024-11-13
BUK12179,estable,0.7873765343020692,-0.0044887336414756365,13,18,1.4237954272411084,-0.17908175544133845,
BUK12180,estable,0.7749546976303141,0.00015986495529120341,10,19,-6.070481104844834,-0.13412992614507843,
BUK12181,bajo_desempeno,0.4190950490308993,-0.00347657698163039,10,22,0.42190799132737883,0.019275953489412904,
BUK12182,estable,0.6999844628006368,-0.0017308737792264418,13,21,-0.6568125703790694,-0.15100965946478162,
BUK12183,estable,0.8266048866906649,-0.0038527941907241497,8,21,-0.9505398417751326,-0.09205527734003505,
BUK12184,estable,0.7037716263734008,0.00113346762129673,13,18,0.3767622081936699,-0.22152271724087116,
BUK12185,estable,0.8244898445003236,0.0006100026303968541,10,21,-12.903469151592386,0.14562543940170952,
BUK12186,estable,0.8836423245299577,-0.002251126859690706,10,18,-10.61235115458842,-0.06137667015708877,
BUK12187,estrella_subpagada,0.8770420156256614,-0.004748711805974052,12,16,-4.9273419327237,0.21037040459204415,2026-07-27
BUK12188,deterioro,0.81042931523899,-0.022347717999737202,11,15,-5.9152840441776044,-0.02373843084394086,2026-06-27
BUK12189,estable,0.7896186913400329,0.002564957618279483,15,20,-6.748051983754435,-0.5283973135308525,
BUK12190,estable,0.7526807757558489,-0.005081894773914047,15,20,1.4807209941676647,-0.33634477292295856,
BUK12191,estable,0.8485427936619622,0.001312934861299131,13,22,-4.953165440113652,-0.1332970033601121,
BUK12192,deterioro,0.8273252320771334,-0.04167958652517207,14,22,0.6219949206097047,0.2846695981724989,
BUK12193,nuevo_dificil,0.4768972625759574,-0.008026567708926508,11,23,0.7011980719439311,0.1371930000871954,
BUK12194,estable,0.8018324505830303,0.001823423009560923,8,20,-8.527299472382648,-0.18624783113111718,
BUK12195,deterioro,0.7172523529821313,-0.016675678086465903,7,17,-0.33095800433733796,0.12435075023804226,2026-08-28
BUK12196,estable,0.7091654926769255,0.00838670974576452,14,2,-0.05458591620189439,0.28551557962038243,2025-05-27
BUK12197,bajo_desempeno,0.4131308952456556,-0.0009530774586540345,9,17,-9.152154095674401,0.16976912077925443,2026-08-27
BUK12198,estable,0.7761904128115412,-0.001945154010083054,13,17,17.428235664623923,0.21997753513008794,
BUK12199,estable,0.7824427791948149,0.0037280565304628147,14,18,-6.9268764511075,-0.11268255000303713,
BUK12200,estable,0.8063219667163609,0.0007291937599035522,14,17,-4.592339043490424,-0.0021179177948616314,
BUK12201,nuevo_dificil,0.4876930583039066,-0.014205562539203662,15,17,2.0855444598934696,0.03660343855635151,2026-08-15
BUK12202,estable,0.8124849076985455,-0.00010409747476167392,8,22,-2.318298105227317,0.07739333701265097,
BUK12203,estable,0.7080957865582547,-0.004355134683384254,12,21,14.323751395788769,0.5338750786550017,
BUK12204,estable,0.8029754673403029,-0.006362292464820161,14,18,-20.66184752941753,-0.049386974447816145,
BUK12205,estable,0.7794105316386729,0.002381452105427082,13,17,-11.596888681823835,0.3356314171982854,
BUK12206,estrella_subpagada,0.8348258544480345,-0.023115207565966932,7,22,2.808529092791516,-0.259898700539016,
BUK12207,estable,0.8780037082732632,0.0039151956194596145,6,17,2.270701385164336,-0.20205616028761098,
BUK12208,estable,0.5514035401683944,-0.017963021045228157,10,0,-6.717907423896243,0.17715627347217405,2024-11-30
BUK12209,estable,0.8566557370665604,-0.0018799311982567613,9,19,-4.154916917089153,-0.10889325247899488,
BUK12210,bajo_desempeno,0.6157497768329764,0.00028456684257329584,10,23,-6.56741667657441,-0.17241501977956827,
BUK12211,estable,0.6979234028260842,-0.003300447731595739,6,23,5.324348691423554,-0.0664103988877713,
BUK12212,estrella_subpagada,0.8159025586494097,-0.009645977577556388,9,22,8.81973231605124,-0.14431370882127748,
BUK12213,estable,0.6683791820344649,-0.0028845994718062692,7,17,0.5406990774585261,-0.2919031381432836,
BUK12214,deterioro,0.7685061250326184,-0.015560611782506716,15,19,0.05662366238580682,-0.251296964589526,
BUK12215,estable,0.6814873283202083,-0.00015308292961434662,7,22,-3.6633760463263494,0.2338270178149288,
BUK12216,estrella_subpagada,0.7411760852291697,-0.006150815049125277,15,4,-4.583986497102101,0.09045377055959145,2025-07-10
BUK12217,estable,0.4058462780286073,-0.012039124301042094,15,17,-2.050393800741883,-0.39124929811393,
BUK12218,estable,0.9194385815174014,-0.0007510851446682898,15,22,-2.6033633549111275,0.03035176318119281,
BUK12219,estable,0.8420669095151108,0.010920237649637338,6,21,-2.4714159517396173,0.43190499843234803,
BUK12220,estable,0.6077145436710121,-0.001649688143890422,7,19,2.0274857812159834,0.14907831012055797,
BUK12221,bajo_desempeno,0.5343572356836809,0.003684847658689069,13,17,3.694064804536138,0.007877163559359756,2026-08-04
BUK12222,estable,0.8251530183798402,0.0003592082995278081,8,22,-5.203357212919601,-0.3654226318662052,
BUK12223,estable,0.6495778576862583,-0.0033742571968547056,9,18,3.6987511430654774,0.2145739996187249,
BUK12224,estable,0.7738612483246352,0.0007189989693909305,10,16,3.5700138875773546,0.19690010892307214,2026-07-16
BUK12225,estable,0.806154710473043,-0.002489048319830912,8,22,2.3504680460755916,-0.029098687318869134,
BUK12226,estable,0.7741179448875491,-0.00036691695681513,9,21,-4.802233734910602,0.20148227877651848,
BUK12227,estable,0.6791797572352612,-0.004985544327364264,11,0,11.053938807668178,0.16035820697091777,2025-01-07
BUK12228,estable,0.4550585433390708,-0.009251162033836852,7,22,1.7409745919040502,0.2170108683247598,
BUK12229,estable,0.7930894801797075,0.005760265121636898,14,19,-2.89905996125816,-0.3074662874874815,
BUK12230,estable,0.3860165826935544,-0.014338508782640971,15,21,-7.831332225642647,-0.04906002895407775,
BUK12231,estable,0.697824369692387,0.008111784151457148,11,20,5.6858083057818645,0.2557123845292847,
BUK12232,estrella_subpagada,0.649588452124863,-0.013458703550166096,7,0,-10.565926667798932,-0.28814785965391,2025-03-10
BUK12233,estable,0.8555579086293171,0.001432608363556228,11,17,-0.9243210713169685,0.2091875178692679,
BUK12234,estable,0.8747462114145611,0.005446765305523063,8,20,-1.3257966022428758,-0.15256325451549577,
BUK12235,estable,0.7674457904968554,-0.0021787850836394096,14,18,7.289564299844184,-0.09278884567274431,
BUK12236,estable,0.7856935648487462,0.003073811639652952,7,21,-7.3565499728458565,0.05821063940169973,
BUK12237,deterioro,0.7475637348857688,-0.021521470081145813,12,20,-0.6617099365708566,-0.23281226446755973,
BUK12238,estable,0.7306097256233071,0.005472495367849421,14,21,11.457253760927603,0.36814429118186304,
BUK12239,estrella_subpagada,0.7811834325933655,-0.013152522038241177,12,16,-1.1245691991687994,-0.21755406604822045,2026-07-23
BUK12240,estable,0.7309724863326389,0.0018107567241208078,7,21,-1.9674369605106024,-0.1643950615531757,
BUK12241,deterioro,0.8178080168409113,-0.03283050778229062,15,19,1.6877786054330306,-0.20161728141897522,
BUK12242,estable,0.7217069912964017,-0.004571675493663582,15,17,4.640636851352592,0.04876214334716347,
BUK12243,estable,0.8491440725210198,-0.0005285584179560917,13,23,-8.426272044077875,-0.23631862918543556,
BUK12244,estable,0.8255726154668689,-0.004115760824330756,15,21,-7.6987444024081775,0.25900018254842344,
BUK12245,estable,0.7497777847606418,-0.0030885013327601268,6,18,6.296214769106884,-0.11939846200901266,
BUK12246,bajo_desempeno,0.41492075238091813,-0.0050948031085723215,7,18,-3.1479777330287795,0.20422709964247013,
BUK12247,estable,0.7171673601215846,-0.003755144334720119,12,22,-9.11108998522673,0.46577608452518415,
BUK12248,estable,0.7902085975280055,-5.792244162523494e-05,11,20,-9.94933287610873,-0.11081739530497144,
BUK12249,estable,0.7348276878195694,-0.004355105394768765,14,23,5.423087262806206,-0.6998368950272212,
BUK12250,deterioro,0.7504302956681979,-0.03913112537738438,11,0,4.292456105751739,0.07141645496709907,2024-11-30
BUK12251,estable,0.9252673789458756,-0.004307635368675409,8,21,-3.7379041755595512,0.49059773641319737,
BUK12252,nuevo_dificil,0.5479209908753464,-0.007920243369999032,9,18,-1.1020006654259875,-0.16335488357285063,
BUK12253,estrella_subpagada,0.8010268657190778,-0.015776391177335952,6,20,6.884579366550803,-0.006591576566455534,
BUK12254,estable,0.6443062043550218,0.003334128095552128,12,22,-0.6810910073586349,-0.070095428885951,
BUK12255,estable,0.7947716386253615,-0.0016534830582779427,7,23,3.4831788617000745,0.1903831573390017,
BUK12256,estable,0.7568601109649498,0.007985531203016392,10,17,-6.645939386535372,-0.17765254132766953,2026-08-10
BUK12257,estable,0.7797119731457092,0.0011542220704327984,13,20,0.2897295827924119,-0.05892021732711663,
BUK12258,deterioro,0.6082120373316737,-0.038757439737820046,7,22,-6.9710464789265965,0.08785280039594917,
BUK12259,estable,0.6264926704282053,-0.000517219414286005,9,18,-7.533121202660663,0.1293808306890503,
BUK12260,estable,0.554732300436168,-0.0016420151170296639,15,22,11.160864935916857,0.23619593950138926,
BUK12261,estable,0.7885994200086894,-0.007324399374897853,10,19,7.61885934723893,-0.3108856162070971,
BUK12262,deterioro,0.8244221298928853,-0.029176505765673058,7,22,4.409120325196056,0.12492369448615404,
BUK12263,estable,0.8862852518058132,0.0008866262511845026,14,22,5.75656296578369,0.3787741207407799,
BUK12264,estable,0.8775701998518594,0.001493705867678293,8,17,2.8502067994188374,0.20635011446158416,
BUK12265,estrella_subpagada,0.7674985552007686,-0.015045640584388316,7,22,-0.7734135876131552,0.08887968314991464,
BUK12266,deterioro,0.6622773170319188,-0.03811181474017956,13,19,10.733653194954286,-0.15864699802011836,
BUK12267,estable,0.7450519000256832,0.00042319939928465967,7,15,5.946251619033523,-0.5516105525123439,2026-06-22
BUK12268,estable,0.6506483477686884,0.0027418338688086847,11,21,-0.30022451951526025,-0.0881682291093716,
BUK12269,deterioro,0.7864677465304675,-0.0410768434161083,9,8,-1.5922304495798234,0.11513859237083418,2025-11-15
BUK12270,estable,0.8452799793047068,0.0025655081378711453,10,22,11.538927230144681,-0.2218412804125649,
BUK12271,deterioro,0.6934879337990604,-0.026332489179725495,6,19,2.4523344358743415,0.10342321125776446,
BUK12272,estable,0.9029634112531822,-0.0063949365211479975,15,19,2.9707446974757135,0.19261357437696155,
BUK12273,estable,0.7794178202179379,0.00565586262070696,9,20,1.4074776571844363,-0.15482486957460678,
BUK12274,estable,0.8455922232754032,0.001690071044016477,10,23,7.304573218654758,0.07059748064722335,
BUK12275,estrella_subpagada,0.8407431928367634,-0.005344382845055975,11,4,3.10323441696657,-0.3484314651087492,2025-07-27
BUK12276,estable,0.7824844865609234,-0.008157884354588916,14,23,-1.100440260621632,-0.1335591850957476,
BUK12277,estable,0.8890505772952091,0.003812463638364967,12,22,6.754254544716032,0.16624883535567514,
BUK12278,estable,0.7618998815864985,-0.00043662591705024694,6,23,0.015448935035605179,0.13508686830544092,
BUK12279,estable,0.8481287432862283,0.003004660652254256,9,17,-2.3943344985285306,-0.18688007018266609,
BUK12280,estable,0.69411192543569,0.009399801687030461,12,21,-4.2768503104789275,-0.007242649068971143,
BUK12281,estable,0.9115334532501502,-0.0025743578744141593,11,17,0.5570519376328391,-0.018312514020627876,
BUK12282,estable,0.7640268056671315,0.0026619849176204714,10,22,-9.519669088643319,-0.0010022093513736728,
BUK12283,estable,0.5024579466509483,-0.012261808948431652,12,4,-2.6461547281293143,0.7360252138338207,2025-07-22
BUK12284,estable,0.7778017470064063,0.007845314312152732,12,22,3.874334001507288,0.071554721352089,
BUK12285,estrella_subpagada,0.7383214347501902,-0.005303262119725706,6,20,4.330970824530038,0.15717068444382928,
BUK12286,nuevo_dificil,0.4246288613857494,-0.019021621911526038,7,8,2.131384183720398,0.011961577464455832,2025-11-24
BUK12287,deterioro,0.8088813136369769,-0.04142326720380962,12,15,12.391993856550181,-0.08096733050079828,2026-06-17
BUK12288,deterioro,0.6457684836204068,-0.036208840824200915,14,20,5.296784694879586,-0.16206134910848272,
BUK12289,estable,0.7694802432251839,-0.005023483123968001,12,14,5.309897872940923,-0.20657813727194432,2026-05-26
BUK12290,estable,0.8072376764336991,-0.0012296296467693318,6,18,2.743470935412442,0.24909499033632013,
BUK12291,estable,0.7551313708586891,-0.0005391331023089806,10,20,-7.87434256929631,-0.09551360897501857,
BUK12292,estable,0.6405001057362151,-0.0015709669094650458,12,0,9.786735839620942,0.1901178430617535,2024-10-22
BUK12293,deterioro,0.6982351243944386,-0.019091487147305068,10,14,3.893374976724698,-0.053205959172755786,2026-05-06
BUK12294,estable,0.7726734929985051,0.003165167698196707,9,22,-2.752791290686645,0.018907463628923503,
BUK12295,estrella_subpagada,0.729597107003296,-0.018287210015318335,14,16,-9.193432929956774,0.4039668725636357,2026-07-27
BUK12296,estable,0.8903214745153201,0.0013218918809416406,6,22,-2.0473395888860235,-0.11707406308511488,
BUK12297,estable,0.7899875101686226,0.0018623410831081024,9,17,-7.029364611014733,0.31839204442837227,
BUK12298,estable,0.5909212220918931,0.0030519786377891395,6,18,3.561601990549489,-0.34348684887255043,
BUK12299,estable,0.9617620550848065,0.0018320347266018687,13,22,-2.0716149277130462,-0.3664125345340597,
BUK12300,estable,0.590787446719108,-0.0027075882300306763,6,19,-7.001276635491187,-0.08189213725162442,
BUK12301,estable,0.8593340117359497,-0.0005059340357355421,13,22,2.858926596118446,0.08428148670394613,
BUK12302,nuevo_dificil,0.5814607946942029,-0.03243447937395662,11,7,-6.925130532576231,0.07421825751650421,2025-10-30
BUK12303,estable,0.7510165627069905,-0.0029096651536547804,12,18,-0.3060635703055785,-0.04283450042176581,
BUK12304,estable,0.7857840354124157,-0.008035476031805669,7,17,-2.9655645444844456,0.178399026885857,
BUK12305,estable,0.7995779466416778,0.0018550594047800344,13,18,-4.749752408037596,0.25013361976968895,
BUK12306,estrella_subpagada,0.7442690249682568,-0.013052516068615799,12,18,-1.8442084418971492,-0.47269456660700854,
BUK12307,bajo_desempeno,0.3827141152893179,0.004603391888309112,9,8,-4.854375365311434,-0.19775691610258078,2025-11-05
BUK12308,estable,0.7948918106374343,0.0050067152252935435,13,12,5.902608801923781,-0.0962529590125647,2026-03-15
BUK12309,estable,0.7704203303060315,0.0009677790364959755,8,18,-2.8141400751910948,-0.12301795783391091,
BUK12310,estable,0.5089462354942634,-0.007864244849510257,11,22,2.7028592755724663,-0.2938883311581846,
BUK12311,estable,0.7838424121404123,0.0014685525371606323,9,19,-1.5850961024035533,0.2784764406480024,
BUK12312,estable,0.9206558204875581,-0.007963527162778821,7,16,4.363189106017123,0.43488405518982615,2026-07-31
BUK12313,estable,0.7448898931756537,0.001629113665034923,7,14,2.689724712379556,0.20643736142760336,2026-05-31
BUK12314,estable,0.8026602354975668,-0.0002661218607973705,15,23,2.927620672524741,-0.15754692612865973,
BUK12315,estable,0.8850368542688255,0.003216332915807479,9,19,-2.721875359641605,0.22971317173471084,
BUK12316,estable,0.6694027622203887,0.007528231690131218,12,18,-7.8287723185367835,0.03551755522569575,
BUK12317,estable,0.7263788358768524,0.003322551329224273,15,9,-6.327512945207486,-0.03234090791563885,2025-12-01
BUK12318,estrella_subpagada,0.8404939790358217,-0.016963541422795263,9,19,8.347208623353112,-0.23460986759724264,
BUK12319,estable,0.7611947573923009,0.0053279764160170705,9,21,-13.8326056307119,0.07479748728025436,
BUK12320,estable,0.8276476655122077,0.008478650262766039,6,23,-3.6184591251290428,-0.08942001914762014,
BUK12321,estable,0.8249885163057094,0.0027672369670431636,8,19,1.0304977775555448,0.0996787190993668,
BUK12322,bajo_desempeno,0.369823630257269,0.004988026699180798,8,18,-1.6477393158350475,-0.357958297810177,
BUK12323,estable,0.767895685985029,-0.0026540929293598263,6,17,-1.4151675160621826,0.2234110609844466,
BUK12324,estable,0.7590616249138312,-0.003046024962292382,6,18,1.8061712077066532,0.17919700507179673,
BUK12325,deterioro,0.8135749717371443,-0.02483750572160885,7,23,9.234292510687457,0.13984649054615006,
BUK12326,estrella_subpagada,0.7596627854561341,-0.014937763815719724,11,18,0.799782978181172,0.11667427537150452,
BUK12327,estable,0.6698296770466567,-0.0035935437242960275,13,23,-1.974099605437809,-0.027187254732615396,
BUK12328,estable,0.8596979945216718,-4.138282303370808e-05,8,22,11.562472802388292,-0.09774477177497516,
BUK12329,estrella_subpagada,0.7032168249789634,-0.013055557693640573,15,12,-2.501097246893652,0.4265845838923876,2026-03-03
BUK12330,estable,0.8666776342394358,2.473435741420214e-06,11,9,0.5129291461358834,-0.02682985614017311,2025-12-10
BUK12331,estable,0.8263094806815134,0.005992814947380911,6,19,-2.099460153629745,0.31919246831820114,
BUK12332,estable,0.7703233886425883,0.009197476056800418,15,18,9.812584276301955,-0.2752258095073408,
BUK12333,estable,0.7145466222377865,-0.006323108543502031,10,15,4.330965683105935,-0.03159315113714593,2026-06-20
BUK12334,estable,0.6072673863849423,-0.00792549577649786,8,17,-2.6478067194096457,0.09436911104705158,
BUK12335,bajo_desempeno,0.39005609901898375,-0.002585382417715662,8,10,7.5643100017468345,0.12658924690209897,2026-01-02
BUK12336,estable,0.8072390199862638,0.0004079611677558476,7,22,-4.778407959719875,-0.18643132048814404,
BUK12337,estable,0.8194527998510792,-0.0034345555888412,9,16,0.15988238805717847,0.25905330951304606,2026-07-31
BUK12338,deterioro,0.6862246018265025,-0.040959437455294304,6,17,-3.635291463367406,-0.09394361968955953,2026-08-10
BUK12339,estable,0.782548833215741,0.0012624518246335923,9,18,0.5639287423671078,0.031001581990305758,
BUK12340,nuevo_dificil,0.5780214003767353,-0.0055218674493005306,15,13,-1.826423234910581,0.02952373164610782,2026-04-16
BUK12341,estable,0.7215390031801034,-0.003609237878310958,15,17,0.20946551325453897,-0.3312844518549838,
BUK12342,estable,0.7349164934962907,0.008189233173299343,11,18,-2.0518106605967015,-0.2923250614324364,
BUK12343,estable,0.8962681869353566,-0.005445083228457661,7,15,1.0703408326032156,-0.07868416987309791,2026-06-22
BUK12344,estable,0.8790173636071931,-0.0008285178227837848,7,18,0.5666391245592792,-0.12369434057156828,
BUK12345,estable,0.8871024029160097,-0.0014008148389686671,8,21,-9.22308021460854,-0.11622506050379271,
BUK12346,bajo_desempeno,0.5302651557243035,0.0014375700949648025,10,6,8.165735199713716,0.22144747635298745,2025-09-27
BUK12347,nuevo_dificil,0.44594483255740724,-0.015165603406527088,10,13,2.2161380999051623,0.02250252899647927,2026-04-19
BUK12348,deterioro,0.7852252391853558,-0.018310512802555128,6,0,-4.7332923072109425,0.2150793354379262,2025-02-19
BUK12349,estable,0.8027847419738013,0.0022056527492550497,11,17,4.039060867523743,0.10714676738836769,2026-08-06
BUK12350,estable,0.7611610114978904,0.002993138356975354,15,19,-0.059309182519778236,-0.14276715749793142,
BUK12351,estable,0.9118968553850018,-0.0011124133499450992,7,22,3.3701169940861284,-0.21858803620548928,
BUK12352,deterioro,0.6319077652572399,-0.03444569620022682,14,6,6.110365136702152,-0.17196980113248186,2025-09-17
BUK12353,estable,0.873889544523291,0.005693947140802715,15,23,-4.308435509542189,-0.18485522231774024,
BUK12354,estable,0.7385824105255798,-0.0017311734636485134,8,14,-5.866617146923161,0.1400398619180256,2026-05-22
BUK12355,estable,0.9051548144256699,0.00287612841897938,8,18,-9.475354505800514,-0.07453970260604158,
BUK12356,estable,0.6476029774422233,-0.0003228524683868535,10,18,-2.3060413432725104,0.03303306379441304,
BUK12357,estable,0.7977096985010367,-0.0009741485414669226,6,22,0.04246234665136506,-0.3229313066849221,
BUK12358,estable,0.7731690338022663,-0.002643488618035718,7,20,2.915051545506432,0.056965269718237656,
BUK12359,estable,0.8455707554861608,0.0016041969502378361,14,19,8.573036152960059,-0.09780400635666357,
BUK12360,estrella_subpagada,0.8615510723263675,-0.014909592648514203,15,0,5.120800730107952,0.046021216457252746,2024-12-15
BUK12361,estable,0.7398555777401534,-1.4097586847607316e-05,11,17,-5.475134424661716,0.19327447473801845,2026-08-27
BUK12362,estable,0.9494990750948197,-0.004177767343865191,15,19,6.4455591780712815,-0.0785203102216941,
BUK12363,estable,0.8109704864719192,0.004311042385974588,11,23,5.259183222620124,0.06320877589187655,
BUK12364,estable,0.7814203458540487,0.0005838969081682318,10,18,-0.6291200469746974,-0.37556898541090405,
BUK12365,estable,0.8831176898957672,-0.0026732729845179892,13,17,-1.4967658896920852,-0.12907060441114357,
BUK12366,estable,0.7904560867332636,0.0005718754468967852,7,19,7.132895309239062,0.22333745265966592,
BUK12367,estable,0.8245318992768809,0.0011805584245689908,12,17,-1.6369855854976687,0.40633971609487124,2026-08-06
BUK12368,estable,0.7001931334171924,0.0020779382450184314,12,23,-7.3604315983398045,-0.18137720885639316,
BUK12369,bajo_desempeno,0.49150233179810343,-0.0004678788948057717,11,20,-0.7378817876428991,-0.06850494810025148,
BUK12370,estable,0.8094646665092387,0.0021486252727746552,6,17,-7.968053075799748,-0.1757015834672966,2026-08-29
BUK12371,estable,0.8245341065462978,-5.033519652777499e-06,10,17,0.7815776884800814,-0.1844904203065232,
BUK12372,deterioro,0.8011089435278771,-0.03885018623154202,14,13,0.3766069323522139,0.3086760922524406,2026-04-07
BUK12373,estrella_subpagada,0.6973721489864062,-0.002117777110611346,7,10,-4.0272125733194635,-0.18003002482824715,2026-01-21
BUK12374,estable,0.8338163420958622,0.007337591468163881,13,18,6.364827376763197,0.025586500044732598,
BUK12375,estable,0.698824923529526,-0.0005474318861265763,14,23,10.599874572308433,-0.020055228525292974,
BUK12376,deterioro,0.719860923529694,-0.04038612280619379,7,10,-7.987568268775945,0.11379038931360655,2026-01-20
BUK12377,estable,0.8381479938346222,0.004454594524133066,10,19,13.244792985400782,-0.03613384440809805,
BUK12378,estable,0.687501736899693,0.001136293883608828,12,22,-4.374868741597633,0.053598135231256,
BUK12379,estable,0.8543172606627367,0.0021625206372615003,14,23,5.968039934762697,0.38329334246704355,
BUK12380,deterioro,0.7742999631613638,-0.0410641334805266,12,22,7.584868790227315,-0.059478613671628856,
BUK12381,estable,0.8193530287482464,0.0019725317017583216,8,23,4.274225747365379,-0.1839178894817862,
BUK12382,estrella_subpagada,0.7970720671282646,-0.007671359337206141,7,17,-11.056417931749966,0.252255265928299,
BUK12383,estable,0.8124329665025933,0.0015220296513267406,8,19,2.4124729353767655,-0.12446912676730228,
BUK12384,estable,0.8879183185239978,-0.004878280085454066,6,17,5.639052710310631,0.3045197082201643,
BUK12385,nuevo_dificil,0.4432598505416404,-0.005754877907900867,15,11,-11.849301695614937,0.3687146397818491,2026-02-21
BUK12386,estable,0.709875092001863,-0.00034989741726961426,9,21,5.971245473544501,-0.3543165254410585,
BUK12387,estable,0.8004712760260025,-0.0008775128249145491,8,5,6.818282382448052,0.5091961234450951,2025-08-17
BUK12388,estable,0.8118693773925963,-0.0037584466539860376,8,17,1.1497703192548607,0.03513444851705956,2026-08-16
BUK12389,estrella_subpagada,0.8067858084102757,-0.026393983791439937,13,13,-8.891601726478996,-0.09711047518856751,2026-04-11
BUK12390,estrella_subpagada,0.8117564029875934,-0.008951732519915616,7,17,-6.10046574323774,0.10049789780285222,
BUK12391,nuevo_dificil,0.5904636126596452,-0.013193376853518478,7,17,-2.3703916108731797,-0.2239402722656548,
BUK12392,estrella_subpagada,0.7037118874870697,-0.009377691412730208,8,21,0.047298922945801604,-0.4036482589924782,
BUK12393,estable,0.9417649214300716,-0.001348380672631998,11,18,-6.2612446661602785,-0.07140771366367327,
BUK12394,estable,0.8629687399838599,0.007706209861919598,6,22,-1.7510147173618118,-0.003080938503390179,
BUK12395,deterioro,0.7650943421481119,-0.02664358360073698,8,9,-1.2488801711909008,-0.09414710951572403,2025-12-28
BUK12396,nuevo_dificil,0.5929138644450263,-0.011279851321913175,11,15,1.260206656258294,-0.3408555403366447,2026-06-01
BUK12397,estable,0.7768518644618355,-0.0010565310747166394,12,23,10.522445834068265,-0.05454227560153928,
BUK12398,estrella_subpagada,0.6529269336672201,-0.013692193089134873,15,22,4.542134506730285,-0.1596412069094413,
BUK12399,nuevo_dificil,0.43893339245859175,-0.005425100546974654,13,22,10.235582804722062,0.0663668242680622,
BUK12400,estable,0.8099457690496704,0.003871796253597913,12,23,0.9614888280567215,-0.2612307103943291,
BUK12401,estable,0.8352620231894659,0.013844201696790655,12,19,-0.009461218447607752,0.2434671383603177,
BUK12402,estrella_subpagada,0.8622908000885032,-0.016086869365050577,7,23,-1.6319998792277153,0.22871827702857525,
BUK12403,estable,0.8638018100089239,0.00048171977273004784,6,19,-5.241495151961465,0.142321832181291,
BUK12404,deterioro,0.8476600282790576,-0.016387279073868666,13,16,12.207604946545043,-0.1791146418169947,2026-07-13
BUK12405,estable,0.9275614222705476,0.0012991083830202583,13,19,-1.1990695070420667,-0.16861079394036851,
BUK12406,deterioro,0.755490383612644,-0.025712317242774396,10,17,-3.430897802942387,-0.09829219332969204,2026-08-21
BUK12407,estable,0.8916566963885889,0.006730682577027723,6,22,2.9980749060270915,-0.2298289070168549,
BUK12408,estrella_subpagada,0.7336947721068737,-0.00962784984763143,12,0,9.53561504581744,-0.27183597527862546,2025-03-03
BUK12409,estable,0.8601998271844848,0.0006713544207028617,13,16,4.2045341115473,-0.014402014083743695,2026-07-28
BUK12410,bajo_desempeno,0.31033873340195406,-0.007827455946269327,8,21,4.5304605170567385,-0.043280917754598566,
BUK12411,estrella_subpagada,0.8615660205646012,-0.011255189609323977,7,19,2.8711975666480356,0.3738005366973397,
BUK12412,estable,0.7157233311670682,-0.004407523059685708,7,20,0.5655700550798792,0.2499148772159939,
BUK12413,estable,0.7512328305743291,0.00556891850776224,6,21,4.257004117109427,-0.4661325449319447,
BUK12414,deterioro,0.7125350700701176,-0.03794583115475036,11,16,1.3794802546781142,0.08246955005903567,2026-07-31
BUK12415,estable,0.7466492154892305,0.001988277828185892,12,20,-2.134032327927399,-0.09164271365169069,
BUK12416,estable,0.7458071368725963,-0.0008222533916005854,6,22,-0.5029997460297255,0.22620240403912859,
BUK12417,estable,0.7670901963623108,-0.004125631244320823,7,17,-6.555239865031831,-0.04180059139922435,
BUK12418,estable,0.7394245175717687,-0.0007918079808522996,7,18,0.43058746206458776,-0.1884201702145119,
BUK12419,deterioro,0.747318760578646,-0.02333745395970409,14,17,-14.05250551914342,0.23149690044263413,
BUK12420,estable,0.7119330727362172,-0.002753933026937906,15,17,-2.869563315517621,0.6168727994680445,
BUK12421,estable,0.8099938763203257,-0.005620120007699834,10,18,-3.626685556670333,0.01239227006379624,
BUK12422,estable,0.7235001959576093,-0.0024316170930429207,7,18,1.7336138468975701,0.25039050804684887,
BUK12423,estable,0.7525815932341164,-0.0007839897788259276,13,17,4.490751745559441,0.21951592538095493,
BUK12424,estable,0.8027060637339046,-0.0005226843834548978,13,8,0.044226566957236285,-0.5173398335321113,2025-11-07
BUK12425,estable,0.639438816304486,0.006482638809084509,13,20,13.838291573140562,0.09281157725551303,
BUK12426,deterioro,0.6505105406337087,-0.0158575582888833,14,17,1.2582961198327962,0.23983135612285322,2026-08-14
BUK12427,estable,0.6992870996364218,-0.0020788376336128567,10,11,5.919739544184317,-0.06953783883000748,2026-02-02
BUK12428,estable,0.6988670499201894,0.00019146190011197636,15,18,-1.7816669100331706,-0.07168383109995426,
BUK12429,deterioro,0.7407979954994912,-0.01864057284131926,13,19,-5.200241846069662,-0.04743460933631028,
BUK12430,estable,0.9315634662767942,0.0036741137294695673,12,22,1.3376183904252872,-0.49877398574693516,
BUK12431,estrella_subpagada,0.6406939152075857,-0.0009971954533371397,14,19,0.6264160044576977,-0.2381022287157932,
BUK12432,estable,0.7753835419473578,-0.0012489323760298018,14,19,-0.3009118341849557,0.030329645281047573,
BUK12433,deterioro,0.7205055001453359,-0.03304703452840963,9,5,-7.046462180316283,0.0709830226214726,2025-08-24
BUK12434,estable,0.3897365127429402,-0.016928046102773753,10,22,2.238702182264023,0.13910694057420211,
BUK12435,deterioro,0.726846827225234,-0.02759059314769783,15,22,9.3900832071814,0.04408466931890855,
BUK12436,estable,0.7761440933419061,-0.0021839310541172377,11,22,-4.101216905224501,-0.2745627200010609,
BUK12437,estable,0.7823361516209154,0.0016743738250911558,10,11,1.2990256498099428,-0.12130834802539991,2026-02-15
BUK12438,deterioro,0.7863162712152661,-0.015661732039629082,9,20,6.096159848912541,-0.12354009503303078,
BUK12439,estable,0.8014175038065615,-0.0014527639300062878,11,20,-3.192549490906238,-0.07201833225506932,
BUK12440,estrella_subpagada,0.7138653897469046,-0.018958237408501246,6,0,-5.413729922228489,-0.10730554415840923,2024-10-20
BUK12441,estrella_subpagada,0.7321356337036712,-0.0168090388226044,14,17,3.102390002210162,0.08900525381926068,
BUK12442,estable,0.7563511960194778,-0.005179585760950668,10,18,8.491617781622459,0.2072690950169429,
BUK12443,estrella_subpagada,0.7827377735483677,-0.017823854543247142,12,19,8.42921389329394,-0.36439782080659133,
BUK12444,estable,0.6551366066057773,-0.0031744295368229467,8,11,-4.580635843473063,-0.10636483813267117,2026-02-11
BUK12445,nuevo_dificil,0.5556888391653091,-0.011471640009162525,11,13,-6.268969979753434,-0.15069194707390654,2026-04-15
BUK12446,estable,0.7274382681764788,0.010106737438121332,14,16,-9.26977814635727,-0.33337330781247865,2026-07-02
BUK12447,deterioro,0.6390580856839003,-0.03457060814899842,6,0,0.8820811517699063,0.11438536699695558,2024-12-28
BUK12448,estable,0.7899543117674557,0.0023587963491309024,7,17,-6.791470397451299,0.18205224326310998,
BUK12449,estable,0.7325988408522399,-0.004270563316006485,10,20,0.0656576255413562,-0.2033916683212189,
BUK12450,estable,0.7149916876886029,-0.0023608436963611225,11,18,-11.561144565177253,0.1685977585639396,
BUK12451,estable,0.7254623585666395,0.0010447283185901503,14,21,-3.6426317372320516,-0.3250358967632436,
BUK12452,deterioro,0.728036782762308,-0.02461336135241233,11,8,7.152745956011964,-0.1448840671858161,2025-11-08
BUK12453,estrella_subpagada,0.706016605857495,-0.02119702558003616,14,16,6.257531338969812,0.15328622870908878,2026-07-27
BUK12454,estable,0.8734082539635956,-0.002009927484936129,12,20,-3.516058499594208,0.12340173089822584,
BUK12455,estable,0.6865413379688485,-0.002721964925378972,13,19,-1.222045148657017,-0.034184858184582015,
BUK12456,estable,0.8339470142110414,-0.0032705862666711056,10,21,-3.0611925245474447,-0.2500040155752084,
BUK12457,estrella_subpagada,0.6475364791513145,-0.014541984464773394,13,7,-1.2876539122412096,0.0023613998922060214,2025-10-27
BUK12458,estable,0.757255066878878,0.0011158909521310212,8,19,-9.168208407510885,0.07262593166295601,
BUK12459,estable,0.8877329966779802,0.003784803200024234,15,23,-13.606196698048816,0.0035802774535639895,
BUK12460,estable,0.7840540607530951,0.0016510407375125516,13,17,-8.570240292357713,-0.2930260526473065,2026-08-30
BUK12461,estrella_subpagada,0.6822064902886261,-0.022617152610750188,10,15,3.5004060561650467,0.3175069120353945,2026-06-28
BUK12462,estable,0.8248962834915176,-0.0007361939894698295,7,20,-0.8350362338748745,-0.2782340731225566,
BUK12463,estable,0.9146139043563959,-0.003038040435502588,6,17,-3.1814787733229055,-0.017111343685224885,
BUK12464,estable,0.8167079129642595,0.0013733948227104644,13,23,-11.474753278628638,0.23206246265405295,
BUK12465,estable,0.7347095676715222,-0.00014850108761401974,14,22,6.684837258366724,-0.011402387247156302,
BUK12466,estable,0.4061944712394734,-0.012926344055813168,6,19,4.681557112466174,0.17560813813736878,
BUK12467,estable,0.9313608193110284,-0.003037165153889506,14,19,-3.320417950152211,0.14487522121423002,
BUK12468,estrella_subpagada,0.836218355497856,-0.01377816845023605,11,13,-6.44402232711214,-0.24201314979733723,2026-04-04
BUK12469,deterioro,0.7106117874522675,-0.024505541206584817,8,20,-4.820497613460072,-0.4595695349981575,
BUK12470,estable,0.8832517126595809,-0.0009931958577272882,8,23,-2.5929427452028886,0.2918319289778954,
BUK12471,estable,0.8357747002322824,-0.000819851886246248,13,22,-3.316858438574343,0.1727778916453258,
BUK12472,estable,0.6931532618995955,-0.004440402603600045,14,20,-4.064767947850568,-0.14566061627075821,
BUK12473,estable,0.4521318827324177,-0.02389055362901017,8,17,3.3181267922044144,-0.11187207689924682,2026-08-17
BUK12474,estrella_subpagada,0.6983096649786027,-0.004116121946273208,11,11,9.782938368084952,-0.10455328442306351,2026-02-23
BUK12475,estable,0.8514936475996503,0.0051403341786062035,6,17,-5.648646179147766,-0.4381937741292315,
BUK12476,estable,0.918808180072244,0.003370488032292614,14,22,-0.1974055484891058,0.16545305966879614,
BUK12477,estable,0.7453031437426665,-0.0023076802073950116,14,15,6.972987575475775,-0.04592612624141502,2026-06-19
BUK12478,estable,0.8129521052136076,0.0008110466568610848,12,23,2.0589684288732877,-0.23264220565143176,
BUK12479,estable,0.8234431836525916,-0.0018764842185915738,6,22,4.929347429610472,-0.03689100471895249,
BUK12480,estable,0.8790948568831598,0.0022031135203552606,10,22,-1.2677073074095278,-0.23829608620521966,
BUK12481,estable,0.7291545030523838,-0.003729021939208956,8,23,-5.239062850062246,0.18363925549600557,
BUK12482,estable,0.7985325309034178,0.0010732363934409703,8,21,2.868050690538471,0.050768253332994236,
BUK12483,estable,0.7343481125208099,-0.01138369580622343,8,20,2.937441242394282,0.1860330669804983,
BUK12484,bajo_desempeno,0.33751011647244894,-0.01784068942281212,9,17,-1.3744653940486544,0.06375306787129599,2026-08-16
BUK12485,deterioro,0.7934453116938248,-0.026205032359524927,8,21,-8.844174984735867,-0.047925404836214935,
BUK12486,estable,0.9231617681486818,0.0021901911658364446,8,20,-7.318015052694023,0.1767114308551543,
BUK12487,deterioro,0.724733269426002,-0.02872464095391437,10,20,2.8433184157667366,-0.051870926691085874,
BUK12488,estable,0.829519049132453,-0.00453908709060187,6,20,2.250683253997747,0.1385796080694267,
BUK12489,deterioro,0.7781482774123204,-0.0186655332043367,14,17,-2.5478772766105466,0.319430516823101,2026-08-20
BUK12490,estrella_subpagada,0.8284056115917929,-0.0027355545221533217,9,23,7.312828395519639,-0.08116661953103439,
BUK12491,estable,0.6722315200540393,-0.0012235328519191097,7,17,-3.1662988468231377,-0.08395199290960992,
BUK12492,estable,0.8395504507703944,-0.001822015719159331,15,20,2.99480981468942,0.19800739778843185,
BUK12493,estable,0.7882155747305315,0.0010551187810636917,10,20,-3.332608561140903,-0.1641775603770993,
BUK12494,estable,0.7083294631923589,-0.007489604409241404,7,23,10.794915282285483,-0.09172201567292629,
BUK12495,estable,0.7594213686894361,0.000854151552947598,9,23,-6.980299145773738,0.10668718443445736,
BUK12496,estable,0.7058304211758092,-0.004433979512235901,8,17,-5.426757689447008,-0.007046650423109426,
BUK12497,estable,0.7820537136400808,-0.00011677153789652091,15,21,-8.771278901606157,0.3112939249222947,
BUK12498,estable,0.9282161418378468,0.004369449483966972,11,23,4.846994324181317,0.022143313552791442,
BUK12499,deterioro,0.7302136973311895,-0.038416885908252305,11,18,-0.7799456923410745,-0.12212518127614148,
BUK12500,estable,0.8255531278159847,0.003982683748772068,11,18,-1.1015096853101667,-0.07222800532890498,
BUK12501,estrella_subpagada,0.6866669262656209,-0.0033637444679741006,9,0,3.252516901804269,0.09704345496443184,2025-03-10
BUK12502,estable,0.7599790918288977,0.0017089741659328682,10,20,-12.467747256429671,0.051851773289332354,
BUK12503,bajo_desempeno,0.47959040698468847,0.005500539625075445,14,19,0.8414606171948567,-0.024719557758770175,
BUK12504,estable,0.9478802214977303,-0.00020556182500443574,7,17,-3.1650184461183475,-0.0778974834672377,
BUK12505,estable,0.8608908819787576,2.8164856240178796e-05,11,23,-0.7781865245296553,0.27636411060326976,
BUK12506,estable,0.7639841574837841,0.003223829340497311,14,20,-2.3575125776288073,-0.17001402923559636,
BUK12507,bajo_desempeno,0.2822920876504153,-0.003749713693870618,12,19,-10.253723978651319,0.026893809318295346,
BUK12508,estable,0.7633476144413659,0.0021772984440732767,7,21,-6.721465163097836,0.14334570483731274,
BUK12509,estable,0.7269630061400273,0.0007164446354117078,6,19,2.922363610367653,-0.15570813058514094,
BUK12510,estable,0.7259542813812652,-0.001699181813505969,6,17,2.5326579449309925,-0.10766592597249003,
BUK12511,deterioro,0.8083232891613497,-0.030178415790381767,8,14,2.427294014057294,0.4209388442733723,2026-05-27
BUK12512,bajo_desempeno,0.47856651845942183,0.00011102636332674214,7,16,5.89963260201594,0.3326728008952412,2026-07-11
BUK12513,estable,0.6974869340635572,-0.0003070837304671149,14,16,7.681251765391199,-0.21615173289888093,2026-07-31
BUK12514,estable,0.9901369137168263,-0.005587090423724541,10,21,-7.0049858228914825,0.1615421890954451,
BUK12515,estable,0.8924568740826074,-0.0030255932780076018,9,19,-0.49458224936431516,0.0079252632573156,
BUK12516,estable,0.7500583231295503,0.00029470016004007717,9,22,2.359428244668039,-0.15241993486304345,
BUK12517,estable,0.7962048208690305,-0.003666945195554934,15,17,4.847209802258005,0.2554971336177965,
BUK12518,estable,0.7845618142417063,-0.00438828180216023,7,23,9.568621197220759,0.07567959812106502,
BUK12519,estable,0.4909538110639269,-0.009619078682134496,8,23,-2.459811536338827,-0.22887368724139254,
BUK12520,estable,0.6887671835479376,0.0012462700802104987,12,17,4.70664485873145,-0.15236628370513314,
BUK12521,estable,0.808887710136947,-0.0016269037222247096,9,23,1.502326415664447,0.08837125170348295,
BUK12522,estable,0.6854026616770155,-0.008755314308275593,11,1,-2.906477177695053,0.13536660342679807,2025-04-14
BUK12523,estrella_subpagada,0.6340035256592647,-0.016586036229079695,15,1,3.7135193591074023,0.04628951483048643,2025-04-03
BUK12524,estable,0.7621342037951898,-0.0047067700713627056,13,16,7.725237453043207,0.4261516273266959,2026-07-28
BUK12525,estable,0.6700060434225003,0.0028512828026522235,7,18,5.878119105930044,0.13487541831261862,
BUK12526,estable,0.857216866610178,-0.0018745219194287806,13,17,4.454246250371575,0.17100853842741592,
BUK12527,estable,0.8776568014258512,0.00480089163135335,11,22,5.300880857678274,-0.2720924665219639,
BUK12528,deterioro,0.6299454868794797,-0.011235187503847624,6,17,-8.133329825230721,0.24971775595254467,2026-08-07
BUK12529,estable,0.6579292895480906,-0.0035887576460484384,9,22,-0.05339146024350824,-0.019506928282736025,
BUK12530,estable,0.6950901142091354,0.005361552947477866,8,19,10.9608734530397,-0.06214541155955317,
BUK12531,estable,0.7231986843229318,-0.003578130645877075,6,23,-5.679312645477385,0.01937644622955457,
BUK12532,estable,0.874954962738372,-0.00773464008439338,12,17,-1.1065913406093337,-0.045552836906868864,
BUK12533,estable,0.8332676101413866,0.008456299525301358,12,17,2.8762884723606317,0.2789721378749494,
BUK12534,estable,0.6913667792758226,0.005657199264651681,8,20,2.005429439990957,-0.4224966672960063,
BUK12535,estable,0.791969854548867,-0.002654834863982754,10,22,6.450255405365341,-0.248887770844871,
BUK12536,estable,0.7435967434920403,0.0028125214160707682,10,17,1.3029927315468606,-0.23964393315393098,
BUK12537,estable,0.943958971835479,-0.0023503290834472755,14,17,1.973673360380666,0.20819783732909197,2026-08-22
BUK12538,estable,0.6956769522957594,-0.0013293038490560765,7,17,-11.26649336172053,-0.40806923373832216,
BUK12539,deterioro,0.8021272399534909,-0.02959671189445069,11,19,0.5797158148953983,0.3763080645497861,
BUK12540,deterioro,0.8177426611273364,-0.03192310302485425,12,17,0.018257539624164452,0.43628616073249327,
BUK12541,estable,0.7701093485088415,-0.003425099678245301,13,18,5.256550540128305,0.23491360343732293,
BUK12542,bajo_desempeno,0.1596046746927881,-0.008541100561968473,13,17,-7.702996474001888,0.18579151249492928,2026-08-23
BUK12543,bajo_desempeno,0.3848188986213673,-0.0041581632988446715,6,19,2.8427800096144114,0.26209898173273205,
BUK12544,deterioro,0.7988768910865567,-0.010336357040569708,14,17,4.071522063968278,-0.2702024384644943,2026-08-20
BUK12545,nuevo_dificil,0.5901903160458495,-0.011699936827359135,15,20,0.5067204378204371,-0.10352906736467403,
BUK12546,estrella_subpagada,0.8087693878175294,-0.007510654832428931,11,18,3.123336287371608,0.02168432325636292,
BUK12547,deterioro,0.7509599315569373,-0.01613884343459653,12,20,11.640743468357892,-0.20090043162283608,
BUK12548,deterioro,0.7448788829240255,-0.038555310490800104,12,11,6.817930057593085,-0.10206538265581108,2026-02-26
BUK12549,estable,0.6887317623751532,0.003404518646990125,10,20,8.524575020800967,-0.22667424003396175,
BUK12550,bajo_desempeno,0.37955587934030754,-0.0031980957205281066,6,11,-2.9382477480053,-0.3939959467342486,2026-02-27
BUK12551,estrella_subpagada,0.7521560849791779,-0.005365380018796935,14,20,-2.8263284607488757,0.06899814493044364,
BUK12552,estable,0.8410624999910703,-0.0003588684051169706,6,21,0.5818943308527329,0.11172384474174261,
BUK12553,estable,0.8313199857478278,1.278718961075571e-05,9,21,6.264242051204983,0.11820603973832684,
BUK12554,estable,0.8341002150450678,0.007090448630782007,13,18,-2.8954076659049788,0.2018070589092693,
BUK12555,estable,0.7808516974829239,-0.0020357035632401917,13,20,2.4601016394867976,-0.1687605877162174,
BUK12556,estable,0.835688601525535,-0.0005111600717067368,14,21,-3.758383573541675,0.15850722308708465,
BUK12557,estable,0.8685582226238242,-0.004079086942132286,8,14,1.6787649211395812,-0.2501976331344967,2026-05-28
BUK12558,estable,0.757159771180149,0.002998265120037419,11,18,0.4312631924509093,-0.2686839539509601,
BUK12559,estable,0.7448711211379065,0.0010421222944814387,9,21,-1.3213557456033147,0.27716312492430556,
BUK12560,estable,0.7702956482830141,0.005084872293275209,8,17,-3.513800280649633,0.08872967099763553,
BUK12561,estable,0.8974946234597935,0.002226951507028069,14,18,-8.330259886130662,-0.24810082766946423,
BUK12562,deterioro,0.6650206121236938,-0.020606544250075243,9,23,2.930062731115091,-0.027260845971384486,
BUK12563,estable,0.7659801399539193,0.0014802884793484574,6,17,10.5287519117307,-0.20037061456425911,
BUK12564,estable,0.48616877699164884,-0.013274138453097353,11,17,-3.091096206756723,-0.04878782232699226,
BUK12565,bajo_desempeno,0.49368223687031326,0.002215581101175009,6,16,-1.0696291449710924,-0.0021345196403394135,2026-07-29
BUK12566,estable,0.7282815868423931,0.005623113961544843,9,22,0.8150553945285572,-0.12506588768667673,
BUK12567,estable,0.8605652514150668,-0.0015470241975534711,13,23,5.53734594184009,0.010161450823775032,
BUK12568,estable,0.7691145846973475,0.010175078923688513,10,23,-2.0811925289218083,-0.24971584052596196,
BUK12569,estable,0.6670863135671576,-0.0037107431466528937,13,17,-7.711829476671614,0.02105506201265554,
BUK12570,estable,0.6862044805107044,-0.007170342427139993,8,19,-0.7048147470669288,0.09257332487977056,
BUK12571,estable,0.8095626287736045,-0.0005932278761173785,15,21,-3.4500196739493365,0.07034768054607914,
BUK12572,estable,0.8724552820486562,0.0028703391408430273,8,17,-5.281627150698587,-0.38270141013911396,
BUK12573,estable,0.7574790857667537,-3.040722796369835e-05,13,23,7.641696500609075,-0.14785329178672074,
BUK12574,estable,0.8109466908744585,-0.00356546985862724,7,10,-10.224136203978526,-0.2843863668710488,2026-01-16
BUK12575,estable,0.7814639925592181,0.001157843678159776,11,19,10.541543979702666,0.291739963885061,
BUK12576,estrella_subpagada,0.6793553637648474,-0.0020913560438112246,6,16,4.386969471439649,0.026801529220391293,2026-07-13
BUK12577,estable,0.721188306570845,0.0005694576279064921,13,20,-4.847320427471654,-0.1348866366241175,
BUK12578,estable,0.9242620973958326,-0.001968666663949304,11,18,-0.7506580126544362,-0.1133333818835354,
BUK12579,estable,0.8012428936278919,-0.004845814826583811,8,21,-1.5967989378429661,0.15147367629316763,
BUK12580,deterioro,0.7750998048989131,-0.022507199744575573,12,16,1.4527406339687632,-0.06454694926671617,2026-07-25
BUK12581,estable,0.7984807366488565,0.008181285507869429,13,21,3.709432562344431,0.15253334702034077,
BUK12582,estable,0.6916968021475518,-0.004578909768760884,7,18,2.862005453906975,0.3965752186805812,
BUK12583,estrella_subpagada,0.6903658357383582,-0.012730604037879687,15,14,-9.233077099540528,-0.079488441636391,2026-05-10
BUK12584,bajo_desempeno,0.5364264615454689,-0.007319335410182865,15,17,3.572566565183714,0.03724538035515566,2026-08-10
BUK12585,estable,0.7728854322818793,-0.004385327332812872,15,14,14.150183111796633,-0.14468890398413067,2026-05-09
BUK12586,estable,0.7740193130359568,0.003082077576463656,12,11,-1.0149124653616646,0.3276068280161153,2026-02-21
BUK12587,deterioro,0.5965003503956494,-0.03803518753003265,7,17,3.9495294664126037,-0.2332321935319794,2026-08-29
BUK12588,estable,0.5145461245938193,-0.030015638309304246,7,1,1.5968789162808628,0.43095308136646565,2025-04-14
BUK12589,deterioro,0.753227719038522,-0.024082728126392665,10,17,2.4738322353925373,-0.0895769445035324,
BUK12590,estrella_subpagada,0.7690532273813094,-0.008222758839023781,10,18,-1.310424125022594,0.0676786043193788,
BUK12591,estable,0.7935129546613859,-0.0008487475881686509,13,18,-10.59314210924189,0.1276575578962741,
BUK12592,estable,0.8273905506118509,-0.00038554857221842227,13,19,1.6150894000310583,-0.28515825809112455,
BUK12593,estable,0.7919993437619682,0.0023870566542117796,7,21,6.690940953506564,-0.18071887283138305,
BUK12594,estable,0.771351875686412,-0.0007012650354744856,8,23,4.963497350334697,0.15568463558974363,
BUK12595,estable,0.7219046680109191,-0.002318833508076299,13,2,-4.928355309990533,0.30725882416626726,2025-05-24
BUK12596,estable,0.88339668891928,0.006001612812207085,15,18,5.55259585679884,0.05675941479707744,
BUK12597,estable,0.7097666806193147,0.0011174137269818552,7,0,0.39726708380754094,-0.004890553947478638,2025-01-26
BUK12598,nuevo_dificil,0.5472579625815936,-0.031183442501916476,14,16,4.478010289414766,-0.07957357934797143,2026-07-19
BUK12599,nuevo_dificil,0.4252204697201979,-0.00874011395387134,9,13,7.893011155118357,0.01554272203862257,2026-04-18
BUK12600,estable,0.766761191106218,0.0014534874996389618,7,12,-7.933588436564362,0.02161623370138057,2026-03-21
BUK12601,estable,0.8421043229599364,0.005723804456820668,9,18,5.875626123717288,0.005242698293595407,
BUK12602,estable,0.764025807668372,-0.002489251334940169,7,21,-3.2752173964121694,0.15781924282925702,
BUK12603,estable,0.886642998236669,0.007697575579675761,11,21,-4.5082456848450985,0.29374795967074924,
BUK12604,nuevo_dificil,0.5717920746569307,-0.01230587317898264,7,15,-8.028125954876947,0.1726414749543326,2026-06-21
BUK12605,estable,0.7846757356715343,-0.0010645967476793862,6,4,-4.080233173744702,-0.11803648680589315,2025-07-17
BUK12606,estable,0.829599174738085,0.004957182048341503,9,20,-13.860445256924248,0.0609249048252327,
BUK12607,deterioro,0.7645699307709162,-0.03572223863505792,6,18,8.71523061607014,0.20584776484727502,
BUK12608,estable,0.7942973497141474,-0.004131803220286087,11,18,-3.12986390153908,0.015195626238285876,
BUK12609,estable,0.6984202160831792,-0.0013713413936349808,8,12,3.50338657900443,0.10742451657917686,2026-03-13
BUK12610,estable,0.8947944049955048,0.0021722253742190566,10,19,0.13515538948408173,0.10945345428114239,
BUK12611,bajo_desempeno,0.33318768352625855,-0.006301637324434156,10,12,3.19611290472446,0.23801143087362595,2026-03-16
BUK12612,estable,0.9026078379074216,0.002029704726563078,11,17,-0.23613768287571754,0.12461381939248896,
BUK12613,deterioro,0.595168080943788,-0.024774171625970377,10,23,2.827338932511788,-0.06726754192501798,
BUK12614,estable,0.7480247055438642,-0.0046615544639617545,13,20,-12.113582876636357,-0.10086661670772606,
BUK12615,estrella_subpagada,0.7485339196521441,-0.016412367093761544,11,1,8.025408386939814,0.30395573675429716,2025-04-08
BUK12616,estable,0.8399762577544347,-0.0017006796231862262,8,18,-2.4779026968069777,0.20171737470500606,
BUK12617,estrella_subpagada,0.7507615623543128,-0.010750994588414742,13,23,5.548009954261928,-0.09014171390729384,
BUK12618,estable,0.8481012452961056,0.0017479016718051704,8,1,4.508035619049766,-0.0695356437186018,2025-04-08
BUK12619,estable,0.8474721927601095,-0.005144613797432271,15,17,-3.4833056140126715,-0.2647629208998174,
BUK12620,deterioro,0.8426186479767679,-0.02363963897024041,11,23,-4.56457193948788,0.020897097631798426,
BUK12621,estable,0.7755099588577172,-0.001586905688610976,7,6,-3.8071753578887204,0.2581122315335378,2025-09-22
BUK12622,estable,0.8390345338006867,0.0011986811074364903,13,19,8.713330677634968,0.3144077816093602,
BUK12623,estrella_subpagada,0.7083051882529801,-0.012843821405225182,7,10,9.342529340017073,0.01129960979288054,2026-01-03
BUK12624,estable,0.5620292299931748,-0.0011431167920088075,10,23,7.205144804660826,0.11922821741418399,
BUK12625,estable,0.8412202713201352,0.006522457010252222,11,18,1.6505555559866238,0.03977604366001547,
BUK12626,estrella_subpagada,0.7744883909415844,-0.016477977911510143,8,14,2.680342348210685,-0.10651440472736436,2026-05-09
BUK12627,estrella_subpagada,0.7561705050635237,-0.005448938335222061,13,15,-8.475398081432266,-0.06151888922235018,2026-06-18
BUK12628,estable,0.8319596783717641,0.006165837761130566,14,17,8.176260411303527,0.042213096512972365,
BUK12629,estable,0.7989104624447853,0.0048499155521987474,11,22,2.0652262097535763,-0.07360747342245637,
BUK12630,estable,0.7108377474800065,-0.009975057559366118,8,21,5.979375081265431,-0.027297207409606616,
BUK12631,estrella_subpagada,0.8195619620426755,-0.013791673889131082,13,13,-1.075224099801327,-0.32091345026003487,2026-04-02
BUK12632,estable,0.7506270984559995,-0.0010232716656423484,14,19,7.000934010489571,0.38851761118666556,
BUK12633,estable,0.8978504856027072,0.0005812201218980337,11,17,1.2365686815110033,-0.2619106768471912,2026-08-11
BUK12634,deterioro,0.7169539119108514,-0.03404471177448168,14,13,-5.385852817549517,-0.11414186858426446,2026-04-01
BUK12635,estable,0.6682435769326724,-0.0002384793946968683,15,22,-2.2414719547937656,0.22180435358806366,
BUK12636,estable,0.8027991104312324,0.0009260194152178922,11,23,6.096268981165819,0.24637097281873033,
BUK12637,deterioro,0.8215663242928679,-0.017498003537871572,14,17,-1.74790409529722,-0.0876274830484482,
BUK12638,estable,0.4848966218940623,-0.014143045838834523,6,21,-3.586392055558898,-0.24647632791157245,
BUK12639,estable,0.6288678004031137,-0.0034035845351512843,7,22,8.117890197975495,0.08170779553594529,
BUK12640,estable,0.9412566341984107,-0.002864346166732688,6,22,-0.5172199769329431,0.02291175787253774,
BUK12641,estable,0.9099450514690488,0.004069321665003783,9,20,-1.2040168540051481,-0.5856786260170784,
BUK12642,estable,0.8440671834479934,-0.005858265765134065,7,18,0.9601587423487488,0.27506032559119215,
BUK12643,estable,0.6923152054952182,0.0027702343045087996,6,20,-6.654810855147002,0.30591920420180013,
BUK12644,estable,0.8971642810559253,0.0048358452692837265,13,4,1.3523678957150773,0.29709363200689315,2025-07-07
BUK12645,nuevo_dificil,0.5164944115509726,-0.014248837639314359,13,23,-11.3114296819078,-0.17587087445039828,
BUK12646,estable,0.7270253099198074,0.0010104013466225815,6,23,3.9735590994362435,0.06756144184172383,
BUK12647,estrella_subpagada,0.8402441328648551,-0.0199290238474909,12,20,2.5662617436656197,-0.010889706362426092,
BUK12648,estable,0.5724416059831784,-0.012885466995667711,13,17,-5.218923347379569,-0.06106435450432628,
BUK12649,estable,0.842060219327721,-8.954598134662803e-05,8,21,-2.5544378137382684,0.2205309550707696,
