employee_id,fecha_evaluacion,score_desempeno,score_adaptacion_cultural,recomendacion,evaluador_id
BUK10000,2025-03-16,3.57,3.11,Continuar,BUK10949
BUK10001,2026-01-02,3.51,3.41,Continuar,BUK12005
BUK10002,2024-01-12,3.69,3.48,Continuar,BUK11543
BUK10003,2021-12-11,3.57,3.52,Continuar,BUK10114
BUK10004,2025-09-06,3.49,3.26,Continuar,BUK12229
BUK10005,2022-07-29,3.49,3.1,Continuar,BUK10250
BUK10006,2025-12-03,3.34,3.02,Continuar,BUK11474
BUK10007,2023-01-12,3.16,3.06,Continuar,BUK10961
BUK10008,2026-07-30,3.41,3.51,Continuar,BUK10061
BUK10009,2026-04-23,3.68,3.77,Continuar,BUK12005
BUK10010,2025-04-22,3.52,3.05,Continuar,BUK11546
BUK10011,2025-05-21,3.2,3.15,Continuar,BUK12632
BUK10012,2021-12-04,2.72,2.8,Continuar con seguimiento,BUK11186
BUK10013,2026-04-21,3.11,3.25,Continuar,BUK11596
BUK10014,2026-03-12,2.9,3.07,Continuar con seguimiento,BUK11881
BUK10015,2024-09-19,2.86,3.42,Continuar con seguimiento,BUK10970
BUK10016,2022-11-04,3.08,2.76,Continuar con seguimiento,BUK11474
BUK10017,2025-02-20,3.98,3.67,Continuar,BUK10710
BUK10018,2023-06-16,3.37,3.5,Continuar,BUK11676
BUK10019,2024-10-08,3.16,3.33,Continuar,BUK12316
BUK10020,2026-04-01,3.61,3.52,Continuar,BUK10650
BUK10021,2026-06-01,3.52,3.86,Continuar,BUK11396
BUK10022,2024-05-14,2.81,3.06,Continuar con seguimiento,BUK10317
BUK10023,2023-07-17,3.1,3.08,Continuar,BUK10302
BUK10024,2022-08-06,2.81,3.15,Continuar con seguimiento,BUK10118
BUK10025,2025-10-15,2.78,2.93,Continuar con seguimiento,BUK10752
BUK10026,2023-05-24,2.53,2.8,Continuar con seguimiento,BUK11177
BUK10027,2025-11-11,3.69,3.16,Continuar,BUK10928
BUK10028,2025-04-11,3.52,3.63,Continuar,BUK11563
BUK10029,2026-03-25,3.34,3.05,Continuar,BUK11185
BUK10030,2026-04-11,2.8,2.77,Continuar con seguimiento,BUK11901
BUK10031,2023-03-29,3.37,3.19,Continuar,BUK12554
BUK10032,2024-11-01,3.07,3.18,Continuar,BUK12245
BUK10033,2026-05-09,3.36,3.65,Continuar,BUK12283
BUK10034,2026-02-18,2.26,2.65,No superó el período de prueba,BUK12496
BUK10035,2026-08-23,3.72,3.13,Continuar,BUK10680
BUK10036,2025-10-27,3.33,3.54,Continuar,BUK10975
BUK10037,2026-01-31,3.9,3.41,Continuar,BUK11267
BUK10038,2019-04-27,3.75,3.76,Continuar,BUK10970
BUK10039,2025-07-08,2.77,3.03,Continuar con seguimiento,BUK10833
BUK10040,2025-10-04,3.55,3.52,Continuar,BUK10975
BUK10041,2023-04-10,3.77,3.33,Continuar,BUK11717
BUK10042,2023-02-05,2.86,2.87,Continuar con seguimiento,BUK10326
BUK10043,2024-02-28,3.75,3.91,Continuar,BUK10963
BUK10045,2022-01-05,3.61,3.95,Continuar,BUK10150
BUK10046,2022-10-29,3.93,3.65,Continuar,BUK11305
BUK10047,2025-02-20,3.29,3.66,Continuar,BUK10708
BUK10048,2025-07-13,3.36,3.0,Continuar,BUK11407
BUK10049,2026-02-08,3.31,3.43,Continuar,BUK12104
BUK10050,2025-04-06,3.0,3.1,Continuar con seguimiento,BUK10462
BUK10051,2022-12-15,2.76,3.11,Continuar con seguimiento,BUK12005
BUK10052,2024-12-19,3.39,3.48,Continuar,BUK10714
BUK10054,2021-03-15,3.26,3.04,Continuar,BUK10883
BUK10055,2025-01-30,3.52,3.49,Continuar,BUK10019
BUK10056,2022-07-28,4.0,3.45,Continuar,BUK10796
BUK10058,2024-02-12,2.83,3.19,Continuar con seguimiento,BUK10150
BUK10059,2026-03-22,3.1,3.14,Continuar,BUK11309
BUK10060,2025-10-14,3.42,3.43,Continuar,BUK10667
BUK10061,2024-02-14,3.68,3.79,Continuar,BUK10152
BUK10062,2024-09-21,3.43,3.83,Continuar,BUK10607
BUK10063,2023-12-13,3.47,3.76,Continuar,BUK12266
BUK10065,2026-03-22,3.33,3.51,Continuar,BUK10322
BUK10066,2026-04-24,3.36,3.47,Continuar,BUK12229
BUK10067,2026-06-09,3.57,3.2,Continuar,BUK11396
BUK10068,2023-07-22,2.6,2.62,Continuar con seguimiento,BUK11884
BUK10069,2026-06-12,3.22,2.94,Continuar con seguimiento,BUK11691
BUK10070,2025-09-02,3.48,2.86,Continuar con seguimiento,BUK10852
BUK10071,2025-01-28,3.21,2.68,Continuar con seguimiento,BUK12104
BUK10072,2025-06-26,2.87,3.21,Continuar con seguimiento,BUK12572
BUK10073,2025-09-04,2.33,2.75,No superó el período de prueba,BUK11993
BUK10074,2024-09-18,3.12,3.33,Continuar,BUK12529
BUK10075,2025-01-31,3.76,3.62,Continuar,BUK10650
BUK10076,2026-06-28,2.45,2.36,No superó el período de prueba,BUK10564
BUK10077,2025-06-05,3.48,3.59,Continuar,BUK10574
BUK10078,2022-02-05,3.38,2.84,Continuar con seguimiento,BUK12465
BUK10079,2024-12-19,3.27,3.4,Continuar,BUK10881
BUK10080,2025-08-27,3.82,3.61,Continuar,BUK11827
BUK10081,2026-04-25,3.49,3.14,Continuar,BUK10442
BUK10082,2026-06-08,3.62,3.35,Continuar,BUK11267
BUK10083,2024-08-09,3.27,3.06,Continuar,BUK10471
BUK10084,2023-04-03,3.71,3.67,Continuar,BUK11409
BUK10085,2023-01-12,2.87,2.97,Continuar con seguimiento,BUK10322
BUK10086,2026-05-24,3.08,2.59,Continuar con seguimiento,BUK12254
BUK10087,2025-04-28,3.09,3.42,Continuar,BUK10680
BUK10088,2024-12-28,3.88,3.27,Continuar,BUK11023
BUK10089,2025-08-11,3.45,3.47,Continuar,BUK10059
BUK10090,2026-02-26,3.43,3.85,Continuar,BUK10209
BUK10091,2022-04-06,3.6,3.54,Continuar,BUK10866
BUK10094,2025-06-16,3.43,3.26,Continuar,BUK12049
BUK10095,2026-02-20,2.8,2.62,Continuar con seguimiento,BUK11068
BUK10096,2024-04-29,3.37,3.97,Continuar,BUK11557
BUK10097,2026-01-20,3.28,3.08,Continuar,BUK11993
BUK10098,2024-10-24,3.45,3.11,Continuar,BUK11183
BUK10099,2024-11-19,3.95,3.16,Continuar,BUK10975
BUK10100,2020-04-29,3.26,3.48,Continuar,BUK11183
BUK10101,2024-02-16,2.55,3.12,Continuar con seguimiento,BUK12590
BUK10102,2017-10-02,3.79,4.0,Continuar,BUK10789
BUK10103,2022-03-26,3.72,3.13,Continuar,BUK12515
BUK10104,2024-10-01,2.8,3.31,Continuar con seguimiento,BUK10059
BUK10105,2022-12-03,3.65,3.87,Continuar,BUK10667
BUK10106,2026-08-27,3.08,3.29,Continuar,BUK12160
BUK10107,2026-04-17,3.37,3.12,Continuar,BUK12590
BUK10108,2025-04-02,2.63,2.53,Continuar con seguimiento,BUK10019
BUK10109,2025-04-08,3.47,3.68,Continuar,BUK12229
BUK10110,2025-04-06,2.73,2.8,Continuar con seguimiento,BUK11580
BUK10111,2026-04-20,2.79,3.21,Continuar con seguimiento,BUK11921
BUK10112,2026-02-07,3.09,3.47,Continuar,BUK11691
BUK10113,2026-07-09,3.54,3.77,Continuar,BUK11607
BUK10114,2025-04-06,3.5,3.14,Continuar,BUK11325
BUK10115,2025-07-24,3.54,3.96,Continuar,BUK10361
BUK10116,2023-12-10,3.64,3.68,Continuar,BUK12446
BUK10117,2025-04-30,3.65,3.46,Continuar,BUK10044
BUK10118,2017-10-04,3.18,3.13,Continuar,BUK10786
BUK10119,2023-07-31,3.63,3.58,Continuar,BUK11411
BUK10120,2026-03-13,2.56,3.03,Continuar con seguimiento,BUK11345
BUK10121,2026-02-16,2.92,3.28,Continuar con seguimiento,BUK11543
BUK10122,2023-07-13,3.28,3.43,Continuar,BUK11817
BUK10123,2025-08-18,3.76,3.52,Continuar,BUK10455
BUK10124,2026-08-30,3.66,2.91,Continuar con seguimiento,BUK11473
BUK10125,2026-07-14,3.73,3.75,Continuar,BUK10140
BUK10126,2022-01-14,3.46,3.46,Continuar,BUK10455
BUK10127,2019-04-06,3.18,3.41,Continuar,BUK11964
BUK10128,2021-06-26,3.21,3.37,Continuar,BUK10623
BUK10129,2025-04-06,3.02,3.3,Continuar,BUK11152
BUK10130,2019-08-03,3.51,3.8,Continuar,BUK10250
BUK10131,2022-01-11,3.44,3.52,Continuar,BUK11921
BUK10132,2024-08-19,3.08,3.64,Continuar,BUK10455
BUK10133,2024-03-28,2.9,3.04,Continuar con seguimiento,BUK10327
BUK10134,2022-04-06,2.48,2.15,No superó el período de prueba,BUK10766
BUK10135,2026-05-19,3.71,3.69,Continuar,BUK10044
BUK10136,2025-03-15,2.79,2.44,Continuar con seguimiento,BUK11884
BUK10137,2024-12-17,3.72,3.18,Continuar,BUK12245
BUK10138,2026-01-20,2.55,2.87,Continuar con seguimiento,BUK12590
BUK10139,2026-07-13,3.65,3.84,Continuar,BUK11993
BUK10141,2025-12-15,3.73,3.67,Continuar,BUK12496
BUK10142,2023-12-18,3.21,3.71,Continuar,BUK10746
BUK10143,2021-11-03,3.28,3.07,Continuar,BUK11027
BUK10144,2024-04-14,2.73,2.89,Continuar con seguimiento,BUK11518
BUK10145,2025-08-05,3.31,3.39,Continuar,BUK10083
BUK10146,2025-06-27,2.63,2.69,Continuar con seguimiento,BUK12394
BUK10148,2021-09-19,3.09,3.39,Continuar,BUK11607
BUK10149,2024-03-03,3.8,3.99,Continuar,BUK11827
BUK10150,2025-11-17,3.54,3.29,Continuar,BUK12136
BUK10151,2024-07-15,3.51,3.18,Continuar,BUK11901
BUK10152,2021-03-19,3.1,3.48,Continuar,BUK10621
BUK10153,2025-04-06,3.23,2.9,Continuar con seguimiento,BUK12218
BUK10154,2024-05-18,3.23,2.85,Continuar con seguimiento,BUK11991
BUK10155,2025-07-09,3.46,3.14,Continuar,BUK11227
BUK10156,2026-05-23,3.49,3.44,Continuar,BUK11199
BUK10157,2024-04-22,3.53,2.98,Continuar con seguimiento,BUK11546
BUK10158,2025-11-19,3.52,3.89,Continuar,BUK10991
BUK10159,2024-01-01,3.53,3.13,Continuar,BUK11504
BUK10160,2025-10-06,3.07,3.17,Continuar,BUK11186
BUK10161,2025-12-28,3.59,3.56,Continuar,BUK12458
BUK10162,2025-03-03,3.55,3.51,Continuar,BUK10883
BUK10163,2023-08-04,3.59,3.09,Continuar,BUK10987
BUK10164,2026-06-05,3.51,3.48,Continuar,BUK10403
BUK10165,2026-06-11,3.05,3.96,Continuar,BUK11123
BUK10166,2024-12-20,3.99,3.79,Continuar,BUK10044
BUK10167,2026-04-06,3.62,3.78,Continuar,BUK10975
BUK10168,2023-07-23,2.86,3.04,Continuar con seguimiento,BUK10866
BUK10169,2023-01-21,2.5,3.54,Continuar con seguimiento,BUK10442
BUK10170,2025-05-31,3.32,3.41,Continuar,BUK10867
BUK10171,2020-07-07,3.94,3.3,Continuar,BUK11001
BUK10172,2024-04-06,3.75,3.51,Continuar,BUK10961
BUK10173,2025-01-24,2.84,2.9,Continuar con seguimiento,BUK10241
BUK10175,2025-09-20,3.18,3.23,Continuar,BUK10595
BUK10176,2025-05-22,3.6,3.5,Continuar,BUK11815
BUK10177,2025-07-02,2.96,3.6,Continuar con seguimiento,BUK12078
BUK10178,2025-06-25,3.02,3.72,Continuar,BUK12338
BUK10179,2024-08-25,3.01,2.9,Continuar con seguimiento,BUK12229
BUK10180,2026-05-21,2.86,2.57,Continuar con seguimiento,BUK11563
BUK10181,2023-10-16,3.56,3.33,Continuar,BUK10845
BUK10182,2026-04-13,3.5,3.73,Continuar,BUK10331
BUK10183,2026-01-03,2.76,3.06,Continuar con seguimiento,BUK11539
BUK10184,2024-09-05,3.31,2.59,Continuar con seguimiento,BUK11240
BUK10185,2026-05-12,3.13,3.18,Continuar,BUK10147
BUK10187,2024-05-02,3.45,3.75,Continuar,BUK12515
BUK10188,2017-04-06,3.42,3.21,Continuar,BUK11411
BUK10189,2026-05-22,3.22,3.43,Continuar,BUK10780
BUK10190,2025-06-30,2.22,2.48,No superó el período de prueba,BUK10248
BUK10191,2026-02-09,4.0,3.63,Continuar,BUK12590
BUK10192,2021-10-14,3.36,3.17,Continuar,BUK10963
BUK10193,2019-02-25,3.14,3.67,Continuar,BUK11183
BUK10194,2026-02-19,3.44,3.22,Continuar,BUK10804
BUK10195,2023-07-23,3.56,3.4,Continuar,BUK12229
BUK10196,2023-10-11,3.32,3.94,Continuar,BUK10987
BUK10197,2023-12-10,3.27,3.23,Continuar,BUK11656
BUK10198,2025-11-21,3.97,3.27,Continuar,BUK11730
BUK10199,2024-06-02,2.47,3.24,Continuar con seguimiento,BUK10852
BUK10200,2024-11-09,3.87,3.63,Continuar,BUK11746
BUK10201,2026-05-11,2.63,3.34,Continuar con seguimiento,BUK11411
BUK10203,2023-11-14,3.88,3.74,Continuar,BUK11097
BUK10204,2025-02-09,3.67,3.22,Continuar,BUK11407
BUK10205,2024-12-23,3.54,3.29,Continuar,BUK11837
BUK10206,2026-03-17,3.4,3.36,Continuar,BUK11656
BUK10207,2025-11-01,3.14,3.37,Continuar,BUK10019
BUK10208,2025-06-08,2.97,2.76,Continuar con seguimiento,BUK12472
BUK10210,2026-02-27,2.37,3.14,No superó el período de prueba,BUK11058
BUK10211,2026-03-27,2.98,3.4,Continuar con seguimiento,BUK11901
BUK10212,2025-05-26,3.21,3.3,Continuar,BUK10607
BUK10213,2022-09-03,3.16,3.27,Continuar,BUK10478
BUK10214,2024-10-27,3.53,3.64,Continuar,BUK10144
BUK10215,2024-09-16,3.77,3.79,Continuar,BUK10627
BUK10216,2025-05-25,3.64,3.91,Continuar,BUK10800
BUK10217,2026-03-30,3.64,3.18,Continuar,BUK10564
BUK10219,2026-03-24,3.26,3.19,Continuar,BUK11183
BUK10220,2025-02-22,3.25,3.24,Continuar,BUK10714
BUK10221,2022-12-28,3.68,3.04,Continuar,BUK11183
BUK10222,2026-08-04,2.55,2.37,No superó el período de prueba,BUK12458
BUK10223,2019-01-30,2.96,3.24,Continuar con seguimiento,BUK10241
BUK10224,2026-06-11,3.67,3.35,Continuar,BUK11373
BUK10225,2025-01-30,2.85,2.67,Continuar con seguimiento,BUK11373
BUK10226,2025-05-13,3.77,3.99,Continuar,BUK10746
BUK10227,2025-03-14,3.11,2.83,Continuar con seguimiento,BUK10453
BUK10228,2022-06-03,3.16,3.26,Continuar,BUK11058
BUK10229,2018-08-25,3.44,3.56,Continuar,BUK10351
BUK10230,2022-09-21,3.32,3.77,Continuar,BUK11993
BUK10231,2025-06-10,2.76,2.82,Continuar con seguimiento,BUK10547
BUK10232,2025-12-18,2.72,3.5,Continuar con seguimiento,BUK11152
BUK10233,2023-07-06,3.01,3.22,Continuar,BUK10152
BUK10234,2026-07-01,3.34,3.66,Continuar,BUK10044
BUK10235,2024-01-17,3.53,3.81,Continuar,BUK12049
BUK10236,2023-01-20,2.89,2.7,Continuar con seguimiento,BUK10574
BUK10237,2026-04-17,3.69,3.71,Continuar,BUK11746
BUK10238,2025-12-07,3.52,3.27,Continuar,BUK11186
BUK10239,2026-06-26,2.52,2.02,No superó el período de prueba,BUK11747
BUK10240,2023-11-02,3.57,3.59,Continuar,BUK12496
BUK10241,2026-04-22,3.19,3.03,Continuar,BUK10156
BUK10242,2024-06-07,3.72,3.78,Continuar,BUK10408
BUK10243,2026-05-08,3.47,2.77,Continuar con seguimiento,BUK12094
BUK10244,2026-01-08,3.83,3.64,Continuar,BUK10881
BUK10245,2020-11-24,3.51,3.58,Continuar,BUK11717
BUK10246,2025-05-26,3.14,3.01,Continuar,BUK10987
BUK10247,2022-12-10,2.01,2.5,No superó el período de prueba,BUK10708
BUK10248,2019-04-06,3.46,3.48,Continuar,BUK12279
BUK10249,2025-03-19,3.04,3.63,Continuar,BUK10159
BUK10250,2022-10-22,3.23,3.54,Continuar,BUK10832
BUK10251,2022-06-01,3.49,2.66,Continuar con seguimiento,BUK10804
BUK10252,2026-01-23,3.33,3.22,Continuar,BUK10627
BUK10253,2026-01-25,3.13,3.37,Continuar,BUK11345
BUK10254,2020-02-29,3.78,3.59,Continuar,BUK10995
BUK10255,2020-11-30,3.27,3.56,Continuar,BUK11058
BUK10256,2025-10-23,3.59,3.61,Continuar,BUK11097
BUK10258,2026-08-11,3.81,3.5,Continuar,BUK10961
BUK10259,2024-06-14,3.13,3.17,Continuar,BUK11747
BUK10260,2025-07-16,3.27,3.46,Continuar,BUK10796
BUK10261,2025-11-23,3.36,3.86,Continuar,BUK12499
BUK10262,2026-07-27,3.45,3.28,Continuar,BUK12603
BUK10264,2024-10-10,3.34,2.84,Continuar con seguimiento,BUK11580
BUK10265,2022-04-09,3.24,3.5,Continuar,BUK10796
BUK10266,2025-02-13,3.55,3.75,Continuar,BUK11881
BUK10267,2024-09-21,2.91,3.43,Continuar con seguimiento,BUK10619
BUK10268,2025-09-18,2.77,3.33,Continuar con seguimiento,BUK11183
BUK10269,2024-11-13,3.42,3.75,Continuar,BUK12165
BUK10270,2022-03-09,4.0,3.77,Continuar,BUK11921
BUK10271,2025-03-02,3.42,3.56,Continuar,BUK11023
BUK10272,2020-04-05,3.36,3.34,Continuar,BUK10833
BUK10273,2025-03-22,3.65,3.36,Continuar,BUK12283
BUK10274,2024-11-26,3.27,3.81,Continuar,BUK11859
BUK10275,2025-09-27,3.11,2.82,Continuar con seguimiento,BUK11964
BUK10276,2024-05-08,3.94,3.42,Continuar,BUK11186
BUK10277,2025-11-25,3.22,3.47,Continuar,BUK10241
BUK10278,2022-04-06,3.45,3.76,Continuar,BUK10789
BUK10279,2025-10-01,3.8,3.15,Continuar,BUK10150
BUK10280,2025-12-23,3.28,3.13,Continuar,BUK10595
BUK10281,2026-01-20,3.11,3.49,Continuar,BUK10312
BUK10282,2025-05-29,2.84,3.02,Continuar con seguimiento,BUK12219
BUK10283,2024-10-21,3.65,3.34,Continuar,BUK10351
BUK10284,2020-04-05,3.69,3.23,Continuar,BUK10574
BUK10286,2024-04-15,3.56,3.39,Continuar,
BUK10287,2025-03-24,3.05,3.16,Continuar,BUK11580
BUK10288,2024-07-04,3.37,3.28,Continuar,BUK10327
BUK10289,2026-01-19,3.78,3.68,Continuar,BUK10786
BUK10290,2026-05-16,3.31,3.52,Continuar,BUK11563
BUK10291,2025-11-19,3.21,3.26,Continuar,BUK11227
BUK10293,2024-12-20,3.76,3.46,Continuar,BUK11474
BUK10294,2024-07-04,3.12,3.06,Continuar,BUK10147
BUK10295,2025-12-17,3.14,3.26,Continuar,BUK10122
BUK10296,2025-02-12,3.7,3.25,Continuar,BUK12151
BUK10297,2026-08-24,3.47,3.29,Continuar,BUK10676
BUK10298,2026-01-05,3.11,3.18,Continuar,BUK11676
BUK10299,2023-08-19,2.98,3.14,Continuar con seguimiento,BUK11409
BUK10300,2026-05-29,3.93,3.57,Continuar,BUK10619
BUK10301,2024-04-24,3.29,3.33,Continuar,BUK11837
BUK10302,2026-08-31,3.19,3.5,Continuar,BUK10359
BUK10303,2024-10-31,3.43,3.27,Continuar,BUK11921
BUK10304,2025-10-11,3.19,3.38,Continuar,BUK10327
BUK10306,2024-06-18,2.99,3.1,Continuar con seguimiento,BUK10619
BUK10307,2022-02-13,3.41,3.51,Continuar,BUK10844
BUK10308,2025-04-13,3.96,3.82,Continuar,BUK11964
BUK10309,2024-04-22,2.04,2.73,No superó el período de prueba,BUK12266
BUK10310,2026-08-27,3.36,3.43,Continuar,BUK12254
BUK10311,2026-04-14,3.31,2.81,Continuar con seguimiento,BUK12465
BUK10312,2026-07-24,2.89,2.8,Continuar con seguimiento,BUK10630
BUK10313,2024-08-26,4.0,3.81,Continuar,BUK10833
BUK10314,2024-08-18,3.35,3.63,Continuar,BUK12218
BUK10315,2024-03-28,2.88,3.03,Continuar con seguimiento,BUK12337
BUK10316,2024-01-25,3.13,3.44,Continuar,BUK10327
BUK10318,2019-12-10,3.29,3.27,Continuar,BUK10945
BUK10319,2025-05-07,3.66,3.5,Continuar,BUK10680
BUK10320,2026-06-09,3.38,3.55,Continuar,BUK10118
BUK10322,2026-06-18,3.22,3.33,Continuar,BUK11625
BUK10323,2019-06-18,3.48,3.33,Continuar,BUK11543
BUK10324,2025-07-09,3.47,3.59,Continuar,BUK12441
BUK10325,2026-07-23,3.42,3.68,Continuar,BUK10746
BUK10326,2025-08-12,2.76,3.11,Continuar con seguimiento,BUK12316
BUK10327,2025-08-21,3.5,3.55,Continuar,BUK10676
BUK10328,2026-03-30,3.38,3.49,Continuar,BUK10348
BUK10329,2026-04-17,3.12,3.48,Continuar,BUK10302
BUK10330,2026-06-05,3.66,4.0,Continuar,BUK10949
BUK10331,2022-07-21,3.05,2.4,No superó el período de prueba,BUK11844
BUK10332,2024-08-17,3.44,2.86,Continuar con seguimiento,BUK10312
BUK10333,2025-02-24,2.55,3.0,Continuar con seguimiento,BUK12446
BUK10334,2025-12-16,3.14,3.3,Continuar,BUK10093
BUK10335,2025-01-18,3.28,3.99,Continuar,BUK10921
BUK10336,2025-09-27,3.0,3.18,Continuar,BUK10900
BUK10338,2026-07-17,2.95,2.97,Continuar con seguimiento,BUK10844
BUK10340,2024-06-26,3.16,3.31,Continuar,BUK10619
BUK10341,2024-12-14,3.62,3.17,Continuar,BUK10462
BUK10342,2025-08-06,3.18,3.2,Continuar,BUK11964
BUK10343,2020-07-27,2.81,3.13,Continuar con seguimiento,BUK12094
BUK10344,2025-04-06,3.93,3.86,Continuar,BUK10789
BUK10345,2026-08-06,3.58,3.25,Continuar,BUK12458
BUK10346,2024-03-24,2.33,2.4,No superó el período de prueba,BUK12005
BUK10347,2025-12-30,2.77,3.17,Continuar con seguimiento,BUK11901
BUK10349,2026-06-22,3.49,3.51,Continuar,BUK11747
BUK10350,2022-12-12,3.47,3.64,Continuar,BUK12049
BUK10351,2025-12-11,3.45,3.72,Continuar,BUK12136
BUK10352,2022-04-06,2.88,3.2,Continuar con seguimiento,BUK11474
BUK10353,2021-08-03,3.81,3.45,Continuar,BUK10900
BUK10354,2025-12-03,3.66,4.0,Continuar,BUK10478
BUK10355,2023-09-30,2.83,3.52,Continuar con seguimiento,BUK11656
BUK10356,2023-04-10,3.49,3.89,Continuar,BUK10800
BUK10357,2023-12-21,2.78,2.4,Continuar con seguimiento,BUK11146
BUK10358,2020-06-22,3.19,2.93,Continuar con seguimiento,BUK12590
BUK10359,2025-03-13,3.93,3.46,Continuar,BUK11277
BUK10360,2026-08-21,3.19,3.61,Continuar,BUK12465
BUK10361,2022-04-06,3.59,4.0,Continuar,
BUK10362,2025-12-06,3.22,2.89,Continuar con seguimiento,BUK10812
BUK10363,2026-02-16,3.25,3.29,Continuar,BUK12537
BUK10364,2025-08-02,2.61,2.69,Continuar con seguimiento,BUK10804
BUK10365,2020-07-18,3.52,3.9,Continuar,BUK10746
BUK10367,2021-06-27,3.24,3.27,Continuar,BUK11267
BUK10368,2022-12-28,3.65,3.4,Continuar,BUK10376
BUK10369,2023-11-14,3.57,3.32,Continuar,BUK10689
BUK10370,2025-08-07,3.32,3.21,Continuar,BUK11023
BUK10371,2024-01-27,3.46,3.55,Continuar,BUK10995
BUK10372,2025-04-06,3.83,3.48,Continuar,BUK12311
BUK10374,2025-10-15,2.78,2.96,Continuar con seguimiento,BUK10833
BUK10375,2023-02-01,3.25,3.2,Continuar,BUK11964
BUK10377,2022-07-29,3.17,2.96,Continuar con seguimiento,BUK11543
BUK10378,2024-12-24,3.54,3.87,Continuar,BUK10150
BUK10379,2026-01-06,3.41,3.87,Continuar,BUK12266
BUK10380,2025-08-25,3.51,3.01,Continuar,BUK10322
BUK10381,2026-03-31,3.56,3.04,Continuar,BUK12104
BUK10382,2023-10-30,3.11,2.59,Continuar con seguimiento,BUK12452
BUK10383,2026-06-16,2.8,3.19,Continuar con seguimiento,BUK11656
BUK10384,2023-03-04,2.36,2.57,No superó el período de prueba,BUK10289
BUK10385,2024-08-20,3.88,3.66,Continuar,BUK11307
BUK10386,2023-04-12,3.48,3.44,Continuar,BUK10945
BUK10387,2024-12-15,3.56,3.0,Continuar con seguimiento,BUK10083
BUK10388,2023-05-24,4.0,3.37,Continuar,BUK10970
BUK10390,2025-04-06,3.69,3.56,Continuar,BUK11730
BUK10391,2022-09-13,3.23,3.18,Continuar,BUK11901
BUK10392,2023-08-26,3.83,3.09,Continuar,BUK10714
BUK10393,2026-04-03,3.28,3.52,Continuar,BUK10289
BUK10394,2026-06-10,3.02,3.01,Continuar,BUK10992
BUK10395,2024-01-15,3.51,3.72,Continuar,BUK12151
BUK10396,2023-04-19,3.52,3.24,Continuar,BUK11244
BUK10397,2025-01-16,3.52,3.3,Continuar,BUK12586
BUK10398,2020-04-05,2.2,2.49,No superó el período de prueba,BUK10604
BUK10399,2026-07-05,3.14,3.82,Continuar,BUK10710
BUK10400,2022-11-02,3.16,3.47,Continuar,BUK10680
BUK10401,2025-03-18,3.64,3.77,Continuar,BUK11152
BUK10402,2026-06-27,4.0,3.99,Continuar,BUK11563
BUK10403,2025-05-14,4.0,3.16,Continuar,BUK12566
BUK10404,2026-03-09,3.35,3.72,Continuar,BUK10963
BUK10405,2026-01-18,2.74,3.61,Continuar con seguimiento,BUK11314
BUK10406,2024-05-13,3.12,2.93,Continuar con seguimiento,BUK10746
BUK10407,2021-09-10,3.46,3.49,Continuar,BUK10798
BUK10408,2025-10-21,3.44,3.22,Continuar,BUK10839
BUK10409,2026-06-12,3.12,3.25,Continuar,BUK10689
BUK10410,2023-11-10,3.34,3.76,Continuar,BUK10789
BUK10411,2024-04-24,3.53,3.86,Continuar,BUK10950
BUK10412,2020-05-11,3.65,3.41,Continuar,BUK10248
BUK10413,2022-01-11,3.48,3.81,Continuar,BUK12529
BUK10414,2023-12-14,3.65,3.77,Continuar,BUK11747
BUK10415,2026-06-16,3.72,2.91,Continuar con seguimiento,BUK10900
BUK10416,2025-11-15,4.0,3.47,Continuar,BUK10694
BUK10417,2026-08-24,3.25,3.66,Continuar,BUK11177
BUK10418,2022-07-30,3.76,3.45,Continuar,BUK11780
BUK10420,2026-05-31,3.28,3.28,Continuar,BUK12266
BUK10421,2025-10-28,2.33,2.59,No superó el período de prueba,BUK12151
BUK10423,2026-07-19,3.63,3.25,Continuar,BUK10478
BUK10424,2024-05-16,3.23,3.9,Continuar,BUK12311
BUK10425,2024-03-12,2.29,2.7,No superó el período de prueba,BUK10975
BUK10426,2020-10-10,3.46,3.25,Continuar,BUK11580
BUK10427,2023-04-02,2.42,2.98,Continuar con seguimiento,BUK10547
BUK10428,2026-04-15,3.06,3.53,Continuar,BUK10019
BUK10429,2025-03-19,3.05,3.25,Continuar,BUK11796
BUK10430,2025-01-29,2.65,3.26,Continuar con seguimiento,BUK10746
BUK10431,2022-04-11,2.46,2.82,Continuar con seguimiento,BUK10250
BUK10432,2024-08-23,3.57,3.37,Continuar,BUK10792
BUK10433,2024-08-27,2.96,2.98,Continuar con seguimiento,BUK10667
BUK10434,2025-09-02,2.49,2.67,Continuar con seguimiento,BUK12266
BUK10435,2026-03-16,3.14,3.91,Continuar,BUK11001
BUK10436,2025-04-28,3.1,2.7,Continuar con seguimiento,BUK10995
BUK10437,2025-10-10,3.16,3.4,Continuar,
BUK10438,2024-01-27,3.33,3.53,Continuar,BUK11345
BUK10439,2023-04-03,3.57,3.16,Continuar,BUK11154
BUK10440,2021-01-30,3.0,3.08,Continuar,BUK10144
BUK10441,2022-09-18,3.42,3.79,Continuar,BUK12165
BUK10442,2026-06-05,3.47,3.67,Continuar,BUK10476
BUK10443,2022-12-06,2.99,3.02,Continuar con seguimiento,BUK10852
BUK10444,2026-03-04,3.08,3.41,Continuar,BUK11884
BUK10445,2025-07-14,3.69,3.58,Continuar,BUK11488
BUK10446,2025-12-27,3.99,3.8,Continuar,BUK11473
BUK10447,2025-12-29,3.59,3.75,Continuar,BUK10800
BUK10448,2025-09-13,3.84,3.77,Continuar,BUK12394
BUK10449,2026-07-25,2.68,2.84,Continuar con seguimiento,BUK12151
BUK10450,2022-06-03,3.49,3.92,Continuar,BUK10250
BUK10451,2026-07-25,3.41,3.63,Continuar,BUK10906
BUK10452,2026-02-14,3.44,3.64,Continuar,BUK12266
BUK10453,2026-03-15,3.69,3.09,Continuar,BUK10684
BUK10454,2024-03-03,3.57,4.0,Continuar,BUK11607
BUK10455,2026-02-04,3.07,3.1,Continuar,BUK11254
BUK10456,2025-04-06,3.4,3.39,Continuar,BUK12245
BUK10457,2026-02-17,3.23,3.95,Continuar,BUK12472
BUK10460,2026-01-29,3.13,3.45,Continuar,BUK11183
BUK10461,2026-01-15,3.5,3.5,Continuar,BUK11543
BUK10462,2026-03-15,3.52,3.59,Continuar,BUK10476
BUK10463,2026-03-17,3.16,4.0,Continuar,BUK10376
BUK10464,2025-07-11,3.62,3.45,Continuar,BUK12472
BUK10465,2023-07-01,3.21,3.47,Continuar,BUK12394
BUK10466,2024-08-24,3.52,3.42,Continuar,BUK10083
BUK10467,2024-11-13,3.23,3.12,Continuar,BUK10780
BUK10468,2025-08-25,1.96,2.5,No superó el período de prueba,BUK10804
BUK10469,2025-12-04,3.33,3.38,Continuar,BUK10804
BUK10470,2026-02-18,3.65,3.42,Continuar,BUK10274
BUK10471,2025-04-06,3.05,2.4,Continuar con seguimiento,BUK10292
BUK10472,2024-03-15,3.18,3.1,Continuar,BUK10574
BUK10474,2025-11-09,3.41,3.9,Continuar,BUK10118
BUK10475,2026-02-04,3.68,3.48,Continuar,BUK12245
BUK10476,2026-03-04,4.0,3.79,Continuar,BUK11276
BUK10478,2026-08-15,3.35,2.93,Continuar con seguimiento,BUK11207
BUK10479,2025-11-24,3.74,3.44,Continuar,BUK11152
BUK10480,2025-03-26,3.48,3.4,Continuar,BUK10780
BUK10481,2026-07-28,3.67,4.0,Continuar,BUK12081
BUK10483,2025-03-28,3.78,3.15,Continuar,BUK11411
BUK10484,2022-03-29,2.75,3.41,Continuar con seguimiento,BUK10478
BUK10485,2022-04-06,3.87,3.49,Continuar,BUK11607
BUK10486,2020-12-01,3.76,3.72,Continuar,BUK12266
BUK10487,2026-02-05,2.64,2.99,Continuar con seguimiento,BUK11731
BUK10488,2026-01-11,2.85,3.12,Continuar con seguimiento,BUK11993
BUK10489,2025-09-30,2.67,2.88,Continuar con seguimiento,BUK11796
BUK10490,2024-05-29,4.0,3.55,Continuar,BUK10789
BUK10491,2023-09-13,3.46,3.8,Continuar,BUK11686
BUK10492,2026-08-16,3.16,3.13,Continuar,BUK10289
BUK10493,2025-04-07,3.31,3.18,Continuar,BUK10945
BUK10494,2023-05-05,3.41,3.47,Continuar,BUK12338
BUK10495,2025-06-12,2.76,2.65,Continuar con seguimiento,BUK11656
BUK10496,2022-10-16,3.39,3.24,Continuar,BUK10159
BUK10497,2023-06-13,3.76,3.18,Continuar,BUK11964
BUK10498,2026-01-11,3.43,3.22,Continuar,BUK10621
BUK10499,2026-01-13,3.36,3.47,Continuar,BUK11396
BUK10500,2018-04-26,3.88,3.01,Continuar,BUK12254
BUK10501,2025-12-01,3.13,2.92,Continuar con seguimiento,BUK10248
BUK10502,2025-02-24,2.9,2.65,Continuar con seguimiento,BUK12337
BUK10503,2025-04-10,3.71,3.49,Continuar,BUK11262
BUK10504,2026-07-26,3.8,4.0,Continuar,BUK11730
BUK10505,2026-05-12,3.45,3.32,Continuar,BUK10812
BUK10506,2021-04-21,3.88,3.46,Continuar,BUK11183
BUK10507,2023-09-27,2.88,3.12,Continuar con seguimiento,BUK10144
BUK10508,2026-02-15,2.67,3.17,Continuar con seguimiento,BUK12218
BUK10509,2026-07-13,3.24,3.22,Continuar,BUK10302
BUK10510,2023-10-04,2.87,3.43,Continuar con seguimiento,BUK10144
BUK10511,2024-01-30,3.93,3.77,Continuar,BUK11097
BUK10512,2026-04-14,3.24,2.95,Continuar con seguimiento,BUK10140
BUK10514,2026-01-15,2.55,2.99,Continuar con seguimiento,BUK10248
BUK10515,2026-06-07,3.73,3.6,Continuar,BUK10327
BUK10517,2025-02-03,3.03,3.09,Continuar,BUK10866
BUK10518,2024-09-28,3.43,3.53,Continuar,BUK11563
BUK10519,2026-06-29,3.72,3.48,Continuar,BUK12170
BUK10520,2026-02-11,3.06,3.27,Continuar,BUK12641
BUK10521,2024-08-17,3.42,3.18,Continuar,BUK10403
BUK10522,2025-01-15,3.71,3.63,Continuar,BUK10804
BUK10523,2025-04-06,3.16,3.44,Continuar,BUK11001
BUK10524,2026-03-30,2.23,3.31,No superó el período de prueba,BUK10274
BUK10525,2022-05-05,4.0,3.39,Continuar,BUK10607
BUK10526,2024-10-23,2.58,2.86,Continuar con seguimiento,BUK10746
BUK10527,2024-08-18,3.42,3.76,Continuar,BUK12465
BUK10528,2025-04-06,3.51,3.45,Continuar,BUK10317
BUK10529,2024-10-26,3.91,3.6,Continuar,BUK10312
BUK10530,2026-07-21,3.25,2.98,Continuar con seguimiento,BUK10600
BUK10532,2025-10-27,4.0,3.22,Continuar,BUK12278
BUK10533,2026-01-18,3.08,3.55,Continuar,BUK11487
BUK10534,2025-03-28,3.27,3.64,Continuar,BUK10961
BUK10535,2023-07-25,3.78,3.5,Continuar,BUK12641
BUK10536,2023-11-05,3.17,3.24,Continuar,BUK10274
BUK10537,2024-09-05,3.86,3.79,Continuar,BUK11262
BUK10538,2024-02-23,3.77,4.0,Continuar,BUK10710
BUK10539,2025-09-17,2.91,3.82,Continuar con seguimiento,BUK11837
BUK10540,2025-06-23,3.93,4.0,Continuar,BUK11262
BUK10541,2024-06-23,3.25,2.56,Continuar con seguimiento,BUK10453
BUK10543,2024-11-17,3.54,3.64,Continuar,BUK11890
BUK10544,2026-06-06,3.38,3.73,Continuar,BUK12606
BUK10545,2024-08-30,3.18,3.43,Continuar,BUK11543
BUK10546,2024-02-09,3.19,3.48,Continuar,BUK11717
BUK10547,2026-05-11,3.19,3.07,Continuar,BUK11816
BUK10548,2026-05-20,3.53,3.24,Continuar,BUK10327
BUK10549,2025-02-11,2.68,2.79,Continuar con seguimiento,BUK11027
BUK10550,2023-05-25,3.37,3.35,Continuar,BUK10708
BUK10553,2025-11-24,3.14,3.35,Continuar,BUK11345
BUK10554,2026-07-07,3.11,3.14,Continuar,BUK11656
BUK10555,2026-04-06,4.0,3.85,Continuar,BUK12590
BUK10557,2024-12-24,3.59,3.34,Continuar,BUK10881
BUK10558,2025-10-01,3.18,2.89,Continuar con seguimiento,BUK10792
BUK10559,2024-07-25,3.5,3.75,Continuar,BUK10866
BUK10560,2026-04-16,3.13,3.46,Continuar,BUK11731
BUK10561,2025-06-25,3.39,3.03,Continuar,BUK10910
BUK10562,2025-05-24,3.1,3.42,Continuar,BUK11921
BUK10563,2026-05-28,3.04,3.13,Continuar,BUK10564
BUK10564,2025-06-05,3.22,2.99,Continuar con seguimiento,BUK10612
BUK10565,2021-05-07,4.0,3.9,Continuar,BUK10804
BUK10566,2019-01-05,4.0,3.85,Continuar,BUK10289
BUK10567,2023-02-09,3.55,3.74,Continuar,BUK10991
BUK10569,2021-03-09,3.82,3.24,Continuar,BUK11993
BUK10570,2023-06-24,3.38,4.0,Continuar,BUK10455
BUK10571,2023-06-03,3.38,3.6,Continuar,BUK12049
BUK10573,2024-06-01,3.25,3.33,Continuar,BUK11546
BUK10574,2026-05-12,4.0,3.98,Continuar,BUK10676
BUK10575,2025-12-20,3.6,3.27,Continuar,BUK12572
BUK10576,2025-06-01,3.24,3.37,Continuar,BUK10906
BUK10577,2025-09-12,3.33,3.04,Continuar,BUK10462
BUK10579,2025-03-12,3.13,3.35,Continuar,BUK12311
BUK10580,2025-10-16,3.34,3.29,Continuar,BUK10950
BUK10581,2024-11-25,3.82,3.09,Continuar,BUK12615
BUK10582,2026-08-09,3.57,3.18,Continuar,BUK10093
BUK10583,2022-08-19,3.14,3.73,Continuar,BUK10455
BUK10584,2024-04-13,4.0,3.81,Continuar,BUK11837
BUK10585,2026-05-11,3.15,2.74,Continuar con seguimiento,BUK11580
BUK10586,2026-02-14,3.72,4.0,Continuar,BUK12027
BUK10587,2026-04-02,3.55,4.0,Continuar,BUK10019
BUK10588,2026-04-27,3.1,3.7,Continuar,BUK11023
BUK10589,2023-09-15,2.67,2.9,Continuar con seguimiento,BUK11040
BUK10590,2021-02-14,3.4,3.22,Continuar,BUK11881
BUK10591,2026-08-18,3.82,3.63,Continuar,BUK11409
BUK10592,2025-09-01,3.02,3.67,Continuar,BUK10331
BUK10593,2024-01-24,3.45,3.32,Continuar,BUK11881
BUK10594,2023-02-09,2.72,3.21,Continuar con seguimiento,BUK10796
BUK10595,2026-08-29,3.15,3.61,Continuar,BUK10845
BUK10596,2025-05-12,3.58,3.25,Continuar,BUK10991
BUK10597,2023-02-12,3.3,3.49,Continuar,BUK10928
BUK10598,2025-02-09,3.19,3.45,Continuar,BUK12572
BUK10599,2023-12-14,2.65,2.91,Continuar con seguimiento,BUK10691
BUK10600,2024-09-24,2.95,3.55,Continuar con seguimiento,BUK11552
BUK10601,2022-04-06,3.4,3.1,Continuar,BUK11027
BUK10602,2025-03-19,3.49,3.8,Continuar,BUK11717
BUK10603,2026-03-27,3.49,3.01,Continuar,BUK10209
BUK10604,2024-11-27,3.17,3.21,Continuar,
BUK10605,2020-08-02,3.68,3.84,Continuar,BUK10150
BUK10606,2023-06-11,3.13,3.25,Continuar,BUK10564
BUK10607,2026-02-26,3.56,3.63,Continuar,BUK11859
BUK10608,2023-10-29,2.72,2.83,Continuar con seguimiento,BUK10866
BUK10609,2026-03-24,3.61,3.42,Continuar,BUK10780
BUK10610,2025-09-28,3.54,3.81,Continuar,BUK10408
BUK10611,2025-02-05,3.71,3.57,Continuar,BUK11837
BUK10612,2026-03-24,3.22,3.05,Continuar,BUK10621
BUK10613,2026-05-04,3.64,3.57,Continuar,BUK11345
BUK10615,2023-02-05,3.3,3.23,Continuar,BUK10351
BUK10616,2025-02-15,3.58,3.93,Continuar,BUK12499
BUK10618,2026-07-13,3.52,3.35,Continuar,BUK10833
BUK10619,2024-02-29,3.49,3.3,Continuar,BUK10845
BUK10620,2023-01-21,3.63,3.66,Continuar,BUK10061
BUK10622,2025-04-06,3.71,3.81,Continuar,BUK10403
BUK10623,2024-06-27,3.07,3.26,Continuar,BUK12377
BUK10624,2026-02-23,3.0,3.26,Continuar con seguimiento,BUK11580
BUK10625,2023-10-07,2.91,3.3,Continuar con seguimiento,BUK11746
BUK10626,2026-05-05,3.65,3.72,Continuar,BUK11691
BUK10627,2021-06-02,3.37,3.12,Continuar,BUK11254
BUK10628,2026-03-22,3.35,3.52,Continuar,BUK11780
BUK10629,2025-04-06,2.86,3.09,Continuar con seguimiento,BUK10600
BUK10630,2025-07-12,2.72,2.61,Continuar con seguimiento,BUK12387
BUK10631,2026-02-26,3.17,3.41,Continuar,BUK11009
BUK10632,2024-01-19,3.25,3.8,Continuar,BUK10900
BUK10633,2023-09-15,3.04,3.0,Continuar,BUK10595
BUK10634,2021-07-28,2.84,3.12,Continuar con seguimiento,BUK12170
BUK10635,2025-04-06,3.3,3.71,Continuar,BUK12590
BUK10636,2026-01-23,3.5,3.22,Continuar,BUK10619
BUK10637,2024-12-06,3.15,3.42,Continuar,BUK12446
BUK10638,2026-06-04,4.0,3.52,Continuar,BUK10351
BUK10639,2026-07-25,3.81,3.6,Continuar,BUK10331
BUK10640,2025-09-28,2.93,2.54,Continuar con seguimiento,BUK10796
BUK10641,2021-05-21,3.55,3.78,Continuar,BUK10147
BUK10642,2025-07-09,3.88,3.79,Continuar,BUK11596
BUK10643,2022-05-31,2.75,3.0,Continuar con seguimiento,BUK10183
BUK10644,2025-04-07,2.56,2.62,Continuar con seguimiento,BUK12254
BUK10645,2026-04-26,3.59,3.62,Continuar,BUK11305
BUK10646,2025-04-11,3.06,3.08,Continuar,BUK10478
BUK10647,2025-04-27,3.62,3.44,Continuar,BUK12151
BUK10648,2026-07-18,3.54,3.47,Continuar,BUK10564
BUK10650,2026-01-30,3.09,3.52,Continuar,BUK10262
BUK10651,2023-11-01,3.17,3.32,Continuar,BUK11993
BUK10652,2023-05-11,3.88,3.73,Continuar,BUK12499
BUK10653,2026-04-29,3.34,3.38,Continuar,BUK11815
BUK10654,2025-10-25,3.5,3.6,Continuar,BUK11345
BUK10655,2024-11-08,3.27,3.21,Continuar,BUK12278
BUK10656,2024-09-23,3.0,3.3,Continuar,BUK10122
BUK10657,2026-04-13,3.52,3.54,Continuar,BUK11409
BUK10658,2026-08-21,3.36,3.51,Continuar,BUK10118
BUK10659,2020-08-24,3.48,3.39,Continuar,BUK11890
BUK10661,2025-04-30,3.36,3.15,Continuar,BUK10455
BUK10662,2023-04-21,3.01,4.0,Continuar,BUK10812
BUK10663,2025-07-06,3.8,3.31,Continuar,BUK10963
BUK10664,2026-04-21,2.3,1.71,No superó el período de prueba,BUK11676
BUK10665,2024-03-20,3.55,3.56,Continuar,BUK10115
BUK10666,2025-08-23,2.9,3.23,Continuar con seguimiento,BUK11717
BUK10667,2022-04-06,3.22,3.39,Continuar,BUK11185
BUK10668,2025-04-12,3.82,3.33,Continuar,BUK11067
BUK10669,2024-12-05,3.33,3.4,Continuar,BUK10906
BUK10670,2025-08-10,3.22,2.88,Continuar con seguimiento,BUK10093
BUK10671,2025-12-04,3.74,3.0,Continuar,BUK11596
BUK10672,2025-12-28,3.59,3.37,Continuar,BUK10607
BUK10673,2025-11-05,3.14,2.6,Continuar con seguimiento,BUK10159
BUK10674,2023-09-06,2.07,2.47,No superó el período de prueba,BUK10961
BUK10675,2025-04-06,3.15,3.21,Continuar,BUK11607
BUK10676,2026-05-10,3.73,3.06,Continuar,BUK12586
BUK10677,2025-12-03,3.62,3.79,Continuar,BUK10607
BUK10678,2022-01-07,3.26,3.46,Continuar,BUK10405
BUK10680,2024-08-07,3.65,3.85,Continuar,BUK10845
BUK10681,2017-04-06,3.63,3.12,Continuar,BUK10796
BUK10682,2024-12-03,3.35,3.53,Continuar,BUK10792
BUK10683,2025-04-06,3.25,3.7,Continuar,BUK11730
BUK10684,2025-04-06,3.24,3.97,Continuar,BUK11277
BUK10685,2022-06-28,3.47,3.38,Continuar,BUK11009
BUK10686,2022-09-08,2.72,3.02,Continuar con seguimiento,BUK10122
BUK10687,2023-03-06,3.47,3.5,Continuar,BUK11964
BUK10688,2026-05-28,2.93,3.34,Continuar con seguimiento,BUK10477
BUK10689,2024-08-28,3.0,3.28,Continuar,BUK11623
BUK10690,2017-04-06,3.42,3.51,Continuar,BUK10995
BUK10691,2026-05-15,3.09,3.78,Continuar,BUK10884
BUK10692,2024-09-19,3.45,3.71,Continuar,BUK11245
BUK10693,2026-06-11,3.64,3.51,Continuar,BUK11881
BUK10695,2025-07-22,3.17,3.03,Continuar,BUK12632
BUK10697,2026-06-12,3.58,3.61,Continuar,BUK10159
BUK10698,2026-08-11,4.0,3.49,Continuar,BUK11067
BUK10699,2021-09-23,3.53,3.02,Continuar,BUK10665
BUK10700,2023-06-27,2.44,2.98,Continuar con seguimiento,BUK10961
BUK10701,2025-07-28,3.36,3.61,Continuar,BUK12005
BUK10702,2025-07-29,3.28,3.07,Continuar,BUK10627
BUK10703,2026-07-07,3.07,3.41,Continuar,BUK12151
BUK10704,2026-04-15,3.32,3.1,Continuar,BUK10607
BUK10705,2022-11-06,4.0,3.92,Continuar,BUK12005
BUK10706,2026-08-23,3.71,3.88,Continuar,BUK12499
BUK10707,2019-12-30,2.68,3.46,Continuar con seguimiento,BUK12218
BUK10708,2025-02-16,3.24,3.12,Continuar,BUK12037
BUK10709,2026-05-31,3.5,3.12,Continuar,BUK11488
BUK10710,2022-04-06,3.07,2.84,Continuar con seguimiento,BUK11207
BUK10711,2022-06-24,3.81,3.36,Continuar,BUK11890
BUK10712,2026-05-05,3.31,3.59,Continuar,BUK11123
BUK10713,2026-06-27,3.22,2.47,Continuar con seguimiento,BUK12458
BUK10714,2026-03-25,4.0,3.25,Continuar,BUK10919
BUK10715,2026-08-25,3.87,3.36,Continuar,BUK11123
BUK10716,2025-10-23,3.17,2.67,Continuar con seguimiento,BUK10970
BUK10717,2024-05-13,4.0,3.41,Continuar,BUK12278
BUK10718,2024-09-26,2.79,2.78,Continuar con seguimiento,BUK11691
BUK10719,2026-08-23,3.4,2.97,Continuar con seguimiento,BUK11411
BUK10720,2024-07-19,2.72,2.61,Continuar con seguimiento,BUK11557
BUK10721,2025-11-06,2.9,2.76,Continuar con seguimiento,BUK11780
BUK10722,2025-07-23,3.38,3.58,Continuar,BUK10564
BUK10723,2025-06-01,3.76,3.37,Continuar,BUK10881
BUK10724,2025-04-06,3.25,3.34,Continuar,BUK11488
BUK10725,2026-07-12,3.51,3.46,Continuar,BUK10274
BUK10726,2026-02-14,2.95,3.08,Continuar con seguimiento,BUK10833
BUK10727,2026-04-11,3.33,3.01,Continuar,BUK10619
BUK10729,2025-09-03,3.59,4.0,Continuar,BUK10780
BUK10730,2025-08-08,3.28,3.8,Continuar,BUK10900
BUK10731,2025-11-21,3.45,3.4,Continuar,BUK10906
BUK10732,2026-02-12,3.41,3.62,Continuar,BUK11884
BUK10733,2023-08-12,3.3,3.95,Continuar,BUK12394
BUK10734,2026-04-28,3.26,3.68,Continuar,BUK10317
BUK10735,2024-09-16,3.71,4.0,Continuar,BUK12441
BUK10736,2024-08-27,3.6,3.01,Continuar,BUK11070
BUK10737,2024-10-03,3.44,3.4,Continuar,BUK10327
BUK10738,2025-06-01,3.1,3.23,Continuar,BUK10804
BUK10739,2024-01-03,3.85,4.0,Continuar,BUK11796
BUK10740,2023-04-27,3.24,3.09,Continuar,BUK10798
BUK10741,2020-12-21,3.6,4.0,Continuar,BUK10694
BUK10742,2025-08-04,3.67,3.72,Continuar,BUK10209
BUK10743,2025-05-02,3.2,3.03,Continuar,BUK10844
BUK10744,2025-04-06,2.98,3.25,Continuar con seguimiento,BUK11607
BUK10745,2026-08-02,3.29,3.26,Continuar,BUK10800
BUK10746,2025-03-08,3.42,3.46,Continuar,BUK11844
BUK10747,2026-08-14,3.16,3.22,Continuar,BUK12554
BUK10748,2022-09-28,3.55,3.14,Continuar,BUK10150
BUK10749,2021-07-09,4.0,3.61,Continuar,BUK10181
BUK10750,2025-04-15,2.85,2.64,Continuar con seguimiento,BUK12472
BUK10752,2023-09-27,3.72,3.14,Continuar,BUK11254
BUK10753,2025-09-18,3.74,3.89,Continuar,BUK11152
BUK10754,2023-09-22,3.31,3.17,Continuar,BUK12049
BUK10755,2024-09-19,3.73,3.71,Continuar,BUK12572
BUK10756,2024-05-28,3.58,3.22,Continuar,BUK10477
BUK10757,2024-08-06,3.47,3.36,Continuar,BUK11964
BUK10758,2024-05-02,2.75,3.14,Continuar con seguimiento,BUK12446
BUK10759,2024-09-11,3.59,3.64,Continuar,BUK10150
BUK10761,2022-08-10,2.96,3.09,Continuar con seguimiento,BUK10061
BUK10762,2023-11-24,3.35,3.74,Continuar,BUK11068
BUK10763,2026-08-07,3.65,2.85,Continuar con seguimiento,BUK10455
BUK10764,2021-03-19,3.25,3.77,Continuar,BUK10326
BUK10765,2025-10-08,3.99,3.91,Continuar,BUK12266
BUK10766,2025-08-21,3.41,2.99,Continuar con seguimiento,BUK10839
BUK10767,2022-10-21,3.65,3.54,Continuar,BUK10607
BUK10768,2021-03-14,3.13,3.6,Continuar,BUK12465
BUK10769,2026-05-23,3.71,3.7,Continuar,BUK12337
BUK10770,2025-09-20,3.76,3.72,Continuar,BUK10317
BUK10771,2022-04-06,3.31,3.31,Continuar,BUK10322
BUK10772,2025-11-09,3.43,3.7,Continuar,BUK12537
BUK10773,2026-08-04,3.64,3.56,Continuar,BUK12338
BUK10774,2026-05-25,3.59,3.43,Continuar,BUK10844
BUK10775,2026-03-16,2.84,3.18,Continuar con seguimiento,BUK12337
BUK10776,2024-09-02,3.97,3.91,Continuar,BUK12572
BUK10777,2024-07-09,2.82,3.41,Continuar con seguimiento,BUK10302
BUK10778,2025-09-21,2.36,2.41,No superó el período de prueba,BUK11097
BUK10779,2023-04-01,3.52,3.55,Continuar,BUK12515
BUK10780,2026-08-01,2.77,2.8,Continuar con seguimiento,BUK10890
BUK10781,2025-12-23,3.8,3.48,Continuar,BUK12337
BUK10783,2021-09-19,3.65,3.35,Continuar,BUK12472
BUK10784,2023-10-30,3.27,3.38,Continuar,BUK12160
BUK10785,2026-05-21,3.42,3.46,Continuar,BUK11487
BUK10786,2021-11-04,3.12,3.05,Continuar,BUK11199
BUK10787,2023-08-03,4.0,3.39,Continuar,BUK10680
BUK10788,2025-12-16,3.25,3.06,Continuar,BUK12515
BUK10789,2026-06-29,3.05,2.99,Continuar con seguimiento,BUK10684
BUK10790,2024-11-10,3.54,3.39,Continuar,BUK10477
BUK10792,2023-08-14,2.65,2.46,Continuar con seguimiento,BUK10630
BUK10793,2024-12-15,4.0,3.96,Continuar,BUK12027
BUK10794,2021-08-06,3.78,3.6,Continuar,BUK10455
BUK10796,2022-01-28,3.34,3.51,Continuar,BUK10262
BUK10797,2025-03-01,4.0,4.0,Continuar,BUK12394
BUK10798,2025-04-06,3.63,4.0,Continuar,BUK11468
BUK10799,2025-10-26,3.42,3.31,Continuar,BUK11407
BUK10800,2026-02-09,3.23,3.19,Continuar,BUK11301
BUK10801,2026-08-26,2.96,3.37,Continuar con seguimiento,BUK11407
BUK10802,2026-04-04,3.62,3.38,Continuar,BUK11183
BUK10803,2024-12-02,2.66,2.57,Continuar con seguimiento,BUK12310
BUK10804,2025-04-06,2.92,3.28,Continuar con seguimiento,BUK11049
BUK10805,2025-07-04,3.13,3.44,Continuar,BUK11993
BUK10806,2026-03-01,3.61,3.74,Continuar,BUK11152
BUK10807,2025-10-15,3.84,3.94,Continuar,BUK12160
BUK10808,2025-04-06,3.62,3.41,Continuar,BUK10595
BUK10809,2026-06-24,3.97,3.44,Continuar,BUK12499
BUK10810,2023-09-28,3.49,3.53,Continuar,BUK10455
BUK10812,2022-07-19,3.52,3.66,Continuar,BUK11054
BUK10813,2024-01-08,3.27,3.87,Continuar,BUK10453
BUK10814,2023-10-17,3.37,3.49,Continuar,BUK11240
BUK10815,2025-04-06,3.15,3.75,Continuar,BUK10248
BUK10816,2023-09-26,3.23,3.13,Continuar,BUK11305
BUK10817,2023-12-13,3.51,3.76,Continuar,BUK10408
BUK10818,2026-07-05,3.57,3.6,Continuar,BUK10274
BUK10819,2026-01-23,3.45,3.73,Continuar,BUK11881
BUK10820,2026-06-23,3.86,3.41,Continuar,BUK12094
BUK10821,2022-08-15,3.3,3.41,Continuar,BUK11067
BUK10822,2025-07-13,3.2,3.3,Continuar,BUK11435
BUK10823,2025-08-27,3.12,3.25,Continuar,BUK10574
BUK10824,2026-02-18,3.18,3.94,Continuar,BUK11023
BUK10825,2024-12-02,2.92,3.37,Continuar con seguimiento,BUK10866
BUK10826,2024-08-28,2.83,3.91,Continuar con seguimiento,BUK11964
BUK10827,2026-07-29,2.83,2.9,Continuar con seguimiento,BUK10322
BUK10828,2025-04-06,3.15,2.72,Continuar con seguimiento,BUK11573
BUK10829,2026-08-09,3.52,3.37,Continuar,BUK11487
BUK10830,2024-09-22,3.76,3.93,Continuar,BUK11435
BUK10831,2026-08-29,3.53,3.41,Continuar,BUK12165
BUK10832,2022-09-15,3.03,3.35,Continuar,BUK11227
BUK10833,2024-01-28,3.67,3.46,Continuar,BUK12090
BUK10834,2025-04-06,3.38,3.01,Continuar,BUK12572
BUK10835,2026-01-06,2.85,2.69,Continuar con seguimiento,BUK11001
BUK10836,2024-03-02,3.03,3.45,Continuar,BUK11027
BUK10837,2025-03-03,3.33,3.3,Continuar,BUK10250
BUK10838,2025-05-31,3.48,3.36,Continuar,BUK10665
BUK10839,2026-08-22,3.57,3.72,Continuar,BUK10621
BUK10840,2025-05-20,4.0,3.29,Continuar,BUK12229
BUK10841,2025-10-12,3.47,3.44,Continuar,BUK11177
BUK10842,2025-09-05,3.31,3.38,Continuar,BUK10619
BUK10843,2022-12-27,3.57,3.2,Continuar,BUK10183
BUK10844,2026-03-21,3.55,3.17,Continuar,BUK12127
BUK10845,2026-05-05,3.29,3.0,Continuar,BUK12586
BUK10846,2025-05-13,3.03,2.91,Continuar con seguimiento,BUK10746
BUK10847,2026-06-26,3.05,2.8,Continuar con seguimiento,BUK10708
BUK10848,2025-09-03,3.54,3.8,Continuar,BUK12283
BUK10849,2025-04-08,2.99,2.64,Continuar con seguimiento,BUK11993
BUK10850,2025-09-20,3.19,3.46,Continuar,BUK10274
BUK10851,2023-03-16,2.84,3.29,Continuar con seguimiento,BUK11964
BUK10852,2026-03-30,3.63,3.28,Continuar,BUK12270
BUK10853,2021-03-30,2.73,2.06,No superó el período de prueba,BUK11596
BUK10854,2026-04-15,3.4,3.14,Continuar,BUK10975
BUK10855,2024-03-16,3.62,4.0,Continuar,BUK11068
BUK10856,2026-05-05,3.69,3.71,Continuar,BUK10906
BUK10858,2024-09-04,3.01,3.38,Continuar,BUK10867
BUK10859,2022-04-06,3.37,3.31,Continuar,BUK11607
BUK10860,2023-07-21,3.5,3.34,Continuar,BUK10019
BUK10861,2024-03-06,2.97,2.93,Continuar con seguimiento,BUK10665
BUK10862,2026-08-10,3.69,3.37,Continuar,BUK12615
BUK10863,2022-03-21,3.21,3.01,Continuar,BUK10595
BUK10864,2026-05-04,2.98,3.33,Continuar con seguimiento,BUK10029
BUK10865,2022-11-24,3.71,3.54,Continuar,BUK12554
BUK10866,2026-03-06,3.69,3.38,Continuar,BUK10262
BUK10867,2024-06-24,3.37,3.3,Continuar,BUK10919
BUK10868,2025-10-26,3.12,3.1,Continuar,BUK10600
BUK10869,2026-02-24,3.48,3.46,Continuar,BUK12554
BUK10870,2021-09-15,3.67,3.32,Continuar,BUK11827
BUK10871,2024-03-01,2.77,2.42,Continuar con seguimiento,BUK10714
BUK10872,2024-04-20,3.66,3.83,Continuar,BUK11396
BUK10873,2025-12-11,3.33,3.6,Continuar,BUK11676
BUK10875,2024-03-28,2.61,2.94,Continuar con seguimiento,BUK12338
BUK10876,2025-08-16,2.82,3.09,Continuar con seguimiento,BUK11837
BUK10877,2024-04-19,3.61,3.72,Continuar,BUK11780
BUK10878,2024-03-21,2.84,3.26,Continuar con seguimiento,BUK10114
BUK10879,2022-11-02,3.09,3.52,Continuar,BUK11827
BUK10880,2026-08-28,3.46,3.48,Continuar,BUK11097
BUK10881,2023-09-18,2.9,2.96,Continuar con seguimiento,BUK10156
BUK10882,2024-10-30,2.81,2.93,Continuar con seguimiento,BUK12165
BUK10883,2025-04-06,4.0,3.57,Continuar,BUK11288
BUK10884,2025-07-22,3.54,3.35,Continuar,BUK11277
BUK10885,2025-07-25,3.7,3.35,Continuar,BUK10691
BUK10886,2024-11-23,2.99,2.8,Continuar con seguimiento,BUK11993
BUK10887,2026-02-16,2.66,3.06,Continuar con seguimiento,BUK12641
BUK10888,2024-10-25,3.55,3.69,Continuar,BUK10059
BUK10889,2025-10-12,3.39,3.5,Continuar,BUK11815
BUK10890,2026-01-25,3.67,3.09,Continuar,BUK11276
BUK10891,2026-04-16,2.98,3.15,Continuar con seguimiento,BUK10248
BUK10892,2024-07-24,3.09,3.8,Continuar,BUK10949
BUK10893,2024-08-26,2.2,3.16,No superó el período de prueba,BUK12499
BUK10894,2025-09-06,3.43,3.59,Continuar,BUK11070
BUK10895,2026-03-02,3.68,3.92,Continuar,BUK11580
BUK10896,2025-02-02,3.37,3.17,Continuar,BUK10689
BUK10897,2025-04-16,3.49,3.75,Continuar,BUK10326
BUK10898,2025-11-25,3.51,2.76,Continuar con seguimiento,BUK10348
BUK10899,2026-03-13,3.38,3.11,Continuar,BUK12515
BUK10900,2017-04-06,3.45,3.7,Continuar,BUK11817
BUK10901,2025-08-04,3.3,3.62,Continuar,BUK10159
BUK10902,2020-07-25,2.69,2.41,Continuar con seguimiento,BUK11373
BUK10903,2025-06-02,3.28,3.19,Continuar,BUK10114
BUK10904,2026-03-13,3.27,3.68,Continuar,BUK11573
BUK10905,2025-03-22,3.46,3.55,Continuar,BUK10623
BUK10906,2023-07-28,2.53,2.54,Continuar con seguimiento,BUK10491
BUK10907,2025-05-09,3.11,3.02,Continuar,BUK10564
BUK10908,2026-07-30,3.62,3.73,Continuar,BUK10183
BUK10910,2022-10-19,3.34,3.25,Continuar,BUK11054
BUK10911,2026-01-02,2.74,3.22,Continuar con seguimiento,BUK10949
BUK10913,2024-03-17,3.71,3.48,Continuar,BUK12554
BUK10914,2024-11-28,2.85,3.79,Continuar con seguimiento,BUK10796
BUK10915,2026-07-15,3.31,3.23,Continuar,BUK12311
BUK10916,2026-08-20,3.39,2.92,Continuar con seguimiento,BUK12151
BUK10917,2025-10-26,3.46,3.63,Continuar,BUK11580
BUK10918,2023-06-08,3.27,3.13,Continuar,BUK12311
BUK10919,2023-06-11,3.26,3.36,Continuar,BUK11991
BUK10921,2025-06-27,2.96,2.93,Continuar con seguimiento,BUK12127
BUK10922,2020-04-05,3.64,3.37,Continuar,BUK10789
BUK10923,2025-04-10,3.24,3.43,Continuar,BUK10147
BUK10924,2025-07-24,3.32,3.1,Continuar,BUK10833
BUK10926,2024-08-12,3.6,3.6,Continuar,BUK11964
BUK10927,2026-04-13,3.45,3.69,Continuar,BUK12337
BUK10928,2023-07-02,3.9,3.56,Continuar,BUK12470
BUK10929,2022-09-26,3.13,3.64,Continuar,BUK10122
BUK10930,2024-09-20,3.87,3.78,Continuar,BUK12027
BUK10931,2025-08-15,2.77,2.99,Continuar con seguimiento,BUK10289
BUK10932,2024-03-08,3.3,3.4,Continuar,BUK10746
BUK10933,2023-05-16,3.55,3.45,Continuar,BUK12245
BUK10934,2024-12-15,2.88,2.81,Continuar con seguimiento,BUK10789
BUK10935,2022-04-06,3.58,3.47,Continuar,BUK12499
BUK10936,2025-02-02,3.41,3.23,Continuar,BUK11607
BUK10937,2026-05-18,2.62,3.58,Continuar con seguimiento,BUK11407
BUK10938,2024-12-03,3.38,3.25,Continuar,BUK10326
BUK10939,2023-04-27,3.31,3.83,Continuar,BUK11040
BUK10940,2025-07-31,4.0,3.64,Continuar,BUK12537
BUK10941,2025-03-18,3.5,3.55,Continuar,BUK11730
BUK10942,2026-07-21,3.72,3.56,Continuar,BUK12049
BUK10943,2025-04-15,3.45,2.95,Continuar con seguimiento,BUK10680
BUK10944,2024-09-05,3.26,3.43,Continuar,BUK11656
BUK10945,2026-01-09,3.57,3.29,Continuar,BUK11185
BUK10946,2024-11-19,2.94,3.13,Continuar con seguimiento,BUK12229
BUK10947,2025-11-13,3.27,3.06,Continuar,BUK11881
BUK10949,2025-08-05,2.73,3.16,Continuar con seguimiento,BUK12316
BUK10950,2025-04-06,3.6,3.43,Continuar,BUK11552
BUK10951,2026-03-24,3.22,3.38,Continuar,BUK11901
BUK10952,2025-08-06,3.45,3.23,Continuar,BUK11001
BUK10953,2024-09-19,3.59,3.35,Continuar,BUK10949
BUK10954,2025-10-10,3.44,3.57,Continuar,BUK10405
BUK10955,2026-01-01,3.05,3.73,Continuar,BUK10159
BUK10956,2026-05-08,3.34,4.0,Continuar,BUK10780
BUK10957,2021-08-01,3.59,3.6,Continuar,BUK12049
BUK10958,2022-06-17,2.46,2.69,Continuar con seguimiento,BUK12151
BUK10959,2024-07-24,3.26,3.55,Continuar,BUK10478
BUK10960,2026-04-04,3.23,3.15,Continuar,BUK11833
BUK10961,2026-04-22,3.94,3.44,Continuar,BUK11816
BUK10962,2026-06-12,2.75,3.56,Continuar con seguimiento,BUK10302
BUK10963,2026-07-31,3.72,3.26,Continuar,BUK11582
BUK10964,2022-07-31,3.9,3.75,Continuar,BUK10906
BUK10965,2024-04-06,3.28,3.43,Continuar,BUK11731
BUK10966,2025-11-05,3.48,3.34,Continuar,BUK11717
BUK10967,2026-04-04,3.67,3.22,Continuar,BUK10093
BUK10968,2024-04-13,3.87,3.94,Continuar,BUK11487
BUK10969,2026-06-25,2.98,3.51,Continuar con seguimiento,BUK10650
BUK10970,2025-04-06,3.21,2.85,Continuar con seguimiento,BUK10612
BUK10971,2024-12-23,3.29,3.35,Continuar,BUK12394
BUK10972,2022-10-12,2.84,2.81,Continuar con seguimiento,BUK10627
BUK10973,2024-11-07,3.09,3.14,Continuar,BUK10250
BUK10974,2025-04-13,3.63,3.73,Continuar,BUK11731
BUK10975,2025-05-26,3.46,2.63,Continuar con seguimiento,BUK12563
BUK10976,2025-07-10,3.14,2.81,Continuar con seguimiento,BUK11097
BUK10977,2025-08-19,3.77,3.76,Continuar,BUK10114
BUK10978,2026-03-04,3.22,2.96,Continuar con seguimiento,BUK12165
BUK10979,2025-05-18,3.72,3.26,Continuar,BUK10963
BUK10980,2026-02-22,3.36,3.1,Continuar,BUK10351
BUK10981,2020-11-07,3.58,2.76,Continuar con seguimiento,BUK10351
BUK10982,2026-07-08,2.67,2.35,No superó el período de prueba,BUK10866
BUK10983,2023-12-31,3.85,3.75,Continuar,BUK10600
BUK10984,2025-07-02,3.46,3.64,Continuar,BUK12606
BUK10986,2026-01-31,3.5,3.26,Continuar,BUK11901
BUK10987,2022-02-02,3.3,3.2,Continuar,BUK10786
BUK10988,2024-12-07,2.74,3.11,Continuar con seguimiento,BUK11691
BUK10989,2026-02-22,3.5,3.94,Continuar,BUK12632
BUK10990,2025-12-10,3.84,3.61,Continuar,BUK11580
BUK10991,2020-09-29,3.65,3.33,Continuar,BUK10156
BUK10992,2025-08-31,3.38,3.36,Continuar,
BUK10993,2025-10-24,3.14,3.35,Continuar,BUK12529
BUK10994,2025-05-13,2.5,2.73,Continuar con seguimiento,BUK10627
BUK10995,2021-05-19,3.82,3.73,Continuar,BUK11314
BUK10997,2021-08-06,3.41,3.05,Continuar,BUK10408
BUK10998,2019-11-13,1.76,1.97,No superó el período de prueba,BUK11097
BUK10999,2023-10-23,3.43,3.51,Continuar,BUK10696
BUK11000,2025-05-10,3.72,3.95,Continuar,BUK10297
BUK11001,2023-03-08,3.39,2.82,Continuar con seguimiento,BUK12169
BUK11003,2021-03-27,3.42,3.15,Continuar,BUK12283
BUK11004,2022-04-06,3.16,3.37,Continuar,BUK11473
BUK11005,2024-04-16,3.11,3.01,Continuar,BUK10453
BUK11006,2026-04-20,3.22,3.81,Continuar,BUK10961
BUK11007,2024-05-30,3.48,3.4,Continuar,BUK11473
BUK11008,2026-04-30,3.59,3.6,Continuar,BUK12441
BUK11009,2025-04-06,3.96,3.21,Continuar,BUK10839
BUK11012,2025-01-04,3.13,3.23,Continuar,BUK11557
BUK11013,2026-01-07,3.04,3.4,Continuar,BUK10274
BUK11015,2022-08-27,3.7,3.94,Continuar,BUK12641
BUK11016,2026-04-20,3.61,3.76,Continuar,BUK11305
BUK11017,2025-03-31,3.23,3.7,Continuar,BUK10800
BUK11018,2023-09-30,3.69,3.64,Continuar,BUK12446
BUK11019,2026-03-10,2.42,2.37,No superó el período de prueba,BUK12394
BUK11020,2026-08-09,3.65,4.0,Continuar,BUK10442
BUK11021,2026-01-08,3.58,3.15,Continuar,BUK12606
BUK11022,2024-12-15,3.01,2.37,No superó el período de prueba,BUK11244
BUK11023,2025-08-28,3.19,3.53,Continuar,BUK11301
BUK11024,2025-02-09,3.23,3.0,Continuar,BUK11964
BUK11025,2025-09-18,3.39,3.22,Continuar,BUK10331
BUK11026,2026-08-16,2.48,2.65,Continuar con seguimiento,BUK10906
BUK11027,2023-12-14,3.78,3.44,Continuar,BUK11923
BUK11028,2025-11-27,3.19,2.98,Continuar con seguimiento,BUK11396
BUK11029,2025-07-12,3.23,3.66,Continuar,BUK10746
BUK11030,2026-01-18,3.44,3.47,Continuar,BUK11487
BUK11031,2026-06-11,2.97,3.45,Continuar con seguimiento,BUK11881
BUK11032,2025-04-06,3.25,3.4,Continuar,BUK11596
BUK11033,2021-02-01,3.74,3.05,Continuar,BUK12283
BUK11034,2023-08-01,3.33,3.38,Continuar,BUK10867
BUK11035,2022-04-06,3.55,3.0,Continuar con seguimiento,BUK10477
BUK11036,2024-11-05,3.45,3.76,Continuar,BUK11123
BUK11037,2025-02-12,3.06,3.46,Continuar,BUK11009
BUK11038,2025-04-12,3.58,2.72,Continuar con seguimiento,BUK10691
BUK11039,2022-08-04,3.55,3.39,Continuar,BUK12554
BUK11040,2025-10-08,3.88,3.61,Continuar,BUK11552
BUK11041,2026-07-06,3.71,3.87,Continuar,BUK12310
BUK11042,2025-05-29,3.35,2.78,Continuar con seguimiento,BUK12081
BUK11043,2025-10-27,3.17,3.48,Continuar,BUK11691
BUK11044,2024-05-18,3.85,3.78,Continuar,BUK10667
BUK11045,2025-02-09,3.53,3.61,Continuar,BUK10883
BUK11046,2024-03-14,3.51,3.37,Continuar,BUK10297
BUK11047,2024-02-21,3.36,3.34,Continuar,BUK11473
BUK11048,2020-10-15,3.5,3.2,Continuar,BUK11884
BUK11049,2026-05-20,3.22,3.65,Continuar,BUK12219
BUK11051,2025-04-15,3.91,3.54,Continuar,BUK12218
BUK11052,2018-08-23,3.32,3.69,Continuar,BUK10607
BUK11053,2026-04-02,3.2,3.08,Continuar,BUK10322
BUK11054,2025-04-06,3.05,3.18,Continuar,BUK10621
BUK11055,2021-10-03,3.45,3.49,Continuar,BUK12278
BUK11057,2023-04-03,3.64,2.97,Continuar con seguimiento,BUK11183
BUK11058,2025-03-08,3.27,3.65,Continuar,BUK12090
BUK11059,2026-07-21,3.01,3.33,Continuar,BUK11488
BUK11060,2024-02-14,3.55,3.98,Continuar,BUK12452
BUK11061,2026-03-22,3.72,3.89,Continuar,BUK10147
BUK11062,2024-11-15,3.69,3.27,Continuar,BUK12283
BUK11063,2025-10-27,3.88,3.29,Continuar,BUK11881
BUK11064,2026-08-23,3.25,3.55,Continuar,BUK10921
BUK11065,2026-06-18,3.09,3.75,Continuar,BUK10714
BUK11066,2026-07-15,3.21,3.61,Continuar,BUK12632
BUK11067,2023-08-25,3.32,3.25,Continuar,BUK11185
BUK11068,2023-05-13,2.65,3.58,Continuar con seguimiento,BUK12127
BUK11070,2024-05-01,2.46,3.08,Continuar con seguimiento,BUK10612
BUK11073,2024-05-16,3.5,2.86,Continuar con seguimiento,BUK10708
BUK11074,2024-07-15,2.8,3.59,Continuar con seguimiento,BUK10442
BUK11075,2024-12-22,3.22,3.68,Continuar,BUK10159
BUK11076,2017-04-06,3.21,3.19,Continuar,BUK12151
BUK11078,2022-04-06,3.62,3.91,Continuar,BUK11747
BUK11079,2025-11-12,3.25,3.73,Continuar,BUK10061
BUK11080,2023-05-16,3.98,3.69,Continuar,BUK11691
BUK11081,2021-10-20,4.0,4.0,Continuar,BUK11964
BUK11082,2025-09-07,3.74,3.61,Continuar,BUK11557
BUK11083,2026-07-07,4.0,3.46,Continuar,BUK12311
BUK11084,2025-12-11,3.18,3.64,Continuar,BUK10928
BUK11085,2022-12-20,3.33,3.62,Continuar,BUK10780
BUK11086,2023-12-31,3.42,2.95,Continuar con seguimiento,BUK11342
BUK11087,2026-03-28,3.37,3.48,Continuar,BUK10949
BUK11088,2022-08-04,3.95,3.5,Continuar,BUK10910
BUK11091,2026-05-29,3.0,3.55,Continuar con seguimiento,BUK10844
BUK11092,2025-08-03,3.49,3.43,Continuar,BUK11780
BUK11093,2024-06-22,3.2,3.52,Continuar,BUK10233
BUK11094,2024-03-12,3.19,3.06,Continuar,BUK11058
BUK11095,2022-02-15,3.28,3.22,Continuar,BUK10150
BUK11096,2020-02-29,3.67,3.37,Continuar,BUK10928
BUK11097,2026-06-02,3.83,3.83,Continuar,BUK11314
BUK11098,2025-02-23,3.19,3.25,Continuar,BUK11177
BUK11099,2025-12-12,3.63,3.26,Continuar,BUK12229
BUK11100,2024-06-27,3.73,3.75,Continuar,BUK10181
BUK11101,2025-08-14,3.52,3.43,Continuar,BUK12338
BUK11102,2025-11-27,3.75,3.8,Continuar,BUK12632
BUK11103,2025-04-06,2.34,3.12,No superó el período de prueba,BUK12311
BUK11104,2026-08-13,3.1,3.37,Continuar,BUK10122
BUK11105,2025-05-12,3.59,3.26,Continuar,BUK10696
BUK11106,2025-10-06,2.93,3.06,Continuar con seguimiento,BUK11656
BUK11107,2026-03-23,2.55,2.59,Continuar con seguimiento,BUK10714
BUK11108,2023-12-27,3.0,3.12,Continuar con seguimiento,BUK12615
BUK11109,2026-04-13,3.72,3.7,Continuar,BUK11373
BUK11110,2026-06-21,3.51,3.57,Continuar,BUK11009
BUK11111,2024-02-27,3.57,3.94,Continuar,BUK11691
BUK11112,2020-02-09,2.66,3.72,Continuar con seguimiento,BUK11717
BUK11113,2024-06-30,2.24,2.66,No superó el período de prueba,BUK12590
BUK11114,2025-04-14,3.25,3.81,Continuar,BUK10317
BUK11115,2023-02-23,3.2,3.7,Continuar,BUK10478
BUK11116,2022-04-06,3.53,3.1,Continuar,BUK10627
BUK11117,2026-01-03,3.36,3.5,Continuar,BUK11676
BUK11118,2025-01-13,2.87,2.8,Continuar con seguimiento,BUK11345
BUK11119,2021-06-05,3.11,2.74,Continuar con seguimiento,BUK11407
BUK11120,2026-07-20,3.64,3.8,Continuar,BUK10796
BUK11121,2025-03-05,3.17,3.01,Continuar,BUK10122
BUK11122,2022-02-02,3.48,3.49,Continuar,BUK11543
BUK11123,2026-07-08,3.43,3.25,Continuar,BUK11054
BUK11124,2021-03-07,3.01,3.09,Continuar,BUK11177
BUK11125,2021-05-02,3.21,3.44,Continuar,BUK11027
BUK11126,2025-10-04,3.45,3.76,Continuar,BUK10181
BUK11127,2026-01-22,3.43,2.95,Continuar con seguimiento,BUK12641
BUK11128,2022-05-15,2.8,3.44,Continuar con seguimiento,BUK11731
BUK11129,2026-03-14,2.9,3.29,Continuar con seguimiento,BUK12554
BUK11130,2025-04-15,2.82,2.83,Continuar con seguimiento,BUK11240
BUK11131,2024-05-14,2.78,2.94,Continuar con seguimiento,BUK11691
BUK11132,2025-08-14,3.52,3.98,Continuar,BUK10950
BUK11133,2024-04-09,2.9,2.84,Continuar con seguimiento,BUK11040
BUK11134,2025-12-12,2.99,3.34,Continuar con seguimiento,BUK10812
BUK11135,2025-08-07,3.19,2.89,Continuar con seguimiento,BUK11557
BUK11136,2026-08-14,3.71,3.43,Continuar,BUK11409
BUK11137,2025-05-14,3.15,3.23,Continuar,BUK10250
BUK11138,2026-08-02,2.93,3.21,Continuar con seguimiento,BUK10376
BUK11139,2025-04-13,3.17,3.56,Continuar,BUK11305
BUK11140,2025-11-24,3.42,3.64,Continuar,BUK12165
BUK11141,2022-04-06,3.43,3.21,Continuar,BUK10061
BUK11142,2025-10-22,3.17,3.17,Continuar,BUK10547
BUK11143,2026-05-11,3.72,3.4,Continuar,BUK10122
BUK11144,2025-10-27,3.7,3.39,Continuar,BUK10019
BUK11145,2025-06-15,3.43,3.48,Continuar,BUK10752
BUK11148,2024-11-21,2.99,2.65,Continuar con seguimiento,BUK10114
BUK11149,2026-05-01,3.33,3.92,Continuar,BUK10442
BUK11150,2025-07-08,3.48,3.11,Continuar,BUK12554
BUK11151,2024-11-06,2.69,2.98,Continuar con seguimiento,BUK10376
BUK11152,2022-04-06,3.06,3.35,Continuar,BUK11539
BUK11153,2023-03-14,3.44,3.21,Continuar,BUK11563
BUK11154,2024-02-01,3.12,3.01,Continuar,BUK10786
BUK11155,2021-01-10,3.96,3.56,Continuar,BUK10248
BUK11156,2025-04-06,3.52,3.58,Continuar,BUK11747
BUK11157,2026-03-17,3.06,3.1,Continuar,BUK10950
BUK11158,2024-07-12,3.31,4.0,Continuar,BUK12606
BUK11159,2026-01-12,3.1,3.48,Continuar,BUK12104
BUK11160,2023-10-14,3.64,3.75,Continuar,BUK10250
BUK11161,2025-05-09,3.11,3.63,Continuar,BUK12615
BUK11162,2025-12-14,2.62,2.82,Continuar con seguimiento,BUK10093
BUK11163,2026-01-28,2.89,3.03,Continuar con seguimiento,BUK10900
BUK11164,2019-08-15,3.27,3.26,Continuar,BUK10881
BUK11166,2023-09-11,3.78,3.12,Continuar,BUK11267
BUK11168,2025-01-03,3.45,3.07,Continuar,BUK10804
BUK11169,2025-07-18,3.76,3.69,Continuar,BUK12529
BUK11170,2024-08-02,3.21,3.21,Continuar,BUK11123
BUK11171,2021-03-28,2.91,3.22,Continuar con seguimiento,BUK11676
BUK11172,2026-05-28,3.65,3.15,Continuar,BUK10408
BUK11173,2024-10-22,3.77,3.27,Continuar,BUK10233
BUK11174,2025-11-21,3.49,3.56,Continuar,BUK10792
BUK11175,2026-03-31,3.06,3.11,Continuar,BUK12081
BUK11176,2023-04-11,3.47,2.94,Continuar con seguimiento,BUK10322
BUK11177,2024-10-10,3.02,2.34,No superó el período de prueba,BUK10845
BUK11178,2025-03-03,2.85,2.82,Continuar con seguimiento,BUK10607
BUK11179,2024-12-03,3.55,3.35,Continuar,BUK11884
BUK11180,2026-05-17,3.26,3.28,Continuar,BUK11573
BUK11181,2024-01-06,3.6,3.53,Continuar,BUK10250
BUK11183,2020-06-12,3.28,3.09,Continuar,BUK10282
BUK11184,2020-06-25,2.83,2.99,Continuar con seguimiento,BUK10327
BUK11185,2024-06-26,3.38,4.0,Continuar,BUK10292
BUK11186,2025-07-23,3.22,3.42,Continuar,BUK11309
BUK11187,2025-06-03,3.3,3.77,Continuar,BUK12472
BUK11188,2026-01-09,2.87,3.62,Continuar con seguimiento,BUK10798
BUK11191,2022-08-15,3.67,3.38,Continuar,BUK10710
BUK11192,2020-05-19,4.0,3.95,Continuar,BUK10708
BUK11193,2026-04-02,3.67,3.85,Continuar,BUK11407
BUK11194,2023-06-15,3.56,3.09,Continuar,BUK10766
BUK11195,2025-09-09,3.13,3.07,Continuar,BUK11009
BUK11196,2025-04-08,4.0,3.67,Continuar,BUK11177
BUK11197,2025-10-08,3.39,3.46,Continuar,BUK11001
BUK11198,2025-10-07,2.98,3.09,Continuar con seguimiento,BUK10122
BUK11199,2025-03-26,3.7,3.44,Continuar,
BUK11200,2025-09-27,3.63,3.33,Continuar,BUK12615
BUK11201,2023-01-26,3.02,2.93,Continuar con seguimiento,BUK12094
BUK11203,2022-12-27,3.43,3.24,Continuar,BUK10140
BUK11204,2026-03-20,2.75,2.59,Continuar con seguimiento,BUK10297
BUK11205,2026-04-18,3.59,3.48,Continuar,BUK11409
BUK11206,2025-12-29,3.52,3.41,Continuar,BUK10331
BUK11207,2026-05-12,3.19,3.47,Continuar,BUK10437
BUK11208,2023-12-18,3.2,3.11,Continuar,BUK10297
BUK11210,2026-06-10,3.86,3.59,Continuar,BUK10804
BUK11211,2023-11-18,3.29,3.65,Continuar,BUK12615
BUK11212,2026-08-23,3.6,3.78,Continuar,BUK12554
BUK11213,2025-07-01,3.3,3.17,Continuar,BUK11691
BUK11214,2024-10-27,3.4,3.62,Continuar,BUK10867
BUK11215,2024-12-31,3.33,3.37,Continuar,BUK11070
BUK11216,2026-01-23,3.14,3.11,Continuar,BUK12151
BUK11218,2026-02-02,3.29,2.66,Continuar con seguimiento,BUK12496
BUK11219,2020-04-05,3.43,3.61,Continuar,BUK12496
BUK11220,2024-11-05,2.49,3.41,Continuar con seguimiento,BUK12529
BUK11221,2026-06-24,3.5,3.28,Continuar,BUK10453
BUK11222,2025-06-29,3.64,3.48,Continuar,BUK10900
BUK11223,2024-04-01,3.62,3.58,Continuar,BUK10619
BUK11224,2026-04-30,3.56,3.68,Continuar,BUK11563
BUK11225,2026-04-06,3.68,3.72,Continuar,BUK11068
BUK11226,2022-12-02,4.0,3.43,Continuar,BUK10714
BUK11227,2025-01-26,3.65,3.3,Continuar,
BUK11228,2022-06-21,3.42,3.66,Continuar,BUK11964
BUK11229,2022-04-12,3.62,2.94,Continuar con seguimiento,BUK11717
BUK11230,2025-02-01,3.37,3.68,Continuar,BUK11307
BUK11231,2024-02-24,3.45,3.94,Continuar,BUK10650
BUK11232,2026-05-18,3.75,3.68,Continuar,BUK10689
BUK11233,2022-12-10,3.22,3.18,Continuar,BUK10181
BUK11235,2025-06-04,3.59,3.38,Continuar,BUK11001
BUK11236,2026-08-09,3.27,3.34,Continuar,BUK10302
BUK11237,2025-05-17,3.08,3.56,Continuar,BUK12590
BUK11238,2026-01-20,3.28,3.51,Continuar,BUK11964
BUK11239,2026-04-08,3.91,3.8,Continuar,BUK10665
BUK11240,2025-09-20,3.73,3.17,Continuar,BUK11185
BUK11241,2026-01-14,4.0,3.55,Continuar,BUK10800
BUK11242,2025-12-23,3.2,3.25,Continuar,BUK10289
BUK11243,2025-09-13,3.48,3.73,Continuar,BUK11901
BUK11244,2026-04-28,4.0,3.88,Continuar,BUK11468
BUK11245,2026-06-28,3.17,3.02,Continuar,
BUK11246,2026-03-06,3.29,3.44,Continuar,BUK10405
BUK11247,2023-05-31,3.18,3.63,Continuar,BUK11780
BUK11248,2025-04-06,3.27,3.21,Continuar,BUK10455
BUK11249,2025-11-15,3.74,3.58,Continuar,BUK10945
BUK11250,2026-06-22,3.39,3.63,Continuar,BUK12394
BUK11251,2024-07-18,3.6,3.42,Continuar,BUK10949
BUK11252,2025-04-06,3.11,3.67,Continuar,BUK10019
BUK11253,2025-04-27,3.52,3.12,Continuar,BUK11474
BUK11254,2026-03-19,2.62,2.4,Continuar con seguimiento,BUK12603
BUK11255,2022-05-04,3.21,3.05,Continuar,BUK10800
BUK11256,2025-01-09,3.75,4.0,Continuar,BUK10317
BUK11257,2024-01-14,3.17,3.33,Continuar,BUK10844
BUK11258,2026-01-15,3.27,3.26,Continuar,BUK12537
BUK11259,2023-11-16,3.59,3.65,Continuar,BUK12606
BUK11260,2025-12-24,3.31,3.05,Continuar,BUK11070
BUK11261,2022-04-06,3.61,4.0,Continuar,BUK11183
BUK11262,2023-02-26,3.59,3.77,Continuar,BUK11623
BUK11263,2025-03-16,3.34,3.44,Continuar,BUK11154
BUK11264,2026-01-07,3.22,3.78,Continuar,BUK12151
BUK11265,2023-08-25,3.89,3.37,Continuar,BUK11001
BUK11266,2026-04-26,3.84,4.0,Continuar,BUK12338
BUK11267,2025-10-25,3.34,3.48,Continuar,BUK11552
BUK11269,2026-03-27,2.77,2.8,Continuar con seguimiento,BUK10312
BUK11270,2025-03-15,3.31,3.48,Continuar,BUK11993
BUK11271,2025-06-30,3.82,3.48,Continuar,BUK12632
BUK11272,2025-11-15,3.42,3.02,Continuar,BUK10122
BUK11273,2022-04-06,3.01,3.82,Continuar,BUK12458
BUK11274,2026-02-03,3.14,3.24,Continuar,BUK10044
BUK11275,2026-01-10,3.27,3.11,Continuar,BUK10302
BUK11276,2026-05-03,3.28,3.81,Continuar,
BUK11277,2025-12-31,3.21,3.09,Continuar,
BUK11278,2021-10-30,3.49,3.43,Continuar,BUK10478
BUK11279,2023-04-25,3.23,2.75,Continuar con seguimiento,BUK10746
BUK11280,2026-04-10,3.89,3.73,Continuar,BUK12254
BUK11281,2026-07-02,3.6,3.43,Continuar,BUK11473
BUK11282,2026-04-25,3.48,3.65,Continuar,BUK12266
BUK11283,2025-05-09,4.0,3.72,Continuar,BUK10800
BUK11284,2025-04-06,4.0,3.66,Continuar,BUK11964
BUK11285,2026-01-07,3.08,3.11,Continuar,BUK11186
BUK11286,2026-03-14,3.22,3.24,Continuar,BUK10348
BUK11287,2023-09-06,3.09,3.21,Continuar,BUK10150
BUK11288,2026-08-21,3.59,3.48,Continuar,BUK11245
BUK11289,2026-03-10,2.92,3.52,Continuar con seguimiento,BUK11409
BUK11290,2023-02-26,2.88,3.51,Continuar con seguimiento,BUK10900
BUK11291,2026-06-07,3.27,2.99,Continuar con seguimiento,BUK10241
BUK11292,2025-05-13,3.33,4.0,Continuar,BUK10331
BUK11293,2025-05-27,3.6,3.67,Continuar,BUK12151
BUK11294,2026-03-25,4.0,3.44,Continuar,BUK10595
BUK11295,2026-02-25,3.74,3.45,Continuar,BUK10910
BUK11296,2026-05-18,3.38,3.43,Continuar,BUK11901
BUK11297,2023-04-24,3.41,3.2,Continuar,BUK10796
BUK11298,2026-01-27,3.8,3.44,Continuar,BUK12263
BUK11299,2023-10-10,3.14,2.72,Continuar con seguimiento,BUK12515
BUK11300,2023-01-19,3.07,3.23,Continuar,BUK11656
BUK11301,2025-07-02,3.62,3.76,Continuar,BUK11398
BUK11302,2026-06-11,3.74,3.37,Continuar,BUK12310
BUK11304,2026-07-29,2.7,3.33,Continuar con seguimiento,BUK10019
BUK11305,2024-02-23,3.24,3.1,Continuar,BUK10155
BUK11307,2025-12-02,3.53,3.3,Continuar,BUK11463
BUK11308,2024-08-22,3.53,3.31,Continuar,BUK12165
BUK11309,2024-04-16,4.0,3.68,Continuar,BUK11227
BUK11311,2022-04-17,3.43,2.91,Continuar con seguimiento,BUK12515
BUK11312,2023-11-02,3.31,3.3,Continuar,BUK10302
BUK11313,2022-04-06,2.99,3.68,Continuar con seguimiento,BUK10044
BUK11314,2026-08-16,3.21,2.89,Continuar con seguimiento,BUK10292
BUK11315,2026-02-09,2.84,3.16,Continuar con seguimiento,BUK10183
BUK11316,2026-02-18,3.35,3.38,Continuar,BUK10059
BUK11317,2026-04-25,3.4,3.25,Continuar,BUK10019
BUK11318,2017-04-06,3.59,3.01,Continuar,BUK10241
BUK11319,2025-12-08,3.25,3.52,Continuar,BUK10844
BUK11320,2022-06-17,3.6,3.55,Continuar,BUK10708
BUK11321,2025-08-04,3.81,3.76,Continuar,BUK10619
BUK11322,2023-12-22,3.13,3.55,Continuar,BUK10995
BUK11323,2026-06-27,3.83,3.45,Continuar,BUK10118
BUK11324,2025-04-07,3.33,3.17,Continuar,BUK11262
BUK11325,2025-04-06,3.59,3.51,Continuar,BUK11227
BUK11326,2021-08-05,3.21,3.7,Continuar,BUK10691
BUK11327,2026-04-09,3.0,3.09,Continuar con seguimiento,BUK11152
BUK11328,2022-07-28,3.78,3.33,Continuar,BUK11307
BUK11329,2025-01-09,3.5,3.39,Continuar,BUK10150
BUK11330,2024-09-25,4.0,3.71,Continuar,BUK12218
BUK11331,2025-08-20,4.0,3.55,Continuar,BUK11001
BUK11332,2026-06-09,2.97,2.63,Continuar con seguimiento,BUK12472
BUK11333,2024-04-19,3.78,3.04,Continuar,BUK11580
BUK11334,2025-04-06,3.14,3.31,Continuar,BUK10963
BUK11335,2025-08-25,3.11,2.89,Continuar con seguimiento,BUK10921
BUK11336,2024-06-17,2.41,2.8,Continuar con seguimiento,BUK12049
BUK11337,2025-12-31,2.9,2.97,Continuar con seguimiento,BUK11244
BUK11338,2025-11-26,3.09,3.29,Continuar,BUK12606
BUK11339,2026-06-03,3.53,3.23,Continuar,BUK11001
BUK11340,2025-08-20,3.16,3.39,Continuar,BUK11901
BUK11341,2025-04-06,3.22,2.55,Continuar con seguimiento,BUK11001
BUK11342,2024-11-19,3.34,3.59,Continuar,
BUK11343,2023-06-30,3.14,3.26,Continuar,BUK11058
BUK11344,2026-06-24,3.17,2.73,Continuar con seguimiento,BUK10453
BUK11345,2026-07-02,2.88,3.96,Continuar con seguimiento,BUK11254
BUK11346,2025-07-31,3.73,3.44,Continuar,BUK11409
BUK11347,2025-07-18,3.11,2.99,Continuar con seguimiento,BUK10627
BUK11348,2023-02-22,3.26,3.46,Continuar,BUK12151
BUK11349,2024-11-01,2.94,2.81,Continuar con seguimiento,BUK10144
BUK11350,2026-02-28,3.12,3.71,Continuar,BUK11183
BUK11351,2026-01-05,3.31,3.57,Continuar,BUK10453
BUK11352,2022-11-07,3.34,3.52,Continuar,BUK10376
BUK11353,2025-04-06,3.29,3.46,Continuar,BUK12338
BUK11354,2025-04-22,3.53,3.31,Continuar,BUK11307
BUK11355,2025-02-18,3.24,3.11,Continuar,BUK11027
BUK11356,2025-06-20,3.72,3.56,Continuar,BUK10455
BUK11357,2025-03-03,2.8,2.98,Continuar con seguimiento,BUK10083
BUK11358,2024-04-19,3.46,3.16,Continuar,BUK10289
BUK11359,2021-01-31,3.65,3.18,Continuar,BUK12229
BUK11360,2025-05-28,3.81,3.49,Continuar,BUK10118
BUK11361,2024-09-05,3.39,3.43,Continuar,BUK10833
BUK11362,2025-12-09,3.59,3.35,Continuar,BUK11001
BUK11363,2020-12-26,3.66,3.48,Continuar,BUK12266
BUK11364,2024-06-10,3.57,3.58,Continuar,BUK12572
BUK11365,2025-10-20,3.72,3.27,Continuar,BUK10595
BUK11367,2024-03-02,3.28,3.63,Continuar,BUK10949
BUK11368,2026-02-09,3.12,3.56,Continuar,BUK11067
BUK11369,2026-01-06,2.86,3.08,Continuar con seguimiento,BUK11152
BUK11370,2025-08-19,2.81,3.03,Continuar con seguimiento,BUK12151
BUK11371,2025-11-28,3.33,3.31,Continuar,BUK10600
BUK11372,2026-02-22,3.61,3.33,Continuar,BUK12027
BUK11373,2026-07-24,3.69,3.11,Continuar,BUK12156
BUK11374,2025-10-10,3.23,3.09,Continuar,BUK10183
BUK11375,2025-03-24,3.99,3.71,Continuar,BUK10183
BUK11376,2025-07-16,2.73,2.45,Continuar con seguimiento,BUK10233
BUK11377,2026-07-29,3.71,3.21,Continuar,BUK11796
BUK11379,2026-07-23,3.41,3.71,Continuar,BUK11068
BUK11380,2026-03-21,2.89,3.63,Continuar con seguimiento,BUK11345
BUK11381,2024-10-31,3.43,3.25,Continuar,BUK10991
BUK11382,2021-07-21,3.75,3.35,Continuar,BUK11058
BUK11383,2025-01-28,2.36,2.31,No superó el período de prueba,BUK10691
BUK11384,2025-02-10,3.3,3.46,Continuar,BUK12615
BUK11385,2025-01-14,3.22,2.88,Continuar con seguimiento,BUK12245
BUK11386,2024-10-31,3.59,3.03,Continuar,BUK11796
BUK11387,2025-04-26,3.5,2.93,Continuar con seguimiento,BUK11186
BUK11388,2025-04-06,3.59,3.01,Continuar,BUK10442
BUK11389,2021-08-24,3.52,2.89,Continuar con seguimiento,BUK11901
BUK11390,2024-08-19,3.47,3.0,Continuar con seguimiento,BUK10595
BUK11391,2025-04-06,3.67,3.68,Continuar,BUK10118
BUK11392,2025-09-29,3.4,3.5,Continuar,BUK11607
BUK11393,2025-12-14,2.81,3.32,Continuar con seguimiento,BUK10118
BUK11394,2019-12-30,3.26,3.21,Continuar,BUK11262
BUK11395,2026-05-28,3.16,3.56,Continuar,BUK10478
BUK11396,2026-06-25,3.81,3.83,Continuar,BUK10786
BUK11397,2026-03-13,3.52,3.0,Continuar con seguimiento,BUK11186
BUK11400,2026-01-23,3.59,3.66,Continuar,BUK10159
BUK11401,2024-12-08,3.76,3.27,Continuar,BUK10248
BUK11402,2024-02-06,3.5,2.81,Continuar con seguimiento,BUK10059
BUK11403,2020-06-18,3.09,3.16,Continuar,BUK12165
BUK11404,2024-10-10,3.49,3.63,Continuar,BUK10714
BUK11405,2022-08-13,3.56,3.39,Continuar,BUK10833
BUK11406,2020-10-10,2.59,2.55,Continuar con seguimiento,BUK12515
BUK11407,2025-05-25,3.63,3.46,Continuar,BUK10471
BUK11409,2020-07-24,3.51,3.41,Continuar,BUK11768
BUK11410,2026-03-04,3.64,2.98,Continuar con seguimiento,BUK12590
BUK11411,2026-01-15,2.86,3.03,Continuar con seguimiento,BUK12316
BUK11412,2023-11-05,3.2,3.29,Continuar,BUK11396
BUK11413,2025-02-04,3.43,3.27,Continuar,BUK10093
BUK11414,2024-08-26,3.14,3.91,Continuar,BUK12170
BUK11416,2026-08-06,3.91,4.0,Continuar,BUK10710
BUK11417,2026-08-08,3.07,3.09,Continuar,BUK12104
BUK11418,2025-04-23,3.14,3.46,Continuar,BUK12441
BUK11419,2024-03-03,3.43,3.58,Continuar,BUK10881
BUK11420,2025-11-25,3.21,3.15,Continuar,BUK10302
BUK11421,2025-07-31,3.02,3.3,Continuar,BUK12496
BUK11423,2024-02-01,3.48,3.61,Continuar,BUK10595
BUK11424,2026-08-15,3.13,2.93,Continuar con seguimiento,BUK11656
BUK11426,2026-08-15,3.13,3.84,Continuar,BUK12515
BUK11427,2025-12-24,3.76,3.37,Continuar,BUK12266
BUK11428,2026-02-02,3.39,3.62,Continuar,BUK10665
BUK11429,2026-05-27,3.9,3.87,Continuar,BUK11473
BUK11430,2025-09-12,3.58,3.87,Continuar,BUK10455
BUK11431,2026-07-09,3.58,3.56,Continuar,BUK10881
BUK11432,2026-02-02,2.97,3.09,Continuar con seguimiento,BUK11901
BUK11433,2025-04-06,3.84,3.6,Continuar,BUK10910
BUK11434,2025-08-17,3.36,3.12,Continuar,BUK10910
BUK11436,2023-12-05,3.49,3.21,Continuar,BUK11580
BUK11437,2023-06-25,2.8,3.42,Continuar con seguimiento,BUK10949
BUK11438,2026-06-18,4.0,3.16,Continuar,BUK10147
BUK11439,2026-05-20,3.26,3.09,Continuar,BUK10140
BUK11440,2025-08-05,3.84,4.0,Continuar,BUK10326
BUK11441,2026-02-05,3.77,3.69,Continuar,BUK11097
BUK11442,2025-05-16,3.24,2.57,Continuar con seguimiento,BUK10987
BUK11443,2025-12-18,3.8,3.29,Continuar,BUK11001
BUK11444,2025-04-19,3.25,3.54,Continuar,BUK12452
BUK11445,2025-03-21,3.61,3.68,Continuar,BUK10796
BUK11446,2025-09-09,3.49,3.34,Continuar,BUK12446
BUK11447,2025-09-02,3.84,3.78,Continuar,BUK12529
BUK11448,2025-02-07,3.35,3.8,Continuar,BUK11435
BUK11449,2026-03-12,3.1,3.04,Continuar,BUK11409
BUK11450,2025-04-17,3.86,3.81,Continuar,BUK12027
BUK11451,2023-07-31,3.72,4.0,Continuar,BUK10462
BUK11452,2025-11-21,2.21,2.71,No superó el período de prueba,BUK10694
BUK11453,2021-04-12,3.32,3.29,Continuar,BUK10900
BUK11454,2025-04-26,3.25,3.25,Continuar,BUK12104
BUK11455,2026-08-19,2.69,2.98,Continuar con seguimiento,BUK12632
BUK11456,2026-08-19,3.41,2.98,Continuar con seguimiento,BUK12094
BUK11457,2025-10-08,3.54,3.34,Continuar,BUK10114
BUK11458,2023-10-31,3.65,3.66,Continuar,BUK10326
BUK11459,2024-09-11,3.41,3.41,Continuar,BUK12049
BUK11460,2023-07-21,2.61,3.37,Continuar con seguimiento,BUK12151
BUK11461,2024-02-22,3.36,2.69,Continuar con seguimiento,BUK10812
BUK11462,2025-11-05,3.48,3.66,Continuar,BUK10995
BUK11463,2024-06-11,3.2,3.16,Continuar,BUK12586
BUK11464,2026-04-13,3.31,2.82,Continuar con seguimiento,BUK10867
BUK11466,2026-03-21,3.05,2.81,Continuar con seguimiento,BUK10852
BUK11467,2025-04-06,3.5,2.77,Continuar con seguimiento,BUK12499
BUK11468,2026-03-18,3.69,2.95,Continuar con seguimiento,BUK11756
BUK11469,2026-05-25,2.77,2.64,Continuar con seguimiento,BUK10405
BUK11470,2021-11-08,2.57,2.43,Continuar con seguimiento,BUK12606
BUK11471,2025-05-20,3.44,3.44,Continuar,BUK12632
BUK11474,2026-06-06,3.41,3.89,Continuar,BUK11816
BUK11476,2024-04-21,2.95,3.48,Continuar con seguimiento,BUK10118
BUK11477,2024-10-27,2.96,3.07,Continuar con seguimiento,BUK11546
BUK11478,2024-03-12,3.39,3.35,Continuar,BUK11407
BUK11479,2026-05-05,3.32,3.55,Continuar,BUK12170
BUK11480,2025-12-05,3.57,3.75,Continuar,BUK11993
BUK11481,2025-04-06,2.82,3.19,Continuar con seguimiento,BUK10478
BUK11482,2022-10-05,3.19,3.25,Continuar,BUK11600
BUK11483,2026-05-19,3.11,3.3,Continuar,BUK11244
BUK11484,2026-06-10,3.35,3.47,Continuar,BUK11607
BUK11485,2025-11-02,3.79,3.25,Continuar,BUK10248
BUK11486,2026-08-13,3.47,3.88,Continuar,BUK10376
BUK11487,2025-03-19,3.3,3.38,Continuar,BUK10398
BUK11488,2025-03-16,3.16,3.08,Continuar,BUK12318
BUK11489,2025-06-10,3.02,2.89,Continuar con seguimiento,BUK11827
BUK11490,2025-11-14,3.35,3.48,Continuar,BUK11240
BUK11491,2024-05-30,3.22,3.61,Continuar,BUK10991
BUK11492,2026-03-01,3.36,3.18,Continuar,BUK12151
BUK11493,2025-08-25,3.76,3.56,Continuar,BUK10789
BUK11494,2025-07-16,3.48,3.41,Continuar,BUK11827
BUK11496,2025-09-18,3.74,3.2,Continuar,BUK10970
BUK11497,2025-04-06,3.78,4.0,Continuar,BUK10694
BUK11498,2025-07-27,2.85,3.36,Continuar con seguimiento,BUK10241
BUK11499,2025-07-12,3.17,3.32,Continuar,BUK12499
BUK11500,2025-04-06,3.75,3.73,Continuar,BUK11070
BUK11501,2023-09-23,3.82,3.57,Continuar,BUK10327
BUK11502,2026-05-16,2.99,3.24,Continuar con seguimiento,BUK10405
BUK11503,2021-02-03,3.57,4.0,Continuar,BUK10792
BUK11504,2022-08-24,2.74,3.25,Continuar con seguimiento,BUK11276
BUK11505,2023-07-06,3.14,3.72,Continuar,BUK10710
BUK11506,2025-05-01,4.0,3.95,Continuar,BUK11396
BUK11507,2025-07-02,3.52,3.29,Continuar,BUK12311
BUK11508,2023-06-05,3.28,3.23,Continuar,BUK10478
BUK11509,2022-09-17,3.92,3.49,Continuar,BUK11474
BUK11510,2026-03-24,3.47,3.04,Continuar,BUK11123
BUK11511,2025-12-14,2.96,3.03,Continuar con seguimiento,BUK11177
BUK11512,2024-03-10,3.4,4.0,Continuar,BUK10302
BUK11513,2026-03-16,3.11,2.93,Continuar con seguimiento,BUK10866
BUK11514,2022-11-24,3.12,3.48,Continuar,BUK12229
BUK11515,2026-07-19,3.65,3.75,Continuar,BUK11154
BUK11516,2026-06-21,3.61,3.62,Continuar,BUK12283
BUK11517,2025-09-14,3.56,3.67,Continuar,BUK11373
BUK11518,2025-11-08,2.95,3.72,Continuar con seguimiento,BUK10361
BUK11519,2025-07-14,3.69,3.76,Continuar,BUK10691
BUK11520,2026-08-04,3.02,3.62,Continuar,BUK12615
BUK11522,2026-07-18,2.85,3.08,Continuar con seguimiento,BUK11543
BUK11523,2024-04-18,3.43,3.73,Continuar,BUK10159
BUK11527,2026-03-08,3.88,3.96,Continuar,BUK10093
BUK11528,2024-11-30,2.4,2.17,No superó el período de prueba,BUK10327
BUK11529,2025-01-28,2.88,3.43,Continuar con seguimiento,BUK12515
BUK11530,2026-07-22,3.68,3.6,Continuar,BUK12170
BUK11531,2026-06-25,3.54,2.52,Continuar con seguimiento,BUK12441
BUK11532,2023-11-29,3.45,3.72,Continuar,BUK10477
BUK11533,2026-04-19,3.94,3.29,Continuar,BUK11411
BUK11534,2025-03-13,3.35,3.33,Continuar,BUK10233
BUK11535,2026-08-22,3.44,3.38,Continuar,BUK10029
BUK11537,2026-02-12,3.86,3.51,Continuar,BUK11580
BUK11539,2025-12-12,2.77,2.84,Continuar con seguimiento,BUK12219
BUK11540,2026-03-20,2.95,3.08,Continuar con seguimiento,BUK12104
BUK11541,2025-07-16,3.21,3.55,Continuar,BUK10900
BUK11542,2025-03-03,3.52,3.24,Continuar,BUK10478
BUK11545,2026-05-31,2.92,3.01,Continuar con seguimiento,BUK11717
BUK11546,2026-03-05,2.98,3.12,Continuar con seguimiento,BUK12279
BUK11547,2024-07-07,3.59,3.53,Continuar,BUK11154
BUK11548,2026-07-21,3.04,3.3,Continuar,BUK12049
BUK11549,2026-05-02,3.45,2.94,Continuar con seguimiento,BUK10708
BUK11550,2026-06-06,3.37,3.23,Continuar,BUK11890
BUK11551,2019-11-19,3.6,4.0,Continuar,BUK11152
BUK11552,2026-06-07,3.07,3.19,Continuar,BUK10604
BUK11553,2026-03-07,2.78,3.61,Continuar con seguimiento,BUK10327
BUK11554,2019-04-06,3.27,3.42,Continuar,BUK11746
BUK11555,2022-06-27,3.36,2.86,Continuar con seguimiento,BUK12005
BUK11556,2025-02-18,3.55,3.58,Continuar,
BUK11557,2022-04-06,2.87,2.64,Continuar con seguimiento,BUK10262
BUK11559,2025-07-12,3.92,3.74,Continuar,BUK10289
BUK11560,2025-10-13,2.81,3.28,Continuar con seguimiento,BUK11596
BUK11562,2023-07-25,2.97,3.01,Continuar con seguimiento,BUK12641
BUK11563,2023-01-30,3.15,3.16,Continuar,BUK11301
BUK11564,2025-06-12,3.93,3.83,Continuar,BUK10950
BUK11565,2024-12-15,3.14,3.36,Continuar,BUK10910
BUK11566,2025-09-18,2.91,3.14,Continuar con seguimiento,BUK12310
BUK11567,2025-05-25,3.19,4.0,Continuar,BUK10241
BUK11568,2026-04-05,3.56,3.73,Continuar,BUK11186
BUK11569,2025-11-19,3.28,3.41,Continuar,BUK10019
BUK11570,2026-06-28,3.64,3.9,Continuar,BUK11746
BUK11571,2025-06-13,3.74,3.61,Continuar,BUK12499
BUK11572,2025-08-29,2.58,2.99,Continuar con seguimiento,BUK10019
BUK11573,2025-06-04,2.77,2.95,Continuar con seguimiento,BUK11816
BUK11574,2025-10-02,3.42,4.0,Continuar,BUK11580
BUK11575,2026-01-20,3.23,3.44,Continuar,BUK10478
BUK11576,2024-10-04,3.6,3.48,Continuar,BUK11543
BUK11577,2026-02-01,3.87,3.65,Continuar,BUK10928
BUK11578,2024-08-05,3.04,2.38,No superó el período de prueba,BUK10118
BUK11579,2025-09-14,3.65,3.64,Continuar,BUK10250
BUK11580,2024-03-28,3.42,4.0,Continuar,BUK11816
BUK11581,2026-02-02,3.19,3.65,Continuar,BUK11068
BUK11582,2023-08-09,3.21,3.45,Continuar,BUK11686
BUK11583,2023-08-25,2.72,2.84,Continuar con seguimiento,BUK12151
BUK11585,2026-01-19,3.37,3.55,Continuar,BUK12472
BUK11587,2026-03-25,3.78,3.79,Continuar,BUK12219
BUK11588,2024-11-19,3.6,3.46,Continuar,BUK12496
BUK11589,2026-01-08,2.77,3.75,Continuar con seguimiento,BUK11676
BUK11590,2023-06-18,3.34,3.0,Continuar con seguimiento,BUK12165
BUK11591,2026-05-14,3.13,3.61,Continuar,BUK11001
BUK11593,2026-04-28,3.25,3.33,Continuar,BUK12049
BUK11594,2025-04-06,3.78,3.68,Continuar,BUK11345
BUK11595,2026-03-14,3.61,2.89,Continuar con seguimiento,BUK11345
BUK11596,2021-06-26,3.97,4.0,Continuar,BUK10630
BUK11597,2020-12-19,3.77,3.69,Continuar,BUK10789
BUK11598,2025-08-18,3.91,4.0,Continuar,BUK10963
BUK11599,2019-11-05,3.07,3.23,Continuar,BUK11875
BUK11600,2022-04-06,3.4,3.02,Continuar,BUK10845
BUK11601,2025-04-06,3.23,3.45,Continuar,BUK10627
BUK11602,2022-04-06,3.7,3.22,Continuar,BUK10250
BUK11603,2026-07-07,3.32,3.01,Continuar,BUK10800
BUK11604,2023-01-10,3.23,3.58,Continuar,BUK10351
BUK11605,2021-11-12,3.59,3.69,Continuar,BUK11396
BUK11606,2026-01-07,3.91,4.0,Continuar,BUK12496
BUK11607,2026-07-11,2.9,2.73,Continuar con seguimiento,BUK11625
BUK11608,2024-01-03,3.94,3.83,Continuar,BUK10248
BUK11609,2025-01-22,3.13,3.37,Continuar,BUK10348
BUK11610,2025-04-06,3.41,3.67,Continuar,BUK10812
BUK11611,2025-01-16,3.15,3.55,Continuar,BUK10906
BUK11612,2021-05-14,3.94,3.88,Continuar,BUK10789
BUK11613,2024-05-03,3.18,3.55,Continuar,BUK11487
BUK11614,2024-01-10,3.28,3.87,Continuar,BUK10083
BUK11615,2025-05-16,3.11,3.14,Continuar,BUK10961
BUK11616,2026-03-16,3.41,2.99,Continuar con seguimiento,BUK10159
BUK11617,2026-06-17,3.05,3.38,Continuar,BUK10798
BUK11618,2025-04-16,3.24,3.3,Continuar,BUK10921
BUK11619,2022-11-14,2.83,2.63,Continuar con seguimiento,BUK11152
BUK11621,2019-12-04,3.06,3.23,Continuar,BUK10029
BUK11622,2025-11-02,3.07,3.36,Continuar,BUK11435
BUK11623,2025-07-15,3.44,3.55,Continuar,BUK10292
BUK11624,2023-06-19,3.18,3.26,Continuar,BUK10250
BUK11625,2026-01-06,3.1,3.58,Continuar,BUK12611
BUK11626,2026-02-10,3.67,4.0,Continuar,BUK10800
BUK11627,2026-01-30,3.28,3.28,Continuar,BUK11815
BUK11628,2023-11-25,2.95,2.55,Continuar con seguimiento,BUK12554
BUK11629,2025-04-21,3.5,3.07,Continuar,BUK11557
BUK11630,2025-06-12,2.98,2.71,Continuar con seguimiento,BUK10376
BUK11631,2025-07-08,2.8,3.19,Continuar con seguimiento,BUK10607
BUK11632,2026-04-02,3.36,3.98,Continuar,BUK11154
BUK11633,2023-02-19,3.57,3.11,Continuar,BUK11543
BUK11634,2025-12-10,3.39,3.56,Continuar,BUK12170
BUK11635,2025-02-20,3.02,3.02,Continuar,BUK10910
BUK11636,2023-08-13,3.17,3.65,Continuar,BUK12611
BUK11637,2026-08-27,3.31,3.29,Continuar,BUK10122
BUK11638,2024-09-28,3.21,3.19,Continuar,BUK11001
BUK11639,2021-09-11,3.23,2.92,Continuar con seguimiento,BUK12572
BUK11640,2025-12-31,2.99,3.57,Continuar con seguimiento,BUK11921
BUK11641,2026-06-16,3.45,3.61,Continuar,BUK12499
BUK11642,2025-07-03,2.94,2.91,Continuar con seguimiento,BUK12472
BUK11643,2026-02-19,3.31,3.23,Continuar,BUK12606
BUK11644,2025-02-07,3.32,3.11,Continuar,BUK10150
BUK11645,2021-04-15,3.47,3.09,Continuar,BUK10867
BUK11646,2025-07-07,3.7,3.75,Continuar,BUK10708
BUK11647,2024-06-13,3.37,3.15,Continuar,BUK10970
BUK11648,2025-04-06,3.67,3.99,Continuar,BUK10867
BUK11649,2025-01-21,3.18,3.08,Continuar,BUK11396
BUK11650,2025-04-06,3.56,3.63,Continuar,BUK10250
BUK11651,2019-03-09,3.32,3.25,Continuar,BUK11573
BUK11652,2024-06-06,3.41,3.84,Continuar,BUK12590
BUK11653,2026-01-09,3.36,3.66,Continuar,BUK12572
BUK11654,2024-11-30,3.48,3.31,Continuar,BUK10462
BUK11655,2023-07-01,3.56,3.64,Continuar,BUK10708
BUK11656,2026-05-30,3.46,3.4,Continuar,BUK10156
BUK11657,2026-03-02,3.52,3.39,Continuar,BUK11345
BUK11658,2025-09-01,3.52,3.25,Continuar,BUK10852
BUK11659,2019-07-23,3.56,3.86,Continuar,BUK11473
BUK11660,2024-10-30,3.44,3.24,Continuar,BUK11058
BUK11661,2026-04-04,3.29,3.29,Continuar,BUK10949
BUK11662,2026-06-08,2.64,2.7,Continuar con seguimiento,BUK12458
BUK11663,2025-06-18,3.83,3.98,Continuar,BUK12572
BUK11664,2026-05-25,2.8,2.93,Continuar con seguimiento,BUK11058
BUK11666,2026-05-28,3.53,3.34,Continuar,BUK10812
BUK11667,2024-07-25,3.74,3.61,Continuar,BUK12310
BUK11668,2025-07-01,2.7,2.8,Continuar con seguimiento,BUK11730
BUK11669,2025-09-09,3.35,4.0,Continuar,BUK10326
BUK11670,2025-09-15,3.52,3.41,Continuar,BUK12266
BUK11671,2019-04-06,3.38,3.15,Continuar,BUK10910
BUK11672,2026-08-28,3.7,3.56,Continuar,BUK12311
BUK11673,2025-08-01,2.83,3.17,Continuar con seguimiento,BUK11607
BUK11674,2025-11-09,3.61,3.73,Continuar,BUK10574
BUK11675,2026-04-03,3.45,3.35,Continuar,BUK12499
BUK11676,2022-04-06,4.0,4.0,Continuar,BUK12563
BUK11678,2026-03-17,3.06,3.1,Continuar,BUK10403
BUK11679,2026-01-15,3.18,3.31,Continuar,BUK10140
BUK11680,2026-03-28,3.24,3.59,Continuar,BUK10181
BUK11681,2022-12-10,3.23,3.43,Continuar,BUK10650
BUK11682,2026-04-19,2.95,3.59,Continuar con seguimiento,BUK10627
BUK11683,2026-08-10,2.86,3.38,Continuar con seguimiento,BUK12590
BUK11684,2026-05-10,3.64,2.96,Continuar con seguimiento,BUK10302
BUK11685,2024-07-16,3.49,3.55,Continuar,BUK11580
BUK11686,2023-06-04,3.39,3.07,Continuar,
BUK11687,2025-03-25,3.08,3.8,Continuar,BUK10804
BUK11688,2021-09-19,3.61,3.31,Continuar,BUK10949
BUK11689,2025-04-06,3.41,3.47,Continuar,BUK11373
BUK11690,2023-04-27,3.89,3.31,Continuar,BUK12458
BUK11691,2025-09-06,3.11,3.23,Continuar,BUK10394
BUK11692,2026-05-10,2.48,3.04,Continuar con seguimiento,BUK11837
BUK11693,2026-01-25,3.27,3.91,Continuar,BUK10950
BUK11694,2025-04-06,3.59,3.58,Continuar,BUK10478
BUK11695,2022-03-30,3.54,3.41,Continuar,BUK12529
BUK11696,2025-02-02,3.22,3.17,Continuar,BUK11573
BUK11697,2023-02-18,3.08,3.81,Continuar,BUK12170
BUK11698,2026-01-15,2.87,3.0,Continuar con seguimiento,BUK10250
BUK11699,2024-07-10,2.65,3.74,Continuar con seguimiento,BUK10796
BUK11700,2025-01-14,3.17,3.26,Continuar,BUK11731
BUK11701,2025-05-15,3.35,3.74,Continuar,BUK12218
BUK11702,2020-11-30,3.49,3.5,Continuar,BUK10800
BUK11703,2025-02-25,3.21,2.89,Continuar con seguimiento,BUK11881
BUK11704,2025-09-18,3.29,3.68,Continuar,BUK12537
BUK11705,2026-06-27,3.3,3.45,Continuar,BUK10623
BUK11706,2026-05-02,3.81,3.48,Continuar,BUK11009
BUK11707,2024-09-20,3.58,3.31,Continuar,BUK10906
BUK11709,2026-03-02,3.6,3.46,Continuar,BUK12081
BUK11710,2026-07-26,3.58,3.15,Continuar,BUK10921
BUK11711,2024-11-27,3.65,3.59,Continuar,BUK11827
BUK11712,2025-08-02,3.21,3.13,Continuar,BUK10714
BUK11713,2024-03-13,2.37,3.06,No superó el período de prueba,BUK11027
BUK11714,2025-12-21,3.42,3.4,Continuar,BUK11881
BUK11715,2025-04-25,4.0,3.64,Continuar,BUK11154
BUK11716,2026-01-11,3.05,3.28,Continuar,BUK10140
BUK11717,2024-11-08,3.4,3.48,Continuar,BUK10684
BUK11718,2025-08-17,2.86,2.79,Continuar con seguimiento,BUK11267
BUK11719,2021-07-05,3.48,3.58,Continuar,BUK11244
BUK11720,2022-12-22,3.57,3.2,Continuar,BUK11993
BUK11721,2022-01-23,3.64,3.74,Continuar,BUK10975
BUK11722,2025-07-12,3.04,3.82,Continuar,BUK11573
BUK11723,2026-03-16,3.74,3.38,Continuar,BUK10248
BUK11724,2026-01-03,2.48,2.68,Continuar con seguimiento,BUK12572
BUK11725,2020-06-06,3.17,3.28,Continuar,BUK10122
BUK11726,2026-02-08,3.83,3.63,Continuar,BUK12218
BUK11727,2026-03-05,3.46,3.49,Continuar,BUK10780
BUK11728,2025-07-23,3.58,3.87,Continuar,BUK11396
BUK11729,2025-11-23,3.7,4.0,Continuar,BUK12049
BUK11730,2026-07-13,2.98,3.39,Continuar con seguimiento,BUK10115
BUK11733,2020-01-15,3.8,3.4,Continuar,BUK10331
BUK11734,2020-03-27,3.52,3.88,Continuar,BUK11070
BUK11735,2019-04-06,3.58,3.86,Continuar,BUK12278
BUK11736,2024-04-27,3.58,4.0,Continuar,BUK10900
BUK11737,2023-06-21,3.66,3.69,Continuar,BUK10453
BUK11738,2022-09-14,3.78,3.43,Continuar,BUK10667
BUK11739,2018-12-03,3.3,3.55,Continuar,BUK10844
BUK11741,2026-03-23,2.95,3.28,Continuar con seguimiento,BUK11717
BUK11742,2025-07-14,3.56,3.39,Continuar,BUK12283
BUK11743,2025-03-06,2.81,2.87,Continuar con seguimiento,BUK10250
BUK11744,2023-04-26,2.57,3.4,Continuar con seguimiento,BUK10019
BUK11745,2026-08-19,3.56,3.71,Continuar,BUK11244
BUK11746,2026-06-18,3.87,3.32,Continuar,BUK12566
BUK11747,2026-06-17,3.26,3.67,Continuar,BUK10394
BUK11748,2023-03-17,3.03,3.44,Continuar,BUK12254
BUK11749,2026-08-20,3.44,3.77,Continuar,BUK10351
BUK11750,2024-12-01,3.1,3.65,Continuar,BUK10866
BUK11751,2024-10-13,3.54,3.74,Continuar,BUK11747
BUK11752,2022-04-14,3.38,3.13,Continuar,BUK10883
BUK11753,2025-09-09,3.4,3.31,Continuar,BUK12590
BUK11754,2022-06-30,3.15,3.34,Continuar,BUK11546
BUK11755,2025-11-09,3.31,3.38,Continuar,BUK10093
BUK11756,2026-05-02,3.02,3.11,Continuar,
BUK11757,2025-04-06,3.66,3.79,Continuar,BUK11656
BUK11758,2025-04-06,3.01,3.21,Continuar,BUK12554
BUK11759,2022-04-06,3.37,3.68,Continuar,BUK10442
BUK11760,2025-01-22,3.66,3.67,Continuar,BUK10248
BUK11761,2021-05-29,3.96,3.17,Continuar,BUK11177
BUK11763,2022-02-02,3.93,3.35,Continuar,BUK11487
BUK11764,2026-05-01,3.35,3.61,Continuar,BUK10866
BUK11765,2023-10-10,3.31,3.25,Continuar,BUK11746
BUK11766,2025-11-21,3.5,2.95,Continuar con seguimiento,BUK10689
BUK11767,2024-12-09,2.5,2.96,Continuar con seguimiento,BUK10963
BUK11768,2022-03-22,3.56,3.21,Continuar,BUK11276
BUK11769,2025-10-08,3.2,3.27,Continuar,BUK11557
BUK11770,2026-05-24,3.53,3.29,Continuar,BUK12590
BUK11771,2025-04-06,3.91,3.16,Continuar,BUK10317
BUK11772,2026-05-12,3.55,3.66,Continuar,BUK11543
BUK11773,2026-01-07,3.38,3.46,Continuar,BUK12218
BUK11774,2025-03-19,3.07,3.05,Continuar,BUK11070
BUK11775,2025-10-18,3.76,3.14,Continuar,BUK12632
BUK11776,2026-06-09,3.32,2.95,Continuar con seguimiento,BUK11884
BUK11778,2023-06-01,3.21,3.0,Continuar,BUK12537
BUK11779,2022-04-06,3.35,3.89,Continuar,BUK10607
BUK11780,2026-08-06,3.64,4.0,Continuar,BUK10357
BUK11781,2025-10-26,2.94,2.91,Continuar con seguimiento,BUK11262
BUK11782,2024-07-18,2.94,3.21,Continuar con seguimiento,BUK10327
BUK11783,2026-03-05,3.27,3.88,Continuar,BUK11001
BUK11784,2025-12-04,3.52,3.18,Continuar,BUK10691
BUK11785,2026-06-09,3.37,3.54,Continuar,BUK11070
BUK11786,2026-04-15,2.92,3.16,Continuar con seguimiento,BUK12170
BUK11787,2026-07-27,3.38,2.81,Continuar con seguimiento,BUK10607
BUK11788,2026-02-27,2.95,3.77,Continuar con seguimiento,BUK10881
BUK11789,2026-02-11,2.28,2.62,No superó el período de prueba,BUK12218
BUK11790,2024-02-23,3.16,2.95,Continuar con seguimiento,BUK10833
BUK11791,2024-09-08,4.0,3.77,Continuar,BUK10650
BUK11792,2025-10-22,3.46,3.56,Continuar,BUK10241
BUK11793,2026-06-30,2.85,3.02,Continuar con seguimiento,BUK10462
BUK11794,2025-12-02,4.0,3.6,Continuar,BUK11186
BUK11795,2026-07-21,3.41,3.07,Continuar,BUK12458
BUK11796,2025-04-06,3.44,3.35,Continuar,BUK10398
BUK11797,2022-04-06,3.49,3.72,Continuar,BUK10866
BUK11798,2025-05-21,3.76,3.72,Continuar,BUK12311
BUK11799,2022-04-06,3.72,3.25,Continuar,BUK10147
BUK11800,2026-01-15,3.87,3.93,Continuar,BUK10059
BUK11801,2025-04-08,3.14,3.36,Continuar,BUK11580
BUK11802,2020-08-24,3.35,3.29,Continuar,BUK10665
BUK11803,2026-03-26,4.0,3.93,Continuar,BUK10442
BUK11805,2023-08-12,2.86,3.49,Continuar con seguimiento,BUK10478
BUK11806,2025-10-15,2.87,3.11,Continuar con seguimiento,BUK12218
BUK11807,2025-04-07,2.27,2.55,No superó el período de prueba,BUK11717
BUK11808,2026-03-03,3.58,3.24,Continuar,BUK11796
BUK11809,2022-05-02,3.04,2.88,Continuar con seguimiento,BUK11409
BUK11810,2026-03-14,2.91,3.6,Continuar con seguimiento,BUK12515
BUK11811,2026-07-16,3.12,3.4,Continuar,BUK10804
BUK11813,2025-12-18,3.18,3.46,Continuar,BUK10796
BUK11814,2025-04-06,3.99,3.54,Continuar,BUK10833
BUK11815,2026-02-16,3.46,3.93,Continuar,BUK10890
BUK11816,2026-03-20,2.82,3.75,Continuar con seguimiento,BUK12219
BUK11817,2024-03-18,3.7,3.79,Continuar,BUK12452
BUK11818,2026-08-17,3.94,3.92,Continuar,BUK10804
BUK11819,2024-09-18,2.83,3.12,Continuar con seguimiento,BUK10844
BUK11820,2026-01-26,3.51,3.44,Continuar,BUK11152
BUK11821,2026-01-12,3.44,3.71,Continuar,BUK10289
BUK11823,2025-08-28,3.31,3.33,Continuar,BUK11027
BUK11824,2026-02-15,3.26,3.32,Continuar,BUK11827
BUK11825,2023-04-19,2.95,3.48,Continuar con seguimiento,BUK12465
BUK11826,2026-06-30,2.77,3.24,Continuar con seguimiento,BUK11276
BUK11827,2023-02-26,3.36,3.54,Continuar,BUK11207
BUK11828,2025-10-15,3.21,3.17,Continuar,BUK10710
BUK11829,2018-03-29,3.48,3.53,Continuar,BUK10327
BUK11830,2025-08-01,2.95,3.21,Continuar con seguimiento,BUK10780
BUK11831,2024-10-27,2.85,2.88,Continuar con seguimiento,BUK11068
BUK11833,2021-02-02,3.6,3.34,Continuar,
BUK11834,2025-06-13,3.67,3.21,Continuar,BUK11244
BUK11835,2024-11-08,4.0,3.81,Continuar,BUK10963
BUK11836,2024-06-07,3.84,3.67,Continuar,BUK10906
BUK11837,2024-06-10,3.36,3.65,Continuar,BUK12377
BUK11839,2026-08-10,3.91,4.0,Continuar,BUK11023
BUK11841,2026-02-04,3.3,3.3,Continuar,BUK10289
BUK11842,2025-06-05,3.54,3.74,Continuar,BUK10949
BUK11843,2025-03-15,3.77,3.12,Continuar,BUK10302
BUK11844,2025-09-15,2.6,3.05,Continuar con seguimiento,BUK11276
BUK11845,2025-10-12,3.44,3.35,Continuar,BUK11827
BUK11846,2022-04-06,4.0,3.62,Continuar,BUK12554
BUK11849,2026-02-10,4.0,3.32,Continuar,BUK10289
BUK11850,2026-07-03,3.43,3.13,Continuar,BUK10607
BUK11851,2025-07-31,3.44,3.52,Continuar,BUK10800
BUK11852,2026-07-15,3.26,3.64,Continuar,BUK10574
BUK11853,2025-08-03,3.34,4.0,Continuar,BUK12537
BUK11854,2026-08-17,3.46,3.05,Continuar,BUK11656
BUK11855,2020-09-20,3.09,3.93,Continuar,BUK12537
BUK11856,2023-10-06,3.13,3.79,Continuar,BUK11305
BUK11857,2026-02-03,3.14,3.43,Continuar,BUK11656
BUK11858,2025-01-07,3.32,3.61,Continuar,BUK10975
BUK11859,2025-01-04,3.11,2.96,Continuar con seguimiento,BUK10286
BUK11860,2025-12-11,3.08,3.27,Continuar,BUK10029
BUK11861,2025-01-09,3.77,3.55,Continuar,BUK12310
BUK11862,2026-03-14,3.65,3.64,Continuar,BUK10881
BUK11863,2025-11-26,3.56,3.51,Continuar,BUK12151
BUK11864,2026-07-21,3.08,3.08,Continuar,BUK10478
BUK11865,2025-04-06,3.48,2.96,Continuar con seguimiento,BUK11487
BUK11866,2026-06-07,3.39,3.01,Continuar,BUK10408
BUK11867,2023-11-26,3.44,3.37,Continuar,BUK12337
BUK11868,2024-01-17,3.41,3.33,Continuar,BUK10961
BUK11869,2025-06-01,3.32,3.55,Continuar,BUK11596
BUK11870,2025-03-23,2.69,2.54,Continuar con seguimiento,BUK10689
BUK11871,2025-06-17,3.45,3.14,Continuar,BUK12641
BUK11873,2026-07-21,3.17,3.54,Continuar,BUK12472
BUK11874,2023-11-12,3.66,3.41,Continuar,BUK10114
BUK11875,2026-06-21,3.15,3.38,Continuar,
BUK11876,2025-11-01,3.14,2.85,Continuar con seguimiento,BUK12266
BUK11877,2025-06-02,3.45,3.81,Continuar,BUK10852
BUK11878,2022-09-12,2.66,2.71,Continuar con seguimiento,BUK10963
BUK11879,2024-08-07,3.57,3.37,Continuar,BUK12641
BUK11880,2025-05-05,2.15,2.69,No superó el período de prueba,BUK11409
BUK11881,2026-08-11,3.5,2.97,Continuar con seguimiento,BUK11636
BUK11882,2022-04-06,3.99,3.43,Continuar,BUK10233
BUK11883,2024-09-13,3.6,3.07,Continuar,BUK10987
BUK11885,2020-06-07,3.45,3.53,Continuar,BUK10183
BUK11886,2025-04-29,3.31,3.52,Continuar,BUK10987
BUK11888,2023-09-16,3.24,3.81,Continuar,BUK11901
BUK11889,2025-06-28,2.87,3.22,Continuar con seguimiento,BUK10274
BUK11890,2021-03-04,3.79,3.62,Continuar,BUK12566
BUK11891,2026-03-28,3.03,3.38,Continuar,BUK10746
BUK11892,2026-08-08,3.29,3.48,Continuar,BUK12078
BUK11893,2025-10-25,2.66,2.9,Continuar con seguimiento,BUK12283
BUK11894,2026-01-10,2.82,2.82,Continuar con seguimiento,BUK10600
BUK11895,2025-07-09,3.07,2.84,Continuar con seguimiento,BUK12229
BUK11896,2026-07-07,3.12,3.11,Continuar,BUK10714
BUK11897,2026-03-29,3.22,3.72,Continuar,BUK12515
BUK11898,2017-04-06,2.94,3.41,Continuar con seguimiento,BUK12441
BUK11899,2021-09-11,3.06,3.18,Continuar,BUK10714
BUK11900,2023-07-10,3.79,3.15,Continuar,BUK10183
BUK11901,2023-08-28,3.77,3.19,Continuar,BUK10359
BUK11902,2026-08-01,3.1,3.0,Continuar,BUK10710
BUK11903,2017-11-24,3.09,3.98,Continuar,BUK12311
BUK11904,2026-01-27,3.62,3.05,Continuar,BUK11796
BUK11905,2025-04-06,2.9,3.19,Continuar con seguimiento,BUK10867
BUK11908,2020-04-05,3.28,2.99,Continuar con seguimiento,BUK10403
BUK11910,2020-06-28,3.41,3.28,Continuar,BUK10312
BUK11911,2023-12-01,2.89,3.0,Continuar con seguimiento,BUK10181
BUK11913,2024-07-25,2.96,3.56,Continuar con seguimiento,BUK10710
BUK11914,2026-08-20,3.55,3.17,Continuar,BUK11815
BUK11915,2025-10-20,3.57,4.0,Continuar,BUK10274
BUK11916,2026-03-15,2.01,2.7,No superó el período de prueba,BUK10833
BUK11917,2026-04-07,3.84,3.58,Continuar,BUK12465
BUK11918,2026-05-21,3.59,3.32,Continuar,BUK11473
BUK11919,2026-05-22,2.84,2.77,Continuar con seguimiento,BUK10921
BUK11920,2026-06-27,3.46,3.47,Continuar,BUK10987
BUK11921,2024-03-19,2.77,3.29,Continuar con seguimiento,BUK11463
BUK11922,2026-01-09,3.3,3.29,Continuar,BUK12283
BUK11923,2022-12-09,3.71,3.52,Continuar,BUK11991
BUK11924,2025-08-25,3.49,3.33,Continuar,BUK12218
BUK11925,2024-02-04,3.45,3.23,Continuar,BUK11557
BUK11926,2026-03-07,4.0,3.86,Continuar,BUK10949
BUK11927,2020-07-19,3.29,3.33,Continuar,BUK10408
BUK11928,2024-01-07,2.93,3.18,Continuar con seguimiento,BUK10852
BUK11929,2025-10-30,3.23,2.5,Continuar con seguimiento,BUK11027
BUK11930,2026-06-04,3.91,3.81,Continuar,BUK11596
BUK11932,2025-12-30,3.65,3.54,Continuar,BUK12104
BUK11933,2023-06-23,3.47,3.75,Continuar,BUK11890
BUK11934,2024-06-05,3.65,3.12,Continuar,BUK11487
BUK11935,2025-09-05,3.8,4.0,Continuar,BUK10714
BUK11937,2026-02-24,3.4,3.52,Continuar,BUK11827
BUK11939,2026-06-26,3.49,3.53,Continuar,BUK12394
BUK11940,2023-03-23,3.37,3.28,Continuar,BUK12515
BUK11941,2026-02-22,3.56,3.96,Continuar,BUK12151
BUK11942,2026-03-31,3.27,3.31,Continuar,BUK10650
BUK11943,2025-11-23,4.0,4.0,Continuar,BUK11186
BUK11944,2022-09-16,3.38,3.27,Continuar,BUK11884
BUK11945,2023-01-31,2.97,3.56,Continuar con seguimiento,BUK11152
BUK11946,2026-02-08,3.15,3.11,Continuar,BUK12338
BUK11947,2024-06-03,3.42,3.55,Continuar,BUK10462
BUK11948,2025-06-17,3.22,3.09,Continuar,BUK11154
BUK11949,2025-04-19,3.52,3.27,Continuar,BUK10992
BUK11950,2021-03-23,3.6,3.73,Continuar,BUK10691
BUK11951,2026-06-06,3.75,2.91,Continuar con seguimiento,BUK11097
BUK11952,2026-07-02,4.0,4.0,Continuar,BUK11837
BUK11953,2026-03-02,3.19,3.19,Continuar,BUK10800
BUK11954,2026-03-30,3.99,3.1,Continuar,BUK12229
BUK11955,2024-11-26,3.02,3.32,Continuar,BUK11186
BUK11956,2026-01-13,3.22,3.58,Continuar,BUK11097
BUK11958,2026-04-04,2.49,2.45,Continuar con seguimiento,BUK12615
BUK11959,2019-11-16,3.13,3.58,Continuar,BUK11040
BUK11961,2026-02-09,2.93,3.22,Continuar con seguimiento,BUK10995
BUK11962,2024-02-15,3.5,3.46,Continuar,BUK11154
BUK11963,2022-07-28,3.12,3.31,Continuar,BUK12218
BUK11964,2020-04-05,3.37,3.57,Continuar,BUK11923
BUK11965,2025-06-05,2.92,3.0,Continuar con seguimiento,BUK10789
BUK11966,2022-06-20,3.02,3.0,Continuar con seguimiento,BUK11600
BUK11967,2017-05-08,3.28,3.03,Continuar,BUK10623
BUK11968,2023-11-10,3.62,3.3,Continuar,BUK10867
BUK11970,2024-03-07,3.07,3.37,Continuar,BUK11183
BUK11971,2026-04-13,3.28,3.68,Continuar,BUK11827
BUK11972,2026-07-05,3.11,3.55,Continuar,BUK10667
BUK11973,2022-07-08,3.7,3.92,Continuar,BUK12337
BUK11974,2026-06-09,3.48,3.79,Continuar,BUK11474
BUK11975,2024-11-05,2.84,3.1,Continuar con seguimiento,BUK10297
BUK11976,2025-06-13,3.23,2.42,Continuar con seguimiento,BUK10181
BUK11977,2024-04-04,3.12,3.34,Continuar,BUK10800
BUK11978,2026-02-25,2.71,2.66,Continuar con seguimiento,BUK12338
BUK11979,2022-02-12,3.93,3.58,Continuar,BUK12615
BUK11980,2025-11-12,3.29,3.09,Continuar,BUK11731
BUK11981,2026-05-28,3.75,3.47,Continuar,BUK11488
BUK11982,2025-09-15,4.0,3.98,Continuar,BUK10600
BUK11983,2026-07-05,3.28,3.83,Continuar,BUK11154
BUK11984,2025-07-06,3.58,3.74,Continuar,BUK12472
BUK11985,2022-06-11,3.39,2.95,Continuar con seguimiento,BUK10650
BUK11986,2023-10-24,3.79,3.09,Continuar,BUK10289
BUK11987,2023-09-30,4.0,3.36,Continuar,BUK10455
BUK11988,2026-04-19,4.0,3.68,Continuar,BUK10987
BUK11989,2024-12-02,3.94,3.21,Continuar,BUK10181
BUK11990,2025-09-23,3.79,3.55,Continuar,BUK10881
BUK11991,2024-04-07,3.99,3.59,Continuar,
BUK11993,2023-01-15,3.16,3.55,Continuar,BUK11636
BUK11994,2021-03-16,3.64,3.67,Continuar,BUK10852
BUK11995,2024-10-07,2.51,3.03,Continuar con seguimiento,BUK12632
BUK11996,2020-07-08,3.73,3.58,Continuar,BUK11183
BUK11997,2026-07-11,3.65,3.56,Continuar,BUK12572
BUK11998,2025-01-06,3.5,3.45,Continuar,BUK10796
BUK11999,2026-04-04,2.18,2.36,No superó el período de prueba,BUK11731
BUK12000,2025-09-16,3.54,3.53,Continuar,BUK11691
BUK12001,2022-10-30,3.49,3.25,Continuar,BUK11183
BUK12002,2025-06-30,3.29,3.68,Continuar,BUK10950
BUK12003,2025-07-30,3.02,3.42,Continuar,BUK10949
BUK12004,2025-11-02,3.23,3.21,Continuar,BUK10181
BUK12005,2025-08-30,3.27,3.22,Continuar,BUK10262
BUK12006,2026-01-24,3.28,3.09,Continuar,BUK11027
BUK12007,2024-09-22,3.4,3.96,Continuar,BUK10122
BUK12008,2024-04-20,2.52,2.47,Continuar con seguimiento,BUK12278
BUK12009,2026-01-17,3.75,3.66,Continuar,BUK11009
BUK12010,2022-04-06,3.22,3.72,Continuar,BUK10881
BUK12011,2024-08-08,3.52,3.26,Continuar,BUK11409
BUK12012,2025-07-03,3.39,3.05,Continuar,BUK12254
BUK12013,2023-06-07,3.25,3.37,Continuar,BUK10961
BUK12014,2023-03-06,3.23,3.07,Continuar,BUK10462
BUK12015,2025-11-21,3.43,4.0,Continuar,BUK11827
BUK12016,2024-03-03,3.5,3.36,Continuar,BUK12266
BUK12017,2023-07-18,3.11,3.43,Continuar,BUK11262
BUK12018,2024-12-11,2.67,3.23,Continuar con seguimiento,BUK11409
BUK12019,2020-12-18,3.87,3.45,Continuar,BUK10800
BUK12020,2024-02-14,4.0,3.94,Continuar,BUK10351
BUK12021,2023-12-30,3.84,3.27,Continuar,BUK12632
BUK12022,2024-10-05,3.91,3.89,Continuar,BUK10852
BUK12023,2026-01-28,3.42,3.75,Continuar,BUK12151
BUK12024,2026-07-28,3.18,3.47,Continuar,BUK10852
BUK12026,2026-07-03,4.0,4.0,Continuar,BUK11186
BUK12027,2023-01-28,3.9,3.71,Continuar,BUK12581
BUK12028,2025-12-28,3.27,3.38,Continuar,BUK10949
BUK12029,2023-05-30,3.73,3.36,Continuar,BUK10297
BUK12030,2024-11-17,3.18,3.52,Continuar,BUK10963
BUK12031,2026-01-18,3.63,3.69,Continuar,BUK10667
BUK12032,2022-10-06,3.49,3.71,Continuar,BUK10140
BUK12033,2025-08-01,3.91,4.0,Continuar,BUK10326
BUK12034,2023-04-26,3.59,3.72,Continuar,BUK12027
BUK12035,2026-04-20,3.22,3.23,Continuar,BUK10796
BUK12037,2024-04-14,3.02,3.27,Continuar,BUK12603
BUK12039,2026-02-20,3.67,3.7,Continuar,BUK11068
BUK12040,2023-12-25,3.45,3.19,Continuar,BUK10317
BUK12041,2025-04-06,3.25,3.52,Continuar,BUK10949
BUK12042,2025-09-21,3.19,3.26,Continuar,BUK12266
BUK12043,2026-02-18,3.22,3.23,Continuar,BUK12441
BUK12044,2026-05-13,3.4,3.45,Continuar,BUK10950
BUK12045,2026-01-28,3.06,3.64,Continuar,BUK10714
BUK12046,2025-12-09,3.18,3.25,Continuar,BUK11067
BUK12047,2026-07-20,3.08,2.95,Continuar con seguimiento,BUK10800
BUK12048,2025-09-30,3.53,3.3,Continuar,BUK12229
BUK12049,2023-07-25,4.0,3.7,Continuar,BUK10154
BUK12050,2022-01-11,3.36,3.29,Continuar,BUK10921
BUK12051,2024-12-09,3.1,3.19,Continuar,BUK11993
BUK12052,2025-12-06,2.9,3.03,Continuar con seguimiento,BUK11884
BUK12053,2017-07-04,3.29,3.03,Continuar,BUK10619
BUK12054,2026-03-01,3.37,3.55,Continuar,BUK10949
BUK12055,2022-08-11,3.16,3.51,Continuar,BUK12094
BUK12056,2024-11-13,3.62,3.22,Continuar,BUK11731
BUK12057,2026-03-18,3.61,2.8,Continuar con seguimiento,BUK10114
BUK12058,2023-04-17,4.0,3.14,Continuar,BUK11009
BUK12059,2025-08-21,3.34,3.6,Continuar,BUK10289
BUK12060,2026-01-20,3.59,3.92,Continuar,BUK10691
BUK12061,2026-08-15,3.73,3.62,Continuar,BUK10987
BUK12062,2026-02-05,3.42,3.32,Continuar,BUK11543
BUK12063,2026-04-17,3.81,4.0,Continuar,BUK10708
BUK12064,2026-04-15,3.03,3.13,Continuar,BUK12005
BUK12065,2025-01-26,3.65,3.7,Continuar,BUK11557
BUK12066,2025-12-23,2.54,2.57,Continuar con seguimiento,BUK11993
BUK12067,2023-08-23,2.99,3.35,Continuar con seguimiento,BUK11244
BUK12069,2025-12-05,3.69,3.14,Continuar,BUK12572
BUK12070,2026-04-15,3.71,3.84,Continuar,BUK12279
BUK12071,2026-08-18,3.08,3.27,Continuar,BUK11607
BUK12072,2025-04-06,3.44,2.87,Continuar con seguimiento,BUK10326
BUK12074,2022-10-21,3.38,3.39,Continuar,BUK11154
BUK12075,2025-06-18,3.58,3.18,Continuar,BUK12337
BUK12076,2026-05-16,3.44,3.05,Continuar,BUK10118
BUK12077,2025-06-06,3.32,3.43,Continuar,BUK11152
BUK12079,2023-09-22,2.7,3.62,Continuar con seguimiento,BUK12338
BUK12080,2022-04-13,3.78,3.63,Continuar,BUK11881
BUK12081,2021-10-20,3.77,3.87,Continuar,BUK12566
BUK12082,2026-06-22,2.58,2.8,Continuar con seguimiento,BUK12283
BUK12083,2025-12-24,2.98,3.14,Continuar con seguimiento,BUK11097
BUK12084,2025-11-22,2.89,3.03,Continuar con seguimiento,BUK10327
BUK12085,2021-07-11,3.08,3.22,Continuar,BUK10796
BUK12087,2025-08-11,3.03,3.34,Continuar,BUK12081
BUK12088,2024-12-28,2.46,3.25,Continuar con seguimiento,BUK10405
BUK12089,2026-06-05,3.37,3.61,Continuar,BUK10796
BUK12090,2025-04-03,3.15,2.98,Continuar con seguimiento,BUK11245
BUK12091,2024-01-27,3.58,3.1,Continuar,BUK10322
BUK12092,2022-09-30,3.4,4.0,Continuar,BUK12446
BUK12093,2026-05-23,3.34,3.25,Continuar,BUK10796
BUK12094,2025-05-15,3.31,3.52,Continuar,BUK11054
BUK12095,2025-05-30,3.3,2.78,Continuar con seguimiento,BUK11563
BUK12096,2025-09-20,3.33,2.92,Continuar con seguimiento,BUK11901
BUK12097,2025-01-23,2.91,2.87,Continuar con seguimiento,BUK10462
BUK12098,2025-06-12,3.2,3.56,Continuar,BUK10867
BUK12099,2022-04-06,3.19,2.84,Continuar con seguimiento,BUK11600
BUK12100,2025-11-02,3.67,3.84,Continuar,BUK10462
BUK12101,2026-06-03,3.05,3.29,Continuar,BUK10312
BUK12102,2025-07-08,3.91,3.99,Continuar,BUK10061
BUK12103,2023-07-18,3.41,3.75,Continuar,BUK10694
BUK12104,2024-10-17,3.58,2.99,Continuar con seguimiento,BUK10630
BUK12105,2022-04-27,2.75,3.09,Continuar con seguimiento,BUK12606
BUK12106,2026-03-07,2.97,2.87,Continuar con seguimiento,BUK12165
BUK12107,2025-12-02,3.09,3.11,Continuar,BUK10906
BUK12108,2025-08-18,3.78,3.5,Continuar,BUK11964
BUK12109,2026-02-01,3.33,3.49,Continuar,BUK10650
BUK12110,2023-05-12,2.96,2.56,Continuar con seguimiento,BUK10780
BUK12112,2025-09-08,3.88,3.37,Continuar,BUK11186
BUK12113,2026-04-06,3.19,3.66,Continuar,BUK11815
BUK12114,2026-02-07,3.43,3.46,Continuar,BUK10714
BUK12115,2024-06-21,3.36,3.73,Continuar,BUK10029
BUK12116,2024-04-30,3.23,3.17,Continuar,BUK10945
BUK12117,2022-02-23,3.88,3.23,Continuar,BUK12081
BUK12118,2023-09-23,2.77,2.98,Continuar con seguimiento,BUK10248
BUK12119,2023-12-31,3.52,2.94,Continuar con seguimiento,BUK11901
BUK12120,2025-02-21,3.14,3.13,Continuar,BUK10910
BUK12121,2025-11-26,3.27,3.87,Continuar,BUK11573
BUK12122,2022-04-06,3.06,3.46,Continuar,BUK10881
BUK12123,2023-11-20,3.45,3.78,Continuar,BUK10547
BUK12124,2025-11-17,3.57,3.87,Continuar,BUK10250
BUK12125,2023-01-26,3.61,3.67,Continuar,BUK11435
BUK12126,2026-01-03,3.65,3.26,Continuar,BUK10183
BUK12127,2022-04-06,3.16,2.94,Continuar con seguimiento,BUK10992
BUK12128,2024-12-19,3.56,3.3,Continuar,BUK10852
BUK12129,2026-01-30,3.24,3.18,Continuar,BUK10118
BUK12131,2024-11-14,3.55,3.8,Continuar,BUK10351
BUK12132,2025-04-06,3.33,3.45,Continuar,BUK11815
BUK12133,2022-05-31,4.0,3.85,Continuar,BUK11411
BUK12134,2024-07-19,3.54,3.59,Continuar,BUK11993
BUK12135,2020-04-23,3.19,3.5,Continuar,BUK11993
BUK12136,2022-06-24,3.23,2.94,Continuar con seguimiento,BUK12611
BUK12137,2020-09-11,3.44,3.42,Continuar,BUK10833
BUK12138,2025-11-14,3.28,3.29,Continuar,BUK10963
BUK12139,2024-12-06,2.99,2.76,Continuar con seguimiento,BUK11068
BUK12140,2026-04-08,2.75,2.9,Continuar con seguimiento,BUK11373
BUK12141,2025-10-10,3.27,3.32,Continuar,BUK11557
BUK12143,2026-05-23,3.53,3.58,Continuar,BUK10462
BUK12144,2024-07-22,3.76,3.3,Continuar,BUK12554
BUK12145,2026-05-15,3.29,3.58,Continuar,BUK12094
BUK12146,2024-06-06,2.6,2.98,Continuar con seguimiento,BUK10796
BUK12147,2025-04-09,4.0,3.85,Continuar,BUK10792
BUK12149,2022-11-21,2.93,3.08,Continuar con seguimiento,BUK10995
BUK12150,2022-09-20,3.57,3.71,Continuar,BUK10691
BUK12151,2025-09-16,3.23,3.74,Continuar,BUK12234
BUK12152,2024-01-19,3.28,3.38,Continuar,BUK11580
BUK12153,2026-02-22,3.35,3.69,Continuar,BUK12338
BUK12154,2026-04-16,3.26,3.8,Continuar,BUK10950
BUK12155,2025-09-10,3.32,3.89,Continuar,BUK10928
BUK12157,2025-09-01,3.33,3.42,Continuar,BUK11717
BUK12158,2023-02-21,3.4,3.94,Continuar,BUK11435
BUK12159,2024-05-23,3.61,3.1,Continuar,BUK10766
BUK12160,2025-12-17,3.2,3.0,Continuar con seguimiento,BUK10398
BUK12161,2026-02-20,2.76,2.34,No superó el período de prueba,BUK10867
BUK12162,2026-02-07,3.18,3.88,Continuar,BUK11717
BUK12163,2023-10-25,4.0,4.0,Continuar,BUK10804
BUK12164,2023-04-01,2.91,3.8,Continuar con seguimiento,BUK11307
BUK12165,2026-02-02,3.54,3.71,Continuar,BUK12270
BUK12166,2021-01-21,3.39,3.35,Continuar,BUK10326
BUK12167,2023-07-25,3.18,3.34,Continuar,BUK11901
BUK12168,2026-02-06,3.96,3.2,Continuar,BUK11186
BUK12169,2023-07-12,3.34,3.37,Continuar,BUK12611
BUK12170,2025-07-16,3.55,3.68,Continuar,BUK11859
BUK12171,2026-04-09,3.03,2.8,Continuar con seguimiento,BUK11152
BUK12174,2024-10-01,3.23,3.19,Continuar,BUK10798
BUK12175,2026-07-02,3.45,3.37,Continuar,BUK10376
BUK12176,2025-05-21,3.35,3.7,Continuar,BUK10906
BUK12177,2020-07-02,3.76,3.16,Continuar,BUK12263
BUK12178,2022-05-29,3.2,3.18,Continuar,BUK12070
BUK12179,2025-04-04,3.09,3.36,Continuar,BUK10250
BUK12180,2026-02-23,3.17,3.59,Continuar,BUK12441
BUK12181,2026-03-21,2.35,2.82,No superó el período de prueba,BUK11656
BUK12182,2026-04-02,2.98,3.54,Continuar con seguimiento,BUK11177
BUK12183,2018-10-08,3.31,3.26,Continuar,BUK10250
BUK12184,2026-04-25,3.22,3.18,Continuar,BUK11546
BUK12185,2025-09-04,3.49,3.55,Continuar,BUK12027
BUK12186,2024-11-01,3.44,3.72,Continuar,BUK11305
BUK12188,2025-12-04,3.51,3.24,Continuar,BUK10405
BUK12190,2018-09-13,3.04,3.7,Continuar,BUK11487
BUK12191,2025-11-16,4.0,3.84,Continuar,BUK11964
BUK12192,2025-10-26,3.91,3.65,Continuar,BUK11881
BUK12193,2026-07-13,2.89,2.82,Continuar con seguimiento,BUK10961
BUK12194,2026-08-20,3.51,3.74,Continuar,BUK11183
BUK12195,2026-08-20,2.84,3.13,Continuar con seguimiento,BUK10408
BUK12196,2023-02-03,3.42,3.41,Continuar,BUK12632
BUK12198,2026-07-12,3.74,3.79,Continuar,BUK12572
BUK12199,2024-09-16,3.25,3.43,Continuar,BUK10044
BUK12200,2024-07-28,3.42,3.35,Continuar,BUK12515
BUK12201,2026-06-25,2.91,2.78,Continuar con seguimiento,BUK12229
BUK12202,2024-12-19,3.59,3.57,Continuar,BUK11009
BUK12203,2022-04-06,2.93,3.43,Continuar con seguimiento,BUK12446
BUK12204,2026-02-19,3.28,3.65,Continuar,BUK10792
BUK12205,2026-08-06,3.44,3.29,Continuar,BUK10059
BUK12206,2023-08-26,3.15,3.82,Continuar,BUK12496
BUK12207,2022-09-14,4.0,3.31,Continuar,BUK11001
BUK12208,2024-05-26,3.15,2.82,Continuar con seguimiento,BUK10789
BUK12209,2026-07-12,3.56,3.77,Continuar,BUK11827
BUK12210,2022-04-06,2.98,3.21,Continuar con seguimiento,BUK10780
BUK12211,2026-05-11,3.27,3.65,Continuar,BUK12499
BUK12212,2024-06-15,3.52,3.72,Continuar,BUK10710
BUK12213,2024-11-20,3.01,3.66,Continuar,BUK12496
BUK12214,2026-05-28,3.08,3.24,Continuar,BUK10453
BUK12215,2025-09-30,3.3,3.29,Continuar,BUK10623
BUK12216,2025-04-08,3.34,3.32,Continuar,BUK10478
BUK12217,2023-07-24,2.35,2.67,No superó el período de prueba,BUK11307
BUK12218,2025-03-10,3.72,3.79,Continuar,BUK10845
BUK12219,2025-07-22,3.83,3.87,Continuar,
BUK12220,2025-02-09,3.2,3.1,Continuar,BUK12590
BUK12221,2026-04-16,2.67,2.87,Continuar con seguimiento,BUK10766
BUK12222,2024-03-29,3.99,3.36,Continuar,BUK11546
BUK12223,2025-11-20,2.86,2.66,Continuar con seguimiento,BUK11186
BUK12224,2026-07-03,3.06,3.32,Continuar,BUK12590
BUK12225,2025-10-06,3.55,3.43,Continuar,BUK11487
BUK12226,2026-04-19,3.49,3.56,Continuar,BUK10667
BUK12227,2024-10-28,3.1,3.37,Continuar,BUK10312
BUK12228,2025-03-26,2.85,2.47,Continuar con seguimiento,BUK11563
BUK12229,2023-07-26,3.36,3.34,Continuar,BUK11859
BUK12230,2023-06-02,2.24,2.5,No superó el período de prueba,BUK12245
BUK12231,2025-09-27,3.23,3.48,Continuar,BUK12229
BUK12232,2024-06-30,3.28,3.45,Continuar,BUK10150
BUK12233,2026-03-08,3.89,4.0,Continuar,BUK11244
BUK12234,2026-05-13,3.7,3.44,Continuar,BUK11991
BUK12235,2024-01-22,3.46,3.54,Continuar,BUK11993
BUK12236,2025-09-08,3.63,3.51,Continuar,BUK10209
BUK12237,2026-06-11,3.63,3.46,Continuar,BUK11780
BUK12238,2026-01-16,3.06,3.39,Continuar,BUK10331
BUK12239,2026-02-06,3.03,3.48,Continuar,BUK10949
BUK12240,2026-05-04,3.0,3.51,Continuar,BUK11152
BUK12241,2025-11-01,3.57,3.51,Continuar,BUK10746
BUK12243,2025-05-05,3.56,3.58,Continuar,BUK11815
BUK12244,2026-02-16,3.74,4.0,Continuar,BUK11373
BUK12245,2025-02-26,3.26,2.71,Continuar con seguimiento,BUK10397
BUK12246,2025-09-07,2.73,2.56,Continuar con seguimiento,BUK10547
BUK12247,2025-01-20,3.47,3.19,Continuar,BUK10455
BUK12248,2026-07-12,3.02,3.57,Continuar,BUK10667
BUK12249,2026-01-24,3.89,3.44,Continuar,BUK10789
BUK12250,2024-02-02,3.87,3.87,Continuar,BUK11580
BUK12251,2025-01-03,3.75,3.54,Continuar,BUK10844
BUK12252,2026-04-04,2.88,3.11,Continuar con seguimiento,BUK10921
BUK12253,2024-08-16,3.45,3.19,Continuar,BUK12310
BUK12255,2026-05-25,3.73,3.02,Continuar,BUK10241
BUK12257,2025-12-16,3.57,3.58,Continuar,BUK10691
BUK12258,2026-03-16,2.88,3.02,Continuar con seguimiento,BUK12283
BUK12259,2025-04-06,2.94,3.15,Continuar con seguimiento,BUK12049
BUK12260,2024-06-11,2.88,2.99,Continuar con seguimiento,BUK12337
BUK12261,2021-12-28,3.34,3.15,Continuar,BUK11183
BUK12262,2023-12-15,3.1,3.58,Continuar,BUK10302
BUK12263,2024-07-05,4.0,3.85,Continuar,BUK11463
BUK12264,2026-03-30,3.38,3.64,Continuar,BUK11027
BUK12265,2025-11-12,3.95,3.6,Continuar,BUK11731
BUK12266,2025-09-29,3.34,3.25,Continuar,BUK11817
BUK12267,2022-04-06,2.86,3.11,Continuar con seguimiento,BUK11607
BUK12268,2025-03-01,3.55,3.01,Continuar,BUK11183
BUK12269,2025-11-03,3.55,3.34,Continuar,BUK12283
BUK12270,2023-12-20,3.52,3.5,Continuar,BUK12219
BUK12271,2025-08-17,3.47,3.34,Continuar,BUK11097
BUK12272,2024-09-25,4.0,3.29,Continuar,BUK10159
BUK12273,2026-06-07,3.76,3.34,Continuar,BUK10921
BUK12274,2026-06-11,3.9,3.29,Continuar,BUK11901
BUK12275,2024-06-18,4.0,3.75,Continuar,BUK11543
BUK12276,2025-01-02,3.27,3.31,Continuar,BUK12338
BUK12277,2025-04-14,3.58,3.88,Continuar,BUK10317
BUK12278,2026-05-09,3.2,3.7,Continuar,BUK12563
BUK12279,2024-12-02,3.86,3.39,Continuar,BUK10621
BUK12281,2023-02-28,3.96,4.0,Continuar,BUK11815
BUK12282,2025-04-06,3.5,3.41,Continuar,BUK11731
BUK12283,2025-01-28,2.66,2.68,Continuar con seguimiento,BUK12090
BUK12284,2025-05-20,3.35,3.3,Continuar,BUK10852
BUK12285,2026-05-09,3.11,3.78,Continuar,BUK10326
BUK12287,2026-02-25,3.26,3.7,Continuar,BUK11543
BUK12288,2022-12-28,2.45,3.31,Continuar con seguimiento,BUK11058
BUK12289,2025-04-06,3.4,3.67,Continuar,BUK10714
BUK12290,2024-05-08,3.75,3.41,Continuar,BUK11837
BUK12291,2024-07-27,3.41,3.41,Continuar,BUK10144
BUK12292,2024-09-26,2.98,3.04,Continuar con seguimiento,BUK10233
BUK12293,2022-04-01,3.69,3.74,Continuar,BUK10326
BUK12294,2026-08-06,3.33,3.24,Continuar,BUK11183
BUK12296,2020-04-05,3.3,3.74,Continuar,BUK11881
BUK12297,2023-12-05,3.0,3.67,Continuar,BUK11152
BUK12298,2025-11-17,3.18,3.43,Continuar,BUK11027
BUK12299,2026-04-22,4.0,3.82,Continuar,BUK10595
BUK12300,2025-01-17,3.59,3.18,Continuar,BUK10881
BUK12301,2025-04-06,3.98,3.98,Continuar,BUK10317
BUK12303,2026-05-16,3.26,3.35,Continuar,BUK11730
BUK12304,2023-10-06,3.46,3.41,Continuar,BUK12104
BUK12305,2024-01-19,3.72,3.32,Continuar,BUK10792
BUK12306,2023-10-19,3.51,3.69,Continuar,BUK11964
BUK12307,2025-07-03,2.45,2.21,No superó el período de prueba,BUK11837
BUK12309,2025-01-26,3.11,2.84,Continuar con seguimiento,BUK11473
BUK12310,2025-03-16,2.67,3.04,Continuar con seguimiento,BUK11185
BUK12311,2022-04-06,3.59,3.36,Continuar,BUK11325
BUK12312,2026-03-04,3.13,3.13,Continuar,BUK11543
BUK12313,2025-08-09,3.34,3.29,Continuar,BUK11009
BUK12314,2025-04-06,3.83,3.3,Continuar,BUK12266
BUK12315,2019-01-04,3.75,3.93,Continuar,BUK10650
BUK12316,2022-04-06,2.89,3.19,Continuar con seguimiento,BUK11209
BUK12317,2025-11-26,2.66,3.14,Continuar con seguimiento,BUK10322
BUK12318,2023-11-08,3.25,3.73,Continuar,BUK12387
BUK12319,2023-01-06,3.53,3.42,Continuar,BUK10274
BUK12320,2025-12-25,3.82,3.53,Continuar,BUK11152
BUK12321,2025-09-10,3.57,3.52,Continuar,BUK12229
BUK12322,2022-12-14,2.56,2.44,Continuar con seguimiento,BUK10746
BUK12324,2021-10-02,3.18,3.17,Continuar,BUK11473
BUK12325,2025-11-28,4.0,3.37,Continuar,BUK10118
BUK12326,2026-06-16,3.19,3.28,Continuar,BUK10322
BUK12327,2025-09-30,3.17,3.04,Continuar,BUK10348
BUK12328,2023-09-22,3.24,3.39,Continuar,BUK11901
BUK12329,2025-12-14,3.61,3.65,Continuar,BUK10455
BUK12330,2024-06-08,3.79,3.46,Continuar,BUK10233
BUK12331,2023-05-27,3.52,3.42,Continuar,BUK11881
BUK12332,2026-07-10,3.63,3.03,Continuar,BUK10093
BUK12333,2026-03-03,3.25,3.24,Continuar,BUK10405
BUK12334,2025-07-09,3.27,2.92,Continuar con seguimiento,BUK11411
BUK12335,2024-08-23,2.95,2.62,Continuar con seguimiento,BUK11307
BUK12336,2026-01-08,3.98,3.18,Continuar,BUK11305
BUK12337,2023-08-01,3.49,3.41,Continuar,BUK11301
BUK12338,2026-05-22,3.55,2.79,Continuar con seguimiento,BUK10359
BUK12339,2023-12-05,3.76,3.41,Continuar,BUK10789
BUK12340,2026-04-10,2.78,2.71,Continuar con seguimiento,BUK10961
BUK12341,2022-10-04,3.45,3.34,Continuar,BUK10950
BUK12342,2025-12-28,3.82,3.83,Continuar,BUK11827
BUK12344,2025-01-18,3.4,3.97,Continuar,BUK11796
BUK12346,2025-06-13,2.73,2.79,Continuar con seguimiento,BUK12263
BUK12347,2026-02-18,2.25,3.09,No superó el período de prueba,BUK10331
BUK12348,2022-04-21,3.39,2.91,Continuar con seguimiento,BUK10708
BUK12349,2025-11-18,3.4,2.77,Continuar con seguimiento,BUK11993
BUK12350,2024-07-26,3.8,3.57,Continuar,BUK10122
BUK12351,2023-10-12,3.85,3.52,Continuar,BUK11557
BUK12352,2025-02-27,3.38,3.08,Continuar,BUK11890
BUK12353,2024-09-04,3.82,3.24,Continuar,BUK11409
BUK12354,2025-07-29,3.78,3.49,Continuar,BUK10650
BUK12355,2025-06-19,3.26,3.22,Continuar,BUK12529
BUK12356,2025-04-06,3.76,2.99,Continuar con seguimiento,BUK11780
BUK12357,2024-12-29,3.47,3.89,Continuar,BUK11607
BUK12358,2025-10-08,3.09,3.44,Continuar,BUK12615
BUK12359,2025-09-25,3.17,3.28,Continuar,BUK10322
BUK12360,2021-04-15,3.07,3.6,Continuar,BUK10376
BUK12361,2026-08-11,3.36,3.73,Continuar,BUK10595
BUK12362,2025-09-19,3.65,3.7,Continuar,BUK10477
BUK12363,2025-04-06,3.86,3.58,Continuar,BUK12572
BUK12364,2026-04-25,3.61,3.34,Continuar,BUK11068
BUK12365,2025-12-31,3.22,2.99,Continuar con seguimiento,BUK10928
BUK12366,2025-08-07,3.44,3.59,Continuar,BUK11890
BUK12367,2026-06-18,3.87,3.3,Continuar,BUK11411
BUK12369,2021-07-20,3.02,3.27,Continuar,BUK10322
BUK12371,2026-02-08,3.66,3.59,Continuar,BUK10752
BUK12372,2025-06-17,3.6,2.96,Continuar con seguimiento,BUK10710
BUK12373,2022-11-12,3.68,3.21,Continuar,BUK12170
BUK12375,2026-07-01,3.02,2.79,Continuar con seguimiento,BUK10796
BUK12377,2026-01-25,3.36,3.38,Continuar,BUK10621
BUK12378,2025-09-07,3.26,3.67,Continuar,BUK12496
BUK12380,2026-01-28,3.41,3.16,Continuar,BUK10991
BUK12381,2025-11-19,3.54,3.75,Continuar,BUK10766
BUK12382,2025-06-22,3.5,3.89,Continuar,BUK10796
BUK12383,2026-07-14,3.43,3.3,Continuar,BUK11183
BUK12384,2026-05-03,3.3,3.6,Continuar,BUK10949
BUK12385,2026-01-05,2.11,2.91,No superó el período de prueba,BUK11305
BUK12386,2026-04-03,3.43,3.2,Continuar,BUK11780
BUK12387,2022-04-06,3.58,3.06,Continuar,
BUK12388,2025-02-17,3.72,3.71,Continuar,BUK10800
BUK12389,2022-04-06,3.46,3.66,Continuar,BUK11305
BUK12390,2026-02-17,3.53,3.32,Continuar,BUK10975
BUK12391,2026-04-09,2.68,3.38,Continuar con seguimiento,BUK10312
BUK12392,2026-04-13,3.16,2.83,Continuar con seguimiento,BUK11023
BUK12393,2026-07-22,3.67,3.91,Continuar,BUK10477
BUK12394,2025-12-27,3.86,3.37,Continuar,BUK11504
BUK12395,2025-12-20,3.47,3.22,Continuar,BUK10250
BUK12396,2026-03-28,3.34,3.26,Continuar,BUK10789
BUK12397,2025-10-19,3.39,2.78,Continuar con seguimiento,BUK11411
BUK12398,2023-10-24,3.05,3.49,Continuar,BUK10326
BUK12400,2026-08-01,3.38,3.97,Continuar,BUK10453
BUK12401,2026-06-11,3.56,3.1,Continuar,BUK10233
BUK12402,2025-10-12,3.37,3.6,Continuar,BUK10619
BUK12403,2026-01-26,3.84,4.0,Continuar,BUK12337
BUK12404,2022-04-06,3.27,3.58,Continuar,BUK11964
BUK12405,2026-07-02,3.87,3.53,Continuar,BUK12641
BUK12406,2025-05-05,3.51,3.34,Continuar,BUK10619
BUK12407,2026-03-18,3.84,3.57,Continuar,BUK11027
BUK12408,2025-02-11,3.28,3.35,Continuar,BUK10991
BUK12410,2025-11-26,2.64,2.19,No superó el período de prueba,BUK10619
BUK12411,2026-03-08,4.0,4.0,Continuar,BUK10183
BUK12412,2024-09-22,3.51,3.54,Continuar,BUK12446
BUK12413,2025-11-01,3.48,3.41,Continuar,BUK11027
BUK12414,2025-11-05,3.3,3.69,Continuar,BUK11796
BUK12415,2024-10-19,3.14,3.32,Continuar,BUK11607
BUK12417,2026-06-17,2.97,3.59,Continuar con seguimiento,BUK10241
BUK12418,2026-02-23,3.52,3.21,Continuar,BUK10708
BUK12419,2022-12-17,3.23,3.58,Continuar,BUK11474
BUK12420,2024-02-13,3.22,3.16,Continuar,BUK10455
BUK12421,2023-04-27,3.38,3.8,Continuar,BUK10408
BUK12422,2025-01-07,3.22,3.12,Continuar,BUK10796
BUK12423,2026-07-20,3.54,3.43,Continuar,BUK10710
BUK12424,2024-01-28,3.49,3.41,Continuar,BUK10928
BUK12425,2023-09-02,2.78,3.1,Continuar con seguimiento,BUK11780
BUK12426,2026-05-02,2.92,3.36,Continuar con seguimiento,BUK10327
BUK12427,2025-08-24,3.5,3.18,Continuar,BUK10680
BUK12428,2026-05-08,3.21,3.08,Continuar,BUK11993
BUK12429,2022-08-03,3.36,3.32,Continuar,BUK11815
BUK12430,2023-02-20,4.0,3.67,Continuar,BUK11881
BUK12431,2026-08-26,3.05,3.18,Continuar,BUK11262
BUK12432,2026-04-25,3.23,3.02,Continuar,BUK10147
BUK12433,2025-08-01,3.41,2.97,Continuar con seguimiento,BUK12554
BUK12434,2024-11-07,2.43,2.76,Continuar con seguimiento,BUK10477
BUK12435,2025-11-05,3.52,3.61,Continuar,BUK12615
BUK12436,2026-01-25,3.32,3.4,Continuar,BUK10302
BUK12437,2023-10-10,3.61,3.61,Continuar,BUK11307
BUK12438,2022-04-06,2.93,3.2,Continuar con seguimiento,BUK12515
BUK12439,2019-07-17,3.3,3.69,Continuar,BUK10118
BUK12440,2017-08-14,3.09,3.27,Continuar,BUK10867
BUK12441,2026-03-07,3.04,3.78,Continuar,BUK10630
BUK12442,2024-06-25,3.2,3.26,Continuar,BUK11240
BUK12443,2025-04-06,3.28,4.0,Continuar,BUK10844
BUK12444,2020-02-16,3.35,3.4,Continuar,BUK12165
BUK12445,2025-12-24,3.12,3.5,Continuar,BUK10921
BUK12446,2026-05-29,3.23,3.63,Continuar,BUK11288
BUK12447,2024-04-05,3.05,3.05,Continuar,BUK10866
BUK12448,2025-04-22,3.62,3.86,Continuar,BUK10963
BUK12449,2026-06-26,3.63,3.22,Continuar,BUK10144
BUK12450,2023-03-13,3.44,3.03,Continuar,BUK11411
BUK12451,2023-11-19,3.06,3.26,Continuar,BUK10694
BUK12452,2022-11-06,3.49,3.56,Continuar,
BUK12454,2021-03-21,3.63,3.99,Continuar,BUK10792
BUK12455,2025-11-17,2.89,3.35,Continuar con seguimiento,BUK11407
BUK12456,2025-05-20,3.77,3.68,Continuar,BUK11607
BUK12457,2025-03-16,2.9,3.08,Continuar con seguimiento,BUK11827
BUK12458,2026-08-13,2.97,3.72,Continuar con seguimiento,BUK12037
BUK12459,2026-08-14,3.55,3.66,Continuar,BUK12632
BUK12460,2026-06-25,3.42,2.96,Continuar con seguimiento,BUK10680
BUK12461,2026-06-13,3.29,3.11,Continuar,BUK10059
BUK12462,2025-03-03,3.93,3.71,Continuar,BUK10122
BUK12463,2024-04-06,3.52,3.53,Continuar,BUK10752
BUK12464,2025-04-16,3.61,3.8,Continuar,BUK11884
BUK12465,2024-12-07,3.21,3.09,Continuar,BUK12127
BUK12466,2025-10-06,2.69,3.12,Continuar con seguimiento,BUK11676
BUK12467,2021-04-29,3.76,3.87,Continuar,BUK11411
BUK12468,2025-01-28,3.67,2.98,Continuar con seguimiento,BUK11964
BUK12469,2025-12-06,3.4,3.25,Continuar,BUK11070
BUK12470,2021-01-22,3.39,3.55,Continuar,BUK12603
BUK12471,2026-08-08,4.0,3.17,Continuar,BUK10183
BUK12472,2022-09-16,2.92,3.25,Continuar con seguimiento,BUK11582
BUK12473,2025-08-29,2.51,2.9,Continuar con seguimiento,BUK10233
BUK12475,2024-11-14,3.58,3.51,Continuar,BUK10975
BUK12476,2026-03-22,3.33,4.0,Continuar,BUK10746
BUK12478,2020-03-31,3.27,3.66,Continuar,BUK10455
BUK12479,2025-08-01,3.56,3.37,Continuar,BUK12465
BUK12480,2026-08-30,4.0,3.65,Continuar,BUK11543
BUK12481,2026-03-08,3.93,3.54,Continuar,BUK10963
BUK12482,2026-01-10,3.75,3.31,Continuar,BUK12615
BUK12483,2021-10-19,3.26,3.3,Continuar,BUK10987
BUK12485,2024-02-15,3.28,3.48,Continuar,BUK10019
BUK12486,2020-09-05,3.52,3.94,Continuar,BUK10442
BUK12487,2022-11-28,3.31,2.94,Continuar con seguimiento,BUK11154
BUK12488,2024-12-04,3.72,3.48,Continuar,BUK12170
BUK12490,2022-11-25,3.41,3.31,Continuar,BUK10900
BUK12491,2026-06-16,3.16,3.36,Continuar,BUK11546
BUK12492,2022-09-09,3.87,3.53,Continuar,BUK12554
BUK12493,2021-04-17,3.28,3.13,Continuar,BUK11993
BUK12494,2025-04-06,3.6,3.6,Continuar,BUK10852
BUK12495,2025-11-27,3.41,3.47,Continuar,BUK10746
BUK12496,2026-06-22,3.41,3.79,Continuar,BUK11844
BUK12497,2023-09-09,3.62,3.69,Continuar,BUK10442
BUK12499,2024-09-01,3.57,2.76,Continuar con seguimiento,BUK11587
BUK12500,2025-03-10,3.33,3.65,Continuar,BUK11154
BUK12501,2023-09-09,3.18,3.33,Continuar,BUK10910
BUK12502,2023-04-26,3.28,3.59,Continuar,BUK10975
BUK12503,2025-12-10,3.11,2.56,Continuar con seguimiento,BUK10595
BUK12504,2025-07-20,3.51,2.96,Continuar con seguimiento,BUK11407
BUK12505,2024-12-12,3.97,3.66,Continuar,BUK10991
BUK12506,2023-02-09,3.48,3.25,Continuar,BUK12465
BUK12507,2025-01-14,1.9,2.44,No superó el período de prueba,BUK11543
BUK12508,2023-03-02,3.08,3.37,Continuar,BUK10150
BUK12509,2023-10-04,3.58,3.66,Continuar,BUK11305
BUK12510,2025-09-29,2.86,3.3,Continuar con seguimiento,BUK10844
BUK12511,2023-07-15,2.77,3.07,Continuar con seguimiento,BUK10792
BUK12512,2022-10-14,2.98,2.78,Continuar con seguimiento,BUK11240
BUK12513,2025-01-01,3.11,3.32,Continuar,BUK10478
BUK12514,2025-03-05,3.77,3.71,Continuar,BUK10910
BUK12515,2025-09-04,3.68,3.92,Continuar,BUK10359
BUK12516,2024-07-18,2.95,3.52,Continuar con seguimiento,BUK11881
BUK12517,2025-04-06,3.55,3.22,Continuar,BUK10250
BUK12519,2024-09-10,3.04,2.63,Continuar con seguimiento,BUK11563
BUK12520,2026-01-28,3.66,3.89,Continuar,BUK11921
BUK12521,2026-07-05,3.21,2.9,Continuar con seguimiento,BUK11411
BUK12522,2023-11-30,2.9,3.25,Continuar con seguimiento,BUK10949
BUK12523,2024-12-26,2.99,3.33,Continuar con seguimiento,BUK11345
BUK12524,2019-09-08,3.57,3.64,Continuar,BUK12572
BUK12525,2025-08-22,3.15,2.84,Continuar con seguimiento,BUK10949
BUK12526,2026-08-23,3.88,3.82,Continuar,BUK11067
BUK12527,2019-09-07,3.48,3.64,Continuar,BUK10780
BUK12529,2025-06-16,3.66,3.66,Continuar,BUK10291
BUK12530,2026-03-03,3.57,3.15,Continuar,BUK11780
BUK12531,2025-04-06,3.42,3.09,Continuar,BUK11717
BUK12532,2025-06-11,3.58,3.7,Continuar,BUK11964
BUK12533,2025-10-17,3.43,3.46,Continuar,BUK12641
BUK12534,2025-04-06,3.82,3.5,Continuar,BUK10949
BUK12535,2026-02-15,3.27,3.58,Continuar,BUK10780
BUK12536,2023-05-03,3.14,3.56,Continuar,BUK11473
BUK12537,2026-06-03,3.52,3.54,Continuar,BUK10845
BUK12538,2025-04-06,3.23,3.26,Continuar,BUK10442
BUK12540,2025-06-28,3.14,3.56,Continuar,BUK10405
BUK12541,2026-06-28,2.9,3.5,Continuar con seguimiento,BUK10796
BUK12542,2026-07-19,2.14,2.38,No superó el período de prueba,BUK10708
BUK12543,2024-09-11,2.63,2.47,Continuar con seguimiento,BUK10780
BUK12544,2026-08-18,3.37,3.52,Continuar,BUK11154
BUK12546,2025-02-05,3.59,2.76,Continuar con seguimiento,BUK12078
BUK12547,2026-05-04,3.31,2.76,Continuar con seguimiento,BUK12283
BUK12548,2025-06-25,3.36,2.9,Continuar con seguimiento,BUK12070
BUK12549,2025-01-09,3.36,3.46,Continuar,BUK10477
BUK12550,2025-12-23,2.55,2.73,Continuar con seguimiento,BUK10083
BUK12552,2025-09-25,3.8,3.93,Continuar,BUK11068
BUK12553,2025-07-19,3.78,2.94,Continuar con seguimiento,BUK11396
BUK12554,2025-11-29,3.56,3.43,Continuar,BUK11859
BUK12555,2018-05-01,3.67,3.46,Continuar,BUK12465
BUK12556,2024-12-26,3.39,3.46,Continuar,BUK10312
BUK12557,2025-11-08,3.89,3.91,Continuar,BUK12499
BUK12558,2026-06-29,3.9,3.06,Continuar,BUK10093
BUK12559,2026-08-02,3.36,3.44,Continuar,BUK11177
BUK12560,2024-02-26,3.07,3.06,Continuar,BUK12229
BUK12561,2024-08-26,3.93,3.91,Continuar,BUK12278
BUK12562,2026-06-13,3.09,3.33,Continuar,BUK10881
BUK12563,2026-08-18,3.01,2.87,Continuar con seguimiento,BUK10361
BUK12564,2019-04-06,2.51,2.76,Continuar con seguimiento,BUK10019
BUK12566,2026-08-27,3.22,3.87,Continuar,BUK11756
BUK12567,2025-09-08,3.5,3.49,Continuar,BUK10650
BUK12568,2026-03-11,3.34,3.17,Continuar,BUK10844
BUK12569,2025-11-06,3.47,3.27,Continuar,BUK10833
BUK12570,2025-07-19,3.17,3.32,Continuar,BUK10453
BUK12571,2023-07-27,3.56,3.28,Continuar,BUK10867
BUK12572,2024-12-30,3.53,3.9,Continuar,BUK12234
BUK12573,2026-03-08,3.17,3.67,Continuar,BUK10752
BUK12576,2025-04-06,2.6,3.33,Continuar con seguimiento,BUK11396
BUK12578,2025-10-16,3.58,3.58,Continuar,BUK10650
BUK12579,2025-10-25,2.97,3.55,Continuar con seguimiento,BUK10963
BUK12580,2026-04-11,3.6,2.98,Continuar con seguimiento,BUK10326
BUK12582,2024-03-15,2.88,3.71,Continuar con seguimiento,BUK10833
BUK12583,2025-05-11,3.01,3.48,Continuar,BUK11373
BUK12584,2025-09-05,3.01,2.39,No superó el período de prueba,BUK10302
BUK12585,2025-12-06,3.24,3.32,Continuar,BUK10289
BUK12586,2024-10-31,3.53,3.43,Continuar,
BUK12588,2021-11-16,2.71,3.05,Continuar con seguimiento,BUK10327
BUK12592,2024-10-05,3.36,3.23,Continuar,BUK12338
BUK12593,2026-04-16,3.2,3.43,Continuar,BUK10150
BUK12594,2026-04-24,3.02,3.35,Continuar,BUK10906
BUK12595,2025-04-18,3.67,3.46,Continuar,BUK10059
BUK12596,2024-09-01,3.78,3.33,Continuar,BUK10248
BUK12597,2022-04-06,3.42,3.1,Continuar,BUK10667
BUK12599,2026-01-14,2.53,2.6,Continuar con seguimiento,BUK12338
BUK12600,2026-02-16,3.32,3.6,Continuar,BUK10289
BUK12601,2024-11-18,3.81,3.54,Continuar,BUK12632
BUK12602,2026-05-02,3.73,2.83,Continuar con seguimiento,BUK10147
BUK12604,2026-05-29,3.28,3.33,Continuar,BUK10250
BUK12605,2023-06-03,3.63,3.18,Continuar,BUK10945
BUK12606,2019-04-06,3.73,3.53,Continuar,BUK11314
BUK12607,2026-08-15,3.21,3.62,Continuar,BUK10478
BUK12608,2024-09-05,3.57,3.3,Continuar,BUK10710
BUK12610,2025-02-12,3.66,3.54,Continuar,BUK11691
BUK12611,2024-11-07,2.82,2.32,No superó el período de prueba,
BUK12612,2023-11-14,3.5,4.0,Continuar,BUK10680
BUK12613,2025-04-06,2.75,2.78,Continuar con seguimiento,BUK11001
BUK12614,2026-08-23,3.06,3.24,Continuar,BUK10883
BUK12615,2025-01-25,3.39,3.27,Continuar,BUK10786
BUK12616,2025-07-20,3.79,3.71,Continuar,BUK10883
BUK12617,2026-08-19,3.28,3.65,Continuar,BUK12266
BUK12618,2021-09-07,3.49,3.37,Continuar,BUK11546
BUK12619,2024-05-16,3.99,3.52,Continuar,BUK12529
BUK12620,2024-05-18,3.62,3.72,Continuar,BUK12441
BUK12621,2025-04-04,3.6,3.66,Continuar,BUK10921
BUK12622,2026-05-06,3.28,3.68,Continuar,BUK11409
BUK12623,2025-01-10,3.22,3.29,Continuar,BUK10478
BUK12624,2025-11-21,2.87,2.82,Continuar con seguimiento,BUK11001
BUK12625,2022-07-21,3.99,3.54,Continuar,BUK10900
BUK12626,2025-09-25,3.56,3.38,Continuar,BUK12615
BUK12627,2020-03-09,3.57,3.34,Continuar,BUK10796
BUK12628,2026-02-25,3.56,3.64,Continuar,BUK11827
BUK12629,2026-04-29,3.57,3.91,Continuar,BUK12446
BUK12630,2026-08-12,3.23,3.48,Continuar,BUK10408
BUK12631,2025-04-01,3.38,3.1,Continuar,BUK10987
BUK12632,2019-07-30,3.6,3.15,Continuar,BUK10359
BUK12633,2026-07-11,3.6,3.62,Continuar,BUK12472
BUK12634,2023-07-15,3.61,3.69,Continuar,BUK10600
BUK12635,2023-10-28,2.98,3.23,Continuar con seguimiento,BUK11780
BUK12636,2021-01-21,3.37,3.54,Continuar,BUK10752
BUK12637,2025-10-01,4.0,3.45,Continuar,BUK11305
BUK12638,2025-04-15,3.09,3.28,Continuar,BUK10114
BUK12640,2026-02-26,3.46,3.93,Continuar,BUK12441
BUK12641,2025-10-12,4.0,3.81,Continuar,BUK12563
BUK12642,2025-09-09,3.41,3.12,Continuar,BUK12229
BUK12643,2025-11-26,2.58,3.17,Continuar con seguimiento,BUK10181
BUK12644,2022-08-07,4.0,4.0,Continuar,BUK11123
BUK12645,2026-06-21,3.32,2.98,Continuar con seguimiento,BUK12254
BUK12646,2022-03-04,3.19,3.64,Continuar,BUK11027
BUK12647,2026-02-25,3.64,3.97,Continuar,BUK10987
BUK12648,2023-11-17,3.19,3.2,Continuar,BUK10665
BUK12649,2026-03-26,3.44,3.34,Continuar,BUK10881
